setting,metric,world_EIGs,V_prior,alpha_prior,beta_prior,eps_fixed,sd_epsilon,infer_eps,sigma_true,n_capped,window,bg_1,bg_2,bg_3,bg_4,bg_5,bg_6,bg_7,bg_8,bg_9,bg_10,bg_11,dev_1,dev_2,dev_3,dev_4,dev_5,dev_6,dev_7,dev_8,dev_9,dev_10
0,eig_code,3.162277660168379e-06,1.0,1.0,0.1,,0.5,True,0.1,-1,exemplar_mean,80.0,80.0,80.0,80.0,80.0,80.0,80.0,80.0,80.0,80.0,80.0,80.0,80.0,80.0,80.0,80.0,80.0,80.0,80.0,80.0,80.0
0,eig_code,1e-05,1.0,1.0,0.1,,0.5,True,0.1,-1,exemplar_mean,80.0,80.0,80.0,80.0,80.0,80.0,80.0,80.0,80.0,80.0,80.0,80.0,80.0,80.0,80.0,80.0,80.0,80.0,80.0,80.0,80.0
0,eig_code,3.1622776601683795e-05,1.0,1.0,0.1,,0.5,True,0.1,1534,exemplar_mean,79.6875,77.6875,73.14583333333333,74.04166666666667,70.21875,73.76041666666667,72.78125,67.72916666666667,68.36458333333333,67.01041666666667,69.14583333333333,75.51041666666667,75.0625,71.79166666666667,73.9375,69.375,70.20833333333333,68.48958333333333,68.61458333333333,68.65625,66.36458333333333
0,eig_code,0.0001,1.0,1.0,0.1,,0.5,True,0.1,932,exemplar_mean,74.34375,65.95833333333333,64.10416666666667,63.479166666666664,60.708333333333336,56.25,54.53125,60.125,51.416666666666664,50.75,52.989583333333336,68.20833333333333,67.51041666666667,60.072916666666664,61.333333333333336,54.614583333333336,54.479166666666664,55.145833333333336,50.0625,48.96875,50.46875
0,eig_code,0.00031622776601683794,1.0,1.0,0.1,,0.5,True,0.1,336,exemplar_mean,66.77083333333333,55.3125,45.65625,46.479166666666664,40.697916666666664,39.8125,38.166666666666664,34.135416666666664,36.895833333333336,35.229166666666664,33.916666666666664,55.791666666666664,46.447916666666664,39.270833333333336,36.572916666666664,39.510416666666664,35.083333333333336,32.854166666666664,33.53125,30.197916666666668,27.979166666666668
0,eig_code,0.001,1.0,1.0,0.1,,0.5,True,0.1,44,exemplar_mean,56.5,36.145833333333336,30.083333333333332,28.052083333333332,24.229166666666668,26.03125,21.822916666666668,19.5625,18.15625,20.302083333333332,17.270833333333332,29.885416666666668,29.28125,27.322916666666668,20.5,20.010416666666668,21.625,20.260416666666668,16.760416666666668,16.989583333333332,17.541666666666668
0,eig_code,0.0031622776601683794,1.0,1.0,0.1,,0.5,True,0.1,0,exemplar_mean,37.833333333333336,20.302083333333332,15.447916666666666,14.53125,15.041666666666666,13.0,13.03125,10.65625,12.760416666666666,11.03125,11.65625,22.072916666666668,15.125,14.364583333333334,12.385416666666666,11.59375,11.114583333333334,12.239583333333334,11.114583333333334,10.6875,10.479166666666666
0,eig_code,0.01,1.0,1.0,0.1,,0.5,True,0.1,0,exemplar_mean,21.927083333333332,9.864583333333334,10.635416666666666,9.208333333333334,8.916666666666666,8.375,8.083333333333334,7.25,6.677083333333333,7.958333333333333,6.0625,11.708333333333334,9.84375,8.125,8.375,6.697916666666667,6.8125,7.65625,6.864583333333333,6.0,7.270833333333333
0,eig_code,0.03162277660168379,1.0,1.0,0.1,,0.5,True,0.1,0,exemplar_mean,13.479166666666666,7.84375,6.260416666666667,5.864583333333333,5.53125,4.864583333333333,4.729166666666667,4.5,4.4375,3.9270833333333335,3.3958333333333335,7.114583333333333,6.0,4.65625,4.260416666666667,4.4375,4.385416666666667,4.34375,4.25,3.8958333333333335,3.7708333333333335
0,kl,3.162277660168379e-06,1.0,1.0,0.1,,0.5,True,0.1,1682,exemplar_mean,79.53125,78.47916666666667,77.28125,74.72916666666667,74.35416666666667,72.0,76.58333333333333,72.19791666666667,73.41666666666667,70.57291666666667,67.30208333333333,76.22916666666667,75.88541666666667,78.44791666666667,76.0,75.14583333333333,73.94791666666667,72.66666666666667,72.45833333333333,70.83333333333333,71.0
0,kl,1e-05,1.0,1.0,0.1,,0.5,True,0.1,1163,exemplar_mean,78.38541666666667,76.28125,69.82291666666667,67.91666666666667,64.34375,62.541666666666664,63.802083333333336,60.385416666666664,59.125,52.354166666666664,55.885416666666664,72.9375,68.42708333333333,66.79166666666667,64.52083333333333,60.854166666666664,60.864583333333336,57.34375,56.739583333333336,56.260416666666664,60.854166666666664
0,kl,3.1622776601683795e-05,1.0,1.0,0.1,,0.5,True,0.1,515,exemplar_mean,71.85416666666667,67.58333333333333,58.572916666666664,50.625,48.208333333333336,45.354166666666664,44.416666666666664,36.21875,40.4375,39.71875,34.072916666666664,64.90625,56.09375,51.791666666666664,43.166666666666664,44.197916666666664,44.0625,43.114583333333336,42.59375,40.458333333333336,39.072916666666664
0,kl,0.0001,1.0,1.0,0.1,,0.5,True,0.1,148,exemplar_mean,67.96875,48.479166666666664,39.197916666666664,33.125,30.708333333333332,29.166666666666668,25.833333333333332,27.927083333333332,23.875,24.09375,22.614583333333332,45.083333333333336,38.46875,29.020833333333332,27.739583333333332,24.572916666666668,28.854166666666668,24.947916666666668,23.71875,22.375,24.0625
0,kl,0.00031622776601683794,1.0,1.0,0.1,,0.5,True,0.1,18,exemplar_mean,50.53125,24.583333333333332,22.09375,19.635416666666668,17.802083333333332,19.020833333333332,14.114583333333334,15.354166666666666,13.65625,14.46875,12.625,27.697916666666668,24.21875,20.9375,17.854166666666668,18.6875,16.833333333333332,16.0,15.895833333333334,15.510416666666666,15.1875
0,kl,0.001,1.0,1.0,0.1,,0.5,True,0.1,0,exemplar_mean,31.125,17.708333333333332,13.447916666666666,11.635416666666666,11.3125,10.583333333333334,10.5,9.864583333333334,9.979166666666666,8.15625,8.572916666666666,16.5625,14.875,12.03125,11.114583333333334,10.6875,12.34375,8.625,10.072916666666666,8.885416666666666,8.770833333333334
0,kl,0.0031622776601683794,1.0,1.0,0.1,,0.5,True,0.1,0,exemplar_mean,19.395833333333332,10.395833333333334,8.020833333333334,8.322916666666666,7.1875,7.020833333333333,6.760416666666667,7.28125,5.427083333333333,5.583333333333333,5.166666666666667,11.197916666666666,8.479166666666666,8.09375,7.46875,6.708333333333333,6.708333333333333,5.90625,6.125,6.010416666666667,6.229166666666667
0,kl,0.01,1.0,1.0,0.1,,0.5,True,0.1,0,exemplar_mean,11.864583333333334,7.0625,5.145833333333333,4.96875,4.25,4.395833333333333,3.90625,3.75,3.6041666666666665,3.7291666666666665,3.4791666666666665,7.135416666666667,5.90625,5.3125,4.864583333333333,3.8020833333333335,3.9270833333333335,3.9375,4.135416666666667,4.114583333333333,4.072916666666667
0,kl,0.03162277660168379,1.0,1.0,0.1,,0.5,True,0.1,0,exemplar_mean,7.354166666666667,4.96875,3.9895833333333335,3.40625,2.8541666666666665,2.8958333333333335,2.59375,2.8125,2.5833333333333335,2.6875,2.4166666666666665,4.75,3.5520833333333335,3.53125,2.9479166666666665,3.0520833333333335,2.7291666666666665,2.53125,2.5104166666666665,2.53125,2.5520833333333335
0,mi,3.1622776601683795e-05,1.0,1.0,0.1,,0.5,True,0.1,1170,exemplar_mean,78.14583333333333,75.08333333333333,71.875,65.8125,60.614583333333336,62.791666666666664,61.708333333333336,56.604166666666664,55.677083333333336,54.666666666666664,51.072916666666664,76.61458333333333,72.83333333333333,68.80208333333333,60.395833333333336,65.59375,61.010416666666664,54.447916666666664,59.885416666666664,53.270833333333336,54.78125
0,mi,0.0001,1.0,1.0,0.1,,0.5,True,0.1,549,exemplar_mean,76.67708333333333,62.239583333333336,57.020833333333336,48.979166666666664,50.604166666666664,43.40625,42.708333333333336,35.895833333333336,36.864583333333336,35.291666666666664,34.197916666666664,63.166666666666664,56.177083333333336,47.354166666666664,44.979166666666664,41.052083333333336,41.739583333333336,36.041666666666664,38.53125,34.479166666666664,38.958333333333336
0,mi,0.00031622776601683794,1.0,1.0,0.1,,0.5,True,0.1,129,exemplar_mean,64.52083333333333,43.729166666666664,37.885416666666664,27.739583333333332,30.166666666666668,24.84375,20.385416666666668,25.989583333333332,20.729166666666668,22.854166666666668,19.125,43.59375,38.40625,30.854166666666668,25.927083333333332,23.645833333333332,25.677083333333332,22.25,22.9375,19.541666666666668,20.760416666666668
0,mi,0.001,1.0,1.0,0.1,,0.5,True,0.1,20,exemplar_mean,48.427083333333336,26.4375,21.6875,19.21875,16.854166666666668,13.614583333333334,13.760416666666666,9.625,13.989583333333334,12.114583333333334,11.520833333333334,23.739583333333332,22.395833333333332,17.0625,17.072916666666668,16.760416666666668,14.875,10.21875,11.979166666666666,11.614583333333334,13.28125
0,mi,0.0031622776601683794,1.0,1.0,0.1,,0.5,True,0.1,1,exemplar_mean,30.104166666666668,16.052083333333332,11.895833333333334,9.458333333333334,10.427083333333334,9.645833333333334,6.9375,7.177083333333333,8.010416666666666,6.84375,6.84375,16.572916666666668,10.791666666666666,10.625,8.802083333333334,8.322916666666666,9.03125,7.989583333333333,6.677083333333333,7.53125,6.770833333333333
0,mi,0.01,1.0,1.0,0.1,,0.5,True,0.1,0,exemplar_mean,19.197916666666668,10.6875,6.46875,6.020833333333333,5.864583333333333,5.364583333333333,4.333333333333333,5.03125,4.3125,4.479166666666667,4.052083333333333,9.09375,7.229166666666667,6.802083333333333,5.739583333333333,5.239583333333333,5.479166666666667,4.40625,3.9895833333333335,4.604166666666667,4.958333333333333
0,mi,0.03162277660168379,1.0,1.0,0.1,,0.5,True,0.1,0,exemplar_mean,10.635416666666666,5.729166666666667,4.958333333333333,3.75,3.46875,3.34375,3.0833333333333335,3.4791666666666665,3.1354166666666665,2.6666666666666665,2.28125,6.395833333333333,4.71875,3.71875,3.5833333333333335,3.3854166666666665,3.5104166666666665,2.6458333333333335,2.9375,2.875,2.9895833333333335
0,mi,0.1,1.0,1.0,0.1,,0.5,True,0.1,0,exemplar_mean,6.916666666666667,4.322916666666667,3.1875,2.40625,2.4270833333333335,2.125,2.1041666666666665,2.1041666666666665,2.1770833333333335,1.7916666666666667,1.9375,3.7708333333333335,3.4375,2.7291666666666665,2.3125,2.1770833333333335,2.21875,2.1875,1.8020833333333333,1.8541666666666667,1.7916666666666667
0,mi,0.31622776601683794,1.0,1.0,0.1,,0.5,True,0.1,0,exemplar_mean,3.8958333333333335,2.9166666666666665,2.7291666666666665,1.875,1.84375,1.7083333333333333,1.4583333333333333,1.46875,1.3541666666666667,1.40625,1.40625,3.0,2.2395833333333335,1.9791666666666667,1.65625,1.5729166666666667,1.3645833333333333,1.625,1.5104166666666667,1.4166666666666667,1.4375
0,mi_concept,3.1622776601683795e-05,1.0,1.0,0.1,,0.5,True,0.1,0,exemplar_mean,24.083333333333332,19.90625,19.802083333333332,19.510416666666668,17.291666666666668,18.125,17.916666666666668,17.34375,19.125,17.322916666666668,16.729166666666668,20.395833333333332,20.322916666666668,19.083333333333332,20.520833333333332,20.125,21.15625,19.479166666666668,20.239583333333332,19.395833333333332,19.9375
0,mi_concept,0.0001,1.0,1.0,0.1,,0.5,True,0.1,0,exemplar_mean,16.083333333333332,14.083333333333334,12.989583333333334,12.84375,12.59375,12.395833333333334,11.572916666666666,12.270833333333334,11.989583333333334,11.84375,11.552083333333334,15.104166666666666,13.4375,14.395833333333334,12.5,12.9375,13.40625,13.333333333333334,13.677083333333334,13.71875,12.697916666666666
0,mi_concept,0.00031622776601683794,1.0,1.0,0.1,,0.5,True,0.1,0,exemplar_mean,11.15625,9.302083333333334,8.75,8.302083333333334,7.947916666666667,7.75,8.760416666666666,7.552083333333333,8.041666666666666,7.489583333333333,6.989583333333333,10.25,8.791666666666666,8.5625,8.864583333333334,9.197916666666666,8.739583333333334,8.864583333333334,8.46875,8.989583333333334,9.5
0,mi_concept,0.001,1.0,1.0,0.1,,0.5,True,0.1,0,exemplar_mean,8.458333333333334,6.75,6.416666666666667,5.677083333333333,5.75,5.791666666666667,5.479166666666667,5.177083333333333,5.458333333333333,5.833333333333333,5.260416666666667,6.760416666666667,6.604166666666667,5.875,6.229166666666667,5.802083333333333,5.8125,5.708333333333333,6.364583333333333,6.010416666666667,6.072916666666667
0,mi_concept,0.0031622776601683794,1.0,1.0,0.1,,0.5,True,0.1,0,exemplar_mean,5.833333333333333,4.697916666666667,4.041666666666667,3.96875,3.8645833333333335,3.4270833333333335,3.9791666666666665,3.6458333333333335,3.375,3.5833333333333335,3.5208333333333335,4.90625,4.479166666666667,4.34375,3.8229166666666665,4.125,3.9375,3.875,3.4375,3.8020833333333335,3.7083333333333335
0,mi_concept,0.01,1.0,1.0,0.1,,0.5,True,0.1,0,exemplar_mean,4.260416666666667,3.6354166666666665,2.8333333333333335,2.6666666666666665,2.71875,2.8125,2.5416666666666665,2.5208333333333335,2.4791666666666665,2.3541666666666665,2.1145833333333335,3.4895833333333335,3.0208333333333335,2.8333333333333335,2.59375,2.6979166666666665,2.6666666666666665,2.5,2.59375,2.6875,2.5
0,mi_concept,0.03162277660168379,1.0,1.0,0.1,,0.5,True,0.1,0,exemplar_mean,3.0,2.375,2.1354166666666665,1.8229166666666667,2.0208333333333335,1.8125,1.8645833333333333,1.6041666666666667,1.6770833333333333,1.65625,1.5729166666666667,2.3854166666666665,2.3020833333333335,1.9583333333333333,1.875,2.09375,1.7708333333333333,1.8541666666666667,1.6354166666666667,1.78125,1.5416666666666667
0,mi_concept,0.1,1.0,1.0,0.1,,0.5,True,0.1,0,exemplar_mean,1.90625,1.9270833333333333,1.6041666666666667,1.6666666666666667,1.4583333333333333,1.5,1.3958333333333333,1.3020833333333333,1.3541666666666667,1.28125,1.3333333333333333,1.78125,1.71875,1.5833333333333333,1.34375,1.4375,1.28125,1.5416666666666667,1.2916666666666667,1.3854166666666667,1.2395833333333333
0,mi_concept,0.31622776601683794,1.0,1.0,0.1,,0.5,True,0.1,0,exemplar_mean,1.3541666666666667,1.3645833333333333,1.40625,1.34375,1.3333333333333333,1.2083333333333333,1.1979166666666667,1.21875,1.21875,1.1041666666666667,1.1041666666666667,1.40625,1.34375,1.2916666666666667,1.2708333333333333,1.2083333333333333,1.1041666666666667,1.1770833333333333,1.09375,1.1458333333333333,1.0833333333333333
0,surprisal_b,0.01,1.0,1.0,0.1,,0.5,True,0.1,-1,exemplar_mean,80.0,80.0,80.0,80.0,80.0,80.0,80.0,80.0,80.0,80.0,80.0,80.0,80.0,80.0,80.0,80.0,80.0,80.0,80.0,80.0,80.0
0,surprisal_b,0.027384196342643614,1.0,1.0,0.1,,0.5,True,0.1,1364,exemplar_mean,62.59375,68.94791666666667,65.5,67.8125,63.8125,68.5625,67.05208333333333,64.34375,63.354166666666664,65.01041666666667,66.03125,69.02083333333333,71.36458333333333,68.66666666666667,64.02083333333333,67.75,70.38541666666667,58.84375,68.26041666666667,67.20833333333333,64.78125
0,surprisal_b,0.07498942093324558,1.0,1.0,0.1,,0.5,True,0.1,681,exemplar_mean,55.958333333333336,44.65625,55.239583333333336,49.979166666666664,55.416666666666664,47.458333333333336,49.46875,44.15625,42.333333333333336,41.822916666666664,48.270833333333336,56.135416666666664,51.1875,44.854166666666664,46.447916666666664,42.833333333333336,47.885416666666664,45.979166666666664,50.78125,50.75,53.4375
0,surprisal_b,0.2053525026457146,1.0,1.0,0.1,,0.5,True,0.1,114,exemplar_mean,32.875,29.260416666666668,25.052083333333332,26.604166666666668,31.197916666666668,27.71875,28.375,25.447916666666668,27.708333333333332,24.447916666666668,25.135416666666668,29.40625,27.583333333333332,26.15625,26.28125,29.614583333333332,25.572916666666668,29.979166666666668,28.40625,25.625,26.53125
0,surprisal_b,0.5623413251903491,1.0,1.0,0.1,,0.5,True,0.1,4,exemplar_mean,10.84375,12.34375,11.104166666666666,9.375,10.0,11.052083333333334,8.770833333333334,9.135416666666666,9.822916666666666,7.28125,8.708333333333334,12.927083333333334,12.166666666666666,11.729166666666666,9.489583333333334,10.260416666666666,12.0625,10.71875,9.90625,9.28125,10.375
0,surprisal_b,1.539926526059492,1.0,1.0,0.1,,0.5,True,0.1,0,exemplar_mean,5.979166666666667,4.229166666666667,4.770833333333333,4.21875,4.729166666666667,5.020833333333333,4.90625,4.239583333333333,4.260416666666667,4.333333333333333,4.125,4.916666666666667,5.052083333333333,5.510416666666667,4.729166666666667,4.21875,4.270833333333333,5.21875,3.8333333333333335,4.645833333333333,4.03125
0,surprisal_b,4.216965034285822,1.0,1.0,0.1,,0.5,True,0.1,0,exemplar_mean,2.7291666666666665,2.625,2.375,2.3125,2.1979166666666665,2.0,2.2291666666666665,2.2291666666666665,2.1666666666666665,1.84375,2.2395833333333335,2.5104166666666665,2.4375,2.6875,2.40625,2.0625,2.15625,2.2916666666666665,2.6041666666666665,2.15625,2.5104166666666665
0,surprisal_b,11.547819846894582,1.0,1.0,0.1,,0.5,True,0.1,0,exemplar_mean,1.7916666666666667,1.5208333333333333,1.5104166666666667,1.59375,1.6041666666666667,1.6145833333333333,1.4375,1.5104166666666667,1.5625,1.375,1.40625,1.71875,1.7291666666666667,1.3333333333333333,1.5729166666666667,1.5208333333333333,1.5208333333333333,1.6354166666666667,1.5104166666666667,1.5104166666666667,1.5208333333333333
0,surprisal_b,31.622776601683793,1.0,1.0,0.1,,0.5,True,0.1,0,exemplar_mean,1.1875,1.2395833333333333,1.25,1.1666666666666667,1.1458333333333333,1.2291666666666667,1.1666666666666667,1.1458333333333333,1.1458333333333333,1.15625,1.1145833333333333,1.2604166666666667,1.1666666666666667,1.1458333333333333,1.25,1.1875,1.2395833333333333,1.21875,1.1145833333333333,1.1875,1.21875
1,eig_code,3.162277660168379e-06,1.0,1.0,0.1,,0.5,True,0.2,-1,exemplar_mean,80.0,80.0,80.0,80.0,80.0,80.0,80.0,80.0,80.0,80.0,80.0,80.0,80.0,80.0,80.0,80.0,80.0,80.0,80.0,80.0,80.0
1,eig_code,1e-05,1.0,1.0,0.1,,0.5,True,0.2,1793,exemplar_mean,80.0,78.5625,78.96875,76.88541666666667,76.875,77.51041666666667,72.97916666666667,75.69791666666667,76.51041666666667,73.89583333333333,74.34375,78.97916666666667,76.91666666666667,78.14583333333333,78.35416666666667,76.53125,77.29166666666667,76.9375,71.54166666666667,76.59375,73.51041666666667
1,eig_code,3.1622776601683795e-05,1.0,1.0,0.1,,0.5,True,0.2,1390,exemplar_mean,78.66666666666667,75.83333333333333,73.64583333333333,69.36458333333333,70.83333333333333,68.64583333333333,66.125,68.97916666666667,65.36458333333333,64.07291666666667,65.47916666666667,75.88541666666667,72.53125,71.51041666666667,71.45833333333333,68.70833333333333,68.86458333333333,64.60416666666667,63.270833333333336,62.010416666666664,66.92708333333333
1,eig_code,0.0001,1.0,1.0,0.1,,0.5,True,0.2,804,exemplar_mean,74.625,65.08333333333333,61.864583333333336,55.947916666666664,56.104166666666664,56.697916666666664,55.145833333333336,49.364583333333336,50.625,48.03125,49.614583333333336,66.11458333333333,63.010416666666664,54.729166666666664,60.46875,57.385416666666664,57.208333333333336,49.875,49.03125,53.791666666666664,50.90625
1,eig_code,0.00031622776601683794,1.0,1.0,0.1,,0.5,True,0.2,242,exemplar_mean,69.51041666666667,47.8125,48.333333333333336,43.041666666666664,34.322916666666664,40.302083333333336,31.052083333333332,32.989583333333336,31.71875,30.96875,29.916666666666668,54.510416666666664,45.875,38.541666666666664,39.447916666666664,37.510416666666664,37.28125,33.416666666666664,31.927083333333332,30.635416666666668,35.208333333333336
1,eig_code,0.001,1.0,1.0,0.1,,0.5,True,0.2,33,exemplar_mean,53.40625,31.6875,30.291666666666668,21.59375,22.0,24.46875,19.270833333333332,19.9375,17.916666666666668,19.010416666666668,17.145833333333332,34.114583333333336,25.697916666666668,24.552083333333332,20.958333333333332,20.177083333333332,19.979166666666668,21.229166666666668,17.791666666666668,18.322916666666668,19.427083333333332
1,eig_code,0.0031622776601683794,1.0,1.0,0.1,,0.5,True,0.2,1,exemplar_mean,32.427083333333336,17.822916666666668,16.458333333333332,14.09375,15.052083333333334,13.270833333333334,12.270833333333334,11.291666666666666,12.510416666666666,10.40625,10.208333333333334,19.302083333333332,16.791666666666668,13.6875,12.895833333333334,13.895833333333334,12.447916666666666,10.989583333333334,11.072916666666666,10.90625,10.4375
1,eig_code,0.01,1.0,1.0,0.1,,0.5,True,0.2,0,exemplar_mean,20.708333333333332,12.197916666666666,8.708333333333334,8.875,8.666666666666666,6.958333333333333,6.760416666666667,7.0625,6.40625,5.875,5.6875,11.364583333333334,10.395833333333334,7.447916666666667,7.75,7.885416666666667,7.260416666666667,6.052083333333333,6.833333333333333,5.708333333333333,6.510416666666667
1,eig_code,0.03162277660168379,1.0,1.0,0.1,,0.5,True,0.2,0,exemplar_mean,13.458333333333334,6.572916666666667,5.291666666666667,4.864583333333333,4.354166666666667,3.8958333333333335,4.208333333333333,4.177083333333333,3.8958333333333335,3.6458333333333335,3.59375,6.96875,5.145833333333333,5.708333333333333,4.65625,4.0625,3.8125,4.354166666666667,3.7395833333333335,3.7604166666666665,3.65625
1,kl,3.162277660168379e-06,1.0,1.0,0.1,,0.5,True,0.2,1689,exemplar_mean,79.48958333333333,78.35416666666667,76.16666666666667,76.125,75.45833333333333,73.89583333333333,75.13541666666667,71.46875,73.22916666666667,71.0,69.58333333333333,78.4375,79.17708333333333,78.84375,76.40625,77.16666666666667,74.02083333333333,71.19791666666667,72.27083333333333,70.64583333333333,69.86458333333333
1,kl,1e-05,1.0,1.0,0.1,,0.5,True,0.2,1266,exemplar_mean,79.04166666666667,74.30208333333333,69.35416666666667,69.80208333333333,68.41666666666667,64.64583333333333,64.55208333333333,64.55208333333333,62.802083333333336,64.85416666666667,58.229166666666664,74.46875,73.77083333333333,74.0,65.97916666666667,65.46875,66.64583333333333,65.71875,61.645833333333336,64.58333333333333,59.729166666666664
1,kl,3.1622776601683795e-05,1.0,1.0,0.1,,0.5,True,0.2,606,exemplar_mean,73.70833333333333,63.71875,60.385416666666664,57.364583333333336,50.375,45.041666666666664,46.510416666666664,48.385416666666664,41.260416666666664,43.052083333333336,41.5,65.51041666666667,60.5625,55.3125,52.177083333333336,50.322916666666664,46.84375,44.6875,45.302083333333336,46.520833333333336,40.052083333333336
1,kl,0.0001,1.0,1.0,0.1,,0.5,True,0.2,165,exemplar_mean,66.84375,48.416666666666664,41.385416666666664,36.489583333333336,30.145833333333332,33.229166666666664,32.0,30.302083333333332,28.15625,28.5625,25.510416666666668,49.072916666666664,39.03125,37.333333333333336,35.083333333333336,29.5,37.25,28.53125,29.885416666666668,27.65625,29.375
1,kl,0.00031622776601683794,1.0,1.0,0.1,,0.5,True,0.2,23,exemplar_mean,48.729166666666664,31.8125,23.6875,24.020833333333332,18.53125,18.302083333333332,19.520833333333332,18.083333333333332,18.333333333333332,14.385416666666666,16.125,33.197916666666664,24.916666666666668,23.625,20.958333333333332,21.375,18.989583333333332,18.364583333333332,17.354166666666668,17.03125,17.291666666666668
1,kl,0.001,1.0,1.0,0.1,,0.5,True,0.2,2,exemplar_mean,31.885416666666668,19.020833333333332,15.697916666666666,13.447916666666666,12.84375,11.875,11.1875,10.322916666666666,8.90625,8.989583333333334,9.354166666666666,19.989583333333332,14.239583333333334,13.84375,11.53125,12.583333333333334,11.302083333333334,12.15625,11.510416666666666,9.895833333333334,9.3125
1,kl,0.0031622776601683794,1.0,1.0,0.1,,0.5,True,0.2,0,exemplar_mean,20.510416666666668,11.364583333333334,8.9375,7.145833333333333,7.479166666666667,7.416666666666667,6.885416666666667,7.041666666666667,6.0,6.104166666666667,5.875,11.604166666666666,10.427083333333334,9.489583333333334,8.9375,7.90625,7.25,7.052083333333333,7.114583333333333,7.03125,6.71875
1,kl,0.01,1.0,1.0,0.1,,0.5,True,0.2,0,exemplar_mean,11.166666666666666,8.0625,5.947916666666667,5.104166666666667,5.083333333333333,4.520833333333333,4.614583333333333,4.229166666666667,4.40625,3.6666666666666665,3.9270833333333335,7.885416666666667,6.145833333333333,5.895833333333333,5.135416666666667,4.322916666666667,4.90625,4.854166666666667,4.302083333333333,3.6666666666666665,3.84375
1,kl,0.03162277660168379,1.0,1.0,0.1,,0.5,True,0.2,0,exemplar_mean,7.354166666666667,4.729166666666667,3.7916666666666665,3.6770833333333335,3.0833333333333335,3.25,2.5729166666666665,2.5833333333333335,2.53125,2.4791666666666665,2.1145833333333335,4.760416666666667,3.6770833333333335,3.7604166666666665,3.1770833333333335,3.0520833333333335,2.5416666666666665,2.7708333333333335,2.7604166666666665,2.8229166666666665,2.21875
1,mi,3.1622776601683795e-05,1.0,1.0,0.1,,0.5,True,0.2,1185,exemplar_mean,79.29166666666667,73.80208333333333,67.63541666666667,67.35416666666667,66.91666666666667,60.46875,61.979166666666664,58.302083333333336,61.572916666666664,56.53125,56.677083333333336,76.13541666666667,66.89583333333333,66.44791666666667,66.63541666666667,60.458333333333336,65.83333333333333,57.989583333333336,55.4375,53.739583333333336,57.90625
1,mi,0.0001,1.0,1.0,0.1,,0.5,True,0.2,560,exemplar_mean,75.35416666666667,61.916666666666664,59.083333333333336,50.291666666666664,54.979166666666664,41.010416666666664,39.4375,42.989583333333336,41.71875,37.229166666666664,37.458333333333336,59.53125,54.53125,52.5625,51.625,44.635416666666664,38.208333333333336,43.072916666666664,42.0,34.333333333333336,37.916666666666664
1,mi,0.00031622776601683794,1.0,1.0,0.1,,0.5,True,0.2,153,exemplar_mean,65.4375,43.28125,43.791666666666664,37.15625,29.135416666666668,25.333333333333332,25.052083333333332,23.947916666666668,23.645833333333332,23.770833333333332,22.822916666666668,46.5,41.697916666666664,33.135416666666664,26.916666666666668,27.895833333333332,27.854166666666668,28.15625,25.666666666666668,22.6875,21.072916666666668
1,mi,0.001,1.0,1.0,0.1,,0.5,True,0.2,25,exemplar_mean,50.166666666666664,26.229166666666668,20.947916666666668,19.0,18.666666666666668,16.770833333333332,16.3125,12.583333333333334,12.322916666666666,13.729166666666666,11.645833333333334,25.270833333333332,24.291666666666668,19.833333333333332,19.21875,16.125,15.010416666666666,13.135416666666666,13.979166666666666,12.364583333333334,13.770833333333334
1,mi,0.0031622776601683794,1.0,1.0,0.1,,0.5,True,0.2,0,exemplar_mean,30.6875,15.104166666666666,13.489583333333334,11.4375,10.78125,9.395833333333334,8.770833333333334,7.770833333333333,8.34375,8.34375,7.104166666666667,14.791666666666666,12.729166666666666,10.979166666666666,10.0625,10.09375,9.28125,9.0625,8.489583333333334,8.114583333333334,8.666666666666666
1,mi,0.01,1.0,1.0,0.1,,0.5,True,0.2,0,exemplar_mean,18.083333333333332,9.21875,7.625,6.125,6.729166666666667,6.15625,5.333333333333333,5.229166666666667,4.604166666666667,4.416666666666667,4.822916666666667,9.46875,7.208333333333333,6.84375,6.5,4.729166666666667,5.552083333333333,4.572916666666667,5.0,4.9375,4.59375
1,mi,0.03162277660168379,1.0,1.0,0.1,,0.5,True,0.2,0,exemplar_mean,11.697916666666666,5.71875,4.479166666666667,4.041666666666667,3.6875,3.5729166666666665,3.375,2.9895833333333335,3.1145833333333335,2.8541666666666665,2.78125,5.802083333333333,4.989583333333333,4.114583333333333,4.03125,3.2083333333333335,3.84375,2.9375,3.2604166666666665,2.8229166666666665,2.7916666666666665
1,mi,0.1,1.0,1.0,0.1,,0.5,True,0.2,0,exemplar_mean,6.78125,3.5416666666666665,2.8541666666666665,2.8541666666666665,2.3541666666666665,2.21875,2.2083333333333335,2.3229166666666665,1.9583333333333333,2.25,1.7916666666666667,3.7395833333333335,2.6666666666666665,2.6979166666666665,2.3645833333333335,2.3645833333333335,2.3020833333333335,2.2708333333333335,2.0625,1.9479166666666667,1.7395833333333333
1,mi,0.31622776601683794,1.0,1.0,0.1,,0.5,True,0.2,0,exemplar_mean,3.7708333333333335,2.65625,2.2916666666666665,2.125,1.625,1.71875,1.6458333333333333,1.40625,1.5625,1.3854166666666667,1.375,2.6875,2.1041666666666665,2.125,1.6979166666666667,1.5104166666666667,1.7083333333333333,1.4270833333333333,1.5520833333333333,1.5416666666666667,1.4479166666666667
1,mi_concept,3.1622776601683795e-05,1.0,1.0,0.1,,0.5,True,0.2,0,exemplar_mean,37.322916666666664,32.385416666666664,30.583333333333332,30.46875,30.364583333333332,27.78125,28.427083333333332,26.479166666666668,28.25,25.395833333333332,25.6875,30.90625,33.177083333333336,32.010416666666664,29.25,29.447916666666668,31.666666666666668,30.052083333333332,32.020833333333336,31.239583333333332,28.572916666666668
1,mi_concept,0.0001,1.0,1.0,0.1,,0.5,True,0.2,0,exemplar_mean,22.645833333333332,22.135416666666668,19.822916666666668,20.427083333333332,19.583333333333332,18.125,18.791666666666668,16.84375,17.75,18.96875,17.479166666666668,21.34375,21.541666666666668,19.15625,18.979166666666668,21.21875,19.114583333333332,21.34375,20.53125,20.947916666666668,18.8125
1,mi_concept,0.00031622776601683794,1.0,1.0,0.1,,0.5,True,0.2,0,exemplar_mean,15.854166666666666,14.291666666666666,13.572916666666666,13.34375,12.041666666666666,11.322916666666666,12.760416666666666,12.427083333333334,11.645833333333334,10.979166666666666,11.708333333333334,13.833333333333334,13.625,13.71875,13.28125,12.239583333333334,12.75,12.78125,12.083333333333334,13.072916666666666,12.125
1,mi_concept,0.001,1.0,1.0,0.1,,0.5,True,0.2,0,exemplar_mean,10.604166666666666,10.104166666666666,9.385416666666666,8.739583333333334,8.322916666666666,7.65625,7.854166666666667,7.677083333333333,7.28125,7.71875,7.229166666666667,9.635416666666666,8.916666666666666,8.770833333333334,8.729166666666666,8.166666666666666,8.104166666666666,7.770833333333333,8.302083333333334,8.760416666666666,8.583333333333334
1,mi_concept,0.0031622776601683794,1.0,1.0,0.1,,0.5,True,0.2,0,exemplar_mean,7.302083333333333,6.197916666666667,5.75,5.302083333333333,5.34375,5.40625,5.229166666666667,4.677083333333333,4.208333333333333,4.822916666666667,5.083333333333333,6.447916666666667,5.854166666666667,5.8125,5.302083333333333,5.854166666666667,5.072916666666667,4.708333333333333,5.375,5.21875,5.072916666666667
1,mi_concept,0.01,1.0,1.0,0.1,,0.5,True,0.2,0,exemplar_mean,4.6875,4.229166666666667,3.78125,3.8541666666666665,3.2291666666666665,3.6979166666666665,3.1041666666666665,3.3958333333333335,3.4166666666666665,3.09375,3.2291666666666665,4.458333333333333,3.7916666666666665,3.5833333333333335,3.6770833333333335,3.7291666666666665,3.4270833333333335,3.3125,3.34375,3.3541666666666665,2.9270833333333335
1,mi_concept,0.03162277660168379,1.0,1.0,0.1,,0.5,True,0.2,0,exemplar_mean,2.6041666666666665,2.6770833333333335,2.40625,2.6354166666666665,2.5833333333333335,2.1041666666666665,2.15625,2.1041666666666665,2.0520833333333335,2.0625,1.9583333333333333,3.1354166666666665,2.5208333333333335,2.6770833333333335,2.2395833333333335,2.28125,2.1875,2.15625,2.1458333333333335,2.0208333333333335,2.0729166666666665
1,mi_concept,0.1,1.0,1.0,0.1,,0.5,True,0.2,0,exemplar_mean,1.84375,1.6666666666666667,1.7604166666666667,1.8229166666666667,1.7291666666666667,1.4375,1.4895833333333333,1.5729166666666667,1.4166666666666667,1.3333333333333333,1.4479166666666667,1.8645833333333333,1.875,1.6770833333333333,1.6458333333333333,1.6875,1.6041666666666667,1.5,1.3958333333333333,1.5104166666666667,1.5104166666666667
1,mi_concept,0.31622776601683794,1.0,1.0,0.1,,0.5,True,0.2,0,exemplar_mean,1.3541666666666667,1.4479166666666667,1.375,1.28125,1.25,1.25,1.1458333333333333,1.1458333333333333,1.2395833333333333,1.125,1.1145833333333333,1.4375,1.2291666666666667,1.2604166666666667,1.2708333333333333,1.3020833333333333,1.2916666666666667,1.1458333333333333,1.2291666666666667,1.1458333333333333,1.2395833333333333
1,surprisal_b,0.01,1.0,1.0,0.1,,0.5,True,0.2,1690,exemplar_mean,75.55208333333333,76.13541666666667,74.44791666666667,73.51041666666667,73.54166666666667,74.80208333333333,72.66666666666667,69.29166666666667,71.02083333333333,72.94791666666667,73.45833333333333,74.875,76.15625,75.90625,72.1875,73.15625,76.44791666666667,68.77083333333333,72.40625,69.97916666666667,74.66666666666667
1,surprisal_b,0.027384196342643614,1.0,1.0,0.1,,0.5,True,0.2,1301,exemplar_mean,66.77083333333333,61.5625,62.4375,67.47916666666667,58.645833333333336,62.15625,63.083333333333336,67.36458333333333,63.770833333333336,66.79166666666667,63.302083333333336,67.58333333333333,66.44791666666667,68.25,66.0,67.16666666666667,66.125,60.541666666666664,65.6875,63.385416666666664,63.520833333333336
1,surprisal_b,0.07498942093324558,1.0,1.0,0.1,,0.5,True,0.2,539,exemplar_mean,46.708333333333336,47.583333333333336,44.145833333333336,47.4375,45.291666666666664,47.427083333333336,40.40625,41.989583333333336,40.25,48.520833333333336,42.21875,43.114583333333336,46.010416666666664,52.104166666666664,47.083333333333336,48.552083333333336,47.416666666666664,48.427083333333336,43.96875,44.71875,36.84375
1,surprisal_b,0.2053525026457146,1.0,1.0,0.1,,0.5,True,0.2,56,exemplar_mean,29.395833333333332,21.760416666666668,26.6875,22.666666666666668,19.322916666666668,17.802083333333332,20.291666666666668,18.666666666666668,20.03125,23.46875,20.71875,24.291666666666668,25.03125,23.21875,23.84375,25.239583333333332,20.34375,25.541666666666668,23.364583333333332,21.479166666666668,20.28125
1,surprisal_b,0.5623413251903491,1.0,1.0,0.1,,0.5,True,0.2,0,exemplar_mean,10.375,10.0625,10.229166666666666,8.770833333333334,9.489583333333334,7.979166666666667,8.489583333333334,9.864583333333334,9.53125,8.572916666666666,7.552083333333333,9.010416666666666,7.572916666666667,7.677083333333333,9.395833333333334,9.145833333333334,9.28125,8.260416666666666,9.15625,8.135416666666666,8.895833333333334
1,surprisal_b,1.539926526059492,1.0,1.0,0.1,,0.5,True,0.2,0,exemplar_mean,4.625,4.020833333333333,4.583333333333333,4.125,3.4791666666666665,3.4583333333333335,3.59375,3.5729166666666665,3.65625,3.9479166666666665,4.15625,4.572916666666667,4.0,4.322916666666667,4.65625,3.9270833333333335,4.28125,3.7395833333333335,3.7604166666666665,4.15625,3.8020833333333335
1,surprisal_b,4.216965034285822,1.0,1.0,0.1,,0.5,True,0.2,0,exemplar_mean,2.4166666666666665,1.9166666666666667,1.8854166666666667,2.4479166666666665,2.2395833333333335,2.4270833333333335,2.3541666666666665,2.0104166666666665,2.03125,1.9479166666666667,1.9479166666666667,2.3020833333333335,2.2083333333333335,2.4270833333333335,2.1770833333333335,1.9375,2.4583333333333335,2.3333333333333335,2.2083333333333335,1.9479166666666667,2.28125
1,surprisal_b,11.547819846894582,1.0,1.0,0.1,,0.5,True,0.2,0,exemplar_mean,1.6041666666666667,1.5520833333333333,1.3854166666666667,1.4583333333333333,1.5,1.3125,1.5208333333333333,1.4479166666666667,1.4375,1.28125,1.3645833333333333,1.34375,1.34375,1.4583333333333333,1.3541666666666667,1.40625,1.59375,1.3125,1.3645833333333333,1.375,1.5416666666666667
1,surprisal_b,31.622776601683793,1.0,1.0,0.1,,0.5,True,0.2,0,exemplar_mean,1.2083333333333333,1.21875,1.1354166666666667,1.1458333333333333,1.1666666666666667,1.125,1.15625,1.1145833333333333,1.1666666666666667,1.2083333333333333,1.1354166666666667,1.1354166666666667,1.1458333333333333,1.1041666666666667,1.1145833333333333,1.1666666666666667,1.2291666666666667,1.1458333333333333,1.1041666666666667,1.1666666666666667,1.1666666666666667
2,eig_code,3.162277660168379e-06,1.0,1.0,1.0,,0.5,True,0.1,1851,exemplar_mean,79.86458333333333,77.52083333333333,79.38541666666667,77.63541666666667,75.65625,77.63541666666667,75.05208333333333,77.58333333333333,77.5,72.9375,75.58333333333333,77.03125,78.15625,78.27083333333333,77.0,75.85416666666667,76.76041666666667,76.48958333333333,76.5,75.86458333333333,76.07291666666667
2,eig_code,1e-05,1.0,1.0,1.0,,0.5,True,0.1,1573,exemplar_mean,78.3125,76.5,77.16666666666667,73.60416666666667,74.08333333333333,69.58333333333333,68.66666666666667,66.58333333333333,68.46875,64.78125,65.19791666666667,76.34375,74.53125,74.64583333333333,76.38541666666667,69.67708333333333,68.30208333333333,69.17708333333333,71.88541666666667,66.94791666666667,70.59375
2,eig_code,3.1622776601683795e-05,1.0,1.0,1.0,,0.5,True,0.1,1045,exemplar_mean,76.33333333333333,71.97916666666667,66.80208333333333,61.395833333333336,61.28125,54.09375,55.885416666666664,49.166666666666664,58.302083333333336,56.166666666666664,52.3125,69.84375,61.677083333333336,61.75,59.479166666666664,57.96875,62.875,53.96875,54.989583333333336,53.520833333333336,52.208333333333336
2,eig_code,0.0001,1.0,1.0,1.0,,0.5,True,0.1,444,exemplar_mean,70.71875,54.854166666666664,44.677083333333336,43.59375,41.802083333333336,39.083333333333336,38.541666666666664,33.71875,37.46875,34.083333333333336,32.364583333333336,57.71875,49.541666666666664,41.239583333333336,43.489583333333336,40.020833333333336,34.125,39.625,31.270833333333332,32.197916666666664,33.5
2,eig_code,0.00031622776601683794,1.0,1.0,1.0,,0.5,True,0.1,88,exemplar_mean,59.322916666666664,31.979166666666668,30.302083333333332,24.645833333333332,24.427083333333332,23.260416666666668,25.364583333333332,24.416666666666668,19.114583333333332,20.28125,21.125,33.072916666666664,29.447916666666668,29.71875,26.3125,26.239583333333332,20.239583333333332,22.0625,18.083333333333332,19.072916666666668,20.489583333333332
2,eig_code,0.001,1.0,1.0,1.0,,0.5,True,0.1,2,exemplar_mean,35.364583333333336,23.645833333333332,17.270833333333332,16.270833333333332,15.375,13.427083333333334,13.84375,10.958333333333334,11.458333333333334,12.4375,12.09375,20.583333333333332,16.479166666666668,15.364583333333334,14.46875,15.520833333333334,13.125,14.833333333333334,9.958333333333334,12.510416666666666,10.510416666666666
2,eig_code,0.0031622776601683794,1.0,1.0,1.0,,0.5,True,0.1,0,exemplar_mean,22.34375,13.0,10.03125,9.385416666666666,8.364583333333334,7.375,8.552083333333334,7.729166666666667,8.145833333333334,6.177083333333333,6.583333333333333,12.71875,10.489583333333334,10.291666666666666,8.302083333333334,8.010416666666666,8.052083333333334,7.354166666666667,7.395833333333333,7.322916666666667,6.40625
2,eig_code,0.01,1.0,1.0,1.0,,0.5,True,0.1,0,exemplar_mean,13.677083333333334,7.677083333333333,6.604166666666667,6.15625,4.59375,5.947916666666667,5.0625,4.71875,4.604166666666667,3.9583333333333335,3.8333333333333335,8.197916666666666,6.34375,4.864583333333333,5.177083333333333,5.041666666666667,5.239583333333333,5.572916666666667,4.25,4.645833333333333,4.0
2,eig_code,0.03162277660168379,1.0,1.0,1.0,,0.5,True,0.1,0,exemplar_mean,8.75,5.416666666666667,4.791666666666667,3.6770833333333335,3.3333333333333335,3.5208333333333335,3.2395833333333335,3.8645833333333335,2.8958333333333335,2.8958333333333335,3.0520833333333335,5.197916666666667,4.40625,3.7291666666666665,3.59375,3.1458333333333335,3.1979166666666665,3.1875,3.21875,2.9270833333333335,3.1770833333333335
2,kl,3.162277660168379e-06,1.0,1.0,1.0,,0.5,True,0.1,1610,exemplar_mean,79.97916666666667,78.33333333333333,74.57291666666667,77.34375,73.07291666666667,71.67708333333333,71.88541666666667,68.04166666666667,67.3125,68.17708333333333,69.90625,76.39583333333333,73.66666666666667,76.59375,73.69791666666667,70.70833333333333,70.17708333333333,72.22916666666667,66.35416666666667,66.88541666666667,68.82291666666667
2,kl,1e-05,1.0,1.0,1.0,,0.5,True,0.1,1109,exemplar_mean,78.07291666666667,74.0625,68.16666666666667,62.895833333333336,65.58333333333333,57.03125,59.114583333333336,58.260416666666664,48.28125,56.802083333333336,56.239583333333336,75.21875,72.3125,68.52083333333333,63.375,58.760416666666664,54.833333333333336,58.822916666666664,52.010416666666664,53.59375,52.90625
2,kl,3.1622776601683795e-05,1.0,1.0,1.0,,0.5,True,0.1,499,exemplar_mean,73.13541666666667,62.447916666666664,58.125,51.666666666666664,47.84375,41.9375,43.677083333333336,33.59375,36.197916666666664,30.802083333333332,33.489583333333336,60.666666666666664,52.614583333333336,51.885416666666664,41.989583333333336,39.458333333333336,38.729166666666664,33.864583333333336,36.760416666666664,37.208333333333336,32.479166666666664
2,kl,0.0001,1.0,1.0,1.0,,0.5,True,0.1,144,exemplar_mean,64.51041666666667,45.239583333333336,36.520833333333336,31.96875,32.3125,23.65625,22.510416666666668,24.583333333333332,18.041666666666668,17.739583333333332,18.90625,41.28125,32.885416666666664,29.96875,27.270833333333332,25.34375,25.989583333333332,19.78125,23.65625,19.927083333333332,20.291666666666668
2,kl,0.00031622776601683794,1.0,1.0,1.0,,0.5,True,0.1,17,exemplar_mean,48.947916666666664,26.885416666666668,18.739583333333332,18.46875,13.645833333333334,14.916666666666666,14.3125,12.0,14.458333333333334,11.96875,12.458333333333334,26.6875,18.979166666666668,18.364583333333332,15.604166666666666,15.395833333333334,12.416666666666666,13.208333333333334,12.072916666666666,11.447916666666666,11.5
2,kl,0.001,1.0,1.0,1.0,,0.5,True,0.1,2,exemplar_mean,31.354166666666668,16.90625,12.84375,12.09375,8.947916666666666,8.635416666666666,7.739583333333333,7.03125,7.645833333333333,7.791666666666667,6.895833333333333,14.03125,12.916666666666666,12.041666666666666,9.28125,9.239583333333334,8.854166666666666,7.71875,8.125,7.84375,7.28125
2,kl,0.0031622776601683794,1.0,1.0,1.0,,0.5,True,0.1,0,exemplar_mean,18.0,10.385416666666666,7.895833333333333,7.6875,6.583333333333333,5.135416666666667,5.697916666666667,5.177083333333333,5.083333333333333,4.614583333333333,4.708333333333333,10.229166666666666,7.625,6.4375,6.0625,6.447916666666667,5.802083333333333,4.875,5.03125,5.270833333333333,4.802083333333333
2,kl,0.01,1.0,1.0,1.0,,0.5,True,0.1,0,exemplar_mean,12.0,6.510416666666667,4.864583333333333,4.9375,4.395833333333333,4.09375,3.9270833333333335,3.5416666666666665,3.375,3.4270833333333335,2.9375,6.177083333333333,5.416666666666667,4.791666666666667,4.114583333333333,4.135416666666667,3.53125,3.3229166666666665,3.2083333333333335,3.2291666666666665,3.1875
2,kl,0.03162277660168379,1.0,1.0,1.0,,0.5,True,0.1,0,exemplar_mean,7.875,4.09375,4.072916666666667,3.25,2.8020833333333335,3.0104166666666665,2.6770833333333335,2.6875,2.5729166666666665,2.375,2.125,4.1875,3.4375,2.875,3.1875,2.90625,2.7291666666666665,2.59375,2.8958333333333335,2.1770833333333335,1.9375
2,mi,3.1622776601683795e-05,1.0,1.0,1.0,,0.5,True,0.1,1162,exemplar_mean,78.94791666666667,73.0,70.55208333333333,63.854166666666664,61.395833333333336,58.666666666666664,59.635416666666664,55.447916666666664,54.520833333333336,51.479166666666664,53.541666666666664,74.34375,70.32291666666667,63.833333333333336,62.75,58.583333333333336,58.0,60.729166666666664,58.135416666666664,50.71875,50.510416666666664
2,mi,0.0001,1.0,1.0,1.0,,0.5,True,0.1,524,exemplar_mean,77.82291666666667,61.145833333333336,53.104166666666664,48.770833333333336,46.552083333333336,41.40625,36.333333333333336,38.291666666666664,32.229166666666664,30.364583333333332,30.635416666666668,63.833333333333336,50.708333333333336,51.90625,47.416666666666664,40.479166666666664,37.385416666666664,38.229166666666664,35.864583333333336,34.791666666666664,29.53125
2,mi,0.00031622776601683794,1.0,1.0,1.0,,0.5,True,0.1,176,exemplar_mean,67.54166666666667,43.510416666666664,31.75,31.1875,26.770833333333332,25.822916666666668,18.1875,24.635416666666668,16.6875,15.333333333333334,18.302083333333332,47.302083333333336,34.989583333333336,28.770833333333332,31.28125,28.802083333333332,27.90625,21.895833333333332,21.614583333333332,19.041666666666668,16.78125
2,mi,0.001,1.0,1.0,1.0,,0.5,True,0.1,24,exemplar_mean,50.020833333333336,27.78125,17.75,18.71875,16.03125,13.53125,12.572916666666666,11.03125,12.03125,10.59375,8.979166666666666,26.427083333333332,18.822916666666668,16.21875,15.229166666666666,11.791666666666666,13.729166666666666,11.09375,12.34375,10.072916666666666,10.6875
2,mi,0.0031622776601683794,1.0,1.0,1.0,,0.5,True,0.1,0,exemplar_mean,31.041666666666668,14.3125,12.572916666666666,8.739583333333334,8.072916666666666,7.40625,6.552083333333333,7.020833333333333,5.635416666666667,6.34375,5.90625,15.0625,11.177083333333334,10.125,7.416666666666667,8.875,6.458333333333333,7.583333333333333,5.822916666666667,6.302083333333333,6.40625
2,mi,0.01,1.0,1.0,1.0,,0.5,True,0.1,0,exemplar_mean,18.34375,8.479166666666666,7.145833333333333,5.5,5.197916666666667,5.4375,4.177083333333333,4.6875,4.333333333333333,3.6458333333333335,3.7604166666666665,8.041666666666666,6.46875,5.010416666666667,4.78125,4.947916666666667,4.6875,4.3125,3.9583333333333335,4.041666666666667,4.072916666666667
2,mi,0.03162277660168379,1.0,1.0,1.0,,0.5,True,0.1,0,exemplar_mean,11.510416666666666,5.46875,4.864583333333333,3.3229166666666665,3.3229166666666665,3.125,2.9375,2.8854166666666665,2.7083333333333335,2.2916666666666665,2.40625,5.96875,4.739583333333333,3.5104166666666665,3.3333333333333335,3.0,3.09375,3.0520833333333335,2.9166666666666665,2.53125,2.5729166666666665
2,mi,0.1,1.0,1.0,1.0,,0.5,True,0.1,0,exemplar_mean,7.53125,4.260416666666667,3.125,2.46875,2.4479166666666665,2.2083333333333335,2.1041666666666665,2.125,2.1458333333333335,1.6875,1.6875,3.7708333333333335,3.2604166666666665,2.8333333333333335,2.2395833333333335,2.3229166666666665,2.3125,1.78125,1.8645833333333333,2.0833333333333335,1.8333333333333333
2,mi,0.31622776601683794,1.0,1.0,1.0,,0.5,True,0.1,0,exemplar_mean,4.75,3.28125,1.875,1.9895833333333333,1.9270833333333333,1.8333333333333333,1.4166666666666667,1.5520833333333333,1.71875,1.59375,1.4583333333333333,2.84375,2.1770833333333335,1.96875,1.9895833333333333,1.7916666666666667,1.7708333333333333,1.5416666666666667,1.6458333333333333,1.5208333333333333,1.5104166666666667
2,mi_concept,3.1622776601683795e-05,1.0,1.0,1.0,,0.5,True,0.1,0,exemplar_mean,11.635416666666666,9.8125,9.208333333333334,9.385416666666666,8.354166666666666,8.322916666666666,8.260416666666666,8.84375,7.854166666666667,8.302083333333334,8.09375,10.604166666666666,9.864583333333334,8.979166666666666,8.645833333333334,7.979166666666667,8.4375,8.677083333333334,8.71875,8.739583333333334,8.364583333333334
2,mi_concept,0.0001,1.0,1.0,1.0,,0.5,True,0.1,0,exemplar_mean,8.854166666666666,6.34375,6.427083333333333,5.854166666666667,5.78125,6.197916666666667,5.78125,5.708333333333333,5.260416666666667,5.53125,5.614583333333333,6.53125,6.447916666666667,6.541666666666667,6.21875,6.15625,5.625,6.0,5.833333333333333,5.770833333333333,5.895833333333333
2,mi_concept,0.00031622776601683794,1.0,1.0,1.0,,0.5,True,0.1,0,exemplar_mean,7.177083333333333,4.927083333333333,4.677083333333333,4.208333333333333,4.583333333333333,4.072916666666667,3.9375,3.9791666666666665,3.78125,3.78125,3.6666666666666665,4.927083333333333,4.59375,4.072916666666667,4.270833333333333,3.9479166666666665,4.34375,4.21875,3.9479166666666665,4.114583333333333,3.9583333333333335
2,mi_concept,0.001,1.0,1.0,1.0,,0.5,True,0.1,0,exemplar_mean,5.177083333333333,3.6458333333333335,3.25,3.1666666666666665,2.9583333333333335,2.78125,2.78125,2.9583333333333335,2.7395833333333335,2.7291666666666665,2.6666666666666665,3.8854166666666665,3.21875,3.25,2.875,2.875,2.8645833333333335,2.7708333333333335,2.8854166666666665,2.9270833333333335,2.65625
2,mi_concept,0.0031622776601683794,1.0,1.0,1.0,,0.5,True,0.1,0,exemplar_mean,3.8125,2.8541666666666665,2.5625,2.1666666666666665,2.0416666666666665,2.0625,2.0,2.0208333333333335,1.7395833333333333,1.9270833333333333,2.0416666666666665,2.8229166666666665,2.625,2.3958333333333335,1.96875,2.0729166666666665,2.125,2.0104166666666665,2.0520833333333335,1.9895833333333333,1.84375
2,mi_concept,0.01,1.0,1.0,1.0,,0.5,True,0.1,0,exemplar_mean,2.7395833333333335,2.25,2.0729166666666665,1.9375,1.7083333333333333,1.6666666666666667,1.53125,1.625,1.4479166666666667,1.625,1.65625,2.5625,2.03125,1.8645833333333333,1.7708333333333333,1.6145833333333333,1.6041666666666667,1.5,1.5520833333333333,1.4895833333333333,1.3958333333333333
2,mi_concept,0.03162277660168379,1.0,1.0,1.0,,0.5,True,0.1,0,exemplar_mean,2.1145833333333335,1.8645833333333333,1.7395833333333333,1.6145833333333333,1.40625,1.4270833333333333,1.4166666666666667,1.5,1.3541666666666667,1.28125,1.2395833333333333,1.8645833333333333,1.7083333333333333,1.5833333333333333,1.5104166666666667,1.4375,1.3854166666666667,1.34375,1.25,1.4479166666666667,1.25
2,mi_concept,0.1,1.0,1.0,1.0,,0.5,True,0.1,0,exemplar_mean,1.6041666666666667,1.4895833333333333,1.3854166666666667,1.46875,1.3333333333333333,1.3020833333333333,1.2083333333333333,1.2604166666666667,1.1875,1.21875,1.1354166666666667,1.4166666666666667,1.3958333333333333,1.4166666666666667,1.3854166666666667,1.3125,1.21875,1.1875,1.2083333333333333,1.0833333333333333,1.1979166666666667
2,mi_concept,0.31622776601683794,1.0,1.0,1.0,,0.5,True,0.1,0,exemplar_mean,1.21875,1.2083333333333333,1.3020833333333333,1.25,1.2291666666666667,1.2291666666666667,1.1458333333333333,1.15625,1.15625,1.1145833333333333,1.1458333333333333,1.2083333333333333,1.1875,1.1666666666666667,1.1770833333333333,1.125,1.1770833333333333,1.1145833333333333,1.125,1.1458333333333333,1.0520833333333333
2,surprisal_b,0.01,1.0,1.0,1.0,,0.5,True,0.1,1844,exemplar_mean,76.75,77.73958333333333,74.23958333333333,77.76041666666667,74.76041666666667,75.89583333333333,76.10416666666667,76.3125,76.58333333333333,74.77083333333333,75.6875,75.65625,77.55208333333333,76.60416666666667,76.92708333333333,76.9375,77.60416666666667,78.01041666666667,76.55208333333333,76.42708333333333,76.0625
2,surprisal_b,0.027384196342643614,1.0,1.0,1.0,,0.5,True,0.1,1567,exemplar_mean,68.30208333333333,74.63541666666667,69.07291666666667,69.57291666666667,73.23958333333333,66.64583333333333,71.05208333333333,68.75,71.16666666666667,66.22916666666667,68.3125,68.90625,71.70833333333333,72.29166666666667,68.80208333333333,73.34375,68.54166666666667,70.54166666666667,71.41666666666667,69.84375,70.64583333333333
2,surprisal_b,0.07498942093324558,1.0,1.0,1.0,,0.5,True,0.1,947,exemplar_mean,64.52083333333333,56.552083333333336,57.552083333333336,59.270833333333336,61.875,53.583333333333336,57.760416666666664,58.822916666666664,57.625,53.604166666666664,51.6875,57.770833333333336,58.760416666666664,54.239583333333336,55.28125,55.385416666666664,53.552083333333336,57.458333333333336,54.15625,53.21875,51.072916666666664
2,surprisal_b,0.2053525026457146,1.0,1.0,1.0,,0.5,True,0.1,256,exemplar_mean,35.5625,38.46875,34.447916666666664,36.333333333333336,31.479166666666668,40.604166666666664,34.697916666666664,30.947916666666668,29.46875,32.583333333333336,32.645833333333336,36.416666666666664,33.375,41.635416666666664,29.96875,33.072916666666664,31.59375,29.645833333333332,33.8125,30.072916666666668,32.75
2,surprisal_b,0.5623413251903491,1.0,1.0,1.0,,0.5,True,0.1,9,exemplar_mean,19.416666666666668,14.46875,16.947916666666668,14.34375,17.166666666666668,15.822916666666666,14.34375,13.25,13.708333333333334,13.791666666666666,12.6875,17.739583333333332,15.59375,18.416666666666668,16.635416666666668,14.895833333333334,17.59375,12.3125,13.291666666666666,13.739583333333334,15.291666666666666
2,surprisal_b,1.539926526059492,1.0,1.0,1.0,,0.5,True,0.1,0,exemplar_mean,6.90625,6.604166666666667,6.9375,6.770833333333333,6.364583333333333,5.947916666666667,6.333333333333333,6.020833333333333,6.208333333333333,6.020833333333333,6.25,6.0,6.270833333333333,5.208333333333333,7.25,6.979166666666667,6.0625,5.989583333333333,5.708333333333333,5.65625,6.25
2,surprisal_b,4.216965034285822,1.0,1.0,1.0,,0.5,True,0.1,0,exemplar_mean,3.28125,2.96875,3.0833333333333335,2.96875,2.6875,3.28125,3.1770833333333335,2.9270833333333335,2.65625,2.7395833333333335,2.7604166666666665,3.0520833333333335,2.5833333333333335,3.0104166666666665,2.71875,3.3541666666666665,2.8645833333333335,3.1666666666666665,2.7291666666666665,2.75,2.8020833333333335
2,surprisal_b,11.547819846894582,1.0,1.0,1.0,,0.5,True,0.1,0,exemplar_mean,1.78125,1.7083333333333333,1.625,1.6979166666666667,1.78125,1.6041666666666667,1.5729166666666667,1.59375,1.5104166666666667,1.6458333333333333,1.6145833333333333,1.71875,1.7395833333333333,2.0208333333333335,1.78125,1.6875,1.59375,1.6770833333333333,1.6354166666666667,1.5208333333333333,1.71875
2,surprisal_b,31.622776601683793,1.0,1.0,1.0,,0.5,True,0.1,0,exemplar_mean,1.2604166666666667,1.2395833333333333,1.2083333333333333,1.1979166666666667,1.2708333333333333,1.2291666666666667,1.2083333333333333,1.21875,1.21875,1.15625,1.1458333333333333,1.2708333333333333,1.3333333333333333,1.2916666666666667,1.2604166666666667,1.3020833333333333,1.1979166666666667,1.1770833333333333,1.2395833333333333,1.25,1.1875
3,eig_code,3.162277660168379e-06,1.0,1.0,1.0,,0.5,True,0.2,-1,exemplar_mean,80.0,80.0,80.0,80.0,80.0,80.0,80.0,80.0,80.0,80.0,80.0,80.0,80.0,80.0,80.0,80.0,80.0,80.0,80.0,80.0,80.0
3,eig_code,1e-05,1.0,1.0,1.0,,0.5,True,0.2,1588,exemplar_mean,80.0,77.41666666666667,74.67708333333333,73.04166666666667,72.05208333333333,69.66666666666667,70.92708333333333,70.625,64.21875,70.0625,67.33333333333333,77.98958333333333,76.80208333333333,71.96875,73.28125,69.6875,68.27083333333333,67.92708333333333,71.875,69.85416666666667,68.63541666666667
3,eig_code,3.1622776601683795e-05,1.0,1.0,1.0,,0.5,True,0.2,1022,exemplar_mean,78.23958333333333,69.13541666666667,68.75,61.510416666666664,60.96875,54.791666666666664,57.53125,58.635416666666664,56.104166666666664,48.208333333333336,54.666666666666664,70.125,65.5625,67.83333333333333,61.166666666666664,58.90625,59.104166666666664,58.09375,55.927083333333336,52.708333333333336,54.59375
3,eig_code,0.0001,1.0,1.0,1.0,,0.5,True,0.2,411,exemplar_mean,68.69791666666667,53.9375,51.135416666666664,41.802083333333336,41.083333333333336,39.822916666666664,36.6875,37.15625,35.833333333333336,37.0,33.447916666666664,51.177083333333336,47.0,41.645833333333336,39.604166666666664,39.4375,40.458333333333336,42.604166666666664,34.666666666666664,38.864583333333336,32.0625
3,eig_code,0.00031622776601683794,1.0,1.0,1.0,,0.5,True,0.2,70,exemplar_mean,57.010416666666664,34.864583333333336,30.125,29.6875,20.916666666666668,23.541666666666668,22.510416666666668,19.041666666666668,21.3125,21.510416666666668,17.791666666666668,39.177083333333336,30.28125,26.447916666666668,23.229166666666668,24.083333333333332,24.6875,18.895833333333332,21.291666666666668,19.572916666666668,18.354166666666668
3,eig_code,0.001,1.0,1.0,1.0,,0.5,True,0.2,0,exemplar_mean,39.239583333333336,20.364583333333332,17.34375,14.645833333333334,15.208333333333334,12.927083333333334,13.197916666666666,10.479166666666666,13.677083333333334,10.760416666666666,11.5,18.3125,15.947916666666666,15.927083333333334,11.729166666666666,11.947916666666666,12.125,13.114583333333334,13.604166666666666,11.5625,10.78125
3,eig_code,0.0031622776601683794,1.0,1.0,1.0,,0.5,True,0.2,0,exemplar_mean,21.28125,12.697916666666666,9.958333333333334,8.885416666666666,8.583333333333334,7.385416666666667,7.447916666666667,8.375,6.604166666666667,7.916666666666667,6.4375,13.572916666666666,10.21875,9.34375,7.604166666666667,8.739583333333334,7.552083333333333,8.21875,7.177083333333333,6.479166666666667,7.291666666666667
3,eig_code,0.01,1.0,1.0,1.0,,0.5,True,0.2,0,exemplar_mean,14.65625,8.072916666666666,5.4375,4.5625,5.625,4.375,4.291666666666667,4.322916666666667,4.6875,4.927083333333333,4.479166666666667,6.604166666666667,5.864583333333333,4.875,5.125,5.177083333333333,5.520833333333333,4.375,4.479166666666667,4.03125,3.84375
3,eig_code,0.03162277660168379,1.0,1.0,1.0,,0.5,True,0.2,0,exemplar_mean,8.197916666666666,4.947916666666667,3.8333333333333335,3.4166666666666665,3.4895833333333335,3.2604166666666665,3.2604166666666665,3.0625,2.7395833333333335,2.8541666666666665,3.0,5.020833333333333,3.8020833333333335,3.6145833333333335,3.6145833333333335,2.875,3.46875,3.0833333333333335,2.6770833333333335,2.8125,2.875
3,kl,3.162277660168379e-06,1.0,1.0,1.0,,0.5,True,0.2,1621,exemplar_mean,79.75,77.0625,76.15625,75.33333333333333,72.90625,76.625,71.60416666666667,70.73958333333333,68.32291666666667,69.21875,68.44791666666667,79.22916666666667,75.51041666666667,72.57291666666667,72.5,72.63541666666667,74.90625,69.05208333333333,69.96875,69.38541666666667,63.5625
3,kl,1e-05,1.0,1.0,1.0,,0.5,True,0.2,1141,exemplar_mean,78.52083333333333,75.23958333333333,72.11458333333333,64.39583333333333,64.76041666666667,62.447916666666664,59.84375,57.072916666666664,52.8125,53.458333333333336,52.875,75.10416666666667,69.84375,64.58333333333333,66.21875,63.989583333333336,58.5625,58.895833333333336,53.833333333333336,55.614583333333336,53.5625
3,kl,3.1622776601683795e-05,1.0,1.0,1.0,,0.5,True,0.2,513,exemplar_mean,76.0625,62.0625,58.354166666666664,49.875,48.302083333333336,48.46875,37.791666666666664,37.510416666666664,37.822916666666664,34.916666666666664,33.552083333333336,67.61458333333333,57.28125,46.510416666666664,43.916666666666664,43.15625,43.385416666666664,39.6875,36.947916666666664,39.145833333333336,41.229166666666664
3,kl,0.0001,1.0,1.0,1.0,,0.5,True,0.2,140,exemplar_mean,65.9375,48.677083333333336,36.697916666666664,30.71875,26.104166666666668,24.0,22.208333333333332,25.270833333333332,23.25,21.854166666666668,19.447916666666668,41.947916666666664,36.666666666666664,29.822916666666668,25.96875,26.71875,27.09375,21.114583333333332,22.6875,22.59375,21.3125
3,kl,0.00031622776601683794,1.0,1.0,1.0,,0.5,True,0.2,19,exemplar_mean,49.458333333333336,28.65625,20.75,18.9375,16.385416666666668,14.28125,11.395833333333334,11.666666666666666,13.802083333333334,12.989583333333334,13.104166666666666,26.802083333333332,22.125,19.9375,16.635416666666668,14.927083333333334,14.666666666666666,14.333333333333334,13.885416666666666,13.885416666666666,12.270833333333334
3,kl,0.001,1.0,1.0,1.0,,0.5,True,0.2,0,exemplar_mean,31.15625,16.364583333333332,13.614583333333334,10.25,10.541666666666666,8.739583333333334,9.458333333333334,9.604166666666666,8.354166666666666,8.6875,7.947916666666667,17.010416666666668,13.614583333333334,11.65625,10.03125,8.895833333333334,9.34375,8.489583333333334,8.760416666666666,8.645833333333334,8.802083333333334
3,kl,0.0031622776601683794,1.0,1.0,1.0,,0.5,True,0.2,0,exemplar_mean,19.239583333333332,10.322916666666666,9.072916666666666,6.5625,5.78125,6.552083333333333,5.895833333333333,5.572916666666667,5.0625,5.65625,5.03125,9.166666666666666,8.0,7.552083333333333,6.520833333333333,6.479166666666667,5.260416666666667,5.385416666666667,5.229166666666667,4.760416666666667,4.885416666666667
3,kl,0.01,1.0,1.0,1.0,,0.5,True,0.2,0,exemplar_mean,11.5625,6.833333333333333,5.635416666666667,4.354166666666667,4.09375,4.03125,3.8125,4.520833333333333,3.53125,3.4166666666666665,3.375,7.03125,5.40625,4.625,4.34375,4.25,4.114583333333333,4.03125,4.010416666666667,3.4270833333333335,3.6041666666666665
3,kl,0.03162277660168379,1.0,1.0,1.0,,0.5,True,0.2,0,exemplar_mean,7.114583333333333,4.802083333333333,3.4166666666666665,3.5208333333333335,2.7395833333333335,2.71875,2.6458333333333335,2.6666666666666665,2.59375,2.34375,2.3229166666666665,4.177083333333333,3.6041666666666665,3.3645833333333335,2.9583333333333335,2.7708333333333335,2.5208333333333335,2.59375,2.5208333333333335,2.3020833333333335,2.34375
3,mi,3.1622776601683795e-05,1.0,1.0,1.0,,0.5,True,0.2,1150,exemplar_mean,79.75,74.9375,64.46875,68.58333333333333,66.65625,63.458333333333336,60.96875,55.354166666666664,52.5,54.15625,50.447916666666664,72.66666666666667,67.55208333333333,64.48958333333333,59.71875,66.23958333333333,58.927083333333336,54.322916666666664,56.854166666666664,55.75,49.583333333333336
3,mi,0.0001,1.0,1.0,1.0,,0.5,True,0.2,550,exemplar_mean,73.25,62.25,52.541666666666664,52.583333333333336,43.78125,40.229166666666664,44.208333333333336,38.489583333333336,36.885416666666664,36.645833333333336,33.78125,68.39583333333333,57.354166666666664,59.125,42.677083333333336,45.239583333333336,39.125,37.78125,34.1875,35.177083333333336,34.78125
3,mi,0.00031622776601683794,1.0,1.0,1.0,,0.5,True,0.2,170,exemplar_mean,69.78125,44.791666666666664,35.083333333333336,32.833333333333336,29.03125,26.625,22.104166666666668,20.895833333333332,19.5625,19.84375,18.84375,49.28125,41.760416666666664,29.3125,21.875,22.072916666666668,21.625,22.59375,18.4375,22.135416666666668,16.96875
3,mi,0.001,1.0,1.0,1.0,,0.5,True,0.2,21,exemplar_mean,51.072916666666664,29.572916666666668,18.947916666666668,16.479166666666668,15.947916666666666,13.916666666666666,11.322916666666666,13.489583333333334,11.875,11.15625,10.34375,23.46875,17.635416666666668,14.916666666666666,14.21875,13.333333333333334,11.8125,10.75,11.760416666666666,11.09375,10.25
3,mi,0.0031622776601683794,1.0,1.0,1.0,,0.5,True,0.2,0,exemplar_mean,31.447916666666668,14.427083333333334,15.0,9.791666666666666,8.895833333333334,7.541666666666667,7.03125,6.864583333333333,7.177083333333333,7.635416666666667,6.302083333333333,14.458333333333334,11.0625,9.197916666666666,9.604166666666666,8.135416666666666,9.0,7.291666666666667,6.197916666666667,6.78125,5.291666666666667
3,mi,0.01,1.0,1.0,1.0,,0.5,True,0.2,0,exemplar_mean,17.135416666666668,8.614583333333334,7.5,6.739583333333333,6.09375,5.072916666666667,4.166666666666667,4.104166666666667,4.4375,3.7604166666666665,3.6041666666666665,10.885416666666666,7.052083333333333,6.614583333333333,5.0,4.208333333333333,4.895833333333333,4.489583333333333,4.15625,4.427083333333333,4.4375
3,mi,0.03162277660168379,1.0,1.0,1.0,,0.5,True,0.2,0,exemplar_mean,10.583333333333334,6.145833333333333,4.822916666666667,4.135416666666667,3.71875,3.03125,3.3645833333333335,2.84375,2.5833333333333335,2.84375,2.46875,6.135416666666667,5.364583333333333,4.364583333333333,3.5,3.0833333333333335,3.1145833333333335,2.7395833333333335,2.6979166666666665,2.4166666666666665,2.3020833333333335
3,mi,0.1,1.0,1.0,1.0,,0.5,True,0.2,0,exemplar_mean,6.791666666666667,4.28125,3.21875,2.9166666666666665,2.3229166666666665,2.0833333333333335,2.1354166666666665,1.71875,2.125,2.0833333333333335,1.9479166666666667,3.9583333333333335,2.7395833333333335,2.5520833333333335,2.375,2.40625,2.0,2.125,1.84375,1.71875,1.8020833333333333
3,mi,0.31622776601683794,1.0,1.0,1.0,,0.5,True,0.2,0,exemplar_mean,3.9375,2.7604166666666665,2.53125,1.9270833333333333,1.7291666666666667,1.4375,1.5416666666666667,1.4166666666666667,1.5833333333333333,1.625,1.2395833333333333,2.84375,1.96875,1.8958333333333333,1.6666666666666667,1.75,1.6666666666666667,1.5416666666666667,1.5208333333333333,1.4479166666666667,1.375
3,mi_concept,3.1622776601683795e-05,1.0,1.0,1.0,,0.5,True,0.2,0,exemplar_mean,18.260416666666668,15.0,14.666666666666666,14.177083333333334,13.125,14.458333333333334,12.354166666666666,13.75,13.614583333333334,12.770833333333334,12.854166666666666,14.541666666666666,15.34375,12.510416666666666,14.625,13.895833333333334,14.041666666666666,14.072916666666666,12.645833333333334,13.510416666666666,14.114583333333334
3,mi_concept,0.0001,1.0,1.0,1.0,,0.5,True,0.2,0,exemplar_mean,11.552083333333334,10.354166666666666,10.864583333333334,9.135416666666666,9.822916666666666,8.96875,8.760416666666666,8.989583333333334,9.552083333333334,9.604166666666666,8.552083333333334,11.84375,10.625,9.989583333333334,10.041666666666666,8.916666666666666,9.385416666666666,9.3125,9.427083333333334,9.229166666666666,9.666666666666666
3,mi_concept,0.00031622776601683794,1.0,1.0,1.0,,0.5,True,0.2,0,exemplar_mean,8.5,7.65625,6.645833333333333,6.958333333333333,6.385416666666667,6.052083333333333,6.395833333333333,5.979166666666667,6.125,5.979166666666667,5.791666666666667,7.239583333333333,6.34375,6.46875,6.395833333333333,6.3125,6.15625,5.989583333333333,6.270833333333333,5.989583333333333,5.947916666666667
3,mi_concept,0.001,1.0,1.0,1.0,,0.5,True,0.2,0,exemplar_mean,6.46875,5.333333333333333,4.645833333333333,4.65625,4.46875,4.177083333333333,4.020833333333333,4.041666666666667,3.9166666666666665,4.28125,3.5625,5.010416666666667,4.729166666666667,4.71875,4.260416666666667,4.322916666666667,3.5833333333333335,4.25,4.104166666666667,4.28125,3.9479166666666665
3,mi_concept,0.0031622776601683794,1.0,1.0,1.0,,0.5,True,0.2,0,exemplar_mean,4.333333333333333,3.6770833333333335,3.5104166666666665,3.3333333333333335,3.1770833333333335,2.8854166666666665,2.90625,2.8333333333333335,2.8333333333333335,2.78125,2.90625,4.052083333333333,3.5833333333333335,3.15625,3.125,2.9895833333333335,2.9375,2.8333333333333335,2.8958333333333335,2.9583333333333335,2.5625
3,mi_concept,0.01,1.0,1.0,1.0,,0.5,True,0.2,0,exemplar_mean,3.3645833333333335,2.875,2.5729166666666665,2.3958333333333335,2.1145833333333335,2.0208333333333335,2.1041666666666665,1.9895833333333333,1.8958333333333333,1.7916666666666667,2.0416666666666665,2.7395833333333335,2.2916666666666665,2.3020833333333335,2.1458333333333335,1.8958333333333333,2.1145833333333335,2.03125,2.125,1.96875,1.8958333333333333
3,mi_concept,0.03162277660168379,1.0,1.0,1.0,,0.5,True,0.2,0,exemplar_mean,2.1041666666666665,2.1041666666666665,1.8958333333333333,1.8125,1.6770833333333333,1.5729166666666667,1.6145833333333333,1.5,1.4479166666666667,1.5833333333333333,1.4583333333333333,1.8229166666666667,1.96875,1.7083333333333333,1.625,1.6666666666666667,1.5833333333333333,1.6354166666666667,1.4375,1.4270833333333333,1.4166666666666667
3,mi_concept,0.1,1.0,1.0,1.0,,0.5,True,0.2,0,exemplar_mean,1.46875,1.6979166666666667,1.5,1.4583333333333333,1.2604166666666667,1.3958333333333333,1.4166666666666667,1.375,1.2083333333333333,1.1666666666666667,1.1979166666666667,1.5104166666666667,1.4270833333333333,1.3854166666666667,1.3541666666666667,1.3645833333333333,1.2604166666666667,1.3541666666666667,1.1875,1.3229166666666667,1.1979166666666667
3,mi_concept,0.31622776601683794,1.0,1.0,1.0,,0.5,True,0.2,0,exemplar_mean,1.21875,1.2395833333333333,1.1979166666666667,1.1770833333333333,1.1458333333333333,1.2708333333333333,1.1875,1.125,1.0833333333333333,1.15625,1.0833333333333333,1.25,1.2083333333333333,1.2395833333333333,1.21875,1.15625,1.15625,1.1041666666666667,1.1354166666666667,1.1145833333333333,1.0520833333333333
3,surprisal_b,0.01,1.0,1.0,1.0,,0.5,True,0.2,1756,exemplar_mean,74.88541666666667,75.80208333333333,73.23958333333333,74.07291666666667,75.9375,73.36458333333333,77.33333333333333,74.5625,74.25,72.10416666666667,73.08333333333333,74.1875,77.10416666666667,74.34375,76.25,75.59375,74.84375,74.375,75.0,76.59375,74.71875
3,surprisal_b,0.027384196342643614,1.0,1.0,1.0,,0.5,True,0.2,1449,exemplar_mean,70.66666666666667,71.35416666666667,71.52083333333333,72.54166666666667,68.72916666666667,66.77083333333333,68.57291666666667,67.25,66.51041666666667,67.70833333333333,64.5,70.77083333333333,69.17708333333333,68.16666666666667,66.9375,69.95833333333333,66.30208333333333,65.4375,66.94791666666667,66.3125,64.0625
3,surprisal_b,0.07498942093324558,1.0,1.0,1.0,,0.5,True,0.2,763,exemplar_mean,55.270833333333336,54.9375,51.5625,55.6875,51.3125,50.8125,47.3125,51.708333333333336,50.479166666666664,54.489583333333336,48.385416666666664,58.541666666666664,46.708333333333336,54.479166666666664,50.75,50.510416666666664,49.40625,47.28125,46.260416666666664,50.833333333333336,52.635416666666664
3,surprisal_b,0.2053525026457146,1.0,1.0,1.0,,0.5,True,0.2,156,exemplar_mean,32.802083333333336,37.385416666666664,28.583333333333332,26.604166666666668,26.802083333333332,31.447916666666668,24.947916666666668,25.489583333333332,25.15625,27.75,26.84375,33.885416666666664,37.020833333333336,28.0625,27.927083333333332,26.645833333333332,27.25,25.239583333333332,26.104166666666668,32.322916666666664,26.583333333333332
3,surprisal_b,0.5623413251903491,1.0,1.0,1.0,,0.5,True,0.2,5,exemplar_mean,16.052083333333332,13.270833333333334,13.385416666666666,13.427083333333334,11.90625,12.354166666666666,12.052083333333334,10.65625,9.1875,11.25,11.760416666666666,13.9375,15.03125,12.864583333333334,12.302083333333334,12.84375,13.760416666666666,11.84375,10.385416666666666,10.270833333333334,11.354166666666666
3,surprisal_b,1.539926526059492,1.0,1.0,1.0,,0.5,True,0.2,0,exemplar_mean,6.458333333333333,6.041666666666667,5.0,5.65625,4.364583333333333,5.09375,5.041666666666667,4.770833333333333,5.041666666666667,4.541666666666667,3.9479166666666665,5.71875,4.864583333333333,5.010416666666667,5.229166666666667,5.041666666666667,5.239583333333333,3.9270833333333335,5.447916666666667,4.90625,3.875
3,surprisal_b,4.216965034285822,1.0,1.0,1.0,,0.5,True,0.2,0,exemplar_mean,2.8645833333333335,2.9583333333333335,2.8854166666666665,2.7395833333333335,2.1666666666666665,2.46875,2.4583333333333335,2.375,2.3333333333333335,2.5625,2.3020833333333335,3.1145833333333335,2.6458333333333335,2.7291666666666665,2.4479166666666665,2.3333333333333335,2.53125,2.28125,2.1875,2.53125,2.3125
3,surprisal_b,11.547819846894582,1.0,1.0,1.0,,0.5,True,0.2,0,exemplar_mean,1.6041666666666667,1.8020833333333333,1.5833333333333333,1.59375,1.5104166666666667,1.6145833333333333,1.5833333333333333,1.4895833333333333,1.6770833333333333,1.5833333333333333,1.4895833333333333,1.65625,1.5104166666666667,1.59375,1.8333333333333333,1.53125,1.4270833333333333,1.6458333333333333,1.5104166666666667,1.6041666666666667,1.5520833333333333
3,surprisal_b,31.622776601683793,1.0,1.0,1.0,,0.5,True,0.2,0,exemplar_mean,1.1770833333333333,1.3333333333333333,1.2395833333333333,1.34375,1.2291666666666667,1.1875,1.28125,1.25,1.1770833333333333,1.1979166666666667,1.125,1.28125,1.21875,1.3020833333333333,1.25,1.25,1.125,1.1770833333333333,1.1875,1.2083333333333333,1.2395833333333333
4,eig_code,3.162277660168379e-06,1.0,10.0,0.1,,0.5,True,0.1,-1,exemplar_mean,80.0,80.0,80.0,80.0,80.0,80.0,80.0,80.0,80.0,80.0,80.0,80.0,80.0,80.0,80.0,80.0,80.0,80.0,80.0,80.0,80.0
4,eig_code,1e-05,1.0,10.0,0.1,,0.5,True,0.1,1890,exemplar_mean,80.0,80.0,78.88541666666667,78.44791666666667,77.55208333333333,77.84375,76.5,77.22916666666667,78.80208333333333,76.64583333333333,76.11458333333333,80.0,78.67708333333333,78.5625,77.45833333333333,78.44791666666667,78.4375,78.57291666666667,75.40625,76.22916666666667,77.55208333333333
4,eig_code,3.1622776601683795e-05,1.0,10.0,0.1,,0.5,True,0.1,1602,exemplar_mean,79.40625,77.97916666666667,79.22916666666667,75.23958333333333,76.17708333333333,71.40625,72.55208333333333,69.40625,71.17708333333333,71.36458333333333,67.96875,77.5,75.64583333333333,74.17708333333333,73.28125,74.23958333333333,75.04166666666667,69.05208333333333,68.09375,67.05208333333333,69.17708333333333
4,eig_code,0.0001,1.0,10.0,0.1,,0.5,True,0.1,1138,exemplar_mean,77.77083333333333,74.5625,72.05208333333333,69.6875,65.65625,60.677083333333336,66.21875,60.895833333333336,60.614583333333336,57.770833333333336,60.1875,73.09375,68.71875,66.09375,63.375,62.65625,60.895833333333336,57.40625,56.104166666666664,53.0625,54.1875
4,eig_code,0.00031622776601683794,1.0,10.0,0.1,,0.5,True,0.1,499,exemplar_mean,74.48958333333333,64.45833333333333,51.0,56.03125,46.979166666666664,45.395833333333336,40.21875,41.458333333333336,42.34375,35.875,34.0,63.40625,56.8125,51.145833333333336,44.9375,48.770833333333336,37.75,42.583333333333336,40.802083333333336,36.166666666666664,36.895833333333336
4,eig_code,0.001,1.0,10.0,0.1,,0.5,True,0.1,116,exemplar_mean,58.260416666666664,44.072916666666664,33.520833333333336,36.489583333333336,29.104166666666668,31.25,25.208333333333332,28.020833333333332,21.229166666666668,23.78125,20.0,45.229166666666664,35.6875,34.3125,28.40625,25.416666666666668,27.260416666666668,23.302083333333332,21.3125,20.96875,22.9375
4,eig_code,0.0031622776601683794,1.0,10.0,0.1,,0.5,True,0.1,15,exemplar_mean,49.78125,29.53125,21.0,18.4375,17.541666666666668,16.135416666666668,16.479166666666668,14.510416666666666,14.489583333333334,11.833333333333334,14.072916666666666,24.416666666666668,18.864583333333332,18.697916666666668,15.645833333333334,15.166666666666666,13.520833333333334,12.770833333333334,12.375,13.96875,11.90625
4,eig_code,0.01,1.0,10.0,0.1,,0.5,True,0.1,0,exemplar_mean,25.864583333333332,18.239583333333332,12.708333333333334,10.052083333333334,11.75,9.15625,8.802083333333334,8.239583333333334,7.854166666666667,7.21875,7.635416666666667,15.489583333333334,13.041666666666666,11.28125,9.59375,8.989583333333334,9.416666666666666,8.385416666666666,7.21875,6.635416666666667,6.78125
4,eig_code,0.03162277660168379,1.0,10.0,0.1,,0.5,True,0.1,0,exemplar_mean,17.25,10.020833333333334,8.020833333333334,6.885416666666667,5.71875,5.770833333333333,5.395833333333333,5.322916666666667,4.614583333333333,5.114583333333333,4.197916666666667,9.989583333333334,7.0625,5.739583333333333,6.322916666666667,5.5625,5.25,5.145833333333333,4.385416666666667,4.479166666666667,4.572916666666667
4,kl,3.162277660168379e-06,1.0,10.0,0.1,,0.5,True,0.1,1713,exemplar_mean,80.0,78.23958333333333,75.84375,76.4375,77.125,74.27083333333333,75.8125,72.46875,73.34375,69.86458333333333,73.47916666666667,77.48958333333333,78.60416666666667,75.76041666666667,75.88541666666667,75.0625,74.45833333333333,74.76041666666667,72.8125,71.48958333333333,73.15625
4,kl,1e-05,1.0,10.0,0.1,,0.5,True,0.1,1239,exemplar_mean,78.38541666666667,78.13541666666667,74.16666666666667,70.21875,70.54166666666667,66.3125,63.791666666666664,61.8125,63.78125,58.114583333333336,60.6875,72.375,73.0,69.96875,66.25,64.4375,65.57291666666667,64.91666666666667,59.71875,60.65625,57.604166666666664
4,kl,3.1622776601683795e-05,1.0,10.0,0.1,,0.5,True,0.1,567,exemplar_mean,75.98958333333333,65.82291666666667,59.041666666666664,54.65625,51.96875,47.09375,47.09375,42.458333333333336,40.614583333333336,37.041666666666664,42.052083333333336,64.20833333333333,60.604166666666664,56.125,51.9375,46.114583333333336,45.916666666666664,40.34375,45.34375,43.3125,36.729166666666664
4,kl,0.0001,1.0,10.0,0.1,,0.5,True,0.1,163,exemplar_mean,63.447916666666664,48.864583333333336,43.03125,39.364583333333336,32.677083333333336,32.6875,29.458333333333332,28.864583333333332,27.635416666666668,25.135416666666668,22.322916666666668,50.34375,41.020833333333336,39.6875,35.489583333333336,29.729166666666668,29.15625,30.21875,27.927083333333332,22.1875,26.1875
4,kl,0.00031622776601683794,1.0,10.0,0.1,,0.5,True,0.1,23,exemplar_mean,48.270833333333336,34.270833333333336,27.0,22.875,19.572916666666668,19.010416666666668,18.604166666666668,16.854166666666668,15.604166666666666,14.75,14.708333333333334,32.760416666666664,25.552083333333332,21.28125,19.489583333333332,17.5625,17.260416666666668,17.604166666666668,16.395833333333332,14.8125,15.25
4,kl,0.001,1.0,10.0,0.1,,0.5,True,0.1,0,exemplar_mean,29.8125,19.958333333333332,15.895833333333334,13.208333333333334,12.0625,11.416666666666666,9.989583333333334,9.552083333333334,8.666666666666666,9.447916666666666,9.0,19.5625,16.020833333333332,13.229166666666666,12.864583333333334,13.135416666666666,11.625,9.979166666666666,10.3125,10.270833333333334,9.71875
4,kl,0.0031622776601683794,1.0,10.0,0.1,,0.5,True,0.1,0,exemplar_mean,21.677083333333332,12.15625,8.635416666666666,8.5,6.34375,6.59375,7.166666666666667,5.520833333333333,5.833333333333333,6.395833333333333,5.78125,10.302083333333334,9.885416666666666,8.270833333333334,7.770833333333333,7.208333333333333,7.28125,6.645833333333333,6.03125,6.583333333333333,6.427083333333333
4,kl,0.01,1.0,10.0,0.1,,0.5,True,0.1,0,exemplar_mean,12.4375,6.333333333333333,5.833333333333333,5.083333333333333,4.489583333333333,4.583333333333333,4.416666666666667,4.510416666666667,3.8125,3.7291666666666665,3.6666666666666665,8.041666666666666,5.375,5.072916666666667,5.375,4.489583333333333,4.739583333333333,4.895833333333333,3.96875,4.333333333333333,3.7916666666666665
4,kl,0.03162277660168379,1.0,10.0,0.1,,0.5,True,0.1,0,exemplar_mean,7.666666666666667,4.645833333333333,3.8854166666666665,3.3958333333333335,2.9895833333333335,3.0208333333333335,2.5625,2.7708333333333335,2.6041666666666665,2.4375,1.9583333333333333,4.833333333333333,4.0,3.2291666666666665,3.2291666666666665,3.40625,3.1041666666666665,2.6145833333333335,3.0,2.7604166666666665,2.8854166666666665
4,mi,3.1622776601683795e-05,1.0,10.0,0.1,,0.5,True,0.1,1218,exemplar_mean,78.9375,76.70833333333333,74.08333333333333,72.0,64.09375,64.51041666666667,61.979166666666664,54.6875,60.708333333333336,56.114583333333336,54.572916666666664,76.5625,69.54166666666667,68.8125,69.36458333333333,60.65625,62.072916666666664,63.416666666666664,59.09375,58.375,56.125
4,mi,0.0001,1.0,10.0,0.1,,0.5,True,0.1,537,exemplar_mean,74.55208333333333,65.88541666666667,56.84375,53.197916666666664,47.979166666666664,47.0,38.552083333333336,40.28125,38.03125,34.802083333333336,35.177083333333336,62.28125,54.291666666666664,55.052083333333336,51.010416666666664,48.614583333333336,41.96875,42.0625,38.75,37.291666666666664,36.614583333333336
4,mi,0.00031622776601683794,1.0,10.0,0.1,,0.5,True,0.1,174,exemplar_mean,64.94791666666667,44.90625,39.354166666666664,31.552083333333332,28.083333333333332,28.208333333333332,26.03125,25.84375,22.28125,21.364583333333332,21.239583333333332,49.947916666666664,36.229166666666664,33.447916666666664,29.3125,25.989583333333332,29.25,24.375,25.854166666666668,22.697916666666668,20.072916666666668
4,mi,0.001,1.0,10.0,0.1,,0.5,True,0.1,28,exemplar_mean,45.822916666666664,29.395833333333332,23.385416666666668,19.989583333333332,17.28125,12.979166666666666,14.645833333333334,12.697916666666666,11.770833333333334,12.5625,10.6875,29.177083333333332,25.125,18.010416666666668,18.21875,15.854166666666666,16.0625,17.25,15.375,13.375,14.291666666666666
4,mi,0.0031622776601683794,1.0,10.0,0.1,,0.5,True,0.1,1,exemplar_mean,32.635416666666664,16.75,12.385416666666666,11.583333333333334,10.239583333333334,9.114583333333334,8.270833333333334,7.677083333333333,7.625,6.9375,7.177083333333333,17.208333333333332,12.145833333333334,11.135416666666666,10.385416666666666,9.708333333333334,8.15625,8.916666666666666,7.78125,7.770833333333333,6.697916666666667
4,mi,0.01,1.0,10.0,0.1,,0.5,True,0.1,0,exemplar_mean,18.40625,10.322916666666666,8.4375,6.9375,6.354166666666667,5.28125,5.65625,4.614583333333333,4.291666666666667,4.03125,4.270833333333333,10.729166666666666,7.197916666666667,6.239583333333333,6.59375,5.385416666666667,5.625,4.8125,4.572916666666667,4.625,4.260416666666667
4,mi,0.03162277660168379,1.0,10.0,0.1,,0.5,True,0.1,0,exemplar_mean,11.96875,6.489583333333333,4.5,3.8854166666666665,3.4166666666666665,3.5416666666666665,3.5208333333333335,2.7916666666666665,2.8645833333333335,3.0833333333333335,2.7708333333333335,6.260416666666667,4.583333333333333,4.291666666666667,4.46875,3.875,3.1354166666666665,3.09375,3.09375,3.0833333333333335,2.9479166666666665
4,mi,0.1,1.0,10.0,0.1,,0.5,True,0.1,0,exemplar_mean,7.895833333333333,3.7395833333333335,2.7916666666666665,2.6666666666666665,2.34375,2.25,2.5416666666666665,1.8020833333333333,1.84375,2.0833333333333335,1.8645833333333333,3.5729166666666665,2.8125,2.46875,2.59375,2.25,2.4270833333333335,2.28125,1.9895833333333333,2.2083333333333335,2.0104166666666665
4,mi,0.31622776601683794,1.0,10.0,0.1,,0.5,True,0.1,0,exemplar_mean,4.260416666666667,2.8229166666666665,2.125,1.8229166666666667,1.84375,1.65625,1.5,1.5,1.5520833333333333,1.5520833333333333,1.5104166666666667,2.7604166666666665,1.90625,2.0,1.75,1.65625,1.7708333333333333,1.4270833333333333,1.6770833333333333,1.5104166666666667,1.4166666666666667
4,mi_concept,3.1622776601683795e-05,1.0,10.0,0.1,,0.5,True,0.1,1,exemplar_mean,40.583333333333336,35.239583333333336,30.34375,28.291666666666668,28.458333333333332,24.447916666666668,23.302083333333332,23.614583333333332,23.822916666666668,23.34375,22.166666666666668,33.979166666666664,30.145833333333332,28.90625,27.4375,28.541666666666668,27.416666666666668,27.489583333333332,26.010416666666668,27.15625,26.458333333333332
4,mi_concept,0.0001,1.0,10.0,0.1,,0.5,True,0.1,0,exemplar_mean,26.75,22.291666666666668,20.208333333333332,18.125,16.395833333333332,15.885416666666666,16.104166666666668,15.71875,16.583333333333332,15.479166666666666,15.239583333333334,22.875,20.760416666666668,19.916666666666668,19.020833333333332,18.197916666666668,17.958333333333332,19.510416666666668,18.5625,18.96875,19.302083333333332
4,mi_concept,0.00031622776601683794,1.0,10.0,0.1,,0.5,True,0.1,0,exemplar_mean,17.5,15.53125,13.03125,13.041666666666666,12.447916666666666,11.96875,10.8125,10.322916666666666,10.25,10.354166666666666,9.104166666666666,15.489583333333334,13.354166666666666,12.885416666666666,13.25,12.833333333333334,11.145833333333334,12.135416666666666,11.447916666666666,10.28125,11.104166666666666
4,mi_concept,0.001,1.0,10.0,0.1,,0.5,True,0.1,0,exemplar_mean,11.927083333333334,9.354166666666666,9.572916666666666,8.979166666666666,7.479166666666667,8.21875,6.895833333333333,6.572916666666667,6.729166666666667,6.760416666666667,6.78125,9.989583333333334,9.447916666666666,9.197916666666666,8.177083333333334,7.864583333333333,7.833333333333333,7.739583333333333,7.520833333333333,7.385416666666667,7.416666666666667
4,mi_concept,0.0031622776601683794,1.0,10.0,0.1,,0.5,True,0.1,0,exemplar_mean,7.4375,6.947916666666667,6.354166666666667,5.28125,4.885416666666667,4.979166666666667,4.5625,4.541666666666667,4.260416666666667,4.354166666666667,4.1875,6.84375,6.614583333333333,5.645833333333333,5.78125,5.229166666666667,5.208333333333333,4.833333333333333,5.114583333333333,4.916666666666667,4.53125
4,mi_concept,0.01,1.0,10.0,0.1,,0.5,True,0.1,0,exemplar_mean,4.885416666666667,4.052083333333333,4.291666666666667,3.6979166666666665,3.46875,3.0520833333333335,3.4583333333333335,2.9791666666666665,2.6666666666666665,3.0104166666666665,3.0520833333333335,4.354166666666667,3.59375,3.65625,3.5104166666666665,3.40625,3.0416666666666665,3.0625,3.1145833333333335,2.7395833333333335,2.6458333333333335
4,mi_concept,0.03162277660168379,1.0,10.0,0.1,,0.5,True,0.1,0,exemplar_mean,2.53125,2.7708333333333335,2.6354166666666665,2.34375,2.34375,2.0625,2.1875,2.0520833333333335,1.9791666666666667,1.7604166666666667,1.7604166666666667,2.7708333333333335,2.4791666666666665,2.65625,2.4375,2.3541666666666665,2.0729166666666665,1.9895833333333333,1.90625,1.8229166666666667,1.7604166666666667
4,mi_concept,0.1,1.0,10.0,0.1,,0.5,True,0.1,0,exemplar_mean,1.6354166666666667,1.7604166666666667,1.7083333333333333,1.6875,1.5729166666666667,1.46875,1.3229166666666667,1.3958333333333333,1.4479166666666667,1.3229166666666667,1.2916666666666667,1.6354166666666667,1.75,1.5625,1.5104166666666667,1.34375,1.3020833333333333,1.2916666666666667,1.34375,1.46875,1.3854166666666667
4,mi_concept,0.31622776601683794,1.0,10.0,0.1,,0.5,True,0.1,0,exemplar_mean,1.1354166666666667,1.2083333333333333,1.2395833333333333,1.1770833333333333,1.1875,1.2291666666666667,1.25,1.1458333333333333,1.0833333333333333,1.1354166666666667,1.1145833333333333,1.2291666666666667,1.2083333333333333,1.2604166666666667,1.28125,1.2291666666666667,1.2395833333333333,1.1875,1.15625,1.1875,1.1145833333333333
4,surprisal_b,0.01,1.0,10.0,0.1,,0.5,True,0.1,1694,exemplar_mean,73.66666666666667,75.75,70.19791666666667,76.03125,69.55208333333333,71.75,69.94791666666667,75.48958333333333,71.42708333333333,71.5,74.4375,75.10416666666667,75.85416666666667,78.39583333333333,70.79166666666667,74.94791666666667,73.09375,73.84375,71.88541666666667,71.78125,74.33333333333333
4,surprisal_b,0.027384196342643614,1.0,10.0,0.1,,0.5,True,0.1,1278,exemplar_mean,67.41666666666667,66.98958333333333,65.95833333333333,64.64583333333333,62.666666666666664,60.697916666666664,62.020833333333336,64.57291666666667,65.44791666666667,61.479166666666664,61.520833333333336,60.489583333333336,65.71875,62.145833333333336,65.125,64.61458333333333,66.0625,63.041666666666664,67.10416666666667,69.53125,68.39583333333333
4,surprisal_b,0.07498942093324558,1.0,10.0,0.1,,0.5,True,0.1,585,exemplar_mean,51.697916666666664,45.125,43.614583333333336,46.385416666666664,43.59375,47.114583333333336,39.864583333333336,45.864583333333336,45.46875,47.510416666666664,45.03125,45.90625,46.583333333333336,47.90625,47.145833333333336,50.65625,46.46875,49.135416666666664,47.15625,45.729166666666664,46.802083333333336
4,surprisal_b,0.2053525026457146,1.0,10.0,0.1,,0.5,True,0.1,78,exemplar_mean,25.447916666666668,26.583333333333332,23.166666666666668,21.1875,23.145833333333332,20.979166666666668,21.65625,21.520833333333332,23.125,20.166666666666668,23.510416666666668,24.614583333333332,25.677083333333332,29.270833333333332,24.041666666666668,22.15625,23.125,25.864583333333332,22.5,27.572916666666668,26.46875
4,surprisal_b,0.5623413251903491,1.0,10.0,0.1,,0.5,True,0.1,1,exemplar_mean,9.145833333333334,10.479166666666666,8.833333333333334,9.53125,9.770833333333334,8.65625,8.947916666666666,7.666666666666667,8.625,8.416666666666666,8.604166666666666,9.979166666666666,9.364583333333334,10.09375,10.145833333333334,10.072916666666666,10.21875,9.59375,9.604166666666666,10.302083333333334,10.53125
4,surprisal_b,1.539926526059492,1.0,10.0,0.1,,0.5,True,0.1,0,exemplar_mean,5.291666666666667,3.7395833333333335,4.552083333333333,3.5729166666666665,3.4583333333333335,3.7291666666666665,3.3854166666666665,3.7604166666666665,3.9166666666666665,3.71875,3.6041666666666665,4.5625,4.479166666666667,4.302083333333333,4.135416666666667,3.9479166666666665,3.9479166666666665,3.9791666666666665,4.84375,4.510416666666667,4.125
4,surprisal_b,4.216965034285822,1.0,10.0,0.1,,0.5,True,0.1,0,exemplar_mean,2.4270833333333335,2.1875,2.1666666666666665,2.1666666666666665,2.21875,2.0208333333333335,1.9895833333333333,2.0104166666666665,2.15625,2.125,2.2604166666666665,2.1145833333333335,1.9895833333333333,2.2708333333333335,2.2708333333333335,2.1354166666666665,2.3645833333333335,2.1770833333333335,2.2708333333333335,2.03125,2.2291666666666665
4,surprisal_b,11.547819846894582,1.0,10.0,0.1,,0.5,True,0.1,0,exemplar_mean,1.6354166666666667,1.3854166666666667,1.34375,1.3645833333333333,1.4375,1.46875,1.4583333333333333,1.4479166666666667,1.3125,1.4479166666666667,1.3333333333333333,1.5625,1.5,1.53125,1.3854166666666667,1.4479166666666667,1.5520833333333333,1.40625,1.375,1.6458333333333333,1.5104166666666667
4,surprisal_b,31.622776601683793,1.0,10.0,0.1,,0.5,True,0.1,0,exemplar_mean,1.125,1.2083333333333333,1.0729166666666667,1.2395833333333333,1.09375,1.2708333333333333,1.0833333333333333,1.125,1.1979166666666667,1.125,1.1041666666666667,1.2708333333333333,1.2395833333333333,1.21875,1.2604166666666667,1.1666666666666667,1.2395833333333333,1.15625,1.21875,1.1354166666666667,1.125
5,eig_code,3.162277660168379e-06,1.0,10.0,0.1,,0.5,True,0.2,-1,exemplar_mean,80.0,80.0,80.0,80.0,80.0,80.0,80.0,80.0,80.0,80.0,80.0,80.0,80.0,80.0,80.0,80.0,80.0,80.0,80.0,80.0,80.0
5,eig_code,1e-05,1.0,10.0,0.1,,0.5,True,0.2,1852,exemplar_mean,79.41666666666667,78.13541666666667,78.5625,78.46875,79.38541666666667,76.17708333333333,77.36458333333333,76.73958333333333,75.15625,75.54166666666667,76.09375,77.1875,78.40625,77.75,78.32291666666667,78.88541666666667,77.16666666666667,76.625,75.11458333333333,75.875,75.46875
5,eig_code,3.1622776601683795e-05,1.0,10.0,0.1,,0.5,True,0.2,1509,exemplar_mean,79.23958333333333,77.04166666666667,76.47916666666667,71.79166666666667,71.96875,73.10416666666667,71.02083333333333,73.59375,63.572916666666664,68.375,66.26041666666667,78.59375,75.71875,73.71875,76.98958333333333,69.79166666666667,70.25,66.3125,72.21875,67.91666666666667,67.64583333333333
5,eig_code,0.0001,1.0,10.0,0.1,,0.5,True,0.2,964,exemplar_mean,75.82291666666667,73.8125,65.98958333333333,64.71875,61.8125,63.041666666666664,59.15625,55.677083333333336,53.3125,48.729166666666664,56.177083333333336,75.16666666666667,68.6875,67.78125,60.458333333333336,58.375,62.989583333333336,55.739583333333336,54.479166666666664,53.0,54.354166666666664
5,eig_code,0.00031622776601683794,1.0,10.0,0.1,,0.5,True,0.2,372,exemplar_mean,73.69791666666667,56.166666666666664,53.59375,50.3125,44.354166666666664,42.885416666666664,42.541666666666664,34.385416666666664,34.166666666666664,31.947916666666668,29.302083333333332,60.46875,55.385416666666664,47.072916666666664,44.135416666666664,39.802083333333336,37.291666666666664,31.979166666666668,35.916666666666664,37.135416666666664,38.25
5,eig_code,0.001,1.0,10.0,0.1,,0.5,True,0.2,79,exemplar_mean,61.447916666666664,40.34375,31.59375,30.479166666666668,27.770833333333332,23.739583333333332,20.0,22.489583333333332,21.677083333333332,18.104166666666668,18.479166666666668,38.395833333333336,32.916666666666664,31.5,27.020833333333332,23.291666666666668,20.604166666666668,22.447916666666668,19.864583333333332,21.020833333333332,20.354166666666668
5,eig_code,0.0031622776601683794,1.0,10.0,0.1,,0.5,True,0.2,4,exemplar_mean,41.09375,22.927083333333332,18.75,17.604166666666668,16.979166666666668,13.833333333333334,14.666666666666666,12.479166666666666,12.364583333333334,10.197916666666666,11.125,24.020833333333332,18.4375,19.927083333333332,14.0,13.71875,13.020833333333334,13.166666666666666,13.385416666666666,11.322916666666666,10.333333333333334
5,eig_code,0.01,1.0,10.0,0.1,,0.5,True,0.2,0,exemplar_mean,22.770833333333332,14.15625,13.21875,11.572916666666666,8.989583333333334,9.104166666666666,7.927083333333333,6.4375,7.666666666666667,6.666666666666667,6.25,15.416666666666666,12.520833333333334,10.583333333333334,9.229166666666666,8.697916666666666,7.322916666666667,7.5,7.5,6.895833333333333,7.260416666666667
5,eig_code,0.03162277660168379,1.0,10.0,0.1,,0.5,True,0.2,0,exemplar_mean,15.354166666666666,7.25,6.739583333333333,6.875,4.75,4.395833333333333,4.385416666666667,4.447916666666667,4.75,4.104166666666667,3.2395833333333335,8.3125,7.322916666666667,5.447916666666667,5.427083333333333,4.770833333333333,4.53125,5.208333333333333,4.552083333333333,3.9270833333333335,3.8958333333333335
5,kl,3.162277660168379e-06,1.0,10.0,0.1,,0.5,True,0.2,-1,exemplar_mean,80.0,80.0,80.0,80.0,80.0,80.0,80.0,80.0,80.0,80.0,80.0,80.0,80.0,80.0,80.0,80.0,80.0,80.0,80.0,80.0,80.0
5,kl,1e-05,1.0,10.0,0.1,,0.5,True,0.2,1358,exemplar_mean,78.28125,74.79166666666667,72.13541666666667,71.63541666666667,68.875,68.40625,68.41666666666667,64.11458333333333,68.91666666666667,62.552083333333336,67.875,74.1875,75.5,68.51041666666667,71.38541666666667,66.15625,68.17708333333333,67.35416666666667,67.04166666666667,67.88541666666667,60.927083333333336
5,kl,3.1622776601683795e-05,1.0,10.0,0.1,,0.5,True,0.2,714,exemplar_mean,75.47916666666667,69.79166666666667,61.75,62.385416666666664,56.8125,53.166666666666664,50.020833333333336,46.791666666666664,46.625,46.90625,47.114583333333336,68.92708333333333,67.96875,61.9375,55.041666666666664,53.114583333333336,50.697916666666664,47.3125,51.21875,50.25,53.75
5,kl,0.0001,1.0,10.0,0.1,,0.5,True,0.2,228,exemplar_mean,65.41666666666667,51.052083333333336,43.510416666666664,38.739583333333336,40.0,41.385416666666664,32.885416666666664,29.645833333333332,32.3125,26.177083333333332,27.385416666666668,55.802083333333336,47.3125,41.052083333333336,40.15625,37.291666666666664,32.5,31.6875,32.760416666666664,31.864583333333332,27.114583333333332
5,kl,0.00031622776601683794,1.0,10.0,0.1,,0.5,True,0.2,32,exemplar_mean,53.4375,31.854166666666668,28.677083333333332,26.572916666666668,22.0,18.65625,16.885416666666668,18.322916666666668,18.510416666666668,16.739583333333332,15.520833333333334,35.010416666666664,28.666666666666668,22.208333333333332,23.28125,20.697916666666668,19.489583333333332,19.614583333333332,19.739583333333332,18.177083333333332,17.8125
5,kl,0.001,1.0,10.0,0.1,,0.5,True,0.2,0,exemplar_mean,33.541666666666664,18.635416666666668,16.479166666666668,15.041666666666666,14.65625,13.239583333333334,10.739583333333334,9.59375,10.479166666666666,10.552083333333334,9.145833333333334,20.53125,18.791666666666668,16.270833333333332,15.75,12.947916666666666,12.520833333333334,11.760416666666666,10.416666666666666,10.291666666666666,10.145833333333334
5,kl,0.0031622776601683794,1.0,10.0,0.1,,0.5,True,0.2,0,exemplar_mean,20.21875,11.520833333333334,9.25,9.354166666666666,8.270833333333334,7.916666666666667,7.364583333333333,7.447916666666667,6.104166666666667,6.104166666666667,6.114583333333333,13.572916666666666,11.40625,9.302083333333334,8.604166666666666,7.708333333333333,7.364583333333333,6.864583333333333,7.09375,6.697916666666667,6.729166666666667
5,kl,0.01,1.0,10.0,0.1,,0.5,True,0.2,0,exemplar_mean,13.322916666666666,7.260416666666667,6.572916666666667,5.833333333333333,4.645833333333333,4.395833333333333,4.3125,4.0625,4.0,3.5625,3.3541666666666665,6.552083333333333,6.3125,5.104166666666667,4.447916666666667,4.96875,4.260416666666667,4.510416666666667,4.208333333333333,3.7604166666666665,3.8854166666666665
5,kl,0.03162277660168379,1.0,10.0,0.1,,0.5,True,0.2,0,exemplar_mean,7.489583333333333,4.614583333333333,4.40625,3.8333333333333335,3.0729166666666665,2.7916666666666665,2.9375,2.5520833333333335,2.7708333333333335,2.46875,2.5520833333333335,4.78125,4.104166666666667,3.7083333333333335,3.7708333333333335,2.9166666666666665,3.0625,2.5625,2.65625,2.5104166666666665,2.5729166666666665
5,mi,3.1622776601683795e-05,1.0,10.0,0.1,,0.5,True,0.2,1232,exemplar_mean,79.30208333333333,76.84375,69.77083333333333,72.07291666666667,65.89583333333333,66.02083333333333,62.125,61.364583333333336,57.791666666666664,58.916666666666664,55.84375,73.9375,71.57291666666667,69.14583333333333,67.76041666666667,65.52083333333333,69.25,60.177083333333336,63.322916666666664,59.791666666666664,60.0625
5,mi,0.0001,1.0,10.0,0.1,,0.5,True,0.2,604,exemplar_mean,75.4375,64.39583333333333,56.510416666666664,56.802083333333336,54.302083333333336,49.479166666666664,47.65625,44.03125,41.583333333333336,37.552083333333336,35.552083333333336,67.83333333333333,59.625,53.40625,52.739583333333336,47.760416666666664,47.208333333333336,46.010416666666664,43.114583333333336,43.395833333333336,39.604166666666664
5,mi,0.00031622776601683794,1.0,10.0,0.1,,0.5,True,0.2,167,exemplar_mean,66.29166666666667,52.697916666666664,36.78125,42.354166666666664,30.927083333333332,28.958333333333332,29.708333333333332,23.833333333333332,21.75,24.291666666666668,21.614583333333332,47.9375,40.59375,35.833333333333336,34.927083333333336,32.90625,30.416666666666668,24.802083333333332,26.083333333333332,24.09375,25.125
5,mi,0.001,1.0,10.0,0.1,,0.5,True,0.2,25,exemplar_mean,49.760416666666664,29.791666666666668,23.3125,23.291666666666668,18.104166666666668,16.21875,15.958333333333334,15.4375,14.59375,12.291666666666666,12.770833333333334,31.291666666666668,24.197916666666668,21.447916666666668,19.760416666666668,17.072916666666668,16.5,15.770833333333334,15.895833333333334,14.822916666666666,13.229166666666666
5,mi,0.0031622776601683794,1.0,10.0,0.1,,0.5,True,0.2,2,exemplar_mean,30.885416666666668,16.8125,14.65625,11.927083333333334,11.395833333333334,9.6875,9.364583333333334,9.0625,8.65625,8.197916666666666,7.708333333333333,16.96875,13.8125,11.708333333333334,10.625,9.770833333333334,11.15625,9.572916666666666,9.322916666666666,8.927083333333334,7.0625
5,mi,0.01,1.0,10.0,0.1,,0.5,True,0.2,0,exemplar_mean,19.145833333333332,9.53125,7.822916666666667,7.322916666666667,6.239583333333333,6.333333333333333,5.864583333333333,5.9375,5.46875,4.614583333333333,4.197916666666667,10.604166666666666,8.614583333333334,7.479166666666667,6.885416666666667,7.145833333333333,5.96875,5.71875,4.416666666666667,4.552083333333333,4.302083333333333
5,mi,0.03162277660168379,1.0,10.0,0.1,,0.5,True,0.2,0,exemplar_mean,11.322916666666666,7.052083333333333,4.479166666666667,4.0625,4.041666666666667,3.6041666666666665,3.8229166666666665,3.1979166666666665,2.5833333333333335,2.875,2.6979166666666665,6.96875,4.6875,3.9166666666666665,4.15625,3.625,3.375,3.2708333333333335,2.8020833333333335,2.75,2.8854166666666665
5,mi,0.1,1.0,10.0,0.1,,0.5,True,0.2,0,exemplar_mean,6.604166666666667,4.0,3.28125,2.7083333333333335,2.6666666666666665,2.3854166666666665,2.2708333333333335,2.09375,1.78125,1.7604166666666667,1.7708333333333333,3.84375,3.9479166666666665,2.6354166666666665,2.5104166666666665,2.375,2.2916666666666665,1.8854166666666667,2.03125,1.84375,1.7395833333333333
5,mi,0.31622776601683794,1.0,10.0,0.1,,0.5,True,0.2,0,exemplar_mean,3.84375,2.3645833333333335,2.0833333333333335,2.03125,1.6145833333333333,1.71875,1.6041666666666667,1.3645833333333333,1.53125,1.3541666666666667,1.3020833333333333,2.5208333333333335,1.8645833333333333,1.8229166666666667,1.6458333333333333,1.5729166666666667,1.7083333333333333,1.4375,1.53125,1.5104166666666667,1.4895833333333333
5,mi_concept,3.1622776601683795e-05,1.0,10.0,0.1,,0.5,True,0.2,57,exemplar_mean,56.822916666666664,48.989583333333336,44.625,42.0,39.25,38.916666666666664,40.083333333333336,38.885416666666664,32.15625,35.291666666666664,35.729166666666664,47.208333333333336,43.864583333333336,44.802083333333336,40.104166666666664,39.46875,40.75,38.760416666666664,38.520833333333336,38.020833333333336,36.583333333333336
5,mi_concept,0.0001,1.0,10.0,0.1,,0.5,True,0.2,1,exemplar_mean,41.020833333333336,35.1875,30.21875,29.041666666666668,27.083333333333332,23.427083333333332,24.40625,23.5625,23.65625,20.739583333333332,21.239583333333332,31.114583333333332,31.6875,29.447916666666668,30.21875,28.041666666666668,25.96875,26.729166666666668,26.854166666666668,24.197916666666668,26.208333333333332
5,mi_concept,0.00031622776601683794,1.0,10.0,0.1,,0.5,True,0.2,0,exemplar_mean,24.729166666666668,24.5,21.4375,18.260416666666668,17.145833333333332,15.96875,15.677083333333334,15.479166666666666,14.260416666666666,14.875,13.510416666666666,21.84375,20.760416666666668,18.958333333333332,20.666666666666668,18.020833333333332,17.072916666666668,16.322916666666668,15.979166666666666,14.385416666666666,15.354166666666666
5,mi_concept,0.001,1.0,10.0,0.1,,0.5,True,0.2,0,exemplar_mean,17.645833333333332,13.28125,12.270833333333334,11.760416666666666,11.0,11.21875,9.625,10.28125,9.260416666666666,8.083333333333334,8.0,15.4375,13.104166666666666,12.354166666666666,11.5625,11.177083333333334,10.65625,10.520833333333334,9.229166666666666,9.333333333333334,8.833333333333334
5,mi_concept,0.0031622776601683794,1.0,10.0,0.1,,0.5,True,0.2,0,exemplar_mean,8.239583333333334,8.8125,7.135416666666667,7.3125,7.104166666666667,6.395833333333333,5.864583333333333,5.520833333333333,5.302083333333333,5.427083333333333,4.770833333333333,8.96875,8.697916666666666,7.5625,6.770833333333333,7.0,6.385416666666667,6.197916666666667,5.729166666666667,5.958333333333333,5.71875
5,mi_concept,0.01,1.0,10.0,0.1,,0.5,True,0.2,0,exemplar_mean,4.947916666666667,5.427083333333333,4.572916666666667,4.385416666666667,4.760416666666667,3.9791666666666665,4.072916666666667,3.5416666666666665,3.5104166666666665,3.0520833333333335,2.9270833333333335,5.197916666666667,4.28125,4.708333333333333,3.9791666666666665,4.125,3.7916666666666665,3.4791666666666665,3.96875,3.59375,3.5416666666666665
5,mi_concept,0.03162277660168379,1.0,10.0,0.1,,0.5,True,0.2,0,exemplar_mean,2.5208333333333335,2.75,2.84375,2.6458333333333335,2.59375,2.3125,2.5416666666666665,2.375,2.0520833333333335,2.28125,2.0104166666666665,2.6041666666666665,2.8854166666666665,2.78125,2.625,2.6145833333333335,2.4270833333333335,2.2395833333333335,2.1666666666666665,2.0729166666666665,2.2604166666666665
5,mi_concept,0.1,1.0,10.0,0.1,,0.5,True,0.2,0,exemplar_mean,1.71875,1.7708333333333333,1.6458333333333333,1.7604166666666667,1.6145833333333333,1.5833333333333333,1.6666666666666667,1.5520833333333333,1.65625,1.625,1.4375,1.5833333333333333,1.75,1.84375,1.6041666666666667,1.5833333333333333,1.5833333333333333,1.6041666666666667,1.4479166666666667,1.5416666666666667,1.625
5,mi_concept,0.31622776601683794,1.0,10.0,0.1,,0.5,True,0.2,0,exemplar_mean,1.15625,1.2083333333333333,1.1770833333333333,1.2395833333333333,1.21875,1.2083333333333333,1.28125,1.2291666666666667,1.2604166666666667,1.1666666666666667,1.1458333333333333,1.1458333333333333,1.28125,1.34375,1.28125,1.2291666666666667,1.2604166666666667,1.2083333333333333,1.1458333333333333,1.2604166666666667,1.1666666666666667
5,surprisal_b,0.01,1.0,10.0,0.1,,0.5,True,0.2,1644,exemplar_mean,72.1875,70.05208333333333,69.33333333333333,73.84375,70.72916666666667,75.27083333333333,74.28125,71.04166666666667,71.46875,73.27083333333333,70.79166666666667,70.8125,73.20833333333333,74.01041666666667,73.03125,72.10416666666667,73.98958333333333,70.8125,70.30208333333333,73.67708333333333,72.4375
5,surprisal_b,0.027384196342643614,1.0,10.0,0.1,,0.5,True,0.2,1231,exemplar_mean,58.28125,59.239583333333336,63.145833333333336,64.53125,58.84375,62.989583333333336,62.395833333333336,64.16666666666667,62.520833333333336,60.46875,66.36458333333333,62.604166666666664,60.395833333333336,63.75,65.61458333333333,59.854166666666664,69.42708333333333,65.08333333333333,68.39583333333333,61.322916666666664,61.416666666666664
5,surprisal_b,0.07498942093324558,1.0,10.0,0.1,,0.5,True,0.2,519,exemplar_mean,42.927083333333336,39.84375,44.6875,45.270833333333336,47.125,44.947916666666664,37.822916666666664,39.71875,43.322916666666664,47.635416666666664,43.447916666666664,45.5625,41.395833333333336,46.291666666666664,38.5625,47.25,44.854166666666664,42.947916666666664,47.53125,38.822916666666664,39.364583333333336
5,surprisal_b,0.2053525026457146,1.0,10.0,0.1,,0.5,True,0.2,56,exemplar_mean,24.28125,21.802083333333332,22.010416666666668,21.989583333333332,21.875,20.260416666666668,22.614583333333332,17.979166666666668,21.65625,21.0625,22.635416666666668,22.114583333333332,18.583333333333332,22.010416666666668,22.5,22.5625,23.416666666666668,21.791666666666668,21.427083333333332,21.75,21.125
5,surprisal_b,0.5623413251903491,1.0,10.0,0.1,,0.5,True,0.2,0,exemplar_mean,9.083333333333334,8.020833333333334,7.552083333333333,10.385416666666666,9.541666666666666,7.0625,8.5,8.770833333333334,8.71875,7.302083333333333,7.260416666666667,8.322916666666666,8.0625,10.052083333333334,8.770833333333334,9.052083333333334,8.822916666666666,9.614583333333334,9.854166666666666,8.552083333333334,9.0625
5,surprisal_b,1.539926526059492,1.0,10.0,0.1,,0.5,True,0.2,0,exemplar_mean,3.8854166666666665,3.8020833333333335,3.6354166666666665,4.15625,4.4375,3.8958333333333335,3.90625,4.427083333333333,3.4270833333333335,3.15625,3.25,3.7916666666666665,4.03125,4.677083333333333,3.7291666666666665,3.7604166666666665,4.09375,4.197916666666667,4.15625,3.7083333333333335,3.3333333333333335
5,surprisal_b,4.216965034285822,1.0,10.0,0.1,,0.5,True,0.2,0,exemplar_mean,2.2604166666666665,2.375,1.78125,1.9375,2.0833333333333335,2.1145833333333335,1.90625,1.9583333333333333,2.1770833333333335,2.1979166666666665,1.9583333333333333,2.375,2.40625,2.1979166666666665,2.5208333333333335,2.1354166666666665,2.3645833333333335,2.1979166666666665,2.0625,2.6145833333333335,2.1458333333333335
5,surprisal_b,11.547819846894582,1.0,10.0,0.1,,0.5,True,0.2,0,exemplar_mean,1.5416666666666667,1.46875,1.4375,1.5729166666666667,1.2916666666666667,1.3125,1.3125,1.3333333333333333,1.375,1.3645833333333333,1.4895833333333333,1.375,1.59375,1.5104166666666667,1.3645833333333333,1.3854166666666667,1.4270833333333333,1.34375,1.3854166666666667,1.375,1.40625
5,surprisal_b,31.622776601683793,1.0,10.0,0.1,,0.5,True,0.2,0,exemplar_mean,1.125,1.1145833333333333,1.1458333333333333,1.125,1.1666666666666667,1.125,1.1979166666666667,1.1145833333333333,1.1354166666666667,1.1145833333333333,1.1875,1.2291666666666667,1.0729166666666667,1.1145833333333333,1.1145833333333333,1.1875,1.0833333333333333,1.1458333333333333,1.0833333333333333,1.21875,1.21875
6,eig_code,3.162277660168379e-06,1.0,10.0,1.0,,0.5,True,0.1,-1,exemplar_mean,80.0,80.0,80.0,80.0,80.0,80.0,80.0,80.0,80.0,80.0,80.0,80.0,80.0,80.0,80.0,80.0,80.0,80.0,80.0,80.0,80.0
6,eig_code,1e-05,1.0,10.0,1.0,,0.5,True,0.1,1691,exemplar_mean,79.84375,78.08333333333333,77.15625,75.03125,74.25,73.375,74.88541666666667,74.61458333333333,72.0,73.10416666666667,70.22916666666667,78.625,77.67708333333333,72.6875,72.14583333333333,74.51041666666667,72.4375,72.0625,72.44791666666667,68.59375,65.41666666666667
6,eig_code,3.1622776601683795e-05,1.0,10.0,1.0,,0.5,True,0.1,1274,exemplar_mean,77.47916666666667,75.0625,71.89583333333333,70.23958333333333,68.625,66.02083333333333,62.989583333333336,61.395833333333336,65.0625,54.760416666666664,55.833333333333336,74.51041666666667,72.98958333333333,69.01041666666667,66.55208333333333,61.145833333333336,62.458333333333336,58.447916666666664,63.541666666666664,55.1875,59.510416666666664
6,eig_code,0.0001,1.0,10.0,1.0,,0.5,True,0.1,695,exemplar_mean,74.46875,67.05208333333333,55.96875,58.114583333333336,51.25,48.520833333333336,44.84375,42.833333333333336,43.854166666666664,45.645833333333336,42.625,69.21875,59.791666666666664,60.052083333333336,51.072916666666664,43.708333333333336,48.71875,45.427083333333336,44.375,42.041666666666664,37.916666666666664
6,eig_code,0.00031622776601683794,1.0,10.0,1.0,,0.5,True,0.1,197,exemplar_mean,68.55208333333333,45.239583333333336,40.40625,38.53125,37.78125,30.197916666666668,27.395833333333332,24.916666666666668,26.385416666666668,22.385416666666668,25.375,48.208333333333336,36.34375,33.802083333333336,26.28125,27.65625,28.302083333333332,23.864583333333332,25.0,25.0,22.697916666666668
6,eig_code,0.001,1.0,10.0,1.0,,0.5,True,0.1,35,exemplar_mean,50.270833333333336,31.416666666666668,22.552083333333332,20.15625,17.739583333333332,16.458333333333332,16.3125,14.78125,16.145833333333332,15.895833333333334,13.760416666666666,28.604166666666668,23.03125,20.875,17.75,16.46875,15.1875,13.5625,13.822916666666666,13.697916666666666,14.395833333333334
6,eig_code,0.0031622776601683794,1.0,10.0,1.0,,0.5,True,0.1,1,exemplar_mean,33.354166666666664,18.104166666666668,13.614583333333334,12.322916666666666,11.489583333333334,10.1875,9.302083333333334,8.6875,7.791666666666667,8.135416666666666,7.479166666666667,17.947916666666668,15.020833333333334,10.270833333333334,9.708333333333334,11.322916666666666,9.71875,8.822916666666666,8.052083333333334,7.416666666666667,6.708333333333333
6,eig_code,0.01,1.0,10.0,1.0,,0.5,True,0.1,0,exemplar_mean,19.125,9.927083333333334,7.604166666666667,8.03125,6.5625,6.427083333333333,5.145833333333333,5.166666666666667,5.59375,5.239583333333333,4.520833333333333,11.114583333333334,8.625,6.791666666666667,6.354166666666667,5.9375,5.760416666666667,5.052083333333333,5.083333333333333,5.4375,4.6875
6,eig_code,0.03162277660168379,1.0,10.0,1.0,,0.5,True,0.1,0,exemplar_mean,11.59375,5.9375,5.5,4.791666666666667,4.177083333333333,3.8541666666666665,3.2604166666666665,3.4479166666666665,3.75,3.2916666666666665,2.9895833333333335,6.635416666666667,5.28125,4.197916666666667,3.4270833333333335,3.7083333333333335,3.7395833333333335,3.5520833333333335,3.0625,3.1770833333333335,3.5208333333333335
6,kl,3.162277660168379e-06,1.0,10.0,1.0,,0.5,True,0.1,1653,exemplar_mean,80.0,79.375,76.89583333333333,75.78125,73.30208333333333,73.84375,71.14583333333333,71.59375,71.41666666666667,69.51041666666667,67.33333333333333,78.4375,78.79166666666667,77.60416666666667,72.92708333333333,75.83333333333333,68.36458333333333,72.40625,70.45833333333333,68.08333333333333,68.52083333333333
6,kl,1e-05,1.0,10.0,1.0,,0.5,True,0.1,1095,exemplar_mean,78.15625,70.53125,71.36458333333333,68.51041666666667,65.3125,60.3125,58.5,54.71875,53.947916666666664,49.0,54.645833333333336,74.88541666666667,68.55208333333333,64.84375,60.708333333333336,61.041666666666664,61.270833333333336,54.760416666666664,57.947916666666664,55.916666666666664,53.645833333333336
6,kl,3.1622776601683795e-05,1.0,10.0,1.0,,0.5,True,0.1,523,exemplar_mean,76.23958333333333,63.645833333333336,55.78125,53.552083333333336,46.333333333333336,44.708333333333336,40.0,35.802083333333336,37.083333333333336,31.979166666666668,36.197916666666664,64.17708333333333,54.447916666666664,50.052083333333336,48.885416666666664,42.541666666666664,39.885416666666664,35.354166666666664,33.96875,35.729166666666664,35.552083333333336
6,kl,0.0001,1.0,10.0,1.0,,0.5,True,0.1,151,exemplar_mean,69.42708333333333,43.802083333333336,38.114583333333336,27.25,32.125,26.5625,23.635416666666668,21.760416666666668,19.916666666666668,23.270833333333332,21.59375,45.71875,31.552083333333332,33.833333333333336,31.46875,28.458333333333332,22.989583333333332,18.854166666666668,21.052083333333332,18.875,19.75
6,kl,0.00031622776601683794,1.0,10.0,1.0,,0.5,True,0.1,20,exemplar_mean,49.666666666666664,25.979166666666668,18.927083333333332,18.229166666666668,16.260416666666668,15.59375,12.958333333333334,13.34375,13.75,13.708333333333334,12.0,25.40625,23.697916666666668,18.03125,17.541666666666668,14.677083333333334,16.166666666666668,13.052083333333334,13.083333333333334,12.354166666666666,13.354166666666666
6,kl,0.001,1.0,10.0,1.0,,0.5,True,0.1,2,exemplar_mean,32.052083333333336,16.822916666666668,11.322916666666666,10.020833333333334,10.125,9.854166666666666,8.729166666666666,8.510416666666666,7.927083333333333,8.3125,7.677083333333333,16.604166666666668,12.739583333333334,10.989583333333334,10.416666666666666,9.854166666666666,8.760416666666666,8.84375,8.604166666666666,8.21875,7.427083333333333
6,kl,0.0031622776601683794,1.0,10.0,1.0,,0.5,True,0.1,0,exemplar_mean,19.916666666666668,9.958333333333334,8.239583333333334,6.46875,5.989583333333333,5.65625,5.59375,5.614583333333333,4.989583333333333,5.59375,4.520833333333333,9.333333333333334,7.666666666666667,7.0625,6.822916666666667,6.270833333333333,5.6875,5.375,5.208333333333333,4.729166666666667,4.5625
6,kl,0.01,1.0,10.0,1.0,,0.5,True,0.1,0,exemplar_mean,12.65625,6.541666666666667,5.416666666666667,4.322916666666667,3.8125,3.8125,3.71875,3.3541666666666665,3.1458333333333335,3.1770833333333335,3.4895833333333335,6.166666666666667,5.114583333333333,4.552083333333333,4.572916666666667,3.9166666666666665,4.020833333333333,3.8333333333333335,3.40625,3.3854166666666665,3.46875
6,kl,0.03162277660168379,1.0,10.0,1.0,,0.5,True,0.1,0,exemplar_mean,6.4375,4.65625,3.9166666666666665,2.4791666666666665,2.8020833333333335,2.4375,2.2291666666666665,2.3958333333333335,2.15625,2.2291666666666665,1.8645833333333333,4.510416666666667,3.5,3.21875,3.25,2.4166666666666665,2.1770833333333335,2.25,2.2291666666666665,1.9895833333333333,2.2083333333333335
6,mi,3.1622776601683795e-05,1.0,10.0,1.0,,0.5,True,0.1,1129,exemplar_mean,78.3125,71.91666666666667,72.5625,64.29166666666667,62.854166666666664,56.21875,59.645833333333336,58.895833333333336,55.40625,51.364583333333336,50.3125,76.03125,71.35416666666667,67.33333333333333,65.70833333333333,60.427083333333336,59.104166666666664,56.052083333333336,53.583333333333336,44.885416666666664,51.645833333333336
6,mi,0.0001,1.0,10.0,1.0,,0.5,True,0.1,543,exemplar_mean,74.73958333333333,64.34375,58.729166666666664,50.177083333333336,46.239583333333336,41.9375,40.28125,39.552083333333336,32.552083333333336,34.15625,36.3125,69.32291666666667,52.6875,50.520833333333336,40.96875,38.614583333333336,43.489583333333336,36.416666666666664,34.0625,30.177083333333332,32.625
6,mi,0.00031622776601683794,1.0,10.0,1.0,,0.5,True,0.1,138,exemplar_mean,62.59375,47.927083333333336,39.489583333333336,27.041666666666668,28.1875,24.135416666666668,22.010416666666668,18.052083333333332,20.541666666666668,18.666666666666668,18.052083333333332,45.614583333333336,33.979166666666664,29.125,25.364583333333332,23.291666666666668,23.083333333333332,23.135416666666668,19.354166666666668,19.84375,16.5625
6,mi,0.001,1.0,10.0,1.0,,0.5,True,0.1,21,exemplar_mean,50.572916666666664,26.697916666666668,18.510416666666668,13.5,16.322916666666668,14.895833333333334,11.375,14.34375,11.03125,12.90625,8.708333333333334,25.541666666666668,23.166666666666668,16.291666666666668,14.03125,14.979166666666666,12.708333333333334,12.1875,9.697916666666666,9.802083333333334,10.84375
6,mi,0.0031622776601683794,1.0,10.0,1.0,,0.5,True,0.1,1,exemplar_mean,30.072916666666668,15.125,11.0,10.479166666666666,8.989583333333334,8.5625,6.979166666666667,6.958333333333333,7.833333333333333,7.229166666666667,5.364583333333333,16.541666666666668,10.854166666666666,10.385416666666666,8.833333333333334,9.072916666666666,8.489583333333334,7.9375,6.541666666666667,7.375,5.885416666666667
6,mi,0.01,1.0,10.0,1.0,,0.5,True,0.1,0,exemplar_mean,19.010416666666668,8.9375,6.239583333333333,7.3125,6.291666666666667,5.291666666666667,4.635416666666667,4.239583333333333,3.6041666666666665,3.5104166666666665,3.6354166666666665,8.510416666666666,7.927083333333333,6.479166666666667,4.854166666666667,4.46875,4.40625,4.322916666666667,4.552083333333333,3.8020833333333335,3.8958333333333335
6,mi,0.03162277660168379,1.0,10.0,1.0,,0.5,True,0.1,0,exemplar_mean,10.958333333333334,5.625,5.208333333333333,4.104166666666667,3.3645833333333335,3.0833333333333335,2.8125,2.8958333333333335,3.1145833333333335,2.5729166666666665,2.7395833333333335,5.802083333333333,4.864583333333333,3.6458333333333335,2.9479166666666665,3.4166666666666665,3.1041666666666665,2.6354166666666665,2.2708333333333335,2.5729166666666665,2.7395833333333335
6,mi,0.1,1.0,10.0,1.0,,0.5,True,0.1,0,exemplar_mean,6.979166666666667,4.072916666666667,3.25,2.6875,2.7395833333333335,2.1458333333333335,1.9166666666666667,2.0625,1.8020833333333333,1.8020833333333333,1.75,3.9791666666666665,3.1979166666666665,2.6979166666666665,2.2604166666666665,2.3229166666666665,2.0208333333333335,2.0625,1.9375,2.0208333333333335,1.9270833333333333
6,mi,0.31622776601683794,1.0,10.0,1.0,,0.5,True,0.1,0,exemplar_mean,3.7083333333333335,3.0104166666666665,2.2708333333333335,1.8854166666666667,1.75,1.7395833333333333,1.5416666666666667,1.625,1.5,1.5729166666666667,1.3854166666666667,3.1458333333333335,2.1875,1.9375,1.8541666666666667,1.7708333333333333,1.6458333333333333,1.6666666666666667,1.5729166666666667,1.4375,1.46875
6,mi_concept,3.1622776601683795e-05,1.0,10.0,1.0,,0.5,True,0.1,0,exemplar_mean,18.8125,15.739583333333334,14.84375,14.104166666666666,13.322916666666666,12.729166666666666,11.645833333333334,11.375,11.65625,11.1875,11.052083333333334,15.03125,13.760416666666666,13.645833333333334,13.0625,12.302083333333334,12.760416666666666,11.645833333333334,10.96875,11.083333333333334,10.958333333333334
6,mi_concept,0.0001,1.0,10.0,1.0,,0.5,True,0.1,0,exemplar_mean,13.697916666666666,11.53125,10.21875,9.65625,8.208333333333334,8.447916666666666,8.072916666666666,8.1875,7.822916666666667,7.229166666666667,7.552083333333333,10.59375,10.364583333333334,8.979166666666666,8.864583333333334,8.416666666666666,8.25,8.489583333333334,7.614583333333333,7.729166666666667,7.760416666666667
6,mi_concept,0.00031622776601683794,1.0,10.0,1.0,,0.5,True,0.1,0,exemplar_mean,9.333333333333334,7.572916666666667,6.770833333333333,6.239583333333333,5.75,5.75,5.760416666666667,5.677083333333333,4.729166666666667,4.958333333333333,5.041666666666667,7.6875,6.40625,6.614583333333333,6.53125,5.822916666666667,5.854166666666667,5.395833333333333,5.666666666666667,5.083333333333333,4.614583333333333
6,mi_concept,0.001,1.0,10.0,1.0,,0.5,True,0.1,0,exemplar_mean,7.052083333333333,5.427083333333333,4.614583333333333,4.447916666666667,4.21875,3.6145833333333335,3.46875,3.625,3.6666666666666665,3.4895833333333335,3.125,5.333333333333333,4.40625,4.333333333333333,4.083333333333333,3.6145833333333335,3.5833333333333335,3.65625,3.5833333333333335,3.3333333333333335,3.6145833333333335
6,mi_concept,0.0031622776601683794,1.0,10.0,1.0,,0.5,True,0.1,0,exemplar_mean,5.364583333333333,3.9270833333333335,3.34375,2.9583333333333335,2.84375,2.6041666666666665,2.84375,2.5104166666666665,2.4270833333333335,2.1458333333333335,2.3854166666666665,4.15625,3.34375,2.875,2.8541666666666665,2.4270833333333335,2.4270833333333335,2.6145833333333335,2.3333333333333335,2.625,2.2604166666666665
6,mi_concept,0.01,1.0,10.0,1.0,,0.5,True,0.1,0,exemplar_mean,3.8333333333333335,2.8854166666666665,2.5729166666666665,2.2708333333333335,1.9791666666666667,1.8229166666666667,1.8854166666666667,1.7708333333333333,1.9166666666666667,1.8854166666666667,1.6354166666666667,2.84375,2.375,2.3229166666666665,2.1666666666666665,1.71875,1.9791666666666667,1.7916666666666667,1.6770833333333333,1.65625,1.7916666666666667
6,mi_concept,0.03162277660168379,1.0,10.0,1.0,,0.5,True,0.1,0,exemplar_mean,2.5,2.1979166666666665,1.875,1.6875,1.5833333333333333,1.5520833333333333,1.53125,1.4791666666666667,1.3020833333333333,1.4166666666666667,1.40625,2.2291666666666665,1.90625,1.6041666666666667,1.6041666666666667,1.4895833333333333,1.5,1.46875,1.4166666666666667,1.34375,1.3020833333333333
6,mi_concept,0.1,1.0,10.0,1.0,,0.5,True,0.1,0,exemplar_mean,1.6770833333333333,1.6041666666666667,1.5833333333333333,1.3125,1.3229166666666667,1.3020833333333333,1.25,1.2395833333333333,1.1770833333333333,1.2083333333333333,1.15625,1.71875,1.40625,1.34375,1.28125,1.2083333333333333,1.2291666666666667,1.15625,1.25,1.1875,1.1041666666666667
6,mi_concept,0.31622776601683794,1.0,10.0,1.0,,0.5,True,0.1,0,exemplar_mean,1.28125,1.2708333333333333,1.1458333333333333,1.2083333333333333,1.2395833333333333,1.2604166666666667,1.1041666666666667,1.09375,1.15625,1.0729166666666667,1.0729166666666667,1.3020833333333333,1.3229166666666667,1.2083333333333333,1.1875,1.0833333333333333,1.1354166666666667,1.0416666666666667,1.0833333333333333,1.0520833333333333,1.0833333333333333
6,surprisal_b,0.01,1.0,10.0,1.0,,0.5,True,0.1,-1,exemplar_mean,80.0,80.0,80.0,80.0,80.0,80.0,80.0,80.0,80.0,80.0,80.0,80.0,80.0,80.0,80.0,80.0,80.0,80.0,80.0,80.0,80.0
6,surprisal_b,0.027384196342643614,1.0,10.0,1.0,,0.5,True,0.1,1436,exemplar_mean,70.84375,70.64583333333333,69.39583333333333,69.05208333333333,71.96875,69.91666666666667,69.94791666666667,67.98958333333333,65.33333333333333,68.66666666666667,63.125,69.625,66.96875,71.19791666666667,66.86458333333333,67.51041666666667,70.08333333333333,67.19791666666667,68.4375,66.54166666666667,64.14583333333333
6,surprisal_b,0.07498942093324558,1.0,10.0,1.0,,0.5,True,0.1,794,exemplar_mean,51.072916666666664,51.78125,51.458333333333336,49.427083333333336,57.145833333333336,54.9375,50.854166666666664,49.197916666666664,49.479166666666664,48.583333333333336,51.34375,47.177083333333336,54.604166666666664,53.9375,53.135416666666664,50.3125,57.427083333333336,49.291666666666664,52.552083333333336,49.145833333333336,53.166666666666664
6,surprisal_b,0.2053525026457146,1.0,10.0,1.0,,0.5,True,0.1,187,exemplar_mean,27.09375,30.1875,24.78125,37.208333333333336,30.510416666666668,29.177083333333332,26.791666666666668,30.53125,27.104166666666668,24.739583333333332,31.15625,30.166666666666668,28.364583333333332,29.208333333333332,30.65625,29.59375,27.770833333333332,31.416666666666668,27.21875,25.104166666666668,29.927083333333332
6,surprisal_b,0.5623413251903491,1.0,10.0,1.0,,0.5,True,0.1,1,exemplar_mean,13.927083333333334,15.208333333333334,13.125,11.770833333333334,11.635416666666666,12.375,12.333333333333334,10.729166666666666,10.010416666666666,12.885416666666666,10.510416666666666,11.083333333333334,10.604166666666666,11.916666666666666,14.177083333333334,13.114583333333334,12.770833333333334,11.5,11.71875,11.729166666666666,10.635416666666666
6,surprisal_b,1.539926526059492,1.0,10.0,1.0,,0.5,True,0.1,0,exemplar_mean,5.989583333333333,5.59375,4.75,5.71875,4.760416666666667,5.145833333333333,5.385416666666667,5.541666666666667,4.864583333333333,4.541666666666667,4.989583333333333,5.8125,5.145833333333333,4.583333333333333,5.395833333333333,4.989583333333333,5.75,6.302083333333333,4.59375,6.135416666666667,5.239583333333333
6,surprisal_b,4.216965034285822,1.0,10.0,1.0,,0.5,True,0.1,0,exemplar_mean,3.0729166666666665,2.2916666666666665,2.78125,2.4166666666666665,2.7708333333333335,2.3958333333333335,2.2395833333333335,2.3645833333333335,2.34375,2.6666666666666665,2.7083333333333335,2.6145833333333335,2.875,2.5833333333333335,2.8854166666666665,2.5729166666666665,2.8333333333333335,2.5416666666666665,2.5625,2.6770833333333335,2.8541666666666665
6,surprisal_b,11.547819846894582,1.0,10.0,1.0,,0.5,True,0.1,0,exemplar_mean,1.6666666666666667,1.5,1.6041666666666667,1.59375,1.6041666666666667,1.5520833333333333,1.6145833333333333,1.59375,1.5833333333333333,1.3854166666666667,1.5,1.6666666666666667,1.3020833333333333,1.7395833333333333,1.5833333333333333,1.6458333333333333,1.5833333333333333,1.6145833333333333,1.5208333333333333,1.5833333333333333,1.46875
6,surprisal_b,31.622776601683793,1.0,10.0,1.0,,0.5,True,0.1,0,exemplar_mean,1.3229166666666667,1.15625,1.2291666666666667,1.2083333333333333,1.28125,1.2604166666666667,1.28125,1.15625,1.28125,1.15625,1.2916666666666667,1.15625,1.2395833333333333,1.1875,1.25,1.21875,1.1666666666666667,1.2291666666666667,1.2395833333333333,1.2083333333333333,1.2083333333333333
7,eig_code,3.162277660168379e-06,1.0,10.0,1.0,,0.5,True,0.2,-1,exemplar_mean,80.0,80.0,80.0,80.0,80.0,80.0,80.0,80.0,80.0,80.0,80.0,80.0,80.0,80.0,80.0,80.0,80.0,80.0,80.0,80.0,80.0
7,eig_code,1e-05,1.0,10.0,1.0,,0.5,True,0.2,1711,exemplar_mean,79.95833333333333,79.54166666666667,77.60416666666667,75.90625,76.76041666666667,75.44791666666667,71.61458333333333,73.8125,69.59375,73.15625,71.28125,77.11458333333333,77.73958333333333,75.0625,73.30208333333333,74.5,74.40625,72.76041666666667,70.82291666666667,72.16666666666667,70.61458333333333
7,eig_code,3.1622776601683795e-05,1.0,10.0,1.0,,0.5,True,0.2,1239,exemplar_mean,77.85416666666667,71.32291666666667,71.11458333333333,71.875,65.35416666666667,62.9375,61.364583333333336,64.70833333333333,58.052083333333336,59.270833333333336,58.46875,74.20833333333333,68.36458333333333,67.36458333333333,65.79166666666667,65.52083333333333,61.71875,63.270833333333336,63.302083333333336,61.427083333333336,55.395833333333336
7,eig_code,0.0001,1.0,10.0,1.0,,0.5,True,0.2,611,exemplar_mean,73.25,62.791666666666664,62.572916666666664,52.052083333333336,51.53125,49.229166666666664,45.645833333333336,43.291666666666664,39.197916666666664,39.3125,39.885416666666664,63.40625,59.8125,52.197916666666664,54.020833333333336,47.145833333333336,46.510416666666664,43.583333333333336,39.052083333333336,37.291666666666664,31.635416666666668
7,eig_code,0.00031622776601683794,1.0,10.0,1.0,,0.5,True,0.2,172,exemplar_mean,67.39583333333333,52.916666666666664,41.25,34.697916666666664,31.322916666666668,28.760416666666668,26.208333333333332,24.833333333333332,25.25,24.385416666666668,23.708333333333332,50.90625,35.072916666666664,35.197916666666664,30.916666666666668,24.333333333333332,29.270833333333332,28.229166666666668,27.072916666666668,19.71875,19.375
7,eig_code,0.001,1.0,10.0,1.0,,0.5,True,0.2,26,exemplar_mean,50.46875,30.166666666666668,20.583333333333332,19.666666666666668,18.208333333333332,16.416666666666668,14.385416666666666,14.895833333333334,17.645833333333332,12.5,12.270833333333334,28.864583333333332,22.322916666666668,22.177083333333332,18.270833333333332,15.96875,16.875,14.5,14.291666666666666,13.760416666666666,15.104166666666666
7,eig_code,0.0031622776601683794,1.0,10.0,1.0,,0.5,True,0.2,1,exemplar_mean,30.572916666666668,17.90625,14.625,11.96875,12.072916666666666,9.635416666666666,8.677083333333334,8.34375,7.46875,8.697916666666666,7.59375,18.0625,13.65625,12.458333333333334,10.510416666666666,9.520833333333334,8.104166666666666,8.552083333333334,8.322916666666666,9.34375,7.0625
7,eig_code,0.01,1.0,10.0,1.0,,0.5,True,0.2,0,exemplar_mean,18.541666666666668,9.625,8.010416666666666,7.822916666666667,6.760416666666667,6.40625,5.739583333333333,5.96875,5.604166666666667,4.541666666666667,5.1875,9.5625,8.614583333333334,8.0,6.260416666666667,5.96875,5.40625,5.364583333333333,5.020833333333333,5.083333333333333,4.177083333333333
7,eig_code,0.03162277660168379,1.0,10.0,1.0,,0.5,True,0.2,0,exemplar_mean,11.677083333333334,6.114583333333333,5.5,4.072916666666667,3.5104166666666665,3.71875,3.65625,3.25,3.59375,3.1875,2.8229166666666665,6.072916666666667,4.833333333333333,4.395833333333333,3.9895833333333335,3.4583333333333335,3.3125,3.65625,3.0833333333333335,3.0104166666666665,2.8125
7,kl,3.162277660168379e-06,1.0,10.0,1.0,,0.5,True,0.2,1679,exemplar_mean,79.46875,77.30208333333333,74.39583333333333,74.22916666666667,74.63541666666667,73.6875,73.04166666666667,70.66666666666667,71.47916666666667,72.30208333333333,68.16666666666667,77.83333333333333,75.79166666666667,77.29166666666667,76.91666666666667,74.36458333333333,75.22916666666667,71.44791666666667,72.08333333333333,68.83333333333333,73.20833333333333
7,kl,1e-05,1.0,10.0,1.0,,0.5,True,0.2,1195,exemplar_mean,76.84375,72.98958333333333,72.71875,71.86458333333333,64.52083333333333,63.833333333333336,66.45833333333333,61.96875,56.8125,54.802083333333336,53.802083333333336,76.89583333333333,74.42708333333333,67.95833333333333,67.44791666666667,62.052083333333336,62.46875,61.46875,58.739583333333336,56.71875,53.6875
7,kl,3.1622776601683795e-05,1.0,10.0,1.0,,0.5,True,0.2,543,exemplar_mean,75.38541666666667,65.84375,58.395833333333336,52.78125,41.385416666666664,47.9375,47.677083333333336,40.072916666666664,39.833333333333336,42.166666666666664,36.0,62.020833333333336,59.041666666666664,49.010416666666664,50.90625,46.666666666666664,43.885416666666664,43.427083333333336,40.3125,38.322916666666664,39.28125
7,kl,0.0001,1.0,10.0,1.0,,0.5,True,0.2,159,exemplar_mean,65.20833333333333,50.020833333333336,39.947916666666664,37.760416666666664,34.291666666666664,25.802083333333332,26.125,24.895833333333332,25.760416666666668,22.635416666666668,20.916666666666668,49.916666666666664,40.3125,31.4375,32.864583333333336,28.885416666666668,24.072916666666668,22.385416666666668,22.53125,18.802083333333332,22.854166666666668
7,kl,0.00031622776601683794,1.0,10.0,1.0,,0.5,True,0.2,15,exemplar_mean,50.729166666666664,27.041666666666668,26.677083333333332,20.364583333333332,18.09375,16.90625,14.802083333333334,18.083333333333332,13.34375,14.6875,12.427083333333334,30.114583333333332,25.197916666666668,17.979166666666668,19.666666666666668,16.333333333333332,17.1875,15.25,15.375,15.833333333333334,13.4375
7,kl,0.001,1.0,10.0,1.0,,0.5,True,0.2,0,exemplar_mean,31.197916666666668,18.302083333333332,14.71875,13.09375,10.625,9.770833333333334,10.072916666666666,10.260416666666666,9.15625,8.833333333333334,8.677083333333334,15.864583333333334,15.9375,12.166666666666666,9.989583333333334,10.677083333333334,10.927083333333334,10.03125,8.625,8.489583333333334,8.177083333333334
7,kl,0.0031622776601683794,1.0,10.0,1.0,,0.5,True,0.2,0,exemplar_mean,21.333333333333332,10.739583333333334,8.635416666666666,7.21875,7.375,6.78125,5.854166666666667,5.677083333333333,5.0,5.989583333333333,5.270833333333333,10.53125,8.979166666666666,8.354166666666666,6.53125,6.145833333333333,6.260416666666667,6.0625,5.645833333333333,5.520833333333333,6.03125
7,kl,0.01,1.0,10.0,1.0,,0.5,True,0.2,0,exemplar_mean,11.3125,7.333333333333333,4.989583333333333,5.260416666666667,4.114583333333333,4.239583333333333,3.90625,3.875,3.8125,3.34375,3.53125,6.645833333333333,5.46875,5.145833333333333,4.541666666666667,4.885416666666667,3.9583333333333335,4.28125,3.78125,3.8854166666666665,3.7291666666666665
7,kl,0.03162277660168379,1.0,10.0,1.0,,0.5,True,0.2,0,exemplar_mean,7.041666666666667,4.385416666666667,3.8125,2.9479166666666665,2.84375,2.4479166666666665,2.5625,2.3125,2.21875,2.3229166666666665,2.3645833333333335,4.572916666666667,3.9895833333333335,2.9270833333333335,2.8229166666666665,2.8333333333333335,2.7708333333333335,2.4895833333333335,2.5520833333333335,2.1666666666666665,2.2291666666666665
7,mi,3.1622776601683795e-05,1.0,10.0,1.0,,0.5,True,0.2,1133,exemplar_mean,79.34375,74.76041666666667,70.10416666666667,64.125,62.333333333333336,59.947916666666664,63.625,56.947916666666664,55.90625,52.354166666666664,49.854166666666664,75.16666666666667,69.57291666666667,68.33333333333333,64.72916666666667,60.333333333333336,62.010416666666664,57.958333333333336,57.083333333333336,53.770833333333336,52.927083333333336
7,mi,0.0001,1.0,10.0,1.0,,0.5,True,0.2,534,exemplar_mean,74.04166666666667,62.09375,58.322916666666664,58.979166666666664,45.927083333333336,47.25,41.447916666666664,35.760416666666664,33.604166666666664,34.239583333333336,33.125,62.614583333333336,59.9375,53.729166666666664,51.0,47.6875,33.833333333333336,37.6875,37.260416666666664,36.885416666666664,36.239583333333336
7,mi,0.00031622776601683794,1.0,10.0,1.0,,0.5,True,0.2,165,exemplar_mean,67.23958333333333,43.479166666666664,38.104166666666664,30.958333333333332,28.6875,25.927083333333332,21.052083333333332,24.0,20.385416666666668,20.09375,17.708333333333332,48.145833333333336,36.427083333333336,33.864583333333336,30.666666666666668,26.645833333333332,25.291666666666668,23.59375,22.479166666666668,19.65625,23.947916666666668
7,mi,0.001,1.0,10.0,1.0,,0.5,True,0.2,22,exemplar_mean,50.53125,27.677083333333332,20.083333333333332,14.84375,18.1875,12.854166666666666,13.5,12.96875,11.447916666666666,11.145833333333334,9.927083333333334,26.166666666666668,21.010416666666668,19.25,15.4375,17.302083333333332,12.40625,12.71875,12.166666666666666,10.166666666666666,12.177083333333334
7,mi,0.0031622776601683794,1.0,10.0,1.0,,0.5,True,0.2,1,exemplar_mean,33.145833333333336,15.125,12.677083333333334,10.947916666666666,9.020833333333334,9.708333333333334,7.5,7.6875,6.09375,7.864583333333333,6.59375,13.5625,12.520833333333334,10.666666666666666,8.75,9.114583333333334,8.875,8.885416666666666,7.604166666666667,6.604166666666667,7.1875
7,mi,0.01,1.0,10.0,1.0,,0.5,True,0.2,0,exemplar_mean,16.25,10.229166666666666,7.635416666666667,6.90625,6.489583333333333,5.864583333333333,4.958333333333333,4.416666666666667,4.229166666666667,4.5,4.229166666666667,9.114583333333334,7.71875,6.375,6.0625,5.4375,4.697916666666667,4.6875,4.708333333333333,4.427083333333333,4.0625
7,mi,0.03162277660168379,1.0,10.0,1.0,,0.5,True,0.2,0,exemplar_mean,11.854166666666666,5.6875,4.458333333333333,3.53125,4.229166666666667,3.1041666666666665,2.6458333333333335,2.8958333333333335,2.3333333333333335,2.7916666666666665,2.6354166666666665,6.09375,3.5104166666666665,3.8958333333333335,3.8541666666666665,3.1666666666666665,2.9895833333333335,2.9270833333333335,2.75,2.5,2.84375
7,mi,0.1,1.0,10.0,1.0,,0.5,True,0.2,0,exemplar_mean,6.354166666666667,4.020833333333333,2.8645833333333335,2.5104166666666665,2.5833333333333335,2.0833333333333335,2.6770833333333335,2.1458333333333335,2.0104166666666665,1.78125,1.6145833333333333,3.8125,3.3958333333333335,2.8854166666666665,2.5,2.4479166666666665,1.9583333333333333,2.09375,2.0416666666666665,1.78125,1.8229166666666667
7,mi,0.31622776601683794,1.0,10.0,1.0,,0.5,True,0.2,0,exemplar_mean,3.9166666666666665,2.6145833333333335,2.2291666666666665,2.0416666666666665,1.7604166666666667,1.7395833333333333,1.6145833333333333,1.46875,1.6041666666666667,1.4270833333333333,1.46875,2.78125,2.2395833333333335,1.875,1.7604166666666667,1.6354166666666667,1.5625,1.4166666666666667,1.3854166666666667,1.4791666666666667,1.4375
7,mi_concept,3.1622776601683795e-05,1.0,10.0,1.0,,0.5,True,0.2,0,exemplar_mean,28.4375,23.614583333333332,23.260416666666668,21.65625,21.041666666666668,19.302083333333332,18.114583333333332,19.635416666666668,17.614583333333332,16.322916666666668,18.145833333333332,24.645833333333332,23.197916666666668,22.03125,20.072916666666668,20.28125,18.34375,19.729166666666668,18.78125,17.75,17.666666666666668
7,mi_concept,0.0001,1.0,10.0,1.0,,0.5,True,0.2,0,exemplar_mean,19.375,17.760416666666668,14.3125,14.333333333333334,13.760416666666666,13.46875,12.625,13.197916666666666,11.958333333333334,12.0,11.208333333333334,17.166666666666668,15.510416666666666,13.6875,13.71875,13.9375,12.614583333333334,14.104166666666666,12.125,11.697916666666666,11.802083333333334
7,mi_concept,0.00031622776601683794,1.0,10.0,1.0,,0.5,True,0.2,0,exemplar_mean,13.416666666666666,11.302083333333334,10.59375,9.6875,9.46875,8.479166666666666,7.9375,7.979166666666667,8.260416666666666,7.979166666666667,7.520833333333333,12.083333333333334,10.708333333333334,10.0,9.96875,9.25,8.614583333333334,8.375,8.177083333333334,7.541666666666667,8.114583333333334
7,mi_concept,0.001,1.0,10.0,1.0,,0.5,True,0.2,0,exemplar_mean,9.447916666666666,8.208333333333334,6.875,5.84375,6.0625,6.020833333333333,5.416666666666667,5.447916666666667,5.59375,5.40625,5.09375,8.197916666666666,7.145833333333333,6.333333333333333,5.96875,5.302083333333333,5.3125,5.447916666666667,5.40625,4.625,4.6875
7,mi_concept,0.0031622776601683794,1.0,10.0,1.0,,0.5,True,0.2,0,exemplar_mean,6.197916666666667,5.333333333333333,4.927083333333333,4.0625,4.0625,3.4791666666666665,3.8854166666666665,3.8229166666666665,3.7395833333333335,3.1875,3.5520833333333335,5.145833333333333,5.0,4.197916666666667,4.020833333333333,3.7395833333333335,3.53125,3.4895833333333335,3.59375,3.4375,3.59375
7,mi_concept,0.01,1.0,10.0,1.0,,0.5,True,0.2,0,exemplar_mean,4.135416666666667,3.6666666666666665,3.21875,3.0520833333333335,2.7916666666666665,2.7708333333333335,2.5625,2.4375,2.3541666666666665,2.46875,2.1875,3.53125,3.3229166666666665,3.0833333333333335,2.7083333333333335,2.8541666666666665,2.5833333333333335,2.6354166666666665,2.40625,2.4270833333333335,2.4375
7,mi_concept,0.03162277660168379,1.0,10.0,1.0,,0.5,True,0.2,0,exemplar_mean,2.8958333333333335,2.34375,2.0833333333333335,2.0625,1.9479166666666667,1.7395833333333333,1.65625,1.875,1.59375,1.5208333333333333,1.625,2.40625,2.2604166666666665,1.9479166666666667,1.90625,1.8645833333333333,1.9791666666666667,1.625,1.7083333333333333,1.6354166666666667,1.6666666666666667
7,mi_concept,0.1,1.0,10.0,1.0,,0.5,True,0.2,0,exemplar_mean,1.8125,1.6666666666666667,1.5208333333333333,1.5104166666666667,1.5104166666666667,1.4270833333333333,1.2916666666666667,1.1875,1.2916666666666667,1.1770833333333333,1.2083333333333333,1.59375,1.6145833333333333,1.5520833333333333,1.4270833333333333,1.4375,1.28125,1.34375,1.2395833333333333,1.2083333333333333,1.2395833333333333
7,mi_concept,0.31622776601683794,1.0,10.0,1.0,,0.5,True,0.2,0,exemplar_mean,1.3125,1.3125,1.2395833333333333,1.2395833333333333,1.2291666666666667,1.1354166666666667,1.1041666666666667,1.1458333333333333,1.125,1.1354166666666667,1.0729166666666667,1.25,1.1770833333333333,1.15625,1.15625,1.1770833333333333,1.09375,1.1041666666666667,1.1770833333333333,1.0625,1.125
7,surprisal_b,0.01,1.0,10.0,1.0,,0.5,True,0.2,1717,exemplar_mean,72.60416666666667,76.40625,71.6875,74.25,75.0625,70.91666666666667,74.02083333333333,74.42708333333333,74.15625,76.45833333333333,74.53125,72.41666666666667,72.04166666666667,73.19791666666667,75.59375,74.73958333333333,74.41666666666667,70.33333333333333,74.5625,73.08333333333333,72.44791666666667
7,surprisal_b,0.027384196342643614,1.0,10.0,1.0,,0.5,True,0.2,1304,exemplar_mean,64.1875,63.8125,63.666666666666664,67.52083333333333,60.895833333333336,61.84375,66.73958333333333,67.22916666666667,67.60416666666667,66.6875,60.3125,64.46875,64.71875,65.625,66.89583333333333,63.447916666666664,64.0625,61.78125,67.05208333333333,61.427083333333336,66.30208333333333
7,surprisal_b,0.07498942093324558,1.0,10.0,1.0,,0.5,True,0.2,601,exemplar_mean,44.84375,46.614583333333336,43.760416666666664,45.697916666666664,48.229166666666664,43.625,48.885416666666664,47.083333333333336,43.65625,47.0,46.15625,49.854166666666664,44.427083333333336,50.458333333333336,50.385416666666664,41.9375,49.78125,52.583333333333336,43.708333333333336,44.5625,44.6875
7,surprisal_b,0.2053525026457146,1.0,10.0,1.0,,0.5,True,0.2,86,exemplar_mean,27.489583333333332,25.572916666666668,23.666666666666668,23.791666666666668,26.885416666666668,25.90625,22.25,29.53125,25.052083333333332,24.59375,21.46875,27.03125,24.1875,23.40625,21.958333333333332,24.5625,27.458333333333332,22.708333333333332,27.09375,26.71875,22.052083333333332
7,surprisal_b,0.5623413251903491,1.0,10.0,1.0,,0.5,True,0.2,0,exemplar_mean,11.260416666666666,10.145833333333334,10.489583333333334,9.125,8.5625,11.239583333333334,10.958333333333334,8.770833333333334,9.958333333333334,8.677083333333334,10.166666666666666,11.020833333333334,11.104166666666666,11.9375,9.979166666666666,10.0625,8.791666666666666,9.197916666666666,9.854166666666666,10.989583333333334,9.875
7,surprisal_b,1.539926526059492,1.0,10.0,1.0,,0.5,True,0.2,0,exemplar_mean,4.291666666666667,5.25,4.989583333333333,4.302083333333333,3.9375,4.354166666666667,4.375,4.0625,3.71875,4.385416666666667,3.7916666666666665,4.1875,4.697916666666667,4.302083333333333,4.302083333333333,3.8333333333333335,4.510416666666667,4.71875,4.364583333333333,5.0625,3.9583333333333335
7,surprisal_b,4.216965034285822,1.0,10.0,1.0,,0.5,True,0.2,0,exemplar_mean,2.3333333333333335,2.375,2.0416666666666665,2.1458333333333335,2.28125,2.21875,1.9791666666666667,2.1770833333333335,2.34375,1.9479166666666667,2.1145833333333335,2.2291666666666665,2.3333333333333335,2.0520833333333335,2.5833333333333335,2.3854166666666665,2.3333333333333335,1.9270833333333333,2.3854166666666665,2.125,2.09375
7,surprisal_b,11.547819846894582,1.0,10.0,1.0,,0.5,True,0.2,0,exemplar_mean,1.4583333333333333,1.53125,1.6458333333333333,1.625,1.3125,1.3333333333333333,1.46875,1.3333333333333333,1.3958333333333333,1.4479166666666667,1.46875,1.4375,1.46875,1.4583333333333333,1.3125,1.4270833333333333,1.4583333333333333,1.3020833333333333,1.3229166666666667,1.375,1.46875
7,surprisal_b,31.622776601683793,1.0,10.0,1.0,,0.5,True,0.2,0,exemplar_mean,1.15625,1.15625,1.15625,1.1458333333333333,1.125,1.1666666666666667,1.1354166666666667,1.1770833333333333,1.1875,1.1458333333333333,1.1458333333333333,1.21875,1.125,1.2083333333333333,1.15625,1.15625,1.1041666666666667,1.1458333333333333,1.1354166666666667,1.09375,1.0833333333333333
