setting,metric,world_EIGs,V_prior,alpha_prior,beta_prior,eps_fixed,sd_epsilon,infer_eps,sigma_true,window,cond_r2,cond_rmse,n_cond,cond_b,bg1,bg2,bg11,dev1,dev5,dev10
0,mi,3.1622776601683795e-05,0.03,1.0,0.1,,0.5,True,0.1,exemplar_mean,0.2712838007129381,350.1574020995712,75,27.371317318656047,78.14583333333333,75.08333333333333,50.1875,76.61458333333333,65.90625,57.364583333333336
0,mi,0.0001,0.03,1.0,0.1,,0.5,True,0.1,exemplar_mean,0.3830893434181012,324.6357541465975,75,20.216946566865584,76.67708333333333,62.239583333333336,34.645833333333336,63.16666666666666,40.302083333333336,38.177083333333336
0,mi,0.0003162277660168,0.03,1.0,0.1,,0.5,True,0.1,exemplar_mean,0.5215291866984584,281.8390841433942,75,21.600122217657376,64.52083333333333,44.020833333333336,19.625,44.6875,23.15625,21.697916666666668
0,mi,0.001,0.03,1.0,0.1,,0.5,True,0.1,exemplar_mean,0.587554525928019,258.4579474637821,75,27.854292702114694,48.427083333333336,26.854166666666668,11.583333333333334,24.02083333333333,16.760416666666668,14.260416666666666
0,mi,0.0031622776601683,0.03,1.0,0.1,,0.5,True,0.1,exemplar_mean,0.6077796484937186,251.73806909494823,75,44.402986955398134,30.104166666666668,16.75,7.15625,16.645833333333332,8.520833333333334,6.729166666666667
0,mi,0.01,0.03,1.0,0.1,,0.5,True,0.1,exemplar_mean,0.610781064974191,250.43489897805895,75,67.05118080569773,19.36458333333333,11.010416666666666,3.96875,9.15625,4.791666666666667,5.052083333333333
0,mi,0.0316227766016837,0.03,1.0,0.1,,0.5,True,0.1,exemplar_mean,0.6341503751457658,243.0992909380862,75,129.24402439093726,11.041666666666666,5.635416666666667,2.677083333333333,6.385416666666667,3.4791666666666665,3.03125
0,mi,0.1,0.03,1.0,0.1,,0.5,True,0.1,exemplar_mean,0.6359308719364916,240.89638075815705,75,193.1122492255201,7.260416666666667,4.072916666666667,1.8854166666666667,4.114583333333333,2.177083333333333,1.96875
0,mi,0.3162277660168379,0.03,1.0,0.1,,0.5,True,0.1,exemplar_mean,0.5191836561850494,281.108463893887,75,339.4378806749123,4.114583333333333,2.864583333333333,1.3333333333333333,3.1979166666666665,1.625,1.5104166666666667
0,mi,1.0,0.03,1.0,0.1,,0.5,True,0.1,exemplar_mean,0.5056234151610641,285.75503856941026,75,579.7431502803422,2.7604166666666665,2.1041666666666665,1.1666666666666667,2.2916666666666665,1.4375,1.1666666666666667
0,mi,3.1622776601683795,0.03,1.0,0.1,,0.5,True,0.1,exemplar_mean,0.3667468665172486,328.6537686127385,75,1454.5480430839075,1.6770833333333333,1.46875,1.1979166666666667,1.4583333333333333,1.2083333333333333,1.09375
1,mi,3.1622776601683795e-05,0.03,1.0,0.1,,0.5,True,0.2,exemplar_mean,0.3346194395221752,337.71109079680923,75,34.46817457603802,79.29166666666667,73.80208333333333,59.85416666666666,76.13541666666667,60.60416666666666,57.083333333333336
1,mi,0.0001,0.03,1.0,0.1,,0.5,True,0.2,exemplar_mean,0.3821888735455684,324.56250551937603,75,21.792579242620057,75.35416666666667,62.07291666666666,38.07291666666666,59.53125,47.46875,35.5625
1,mi,0.0003162277660168,0.03,1.0,0.1,,0.5,True,0.2,exemplar_mean,0.5343312682540023,277.4301349432434,75,22.607228438220677,66.14583333333333,42.833333333333336,23.479166666666668,46.41666666666666,27.61458333333333,21.59375
1,mi,0.001,0.03,1.0,0.1,,0.5,True,0.2,exemplar_mean,0.6273365623710968,243.51512135347912,75,28.586102793575975,50.375,27.33333333333333,11.9375,26.42708333333333,16.885416666666668,14.15625
1,mi,0.0031622776601683,0.03,1.0,0.1,,0.5,True,0.2,exemplar_mean,0.6500868537556134,237.10995827438092,75,47.83698246996433,30.6875,15.177083333333334,7.739583333333333,16.229166666666668,9.979166666666666,7.677083333333333
1,mi,0.01,0.03,1.0,0.1,,0.5,True,0.2,exemplar_mean,0.6440526942174469,238.70650266015713,75,77.31780977226222,18.46875,9.666666666666666,5.010416666666667,10.395833333333334,5.583333333333333,4.541666666666667
1,mi,0.0316227766016837,0.03,1.0,0.1,,0.5,True,0.2,exemplar_mean,0.643914345569198,238.6849064039547,75,118.63736579619471,11.84375,6.114583333333333,2.864583333333333,6.1875,3.3229166666666665,3.052083333333333
1,mi,0.1,0.03,1.0,0.1,,0.5,True,0.2,exemplar_mean,0.6330262292006155,241.9655151303995,75,206.943197350541,7.09375,3.7604166666666665,1.9166666666666667,3.75,2.2604166666666665,1.8645833333333333
1,mi,0.3162277660168379,0.03,1.0,0.1,,0.5,True,0.2,exemplar_mean,0.5896994750975284,256.65038637918445,75,381.076904379604,4.114583333333333,2.614583333333333,1.4270833333333333,2.7916666666666665,1.4895833333333333,1.5208333333333333
1,mi,1.0,0.03,1.0,0.1,,0.5,True,0.2,exemplar_mean,0.5347565118537377,275.580046297977,75,711.9520978829535,2.552083333333333,1.9166666666666667,1.1041666666666667,1.8125,1.3125,1.2916666666666667
1,mi,3.1622776601683795,0.03,1.0,0.1,,0.5,True,0.2,exemplar_mean,0.4092053714967998,316.1654685780401,75,1558.413061264596,1.625,1.4479166666666667,1.1979166666666667,1.53125,1.1770833333333333,1.1354166666666667
2,mi,3.1622776601683795e-05,0.03,1.0,0.1,,1.0,True,0.1,exemplar_mean,0.3315364344598975,337.60809825232576,75,33.54562718362608,78.94791666666667,73.1875,58.44791666666666,75.39583333333333,58.8125,52.46875
2,mi,0.0001,0.03,1.0,0.1,,1.0,True,0.1,exemplar_mean,0.4267544132155348,308.9158839572091,75,20.746533162348243,77.82291666666667,63.40625,31.875,65.67708333333333,44.79166666666666,37.375
2,mi,0.0003162277660168,0.03,1.0,0.1,,1.0,True,0.1,exemplar_mean,0.5387127382258811,275.19763996886394,75,21.10373315620256,67.54166666666667,44.59375,20.25,50.41666666666666,28.979166666666668,20.979166666666668
2,mi,0.001,0.03,1.0,0.1,,1.0,True,0.1,exemplar_mean,0.5863284860569519,258.5376604065938,75,25.972068086583658,50.833333333333336,29.875,11.541666666666666,27.0625,14.427083333333334,12.739583333333334
2,mi,0.0031622776601683,0.03,1.0,0.1,,1.0,True,0.1,exemplar_mean,0.6443084068751134,239.9702843564097,75,42.848359081935094,31.40625,16.083333333333332,6.927083333333333,15.395833333333334,8.427083333333334,7.333333333333333
2,mi,0.01,0.03,1.0,0.1,,1.0,True,0.1,exemplar_mean,0.6368576690556531,242.43700734204464,75,75.07803649581811,18.42708333333333,9.395833333333334,3.9583333333333335,8.645833333333334,5.708333333333333,4.802083333333333
2,mi,0.0316227766016837,0.03,1.0,0.1,,1.0,True,0.1,exemplar_mean,0.6464753118145566,239.76539650604883,75,118.18370402059868,11.71875,5.6875,3.083333333333333,6.125,3.239583333333333,2.770833333333333
2,mi,0.1,0.03,1.0,0.1,,1.0,True,0.1,exemplar_mean,0.6284194898457052,243.5043947465559,75,176.4559659072065,7.802083333333333,4.21875,1.90625,3.7395833333333335,2.34375,1.9479166666666667
2,mi,0.3162277660168379,0.03,1.0,0.1,,1.0,True,0.1,exemplar_mean,0.593376241378029,256.1699768959644,75,264.7326066135073,5.09375,3.3229166666666665,1.4895833333333333,2.8229166666666665,1.7291666666666667,1.5104166666666667
2,mi,1.0,0.03,1.0,0.1,,1.0,True,0.1,exemplar_mean,0.5232345870752333,280.2159771101369,75,557.1087397517393,2.895833333333333,2.125,1.2083333333333333,2.2291666666666665,1.5,1.2083333333333333
2,mi,3.1622776601683795,0.03,1.0,0.1,,1.0,True,0.1,exemplar_mean,0.3382155800344605,335.7812327739498,75,1187.0424969451187,1.6875,1.6041666666666667,1.0729166666666667,1.4583333333333333,1.2291666666666667,1.1354166666666667
3,mi,3.1622776601683795e-05,0.03,1.0,0.1,,1.0,True,0.2,exemplar_mean,0.2863123839190343,353.4107459143852,75,33.2647971053956,79.75,75.71875,53.520833333333336,74.90625,65.11458333333333,58.46875
3,mi,0.0001,0.03,1.0,0.1,,1.0,True,0.2,exemplar_mean,0.4156972678134398,311.4637100433771,75,25.9489367664911,73.25,63.46875,34.1875,69.125,47.97916666666666,40.01041666666666
3,mi,0.0003162277660168,0.03,1.0,0.1,,1.0,True,0.2,exemplar_mean,0.5387256342994611,274.93996108886336,75,19.895416168236036,69.78125,51.04166666666666,20.479166666666668,50.59375,31.89583333333333,23.875
3,mi,0.001,0.03,1.0,0.1,,1.0,True,0.2,exemplar_mean,0.6101023523855387,250.29101902012127,75,26.12621146896792,52.85416666666666,29.80208333333333,11.604166666666666,27.71875,16.520833333333332,14.125
3,mi,0.0031622776601683,0.03,1.0,0.1,,1.0,True,0.2,exemplar_mean,0.6290950578156906,243.15876300122963,75,43.734792404018656,31.947916666666668,17.625,7.458333333333333,16.34375,9.958333333333334,7.46875
3,mi,0.01,0.03,1.0,0.1,,1.0,True,0.2,exemplar_mean,0.5938780813553617,257.972440084841,75,77.01116486640895,17.84375,9.666666666666666,5.0,11.270833333333334,5.3125,4.59375
3,mi,0.0316227766016837,0.03,1.0,0.1,,1.0,True,0.2,exemplar_mean,0.5433491359081462,273.1686217962594,75,112.52241053302735,11.354166666666666,7.34375,2.770833333333333,6.666666666666667,3.2916666666666665,2.9166666666666665
3,mi,0.1,0.03,1.0,0.1,,1.0,True,0.2,exemplar_mean,0.602633527129879,252.71674703404335,75,191.11825743625425,7.3125,4.40625,1.8854166666666667,3.96875,2.375,1.8958333333333333
3,mi,0.3162277660168379,0.03,1.0,0.1,,1.0,True,0.2,exemplar_mean,0.5813151084856667,260.7577101914102,75,315.37835251459296,4.53125,2.895833333333333,1.3645833333333333,2.8125,1.7708333333333333,1.40625
3,mi,1.0,0.03,1.0,0.1,,1.0,True,0.2,exemplar_mean,0.5740426778478813,260.91842479511695,75,632.1247978157304,2.78125,1.9791666666666667,1.125,1.7291666666666667,1.2083333333333333,1.21875
3,mi,3.1622776601683795,0.03,1.0,0.1,,1.0,True,0.2,exemplar_mean,0.1830902414526481,378.1340516258384,75,1317.8902699404944,1.46875,1.4895833333333333,1.1354166666666667,1.5,1.1875,1.1145833333333333
4,mi,3.1622776601683795e-05,0.03,1.0,1.0,,0.5,True,0.1,exemplar_mean,0.2177284332835321,367.70459669081185,75,21.395836182936915,78.9375,75.98958333333333,49.333333333333336,74.53125,59.177083333333336,51.833333333333336
4,mi,0.0001,0.03,1.0,1.0,,0.5,True,0.1,exemplar_mean,0.3702901474090986,324.431446339747,75,18.626598737380107,74.55208333333333,64.4375,29.83333333333333,61.57291666666666,43.625,30.4375
4,mi,0.0003162277660168,0.03,1.0,1.0,,0.5,True,0.1,exemplar_mean,0.52439696290436,277.5261420251246,75,20.70857392049938,64.47916666666667,42.51041666666666,15.447916666666666,46.6875,21.98958333333333,17.760416666666668
4,mi,0.001,0.03,1.0,1.0,,0.5,True,0.1,exemplar_mean,0.5459267105744112,272.75407698956985,75,27.335622899422997,45.40625,28.14583333333333,9.989583333333334,26.61458333333333,13.697916666666666,10.28125
4,mi,0.0031622776601683,0.03,1.0,1.0,,0.5,True,0.1,exemplar_mean,0.6320816480195335,242.5465491291496,75,40.174934881346665,32.322916666666664,15.416666666666666,5.833333333333333,13.864583333333334,7.552083333333333,6.239583333333333
4,mi,0.01,0.03,1.0,1.0,,0.5,True,0.1,exemplar_mean,0.6187430545655954,245.50283056396293,75,73.22492148666471,18.104166666666668,9.270833333333334,3.78125,10.208333333333334,5.239583333333333,3.03125
4,mi,0.0316227766016837,0.03,1.0,1.0,,0.5,True,0.1,exemplar_mean,0.6771517836826914,226.89825429838993,75,111.97925796742474,12.239583333333334,5.572916666666667,2.21875,5.927083333333333,3.7708333333333335,2.40625
4,mi,0.1,0.03,1.0,1.0,,0.5,True,0.1,exemplar_mean,0.6840729258934122,225.12436482965208,75,175.3515604008121,8.09375,3.46875,1.8541666666666667,3.5416666666666665,2.270833333333333,1.9583333333333333
4,mi,0.3162277660168379,0.03,1.0,1.0,,0.5,True,0.1,exemplar_mean,0.5887243868163945,261.1170338187365,75,328.5786418233188,4.541666666666667,2.739583333333333,1.5104166666666667,2.895833333333333,1.75,1.3958333333333333
4,mi,1.0,0.03,1.0,1.0,,0.5,True,0.1,exemplar_mean,0.2489274963869892,359.7430813970337,75,495.53704224784656,2.364583333333333,2.3854166666666665,1.25,2.114583333333333,1.4166666666666667,1.1458333333333333
4,mi,3.1622776601683795,0.03,1.0,1.0,,0.5,True,0.1,exemplar_mean,0.0069103917448009,409.1636620391849,75,282.23457774211136,1.3958333333333333,1.4895833333333333,1.1979166666666667,1.4791666666666667,1.28125,1.125
5,mi,3.1622776601683795e-05,0.03,1.0,1.0,,0.5,True,0.2,exemplar_mean,0.2755729430534585,352.1820127657502,75,25.110270122173368,79.30208333333333,75.65625,52.0,72.95833333333333,58.79166666666666,55.0625
5,mi,0.0001,0.03,1.0,1.0,,0.5,True,0.2,exemplar_mean,0.3713976553040938,325.8367292423071,75,19.393505911856955,75.4375,64.32291666666667,34.53125,66.57291666666667,44.427083333333336,31.92708333333333
5,mi,0.0003162277660168,0.03,1.0,1.0,,0.5,True,0.2,exemplar_mean,0.5087323306221823,282.8589662763051,75,20.845798313869928,65.54166666666667,45.208333333333336,20.072916666666668,44.989583333333336,24.260416666666668,16.020833333333332
5,mi,0.001,0.03,1.0,1.0,,0.5,True,0.2,exemplar_mean,0.6365124681519585,239.5458063057411,75,27.762640019282937,49.6875,25.05208333333333,10.104166666666666,25.15625,12.885416666666666,10.28125
5,mi,0.0031622776601683,0.03,1.0,1.0,,0.5,True,0.2,exemplar_mean,0.6472060310312249,237.94031737990383,75,45.523895362153034,30.3125,14.5,7.260416666666667,15.385416666666666,8.197916666666666,6.84375
5,mi,0.01,0.03,1.0,1.0,,0.5,True,0.2,exemplar_mean,0.6529916835353506,235.07883509688415,75,74.49035820794802,18.55208333333333,9.041666666666666,3.75,9.53125,4.6875,4.197916666666667
5,mi,0.0316227766016837,0.03,1.0,1.0,,0.5,True,0.2,exemplar_mean,0.5799938821692143,260.8764793338648,75,112.80519475552664,11.427083333333334,6.572916666666667,2.583333333333333,6.020833333333333,2.9375,2.4479166666666665
5,mi,0.1,0.03,1.0,1.0,,0.5,True,0.2,exemplar_mean,0.5823534119465634,258.73645439392897,75,208.42619092352493,6.65625,4.052083333333333,1.5625,3.875,2.09375,1.5729166666666667
5,mi,0.3162277660168379,0.03,1.0,1.0,,0.5,True,0.2,exemplar_mean,0.5861937409522603,258.7645115296638,75,383.40869686485513,4.104166666666667,2.4791666666666665,1.4270833333333333,2.53125,1.40625,1.4270833333333333
5,mi,1.0,0.03,1.0,1.0,,0.5,True,0.2,exemplar_mean,0.4712325952917213,299.90004864923486,75,678.8503245925762,2.5416666666666665,1.8958333333333333,1.1875,1.875,1.3333333333333333,1.2083333333333333
5,mi,3.1622776601683795,0.03,1.0,1.0,,0.5,True,0.2,exemplar_mean,0.1467374104002254,382.2796511159524,75,1510.2141137530089,1.4166666666666667,1.4479166666666667,1.125,1.4270833333333333,1.3020833333333333,1.1979166666666667
6,mi,3.1622776601683795e-05,0.03,1.0,1.0,,1.0,True,0.1,exemplar_mean,0.2739902701719439,353.94616056775345,75,24.958489115051933,78.3125,71.91666666666667,48.88541666666666,75.33333333333333,60.239583333333336,51.4375
6,mi,0.0001,0.03,1.0,1.0,,1.0,True,0.1,exemplar_mean,0.3412413678717233,335.45681503159153,75,18.061260154631302,74.73958333333333,63.69791666666666,32.677083333333336,68.59375,38.21875,32.802083333333336
6,mi,0.0003162277660168,0.03,1.0,1.0,,1.0,True,0.1,exemplar_mean,0.436855174407452,306.80282080227425,75,18.760841237840538,62.59375,47.57291666666666,16.677083333333332,45.614583333333336,22.20833333333333,18.385416666666668
6,mi,0.001,0.03,1.0,1.0,,1.0,True,0.1,exemplar_mean,0.6347950722445223,242.651888962742,75,26.139459623669826,50.57291666666666,25.260416666666668,8.802083333333334,25.40625,14.479166666666666,9.708333333333334
6,mi,0.0031622776601683,0.03,1.0,1.0,,1.0,True,0.1,exemplar_mean,0.6320039103560838,243.92911867893727,75,44.250280948068536,30.17708333333333,14.791666666666666,5.114583333333333,16.395833333333332,9.052083333333334,5.875
6,mi,0.01,0.03,1.0,1.0,,1.0,True,0.1,exemplar_mean,0.6455867171272481,237.7313421529856,75,70.58124896122699,19.010416666666668,8.708333333333334,3.7708333333333335,8.510416666666666,4.90625,3.7395833333333335
6,mi,0.0316227766016837,0.03,1.0,1.0,,1.0,True,0.1,exemplar_mean,0.6071933612776457,252.19786902696472,75,116.2303872309407,11.447916666666666,5.8125,2.59375,5.59375,3.2916666666666665,2.4479166666666665
6,mi,0.1,0.03,1.0,1.0,,1.0,True,0.1,exemplar_mean,0.6051015964245524,252.30765265217732,75,188.85790532605233,7.270833333333333,4.135416666666667,1.78125,4.364583333333333,2.333333333333333,1.7604166666666667
6,mi,0.3162277660168379,0.03,1.0,1.0,,1.0,True,0.1,exemplar_mean,0.4182822673983806,310.632312423456,75,334.6073707169952,3.84375,3.239583333333333,1.5104166666666667,3.489583333333333,1.7604166666666667,1.375
6,mi,1.0,0.03,1.0,1.0,,1.0,True,0.1,exemplar_mean,0.2575152119518597,355.32218415549187,75,538.219414040686,2.302083333333333,2.302083333333333,1.3958333333333333,2.364583333333333,1.53125,1.3125
6,mi,3.1622776601683795,0.03,1.0,1.0,,1.0,True,0.1,exemplar_mean,0.3459737395810076,337.2910943294662,75,1507.3562596318186,1.65625,1.46875,1.1354166666666667,1.6875,1.25,1.1458333333333333
7,mi,3.1622776601683795e-05,0.03,1.0,1.0,,1.0,True,0.2,exemplar_mean,0.3167752195053108,340.8496825949266,75,27.845586185723835,79.34375,74.76041666666667,52.0,74.38541666666667,59.59375,50.020833333333336
7,mi,0.0001,0.03,1.0,1.0,,1.0,True,0.2,exemplar_mean,0.2956873556831986,346.2462586570077,75,17.18357511723922,74.04166666666667,62.66666666666666,33.135416666666664,61.13541666666666,46.85416666666666,32.885416666666664
7,mi,0.0003162277660168,0.03,1.0,1.0,,1.0,True,0.2,exemplar_mean,0.5506429191076401,270.46448287610747,75,20.541926154362393,67.23958333333333,43.739583333333336,18.55208333333333,46.1875,25.760416666666668,20.1875
7,mi,0.001,0.03,1.0,1.0,,1.0,True,0.2,exemplar_mean,0.6050945504670678,252.20454063124825,75,25.79558496289892,50.53125,27.0,10.34375,24.8125,15.84375,10.479166666666666
7,mi,0.0031622776601683,0.03,1.0,1.0,,1.0,True,0.2,exemplar_mean,0.6513797529976708,237.3858554129985,75,40.28531040941792,33.302083333333336,14.395833333333334,5.895833333333333,12.708333333333334,8.989583333333334,7.041666666666667
7,mi,0.01,0.03,1.0,1.0,,1.0,True,0.2,exemplar_mean,0.584326184607273,259.14396507969946,75,80.542698898116,16.729166666666668,10.052083333333334,3.7395833333333335,8.739583333333334,5.427083333333333,4.375
7,mi,0.0316227766016837,0.03,1.0,1.0,,1.0,True,0.2,exemplar_mean,0.6522053434351643,237.39084281746733,75,108.36303632754756,12.375,5.458333333333333,2.71875,5.979166666666667,3.2604166666666665,2.833333333333333
7,mi,0.1,0.03,1.0,1.0,,1.0,True,0.2,exemplar_mean,0.5350124207019173,275.88040015639405,75,197.81143407458111,6.552083333333333,4.583333333333333,1.7083333333333333,4.270833333333333,2.40625,1.625
7,mi,0.3162277660168379,0.03,1.0,1.0,,1.0,True,0.2,exemplar_mean,0.5674876280250454,265.4319498048796,75,328.60011542353556,4.46875,2.7916666666666665,1.4791666666666667,3.0,1.7916666666666667,1.5104166666666667
7,mi,1.0,0.03,1.0,1.0,,1.0,True,0.2,exemplar_mean,0.4821725560785257,293.1718628193556,75,654.6938925924184,2.65625,1.90625,1.1875,2.1041666666666665,1.40625,1.1979166666666667
7,mi,3.1622776601683795,0.03,1.0,1.0,,1.0,True,0.2,exemplar_mean,0.2351555369018959,363.37818250990273,75,1553.3566601316882,1.53125,1.3958333333333333,1.0833333333333333,1.3645833333333333,1.2708333333333333,1.1770833333333333
8,mi,3.1622776601683795e-05,0.03,10.0,0.1,,0.5,True,0.1,exemplar_mean,0.2728648666037733,350.8410367589463,75,26.103559024702232,79.25,74.63541666666667,53.0625,75.10416666666667,63.60416666666666,56.35416666666666
8,mi,0.0001,0.03,10.0,0.1,,0.5,True,0.1,exemplar_mean,0.3338998707192631,336.28677667056786,75,18.36798458341821,76.5625,68.78125,35.46875,63.40625,46.21875,33.958333333333336
8,mi,0.0003162277660168,0.03,10.0,0.1,,0.5,True,0.1,exemplar_mean,0.5121957034317428,281.1271223739949,75,22.966674876580672,64.97916666666667,46.333333333333336,21.510416666666668,49.3125,30.604166666666668,21.322916666666668
8,mi,0.001,0.03,10.0,0.1,,0.5,True,0.1,exemplar_mean,0.5805971582345879,259.946633587563,75,27.810493931418637,48.270833333333336,30.02083333333333,11.635416666666666,30.604166666666668,17.052083333333332,12.208333333333334
8,mi,0.0031622776601683,0.03,10.0,0.1,,0.5,True,0.1,exemplar_mean,0.6495131477966063,235.93949836203888,75,46.22336577713971,31.135416666666668,15.895833333333334,7.625,17.90625,9.3125,7.489583333333333
8,mi,0.01,0.03,10.0,0.1,,0.5,True,0.1,exemplar_mean,0.6440021248194527,238.3968814422182,75,71.03646307996898,19.5625,10.166666666666666,4.427083333333333,9.65625,6.4375,5.395833333333333
8,mi,0.0316227766016837,0.03,10.0,0.1,,0.5,True,0.1,exemplar_mean,0.6513670526034279,235.52607078001083,75,115.25288539346226,12.145833333333334,6.15625,2.552083333333333,6.427083333333333,3.875,2.90625
8,mi,0.1,0.03,10.0,0.1,,0.5,True,0.1,exemplar_mean,0.6902108358814673,221.32276675237813,75,178.66386172031082,8.03125,3.520833333333333,1.9166666666666667,4.104166666666667,2.53125,1.71875
8,mi,0.3162277660168379,0.03,10.0,0.1,,0.5,True,0.1,exemplar_mean,0.6358895123196886,241.5673348489059,75,311.1096139871427,4.84375,2.6875,1.4166666666666667,2.9375,1.71875,1.5
8,mi,1.0,0.03,10.0,0.1,,0.5,True,0.1,exemplar_mean,0.5588981312598582,268.15731281577877,75,605.6034507309364,2.8229166666666665,2.03125,1.2291666666666667,2.052083333333333,1.4791666666666667,1.1770833333333333
8,mi,3.1622776601683795,0.03,10.0,0.1,,0.5,True,0.1,exemplar_mean,0.1941586327112459,368.1049216288922,75,1013.7472182864592,1.5833333333333333,1.5833333333333333,1.09375,1.6666666666666667,1.1875,1.125
9,mi,3.1622776601683795e-05,0.03,10.0,0.1,,0.5,True,0.2,exemplar_mean,0.2427422997997599,360.327711601662,75,38.8429477891396,77.10416666666667,75.22916666666667,63.458333333333336,76.92708333333333,65.53125,54.3125
9,mi,0.0001,0.03,10.0,0.1,,0.5,True,0.2,exemplar_mean,0.321374157570199,340.74995804623444,75,23.40186140239099,74.33333333333333,67.42708333333333,35.552083333333336,68.23958333333333,51.8125,42.78125
9,mi,0.0003162277660168,0.03,10.0,0.1,,0.5,True,0.2,exemplar_mean,0.4488278975808539,303.0650428341937,75,20.822860458311595,66.65625,48.90625,25.260416666666668,54.15625,29.27083333333333,23.041666666666668
9,mi,0.001,0.03,10.0,0.1,,0.5,True,0.2,exemplar_mean,0.5523933258286917,271.32235462909136,75,28.779289907555807,49.13541666666666,29.70833333333333,11.53125,32.03125,17.052083333333332,14.541666666666666
9,mi,0.0031622776601683,0.03,10.0,0.1,,0.5,True,0.2,exemplar_mean,0.5808436629324794,261.0367133991104,75,44.62863359097791,31.02083333333333,17.947916666666668,7.729166666666667,16.333333333333332,10.15625,8.614583333333334
9,mi,0.01,0.03,10.0,0.1,,0.5,True,0.2,exemplar_mean,0.5755227054917015,262.8845328812692,75,72.63664130950706,18.416666666666668,11.791666666666666,4.65625,11.041666666666666,7.0,5.145833333333333
9,mi,0.0316227766016837,0.03,10.0,0.1,,0.5,True,0.2,exemplar_mean,0.6189500684546817,247.12059616624893,75,109.63325907107556,12.5,6.572916666666667,2.7916666666666665,6.90625,3.7291666666666665,2.8125
9,mi,0.1,0.03,10.0,0.1,,0.5,True,0.2,exemplar_mean,0.5552091594387248,268.6077209928222,75,177.42476629824571,7.208333333333333,4.822916666666667,1.8125,4.333333333333333,2.2916666666666665,2.083333333333333
9,mi,0.3162277660168379,0.03,10.0,0.1,,0.5,True,0.2,exemplar_mean,0.5339240365579753,277.3061752434868,75,372.5415960522413,4.052083333333333,2.7916666666666665,1.6145833333333333,2.59375,1.8333333333333333,1.4583333333333333
9,mi,1.0,0.03,10.0,0.1,,0.5,True,0.2,exemplar_mean,0.55665201097773,267.6257548346694,75,732.0242740784673,2.5416666666666665,1.8958333333333333,1.2708333333333333,1.9166666666666667,1.3854166666666667,1.1770833333333333
9,mi,3.1622776601683795,0.03,10.0,0.1,,0.5,True,0.2,exemplar_mean,0.5257470191615641,276.83205898517014,75,1670.4793362370854,1.65625,1.4375,1.0729166666666667,1.4895833333333333,1.15625,1.0833333333333333
10,mi,3.1622776601683795e-05,0.03,10.0,0.1,,1.0,True,0.1,exemplar_mean,0.2720675750567792,353.83751556012317,75,32.03701433361303,78.67708333333333,73.88541666666667,57.052083333333336,75.04166666666667,62.60416666666666,57.09375
10,mi,0.0001,0.03,10.0,0.1,,1.0,True,0.1,exemplar_mean,0.3971537009082482,317.21056015782807,75,22.398422701068853,74.22916666666667,64.69791666666667,34.677083333333336,68.9375,50.708333333333336,36.59375
10,mi,0.0003162277660168,0.03,10.0,0.1,,1.0,True,0.1,exemplar_mean,0.4994557592981049,289.04451397582795,75,20.644389556555033,66.58333333333333,46.51041666666666,21.77083333333333,47.82291666666666,29.125,21.572916666666668
10,mi,0.001,0.03,10.0,0.1,,1.0,True,0.1,exemplar_mean,0.6055184419462823,251.95600356861272,75,25.77839020581155,52.770833333333336,27.83333333333333,12.1875,27.84375,16.614583333333332,11.854166666666666
10,mi,0.0031622776601683,0.03,10.0,0.1,,1.0,True,0.1,exemplar_mean,0.626639077937708,245.6442522393112,75,42.88669202028349,32.34375,16.385416666666668,6.729166666666667,16.78125,10.78125,6.864583333333333
10,mi,0.01,0.03,10.0,0.1,,1.0,True,0.1,exemplar_mean,0.5286491351851498,277.30181506166053,75,71.13988060178868,17.75,12.135416666666666,4.520833333333333,10.760416666666666,6.71875,4.25
10,mi,0.0316227766016837,0.03,10.0,0.1,,1.0,True,0.1,exemplar_mean,0.6485833131005952,237.69855799418275,75,108.30534447313912,12.604166666666666,6.114583333333333,2.614583333333333,6.729166666666667,3.8229166666666665,2.4791666666666665
10,mi,0.1,0.03,10.0,0.1,,1.0,True,0.1,exemplar_mean,0.6136715221090329,248.72331914649612,75,182.48081831872943,7.427083333333333,4.3125,1.9895833333333333,4.333333333333333,2.28125,1.84375
10,mi,0.3162277660168379,0.03,10.0,0.1,,1.0,True,0.1,exemplar_mean,0.5420013812666222,274.6591408041728,75,330.5493525130516,4.302083333333333,3.09375,1.4583333333333333,3.020833333333333,1.6354166666666667,1.4583333333333333
10,mi,1.0,0.03,10.0,0.1,,1.0,True,0.1,exemplar_mean,0.567165481576075,266.06742640722604,75,559.5916732168031,2.927083333333333,2.03125,1.15625,2.270833333333333,1.3229166666666667,1.25
10,mi,3.1622776601683795,0.03,10.0,0.1,,1.0,True,0.1,exemplar_mean,0.0567180353481006,400.8830594259942,75,489.905093296464,1.5,1.7291666666666667,1.125,1.6354166666666667,1.1458333333333333,1.1145833333333333
11,mi,3.1622776601683795e-05,0.03,10.0,0.1,,1.0,True,0.2,exemplar_mean,0.2709685429211133,356.826757979255,75,34.81809818106472,78.71875,75.05208333333333,62.15625,76.09375,66.5625,59.38541666666666
11,mi,0.0001,0.03,10.0,0.1,,1.0,True,0.2,exemplar_mean,0.3227819642194969,340.3030119214346,75,21.769303447480254,75.625,66.45833333333333,42.79166666666666,68.875,50.927083333333336,41.458333333333336
11,mi,0.0003162277660168,0.03,10.0,0.1,,1.0,True,0.2,exemplar_mean,0.4199594136888512,309.9396727604138,75,18.87305616460808,66.72916666666667,54.03125,22.854166666666668,55.97916666666666,32.9375,22.67708333333333
11,mi,0.001,0.03,10.0,0.1,,1.0,True,0.2,exemplar_mean,0.5862527541064015,258.1859023518394,75,24.703105928664808,54.958333333333336,33.770833333333336,13.239583333333334,31.916666666666668,16.072916666666668,15.4375
11,mi,0.0031622776601683,0.03,10.0,0.1,,1.0,True,0.2,exemplar_mean,0.5014073468292859,286.47883477337575,75,44.364020641296214,28.71875,19.64583333333333,8.6875,18.77083333333333,11.291666666666666,7.59375
11,mi,0.01,0.03,10.0,0.1,,1.0,True,0.2,exemplar_mean,0.6010993703597752,253.7670344910483,75,70.8772775008463,19.5625,10.916666666666666,4.885416666666667,11.34375,6.041666666666667,4.885416666666667
11,mi,0.0316227766016837,0.03,10.0,0.1,,1.0,True,0.2,exemplar_mean,0.6159127762309828,247.95780879958232,75,112.69362748146877,12.135416666666666,6.84375,3.020833333333333,6.25,3.28125,2.875
11,mi,0.1,0.03,10.0,0.1,,1.0,True,0.2,exemplar_mean,0.5574035679098998,268.8321045012841,75,189.36064006969545,7.03125,4.625,1.9270833333333333,4.5625,2.208333333333333,2.1041666666666665
11,mi,0.3162277660168379,0.03,10.0,0.1,,1.0,True,0.2,exemplar_mean,0.5449544186502341,272.43493346375095,75,304.6489184407065,4.583333333333333,3.125,1.4270833333333333,2.5625,1.7083333333333333,1.46875
11,mi,1.0,0.03,10.0,0.1,,1.0,True,0.2,exemplar_mean,0.3902492680765825,321.3802262842298,75,592.7477337741705,2.4375,2.145833333333333,1.2083333333333333,2.2604166666666665,1.28125,1.1875
11,mi,3.1622776601683795,0.03,10.0,0.1,,1.0,True,0.2,exemplar_mean,0.1866630616942942,373.3882496309161,75,1065.5122834832778,1.4895833333333333,1.5416666666666667,1.125,1.6666666666666667,1.1354166666666667,1.1145833333333333
12,mi,3.1622776601683795e-05,0.03,10.0,1.0,,0.5,True,0.1,exemplar_mean,0.1982760158013218,370.4182615591396,75,22.870472156473703,77.86458333333333,74.58333333333333,50.76041666666666,75.90625,60.88541666666666,51.94791666666666
12,mi,0.0001,0.03,10.0,1.0,,0.5,True,0.1,exemplar_mean,0.349892086061771,332.41683432895894,75,17.92166565856413,74.14583333333333,66.0,36.270833333333336,64.30208333333333,41.07291666666666,30.166666666666668
12,mi,0.0003162277660168,0.03,10.0,1.0,,0.5,True,0.1,exemplar_mean,0.5599160283528052,266.4850444004875,75,20.79744095302901,68.83333333333333,39.270833333333336,16.270833333333332,42.5,24.729166666666668,16.729166666666668
12,mi,0.001,0.03,10.0,1.0,,0.5,True,0.1,exemplar_mean,0.6242051102463709,246.18441712770417,75,27.1244005260368,49.645833333333336,24.02083333333333,9.041666666666666,26.15625,11.416666666666666,10.75
12,mi,0.0031622776601683,0.03,10.0,1.0,,0.5,True,0.1,exemplar_mean,0.6298022594982565,242.6833857467641,75,39.98967282461571,32.15625,15.791666666666666,6.5,11.71875,6.1875,5.520833333333333
12,mi,0.01,0.03,10.0,1.0,,0.5,True,0.1,exemplar_mean,0.6634580042433375,232.4554509668359,75,67.11782748788822,19.92708333333333,8.3125,3.78125,9.697916666666666,5.333333333333333,3.6145833333333335
12,mi,0.0316227766016837,0.03,10.0,1.0,,0.5,True,0.1,exemplar_mean,0.6280343799789776,244.02099615462097,75,115.27786812660663,11.552083333333334,6.052083333333333,2.1979166666666665,5.84375,3.21875,2.4791666666666665
12,mi,0.1,0.03,10.0,1.0,,0.5,True,0.1,exemplar_mean,0.6106262167345321,249.8714778489336,75,190.20542315422813,7.166666666666667,4.21875,2.03125,3.8020833333333335,2.28125,1.6770833333333333
12,mi,0.3162277660168379,0.03,10.0,1.0,,0.5,True,0.1,exemplar_mean,0.5366996434445284,275.8888707435391,75,336.7455555707571,4.208333333333333,3.020833333333333,1.5729166666666667,3.0729166666666665,1.6354166666666667,1.5625
12,mi,1.0,0.03,10.0,1.0,,0.5,True,0.1,exemplar_mean,0.4031389693915838,317.705646186413,75,568.4632625889773,2.6041666666666665,2.1979166666666665,1.2604166666666667,2.28125,1.4166666666666667,1.1979166666666667
12,mi,3.1622776601683795,0.03,10.0,1.0,,0.5,True,0.1,exemplar_mean,0.27938931396111,354.7078015251759,75,1296.507405322665,1.6458333333333333,1.4895833333333333,1.1041666666666667,1.46875,1.2083333333333333,1.0625
13,mi,3.1622776601683795e-05,0.03,10.0,1.0,,0.5,True,0.2,exemplar_mean,0.1949466530765627,371.90913288521614,75,22.556525890811727,78.8125,73.67708333333333,51.51041666666666,73.27083333333333,55.82291666666666,56.5
13,mi,0.0001,0.03,10.0,1.0,,0.5,True,0.2,exemplar_mean,0.3350786258643962,337.5341975278635,75,20.06238826377516,74.29166666666667,62.427083333333336,31.95833333333333,60.9375,46.4375,33.729166666666664
13,mi,0.0003162277660168,0.03,10.0,1.0,,0.5,True,0.2,exemplar_mean,0.5782944771998615,260.45436986710246,75,21.65567228630037,67.66666666666667,42.28125,17.739583333333332,44.07291666666666,28.70833333333333,16.489583333333332
13,mi,0.001,0.03,10.0,1.0,,0.5,True,0.2,exemplar_mean,0.5899053517246101,257.6977410934193,75,28.20751136088175,48.22916666666666,27.71875,11.364583333333334,29.25,14.666666666666666,10.104166666666666
13,mi,0.0031622776601683,0.03,10.0,1.0,,0.5,True,0.2,exemplar_mean,0.6166464554438971,249.26382373408575,75,40.80927480900738,31.885416666666668,16.520833333333332,6.083333333333333,16.916666666666668,7.96875,7.104166666666667
13,mi,0.01,0.03,10.0,1.0,,0.5,True,0.2,exemplar_mean,0.5558622868018289,267.63487504823587,75,70.24191711470884,17.677083333333332,11.447916666666666,4.083333333333333,9.885416666666666,4.96875,4.4375
13,mi,0.0316227766016837,0.03,10.0,1.0,,0.5,True,0.2,exemplar_mean,0.6182967682574859,246.2322786902498,75,121.16558822279217,11.40625,6.010416666666667,2.8125,5.458333333333333,3.052083333333333,2.6979166666666665
13,mi,0.1,0.03,10.0,1.0,,0.5,True,0.2,exemplar_mean,0.6246362518469933,245.17674534049985,75,204.57717042985163,6.989583333333333,3.9166666666666665,1.875,3.8958333333333335,2.1666666666666665,1.8125
13,mi,0.3162277660168379,0.03,10.0,1.0,,0.5,True,0.2,exemplar_mean,0.5901924042396018,258.5119076098582,75,356.22289781745604,4.229166666666667,2.625,1.3229166666666667,2.739583333333333,1.6666666666666667,1.3958333333333333
13,mi,1.0,0.03,10.0,1.0,,0.5,True,0.2,exemplar_mean,0.4448412782662745,304.5460625695206,75,750.3716344263833,2.34375,1.9270833333333333,1.2291666666666667,1.9375,1.2083333333333333,1.25
13,mi,3.1622776601683795,0.03,10.0,1.0,,0.5,True,0.2,exemplar_mean,0.2668676850942297,356.4966760906642,75,1564.815474828351,1.5,1.3854166666666667,1.0833333333333333,1.625,1.1770833333333333,1.09375
14,mi,3.1622776601683795e-05,0.03,10.0,1.0,,1.0,True,0.1,exemplar_mean,0.2275542630926635,369.41712255808864,75,22.254374299039384,79.13541666666667,72.73958333333333,50.145833333333336,74.11458333333333,65.65625,52.65625
14,mi,0.0001,0.03,10.0,1.0,,1.0,True,0.1,exemplar_mean,0.4325695507257603,308.90515979733283,75,20.82457817969629,76.40625,59.770833333333336,34.083333333333336,65.07291666666667,45.333333333333336,31.385416666666668
14,mi,0.0003162277660168,0.03,10.0,1.0,,1.0,True,0.1,exemplar_mean,0.5112661187965349,282.3214254201939,75,19.498958496753403,66.78125,45.552083333333336,19.729166666666668,45.3125,23.635416666666668,17.145833333333332
14,mi,0.001,0.03,10.0,1.0,,1.0,True,0.1,exemplar_mean,0.6184464429945753,248.0144014927784,75,27.738849511005697,48.8125,24.9375,10.760416666666666,24.27083333333333,15.90625,11.572916666666666
14,mi,0.0031622776601683,0.03,10.0,1.0,,1.0,True,0.1,exemplar_mean,0.6524579717547636,235.97218277067412,75,40.75622819073904,32.864583333333336,14.03125,5.947916666666667,14.0,10.447916666666666,5.833333333333333
14,mi,0.01,0.03,10.0,1.0,,1.0,True,0.1,exemplar_mean,0.6373671193473452,241.05638626734125,75,67.82873669794597,19.46875,9.145833333333334,3.489583333333333,9.572916666666666,4.760416666666667,3.78125
14,mi,0.0316227766016837,0.03,10.0,1.0,,1.0,True,0.1,exemplar_mean,0.6651654351322546,230.7196673197026,75,104.30248434391125,12.770833333333334,5.78125,2.40625,5.677083333333333,3.1979166666666665,2.364583333333333
14,mi,0.1,0.03,10.0,1.0,,1.0,True,0.1,exemplar_mean,0.659691152023015,233.55712370653083,75,178.3814853356694,7.885416666666667,3.395833333333333,1.84375,4.364583333333333,2.09375,1.8541666666666667
14,mi,0.3162277660168379,0.03,10.0,1.0,,1.0,True,0.1,exemplar_mean,0.5665277947259156,263.81567096073366,75,280.0393036793852,4.895833333333333,3.114583333333333,1.3645833333333333,2.5625,1.5104166666666667,1.3333333333333333
14,mi,1.0,0.03,10.0,1.0,,1.0,True,0.1,exemplar_mean,0.3592563153163634,329.113242733569,75,527.7171913617117,2.552083333333333,2.3541666666666665,1.1875,2.395833333333333,1.3854166666666667,1.2604166666666667
14,mi,3.1622776601683795,0.03,10.0,1.0,,1.0,True,0.1,exemplar_mean,0.4333380210517312,308.4508162120422,75,1553.1404956056788,1.7291666666666667,1.5208333333333333,1.21875,1.5833333333333333,1.25,1.1875
15,mi,3.1622776601683795e-05,0.03,10.0,1.0,,1.0,True,0.2,exemplar_mean,0.2079968200517585,371.25571835823973,75,23.74183304720668,78.94791666666667,76.15625,50.770833333333336,74.84375,58.520833333333336,56.26041666666666
15,mi,0.0001,0.03,10.0,1.0,,1.0,True,0.2,exemplar_mean,0.3804769828123777,322.48902408375216,75,20.13097158849417,74.96875,62.19791666666666,35.104166666666664,63.520833333333336,47.375,30.90625
15,mi,0.0003162277660168,0.03,10.0,1.0,,1.0,True,0.2,exemplar_mean,0.5002278855930561,286.96544766663703,75,20.70133748923853,65.8125,43.739583333333336,19.23958333333333,46.645833333333336,26.1875,17.489583333333332
15,mi,0.001,0.03,10.0,1.0,,1.0,True,0.2,exemplar_mean,0.5579797084886364,267.9033243752657,75,25.431231054843536,49.458333333333336,30.08333333333333,10.0,27.48958333333333,14.125,10.572916666666666
15,mi,0.0031622776601683,0.03,10.0,1.0,,1.0,True,0.2,exemplar_mean,0.6307822792309222,242.91223698888612,75,39.22242416702859,33.708333333333336,16.072916666666668,6.677083333333333,12.9375,8.270833333333334,6.916666666666667
15,mi,0.01,0.03,10.0,1.0,,1.0,True,0.2,exemplar_mean,0.592345616107453,256.50109430474294,75,74.5588442317735,17.96875,9.927083333333334,4.46875,9.333333333333334,5.71875,3.7604166666666665
15,mi,0.0316227766016837,0.03,10.0,1.0,,1.0,True,0.2,exemplar_mean,0.6103180675130735,251.29963636549692,75,114.50795180416834,11.625,6.291666666666667,2.1979166666666665,5.677083333333333,3.46875,2.375
15,mi,0.1,0.03,10.0,1.0,,1.0,True,0.2,exemplar_mean,0.5701368144522604,263.7526106612145,75,174.9176149516685,7.302083333333333,4.625,1.7604166666666667,3.71875,2.3854166666666665,1.7708333333333333
15,mi,0.3162277660168379,0.03,10.0,1.0,,1.0,True,0.2,exemplar_mean,0.6037014569324196,253.63067277794852,75,333.19777715694187,4.520833333333333,2.65625,1.25,2.9166666666666665,1.6770833333333333,1.5104166666666667
15,mi,1.0,0.03,10.0,1.0,,1.0,True,0.2,exemplar_mean,0.4164290262530086,313.9283852710587,75,678.7035745838256,2.4479166666666665,1.9583333333333333,1.21875,1.90625,1.375,1.1458333333333333
15,mi,3.1622776601683795,0.03,10.0,1.0,,1.0,True,0.2,exemplar_mean,0.3848579332408748,323.85946354136814,75,1553.381654570915,1.625,1.4270833333333333,1.0729166666666667,1.5729166666666667,1.2291666666666667,1.09375
16,mi,3.1622776601683795e-05,0.1,1.0,0.1,,0.5,True,0.1,exemplar_mean,0.3328411541378162,334.6286982206701,75,28.768643935926253,78.57291666666667,76.0625,51.739583333333336,74.55208333333333,64.05208333333333,54.270833333333336
16,mi,0.0001,0.1,1.0,0.1,,0.5,True,0.1,exemplar_mean,0.3421665667771791,334.68814862099214,75,19.04002676676014,75.0625,64.10416666666667,30.46875,63.1875,44.84375,36.770833333333336
16,mi,0.0003162277660168,0.1,1.0,0.1,,0.5,True,0.1,exemplar_mean,0.4372132718276567,307.09522489383863,75,20.899725219208165,62.864583333333336,44.875,19.27083333333333,44.927083333333336,24.33333333333333,21.42708333333333
16,mi,0.001,0.1,1.0,0.1,,0.5,True,0.1,exemplar_mean,0.6213404626157044,245.24022783828133,75,28.44083225642218,48.38541666666666,28.11458333333333,12.458333333333334,27.354166666666668,16.21875,11.4375
16,mi,0.0031622776601683,0.1,1.0,0.1,,0.5,True,0.1,exemplar_mean,0.5916266261686954,256.7933102064939,75,49.516749955847395,27.416666666666668,16.46875,7.9375,17.010416666666668,8.375,7.604166666666667
16,mi,0.01,0.1,1.0,0.1,,0.5,True,0.1,exemplar_mean,0.6168060152138282,249.60766834540323,75,77.45810246624632,17.677083333333332,9.489583333333334,4.270833333333333,8.510416666666666,5.1875,4.583333333333333
16,mi,0.0316227766016837,0.1,1.0,0.1,,0.5,True,0.1,exemplar_mean,0.6050582729306675,252.89234129051695,75,119.7898804656764,11.166666666666666,6.53125,2.71875,6.416666666666667,3.239583333333333,3.0104166666666665
16,mi,0.1,0.1,1.0,0.1,,0.5,True,0.1,exemplar_mean,0.6436755724060829,237.70985642469745,75,177.98041884193967,7.75,4.0,1.7291666666666667,3.6458333333333335,2.3229166666666665,1.8645833333333333
16,mi,0.3162277660168379,0.1,1.0,0.1,,0.5,True,0.1,exemplar_mean,0.516895912413761,283.2790691092694,75,336.73371028798783,4.104166666666667,3.0625,1.4583333333333333,3.2291666666666665,1.6770833333333333,1.53125
16,mi,1.0,0.1,1.0,0.1,,0.5,True,0.1,exemplar_mean,0.5222262235157716,278.20551382493784,75,673.0879188985155,2.6354166666666665,2.0416666666666665,1.28125,2.03125,1.4583333333333333,1.15625
16,mi,3.1622776601683795,0.1,1.0,0.1,,0.5,True,0.1,exemplar_mean,0.3889660100576766,320.6851378128746,75,1386.4545091475618,1.6979166666666667,1.5625,1.1041666666666667,1.4375,1.15625,1.15625
17,mi,3.1622776601683795e-05,0.1,1.0,0.1,,0.5,True,0.2,exemplar_mean,0.2164306748696712,368.60721884273033,75,31.43307917817791,77.39583333333333,74.96875,54.34375,75.22916666666667,64.71875,56.94791666666666
17,mi,0.0001,0.1,1.0,0.1,,0.5,True,0.2,exemplar_mean,0.4423205771524056,305.42988628470425,75,26.21892938078479,73.97916666666667,63.1875,35.875,59.79166666666666,48.15625,38.46875
17,mi,0.0003162277660168,0.1,1.0,0.1,,0.5,True,0.2,exemplar_mean,0.5719950367057931,261.8560547132377,75,23.01134758650747,66.3125,44.958333333333336,22.90625,45.59375,28.84375,23.541666666666668
17,mi,0.001,0.1,1.0,0.1,,0.5,True,0.2,exemplar_mean,0.6204323996373452,248.47031638400932,75,30.70054298820141,47.333333333333336,26.58333333333333,12.875,32.822916666666664,16.854166666666668,12.541666666666666
17,mi,0.0031622776601683,0.1,1.0,0.1,,0.5,True,0.2,exemplar_mean,0.611598552381925,251.53236331492369,75,43.03949569680937,31.4375,17.3125,7.645833333333333,16.0625,9.385416666666666,8.03125
17,mi,0.01,0.1,1.0,0.1,,0.5,True,0.2,exemplar_mean,0.5746806610628474,262.33630502357556,75,79.0515989284379,17.25,11.145833333333334,4.010416666666667,10.572916666666666,5.645833333333333,5.375
17,mi,0.0316227766016837,0.1,1.0,0.1,,0.5,True,0.2,exemplar_mean,0.6596797754547186,232.99983983784236,75,120.16816705297887,11.90625,5.75,2.8541666666666665,6.177083333333333,3.25,3.1979166666666665
17,mi,0.1,0.1,1.0,0.1,,0.5,True,0.2,exemplar_mean,0.5996879090265175,254.51495342793,75,204.19592124412955,6.875,4.333333333333333,1.9375,4.5,2.625,1.9270833333333333
17,mi,0.3162277660168379,0.1,1.0,0.1,,0.5,True,0.2,exemplar_mean,0.5355565650478175,275.83821002121715,75,361.21324440575455,3.9895833333333335,2.958333333333333,1.34375,2.6979166666666665,1.7708333333333333,1.4791666666666667
17,mi,1.0,0.1,1.0,0.1,,0.5,True,0.2,exemplar_mean,0.4912087356114557,290.1416291391826,75,715.8439234418948,2.458333333333333,1.9166666666666667,1.1770833333333333,2.020833333333333,1.4270833333333333,1.2083333333333333
17,mi,3.1622776601683795,0.1,1.0,0.1,,0.5,True,0.2,exemplar_mean,0.2513820439155006,362.17904844030113,75,1689.1289867344872,1.4791666666666667,1.3854166666666667,1.09375,1.65625,1.1875,1.15625
18,mi,3.1622776601683795e-05,0.1,1.0,0.1,,1.0,True,0.1,exemplar_mean,0.3034012938218092,345.1631172832349,75,29.48880675557558,78.97916666666667,75.55208333333333,53.583333333333336,75.58333333333333,66.32291666666667,53.375
18,mi,0.0001,0.1,1.0,0.1,,1.0,True,0.1,exemplar_mean,0.4687427587488962,296.44121267168106,75,22.44611960603722,76.1875,61.97916666666666,33.1875,63.458333333333336,41.0,39.177083333333336
18,mi,0.0003162277660168,0.1,1.0,0.1,,1.0,True,0.1,exemplar_mean,0.5451599103149167,271.50826409378095,75,21.153655388036796,66.94791666666667,45.04166666666666,17.520833333333332,44.020833333333336,26.64583333333333,20.61458333333333
18,mi,0.001,0.1,1.0,0.1,,1.0,True,0.1,exemplar_mean,0.6731039621504378,228.19687059442177,75,26.86397128947479,52.26041666666666,24.197916666666668,10.84375,31.64583333333333,16.114583333333332,11.864583333333334
18,mi,0.0031622776601683,0.1,1.0,0.1,,1.0,True,0.1,exemplar_mean,0.6386122537907535,241.33936071589468,75,43.36120172727627,31.27083333333333,16.197916666666668,7.0625,15.114583333333334,10.072916666666666,7.979166666666667
18,mi,0.01,0.1,1.0,0.1,,1.0,True,0.1,exemplar_mean,0.6207660250030994,246.2972593195649,75,79.83215660998735,17.583333333333332,9.479166666666666,3.9166666666666665,9.854166666666666,5.760416666666667,4.510416666666667
18,mi,0.0316227766016837,0.1,1.0,0.1,,1.0,True,0.1,exemplar_mean,0.6641343344205656,231.0385203277532,75,112.09519164662022,12.34375,5.802083333333333,2.6354166666666665,5.572916666666667,3.6666666666666665,2.802083333333333
18,mi,0.1,0.1,1.0,0.1,,1.0,True,0.1,exemplar_mean,0.5843495687306525,260.3136248429572,75,183.43743822109712,7.260416666666667,4.541666666666667,1.9791666666666667,4.0,2.25,1.8854166666666667
18,mi,0.3162277660168379,0.1,1.0,0.1,,1.0,True,0.1,exemplar_mean,0.5258319373232351,279.9417544927534,75,325.8249512006458,4.260416666666667,3.0104166666666665,1.34375,3.114583333333333,1.9583333333333333,1.5
18,mi,1.0,0.1,1.0,0.1,,1.0,True,0.1,exemplar_mean,0.3973125275345457,318.8154633409264,75,605.1878650914191,2.5,2.0729166666666665,1.1875,2.083333333333333,1.375,1.25
18,mi,3.1622776601683795,0.1,1.0,0.1,,1.0,True,0.1,exemplar_mean,0.2455517388180298,357.66540942626295,75,1123.6612972077687,1.6041666666666667,1.5625,1.0833333333333333,1.6666666666666667,1.28125,1.1041666666666667
19,mi,3.1622776601683795e-05,0.1,1.0,0.1,,1.0,True,0.2,exemplar_mean,0.3635464384423794,329.91407344364416,75,42.541308910544046,77.875,73.15625,54.51041666666666,75.83333333333333,62.9375,57.645833333333336
19,mi,0.0001,0.1,1.0,0.1,,1.0,True,0.2,exemplar_mean,0.4019515067651923,316.3807609913407,75,21.763981462869847,75.6875,68.42708333333333,36.78125,64.76041666666667,47.552083333333336,38.46875
19,mi,0.0003162277660168,0.1,1.0,0.1,,1.0,True,0.2,exemplar_mean,0.572491952015722,264.5086215864211,75,21.318052379828007,69.45833333333333,45.13541666666666,20.09375,48.16666666666666,24.447916666666668,26.58333333333333
19,mi,0.001,0.1,1.0,0.1,,1.0,True,0.2,exemplar_mean,0.6098117586830787,248.7520230183859,75,29.660484329590616,48.3125,30.08333333333333,12.395833333333334,28.17708333333333,17.40625,14.447916666666666
19,mi,0.0031622776601683,0.1,1.0,0.1,,1.0,True,0.2,exemplar_mean,0.6265240284777948,243.8754276287395,75,46.32871041324152,30.71875,17.510416666666668,7.385416666666667,17.458333333333332,10.4375,8.65625
19,mi,0.01,0.1,1.0,0.1,,1.0,True,0.2,exemplar_mean,0.535428642869892,275.70732895823494,75,74.43135276338933,17.520833333333332,11.739583333333334,4.479166666666667,10.604166666666666,6.114583333333333,3.96875
19,mi,0.0316227766016837,0.1,1.0,0.1,,1.0,True,0.2,exemplar_mean,0.6252341711808557,246.0030609724772,75,124.646007499981,11.427083333333334,6.125,2.9375,6.229166666666667,3.583333333333333,3.1979166666666665
19,mi,0.1,0.1,1.0,0.1,,1.0,True,0.2,exemplar_mean,0.5502596057837099,270.91093241857664,75,222.55461693757377,6.375,4.208333333333333,1.9479166666666667,4.53125,2.239583333333333,1.9791666666666667
19,mi,0.3162277660168379,0.1,1.0,0.1,,1.0,True,0.2,exemplar_mean,0.5283639191682575,276.8439258185506,75,342.5686113482162,4.125,3.0,1.5,2.645833333333333,1.8125,1.4166666666666667
19,mi,1.0,0.1,1.0,0.1,,1.0,True,0.2,exemplar_mean,0.4057009029459079,314.5338304829799,75,708.0583652772808,2.302083333333333,2.03125,1.3125,2.145833333333333,1.3854166666666667,1.125
19,mi,3.1622776601683795,0.1,1.0,0.1,,1.0,True,0.2,exemplar_mean,0.1102652469524064,390.5367504336643,75,1027.130371043924,1.4270833333333333,1.4166666666666667,1.15625,1.5833333333333333,1.2083333333333333,1.1458333333333333
20,mi,3.1622776601683795e-05,0.1,1.0,1.0,,0.5,True,0.1,exemplar_mean,0.30270775544004,347.0625652789753,75,27.305903715615248,78.77083333333333,73.90625,51.32291666666666,72.75,60.51041666666666,52.239583333333336
20,mi,0.0001,0.1,1.0,1.0,,0.5,True,0.1,exemplar_mean,0.3752041826097432,323.29066309095305,75,19.44864509165546,74.41666666666667,63.29166666666666,29.86458333333333,65.48958333333333,36.958333333333336,30.65625
20,mi,0.0003162277660168,0.1,1.0,1.0,,0.5,True,0.1,exemplar_mean,0.5184802095076453,280.24761115428475,75,19.579415921613975,66.21875,46.489583333333336,19.09375,48.82291666666666,24.34375,17.34375
20,mi,0.001,0.1,1.0,1.0,,0.5,True,0.1,exemplar_mean,0.6017904970824403,253.21572792837537,75,24.957573154351113,51.69791666666666,25.760416666666668,10.020833333333334,27.42708333333333,14.072916666666666,8.604166666666666
20,mi,0.0031622776601683,0.1,1.0,1.0,,0.5,True,0.1,exemplar_mean,0.624644256504133,244.09733921881556,75,43.467695041099894,30.03125,15.729166666666666,5.270833333333333,15.3125,7.802083333333333,5.885416666666667
20,mi,0.01,0.1,1.0,1.0,,0.5,True,0.1,exemplar_mean,0.6260659240876206,244.4016123396163,75,68.89393549016451,19.20833333333333,9.197916666666666,3.71875,8.958333333333334,5.083333333333333,3.8854166666666665
20,mi,0.0316227766016837,0.1,1.0,1.0,,0.5,True,0.1,exemplar_mean,0.6487829398361241,237.95795643877835,75,105.88653951435016,12.59375,5.375,2.25,6.083333333333333,3.3854166666666665,2.6875
20,mi,0.1,0.1,1.0,1.0,,0.5,True,0.1,exemplar_mean,0.5474257004454699,271.4589077575316,75,182.37604588701285,6.989583333333333,4.802083333333333,1.6666666666666667,3.9270833333333335,2.208333333333333,2.083333333333333
20,mi,0.3162277660168379,0.1,1.0,1.0,,0.5,True,0.1,exemplar_mean,0.5007119731484506,285.37390584194657,75,351.88614681221907,3.9791666666666665,3.0104166666666665,1.53125,3.1041666666666665,1.6041666666666667,1.3020833333333333
20,mi,1.0,0.1,1.0,1.0,,0.5,True,0.1,exemplar_mean,0.4337620480056596,306.9650565047424,75,659.5988948770687,2.552083333333333,2.25,1.28125,2.2916666666666665,1.3229166666666667,1.34375
20,mi,3.1622776601683795,0.1,1.0,1.0,,0.5,True,0.1,exemplar_mean,0.0629885860611658,401.8511058239284,75,544.0566572311343,1.5520833333333333,1.6145833333333333,1.1770833333333333,1.5520833333333333,1.3125,1.1458333333333333
21,mi,3.1622776601683795e-05,0.1,1.0,1.0,,0.5,True,0.2,exemplar_mean,0.3102009479537263,341.74450173517823,75,28.305547182013896,78.6875,72.30208333333333,48.552083333333336,74.4375,56.07291666666666,51.708333333333336
21,mi,0.0001,0.1,1.0,1.0,,0.5,True,0.2,exemplar_mean,0.342394288050311,334.7549163471551,75,18.575488854635687,75.64583333333333,64.15625,29.84375,62.895833333333336,37.0,30.17708333333333
21,mi,0.0003162277660168,0.1,1.0,1.0,,0.5,True,0.2,exemplar_mean,0.5300732459011501,276.92743894618997,75,19.20521975038538,69.1875,45.020833333333336,19.375,44.739583333333336,21.58333333333333,18.28125
21,mi,0.001,0.1,1.0,1.0,,0.5,True,0.2,exemplar_mean,0.6210059056140026,246.815153980248,75,25.529299589125745,51.489583333333336,26.5625,8.927083333333334,25.75,12.208333333333334,9.15625
21,mi,0.0031622776601683,0.1,1.0,1.0,,0.5,True,0.2,exemplar_mean,0.6500805078282244,238.42494441939948,75,43.13146278807057,31.375,13.635416666666666,6.34375,14.4375,8.78125,6.84375
21,mi,0.01,0.1,1.0,1.0,,0.5,True,0.2,exemplar_mean,0.602663240355856,253.1033001364428,75,72.40786215597487,17.75,10.375,3.9375,9.666666666666666,5.166666666666667,4.03125
21,mi,0.0316227766016837,0.1,1.0,1.0,,0.5,True,0.2,exemplar_mean,0.664003370321949,232.89696651206833,75,118.90192434247938,11.677083333333334,5.416666666666667,2.34375,5.458333333333333,3.7291666666666665,2.864583333333333
21,mi,0.1,0.1,1.0,1.0,,0.5,True,0.2,exemplar_mean,0.6302981762855274,243.4581539186198,75,214.7946234323419,6.739583333333333,3.8333333333333335,1.7291666666666667,3.875,2.239583333333333,1.7916666666666667
21,mi,0.3162277660168379,0.1,1.0,1.0,,0.5,True,0.2,exemplar_mean,0.5371459605956844,273.975091525336,75,406.9857874425836,3.78125,2.7291666666666665,1.4895833333333333,2.770833333333333,1.7291666666666667,1.4375
21,mi,1.0,0.1,1.0,1.0,,0.5,True,0.2,exemplar_mean,0.5932833244767043,256.6310918133216,75,671.5964562241243,2.75,1.8854166666666667,1.1770833333333333,1.7708333333333333,1.4270833333333333,1.1979166666666667
21,mi,3.1622776601683795,0.1,1.0,1.0,,0.5,True,0.2,exemplar_mean,0.3787206007739198,324.60133593635913,75,2234.78157454689,1.5208333333333333,1.3958333333333333,1.1458333333333333,1.4791666666666667,1.2916666666666667,1.0833333333333333
22,mi,3.1622776601683795e-05,0.1,1.0,1.0,,1.0,True,0.1,exemplar_mean,0.2632394665061164,354.10352993712837,75,24.861489274589815,79.33333333333333,74.90625,51.34375,72.47916666666667,57.66666666666666,50.63541666666666
22,mi,0.0001,0.1,1.0,1.0,,1.0,True,0.1,exemplar_mean,0.395563296763201,320.08637337660946,75,19.77269415163681,76.19791666666667,60.802083333333336,35.416666666666664,59.34375,38.802083333333336,31.385416666666668
22,mi,0.0003162277660168,0.1,1.0,1.0,,1.0,True,0.1,exemplar_mean,0.4743576940006777,295.405041947359,75,19.327578260213812,64.67708333333333,43.59375,15.510416666666666,45.375,23.5625,17.322916666666668
22,mi,0.001,0.1,1.0,1.0,,1.0,True,0.1,exemplar_mean,0.6042670473646821,254.2841616807511,75,26.87288541479329,48.552083333333336,24.39583333333333,11.395833333333334,25.4375,13.520833333333334,8.90625
22,mi,0.0031622776601683,0.1,1.0,1.0,,1.0,True,0.1,exemplar_mean,0.6037111262733041,253.05280511779392,75,42.82469296995238,30.05208333333333,15.770833333333334,6.677083333333333,14.239583333333334,8.416666666666666,7.208333333333333
22,mi,0.01,0.1,1.0,1.0,,1.0,True,0.1,exemplar_mean,0.6652325296050247,231.4651789919905,75,74.15151661109331,18.5625,7.6875,3.6458333333333335,8.21875,4.489583333333333,3.427083333333333
22,mi,0.0316227766016837,0.1,1.0,1.0,,1.0,True,0.1,exemplar_mean,0.6694601156659253,230.45339616720577,75,113.58032400013325,11.916666666666666,5.666666666666667,2.4375,5.5,2.9479166666666665,2.4791666666666665
22,mi,0.1,0.1,1.0,1.0,,1.0,True,0.1,exemplar_mean,0.6540958009580669,234.86384263081217,75,182.8621944254717,7.645833333333333,3.875,1.96875,4.135416666666667,2.25,1.8854166666666667
22,mi,0.3162277660168379,0.1,1.0,1.0,,1.0,True,0.1,exemplar_mean,0.5302642937418619,278.611758748256,75,310.0388243154343,4.458333333333333,3.15625,1.5416666666666667,3.15625,1.7708333333333333,1.4583333333333333
22,mi,1.0,0.1,1.0,1.0,,1.0,True,0.1,exemplar_mean,0.4204665572013043,309.350203549394,75,695.0282682290097,2.489583333333333,2.083333333333333,1.34375,2.15625,1.5,1.25
22,mi,3.1622776601683795,0.1,1.0,1.0,,1.0,True,0.1,exemplar_mean,0.0033560494929384,407.4797049715788,75,-198.11138673859023,1.3541666666666667,1.375,1.1666666666666667,1.5416666666666667,1.28125,1.15625
23,mi,3.1622776601683795e-05,0.1,1.0,1.0,,1.0,True,0.2,exemplar_mean,0.2615864046396727,357.07507497793074,75,23.35308001879365,79.73958333333333,76.0,53.270833333333336,73.15625,59.16666666666666,49.29166666666666
23,mi,0.0001,0.1,1.0,1.0,,1.0,True,0.2,exemplar_mean,0.3703717081955834,324.5882833501575,75,19.789132361788447,74.0625,62.26041666666666,32.875,65.84375,38.177083333333336,34.1875
23,mi,0.0003162277660168,0.1,1.0,1.0,,1.0,True,0.2,exemplar_mean,0.5157556821354815,284.10394994981476,75,19.290656305442596,68.35416666666667,43.833333333333336,16.083333333333332,41.833333333333336,22.46875,18.84375
23,mi,0.001,0.1,1.0,1.0,,1.0,True,0.2,exemplar_mean,0.5724645853736978,263.02342545956594,75,23.77275444859031,51.96875,30.541666666666668,10.229166666666666,25.635416666666668,12.666666666666666,10.84375
23,mi,0.0031622776601683,0.1,1.0,1.0,,1.0,True,0.2,exemplar_mean,0.6212191678948573,245.8269395099983,75,44.336148218561334,30.135416666666668,15.395833333333334,6.885416666666667,15.0625,8.125,6.385416666666667
23,mi,0.01,0.1,1.0,1.0,,1.0,True,0.2,exemplar_mean,0.6250732922481147,245.4800259428116,75,72.51455607767886,18.61458333333333,9.364583333333334,4.239583333333333,9.208333333333334,5.25,4.125
23,mi,0.0316227766016837,0.1,1.0,1.0,,1.0,True,0.2,exemplar_mean,0.6035339619704527,251.6878444976566,75,125.7941997999124,10.760416666666666,6.197916666666667,2.2604166666666665,6.166666666666667,3.15625,2.645833333333333
23,mi,0.1,0.1,1.0,1.0,,1.0,True,0.2,exemplar_mean,0.6123299818548316,249.85180727232577,75,210.12287839660937,6.833333333333333,3.8541666666666665,1.7708333333333333,3.9166666666666665,1.9895833333333333,1.9270833333333333
23,mi,0.3162277660168379,0.1,1.0,1.0,,1.0,True,0.2,exemplar_mean,0.5967608743882199,254.85033902172432,75,360.0875279961313,4.302083333333333,2.6979166666666665,1.4270833333333333,3.0625,1.5625,1.3229166666666667
23,mi,1.0,0.1,1.0,1.0,,1.0,True,0.2,exemplar_mean,0.4505360459080474,302.1900898434762,75,803.7508822352906,2.364583333333333,1.90625,1.28125,2.03125,1.5416666666666667,1.2708333333333333
23,mi,3.1622776601683795,0.1,1.0,1.0,,1.0,True,0.2,exemplar_mean,0.2388792051865799,366.8512817373997,75,1519.0651032463331,1.5416666666666667,1.3229166666666667,1.125,1.4375,1.2604166666666667,1.1770833333333333
24,mi,3.1622776601683795e-05,0.1,10.0,0.1,,0.5,True,0.1,exemplar_mean,0.3131616435813404,342.7150085186857,75,34.64351498796219,78.01041666666667,72.69791666666667,53.458333333333336,77.05208333333333,66.59375,55.29166666666666
24,mi,0.0001,0.1,10.0,0.1,,0.5,True,0.1,exemplar_mean,0.3225992567407341,338.8719684030499,75,18.201067094675505,74.82291666666667,70.02083333333333,34.75,66.48958333333333,46.54166666666666,36.114583333333336
24,mi,0.0003162277660168,0.1,10.0,0.1,,0.5,True,0.1,exemplar_mean,0.5913242335148927,255.57139681644705,75,24.286488593506785,64.9375,41.85416666666666,20.53125,50.54166666666666,28.197916666666668,22.27083333333333
24,mi,0.001,0.1,10.0,0.1,,0.5,True,0.1,exemplar_mean,0.5868453759284712,257.36228608538903,75,29.61107114525818,47.51041666666666,28.572916666666668,12.666666666666666,28.80208333333333,16.260416666666668,12.53125
24,mi,0.0031622776601683,0.1,10.0,0.1,,0.5,True,0.1,exemplar_mean,0.6362453166822745,241.77641355143447,75,44.16948462987579,31.25,17.072916666666668,6.979166666666667,16.145833333333332,11.333333333333334,8.375
24,mi,0.01,0.1,10.0,0.1,,0.5,True,0.1,exemplar_mean,0.6658760169366269,229.3969848059882,75,85.4611703865552,17.5625,9.166666666666666,5.104166666666667,9.84375,6.072916666666667,4.635416666666667
24,mi,0.0316227766016837,0.1,10.0,0.1,,0.5,True,0.1,exemplar_mean,0.6175364965677832,246.57166873245143,75,123.24773641138572,11.364583333333334,6.354166666666667,2.71875,6.5625,3.6145833333333335,3.03125
24,mi,0.1,0.1,10.0,0.1,,0.5,True,0.1,exemplar_mean,0.6233425327733888,246.59140877567788,75,186.012031159129,7.520833333333333,4.0625,1.7083333333333333,3.96875,2.333333333333333,2.0104166666666665
24,mi,0.3162277660168379,0.1,10.0,0.1,,0.5,True,0.1,exemplar_mean,0.5985345377110726,253.73312543476672,75,294.6769572860701,4.78125,3.0416666666666665,1.4166666666666667,2.864583333333333,1.6354166666666667,1.5416666666666667
24,mi,1.0,0.1,10.0,0.1,,0.5,True,0.1,exemplar_mean,0.4862578437265349,291.79876568011366,75,524.9396007170349,2.8541666666666665,2.302083333333333,1.1770833333333333,2.114583333333333,1.3333333333333333,1.25
24,mi,3.1622776601683795,0.1,10.0,0.1,,0.5,True,0.1,exemplar_mean,0.3726044960977391,324.45236796743956,75,1298.6272529199837,1.6979166666666667,1.5,1.1145833333333333,1.53125,1.1875,1.1145833333333333
25,mi,3.1622776601683795e-05,0.1,10.0,0.1,,0.5,True,0.2,exemplar_mean,0.2540383708647545,355.4835700603874,75,34.98665926062498,77.54166666666667,77.58333333333333,59.72916666666666,76.1875,68.70833333333333,60.75
25,mi,0.0001,0.1,10.0,0.1,,0.5,True,0.2,exemplar_mean,0.3454142496124313,335.63628450607905,75,23.337946201740383,75.39583333333333,65.98958333333333,41.53125,64.95833333333333,51.9375,42.864583333333336
25,mi,0.0003162277660168,0.1,10.0,0.1,,0.5,True,0.2,exemplar_mean,0.498344037005604,288.29025074602714,75,20.737412206689317,69.22916666666667,49.04166666666666,22.92708333333333,45.614583333333336,27.729166666666668,26.979166666666668
25,mi,0.001,0.1,10.0,0.1,,0.5,True,0.2,exemplar_mean,0.6015501542777115,253.28013530285028,75,26.15213712486131,53.51041666666666,30.291666666666668,13.614583333333334,29.64583333333333,18.21875,13.677083333333334
25,mi,0.0031622776601683,0.1,10.0,0.1,,0.5,True,0.2,exemplar_mean,0.5609187304641154,267.0748809038845,75,42.2903156049254,31.822916666666668,19.30208333333333,7.635416666666667,18.08333333333333,9.791666666666666,8.145833333333334
25,mi,0.01,0.1,10.0,0.1,,0.5,True,0.2,exemplar_mean,0.6069541133995524,252.01051533855713,75,70.25479736973665,19.625,10.59375,4.979166666666667,12.46875,6.072916666666667,4.822916666666667
25,mi,0.0316227766016837,0.1,10.0,0.1,,0.5,True,0.2,exemplar_mean,0.5807528932695997,261.0707657500543,75,126.8158377972049,10.90625,6.59375,2.864583333333333,6.90625,3.6458333333333335,3.0
25,mi,0.1,0.1,10.0,0.1,,0.5,True,0.2,exemplar_mean,0.5818602840633934,260.3030314983983,75,195.35145475460573,7.010416666666667,4.375,1.8333333333333333,4.479166666666667,2.125,1.9895833333333333
25,mi,0.3162277660168379,0.1,10.0,0.1,,0.5,True,0.2,exemplar_mean,0.5811705078138413,259.58415501230365,75,359.06112996111716,4.229166666666667,2.65625,1.53125,2.958333333333333,1.5208333333333333,1.4270833333333333
25,mi,1.0,0.1,10.0,0.1,,0.5,True,0.2,exemplar_mean,0.512932021570594,280.8916437504257,75,721.8482020430034,2.520833333333333,1.9791666666666667,1.1875,1.90625,1.3645833333333333,1.2083333333333333
25,mi,3.1622776601683795,0.1,10.0,0.1,,0.5,True,0.2,exemplar_mean,0.190546841746653,372.7534126629543,75,1041.2524076153516,1.5104166666666667,1.5729166666666667,1.0625,1.5416666666666667,1.1354166666666667,1.09375
26,mi,3.1622776601683795e-05,0.1,10.0,0.1,,1.0,True,0.1,exemplar_mean,0.1661481597339211,377.90446867117834,75,22.237737294321843,78.84375,75.52083333333333,49.5,76.57291666666667,61.489583333333336,53.5625
26,mi,0.0001,0.1,10.0,0.1,,1.0,True,0.1,exemplar_mean,0.4295820241124187,307.7784834695009,75,23.035893683317507,76.35416666666667,61.802083333333336,35.864583333333336,67.21875,45.07291666666666,38.15625
26,mi,0.0003162277660168,0.1,10.0,0.1,,1.0,True,0.1,exemplar_mean,0.4741229328565219,295.97863192188504,75,20.444604027705,67.375,47.22916666666666,19.572916666666668,48.85416666666666,28.447916666666668,20.375
26,mi,0.001,0.1,10.0,0.1,,1.0,True,0.1,exemplar_mean,0.6112408412192524,249.78299272443672,75,25.687142632053774,53.51041666666666,28.041666666666668,11.927083333333334,28.30208333333333,14.8125,13.072916666666666
26,mi,0.0031622776601683,0.1,10.0,0.1,,1.0,True,0.1,exemplar_mean,0.6149940909034788,247.9028884714284,75,42.83300087911623,31.697916666666668,17.666666666666668,7.083333333333333,15.822916666666666,9.6875,6.65625
26,mi,0.01,0.1,10.0,0.1,,1.0,True,0.1,exemplar_mean,0.6371906432880913,241.35725319597796,75,70.10071016367208,19.729166666666668,9.479166666666666,4.458333333333333,10.010416666666666,5.791666666666667,4.489583333333333
26,mi,0.0316227766016837,0.1,10.0,0.1,,1.0,True,0.1,exemplar_mean,0.6531393380014805,235.44217774555136,75,112.74814592563708,12.385416666666666,5.979166666666667,2.875,6.114583333333333,3.7604166666666665,3.020833333333333
26,mi,0.1,0.1,10.0,0.1,,1.0,True,0.1,exemplar_mean,0.6571708486515025,235.33737718097467,75,174.0612313927326,7.9375,4.0625,1.84375,4.239583333333333,2.375,2.208333333333333
26,mi,0.3162277660168379,0.1,10.0,0.1,,1.0,True,0.1,exemplar_mean,0.5837367872688042,260.39193574943477,75,316.7062762510654,4.572916666666667,2.8229166666666665,1.5520833333333333,3.052083333333333,1.6666666666666667,1.46875
26,mi,1.0,0.1,10.0,0.1,,1.0,True,0.1,exemplar_mean,0.3379073554693663,334.4243619246772,75,508.6507018184243,2.4791666666666665,2.364583333333333,1.2604166666666667,2.125,1.40625,1.21875
26,mi,3.1622776601683795,0.1,10.0,0.1,,1.0,True,0.1,exemplar_mean,0.2858959728934249,349.8129399143133,75,1127.0666502807237,1.625,1.5625,1.0625,1.7083333333333333,1.15625,1.0625
27,mi,3.1622776601683795e-05,0.1,10.0,0.1,,1.0,True,0.2,exemplar_mean,0.2183238832010845,363.2640358252866,75,32.220213016551085,78.22916666666667,73.67708333333333,57.083333333333336,75.55208333333333,65.09375,61.22916666666666
27,mi,0.0001,0.1,10.0,0.1,,1.0,True,0.2,exemplar_mean,0.3126965550484116,344.3181566185497,75,21.83550963441775,73.6875,67.73958333333333,38.78125,64.29166666666667,51.520833333333336,45.16666666666666
27,mi,0.0003162277660168,0.1,10.0,0.1,,1.0,True,0.2,exemplar_mean,0.492729725969633,290.9580077221201,75,22.59451326368147,64.70833333333333,50.54166666666666,21.125,51.25,29.52083333333333,28.1875
27,mi,0.001,0.1,10.0,0.1,,1.0,True,0.2,exemplar_mean,0.5545544860089627,267.89207312182623,75,25.51685316969432,52.125,33.322916666666664,12.229166666666666,33.989583333333336,19.70833333333333,15.59375
27,mi,0.0031622776601683,0.1,10.0,0.1,,1.0,True,0.2,exemplar_mean,0.5923983915793567,255.46996479907145,75,42.69638341423144,32.1875,18.59375,7.822916666666667,18.375,10.395833333333334,7.489583333333333
27,mi,0.01,0.1,10.0,0.1,,1.0,True,0.2,exemplar_mean,0.6337024868439721,240.81212664608256,75,70.60292618345399,19.89583333333333,10.322916666666666,4.1875,11.354166666666666,6.291666666666667,4.729166666666667
27,mi,0.0316227766016837,0.1,10.0,0.1,,1.0,True,0.2,exemplar_mean,0.6040744466335232,251.39958376435283,75,126.29275806848077,11.3125,6.447916666666667,2.5729166666666665,6.739583333333333,3.552083333333333,3.2291666666666665
27,mi,0.1,0.1,10.0,0.1,,1.0,True,0.2,exemplar_mean,0.5955614738067148,255.85203690282387,75,181.52572438066213,7.572916666666667,4.5,1.84375,4.645833333333333,2.5416666666666665,2.145833333333333
27,mi,0.3162277660168379,0.1,10.0,0.1,,1.0,True,0.2,exemplar_mean,0.5640980360680113,266.3008114871478,75,275.9452338733912,4.895833333333333,3.1979166666666665,1.3229166666666667,2.8125,1.4583333333333333,1.40625
27,mi,1.0,0.1,10.0,0.1,,1.0,True,0.2,exemplar_mean,0.4610828227904125,300.0161533499815,75,608.7651064860189,2.59375,2.1354166666666665,1.2291666666666667,2.0625,1.3125,1.15625
27,mi,3.1622776601683795,0.1,10.0,0.1,,1.0,True,0.2,exemplar_mean,0.2785230246466754,351.3781657036435,75,1329.3892420004508,1.5416666666666667,1.5104166666666667,1.0729166666666667,1.4895833333333333,1.1458333333333333,1.0625
28,mi,3.1622776601683795e-05,0.1,10.0,1.0,,0.5,True,0.1,exemplar_mean,0.2476052223272835,360.0518867149317,75,23.919953378526955,78.82291666666667,74.19791666666667,51.364583333333336,73.42708333333333,57.76041666666666,51.69791666666666
28,mi,0.0001,0.1,10.0,1.0,,0.5,True,0.1,exemplar_mean,0.3471675988086523,332.2707812558921,75,18.500912810838,74.04166666666667,62.458333333333336,34.072916666666664,60.79166666666666,39.5,31.072916666666668
28,mi,0.0003162277660168,0.1,10.0,1.0,,0.5,True,0.1,exemplar_mean,0.5011596016385391,286.31864830733764,75,19.040689855076653,66.11458333333333,46.645833333333336,16.895833333333332,44.71875,22.23958333333333,19.447916666666668
28,mi,0.001,0.1,10.0,1.0,,0.5,True,0.1,exemplar_mean,0.5767077796164491,263.5606922157179,75,27.236484045685337,47.69791666666666,23.03125,9.78125,27.45833333333333,12.791666666666666,10.104166666666666
28,mi,0.0031622776601683,0.1,10.0,1.0,,0.5,True,0.1,exemplar_mean,0.6498340890945838,236.66418185642183,75,41.75030518229678,31.96875,13.958333333333334,6.40625,16.083333333333332,8.958333333333334,6.333333333333333
28,mi,0.01,0.1,10.0,1.0,,0.5,True,0.1,exemplar_mean,0.6382579021829881,240.6473946617028,75,67.24291943969114,19.635416666666668,8.989583333333334,4.0625,8.927083333333334,4.229166666666667,3.8333333333333335
28,mi,0.0316227766016837,0.1,10.0,1.0,,0.5,True,0.1,exemplar_mean,0.6613114476310944,232.2722683417916,75,108.8389516685316,12.416666666666666,5.46875,2.4375,4.947916666666667,3.239583333333333,2.375
28,mi,0.1,0.1,10.0,1.0,,0.5,True,0.1,exemplar_mean,0.6569603850081986,235.37726596276957,75,173.8834648563409,7.9375,3.7395833333333335,2.21875,4.125,2.2916666666666665,1.90625
28,mi,0.3162277660168379,0.1,10.0,1.0,,0.5,True,0.1,exemplar_mean,0.61188225794135,248.44607167444624,75,377.4799097321962,4.21875,2.677083333333333,1.375,2.6979166666666665,1.5104166666666667,1.53125
28,mi,1.0,0.1,10.0,1.0,,0.5,True,0.1,exemplar_mean,0.2816421239374154,349.23680118659274,75,472.22481431477655,2.4791666666666665,2.4166666666666665,1.1979166666666667,1.9895833333333333,1.3125,1.1458333333333333
28,mi,3.1622776601683795,0.1,10.0,1.0,,0.5,True,0.1,exemplar_mean,0.2387026393067723,359.65975660747637,75,1345.5415914758305,1.5625,1.5625,1.1041666666666667,1.5416666666666667,1.2604166666666667,1.1666666666666667
29,mi,3.1622776601683795e-05,0.1,10.0,1.0,,0.5,True,0.2,exemplar_mean,0.1304134948304045,386.99591028871225,75,17.3808838206668,78.69791666666667,75.13541666666667,50.19791666666666,74.79166666666667,56.114583333333336,57.09375
29,mi,0.0001,0.1,10.0,1.0,,0.5,True,0.2,exemplar_mean,0.2254786900667957,366.11521940360655,75,17.148157891346344,68.64583333333333,67.17708333333333,37.552083333333336,67.01041666666667,44.71875,34.96875
29,mi,0.0003162277660168,0.1,10.0,1.0,,0.5,True,0.2,exemplar_mean,0.541463970284879,274.0286786305559,75,20.585819436202385,68.79166666666667,41.9375,20.885416666666668,43.677083333333336,29.072916666666668,17.645833333333332
29,mi,0.001,0.1,10.0,1.0,,0.5,True,0.2,exemplar_mean,0.6168225589990126,247.6568011601376,75,26.1764084434787,51.21875,28.03125,11.885416666666666,28.760416666666668,15.645833333333334,10.34375
29,mi,0.0031622776601683,0.1,10.0,1.0,,0.5,True,0.2,exemplar_mean,0.6102795002995991,249.8714555354299,75,46.78079783063048,29.21875,16.0,6.291666666666667,16.104166666666668,9.604166666666666,6.135416666666667
29,mi,0.01,0.1,10.0,1.0,,0.5,True,0.2,exemplar_mean,0.6211753103522425,246.6282644959705,75,74.19122975999959,18.39583333333333,9.302083333333334,4.59375,9.020833333333334,5.208333333333333,3.90625
29,mi,0.0316227766016837,0.1,10.0,1.0,,0.5,True,0.2,exemplar_mean,0.6349467454746731,241.42845280760633,75,111.95592920151856,12.041666666666666,6.15625,2.7291666666666665,5.927083333333333,3.3125,2.6354166666666665
29,mi,0.1,0.1,10.0,1.0,,0.5,True,0.2,exemplar_mean,0.6358580852718823,240.18030125338973,75,200.70898723875564,7.114583333333333,3.6875,1.78125,3.46875,2.0104166666666665,1.7395833333333333
29,mi,0.3162277660168379,0.1,10.0,1.0,,0.5,True,0.2,exemplar_mean,0.5552151975808797,268.25225746579565,75,417.8247698297258,3.75,2.625,1.4479166666666667,2.65625,1.6145833333333333,1.3541666666666667
29,mi,1.0,0.1,10.0,1.0,,0.5,True,0.2,exemplar_mean,0.4948033647539286,289.0208984022665,75,619.2710854526536,2.583333333333333,2.114583333333333,1.1354166666666667,1.96875,1.40625,1.2291666666666667
29,mi,3.1622776601683795,0.1,10.0,1.0,,0.5,True,0.2,exemplar_mean,0.2160638905267962,365.95844672108166,75,1139.733525831703,1.5104166666666667,1.5729166666666667,1.1458333333333333,1.3541666666666667,1.2291666666666667,1.125
30,mi,3.1622776601683795e-05,0.1,10.0,1.0,,1.0,True,0.1,exemplar_mean,0.3318111648559273,336.5396876297945,75,30.26766584659937,78.10416666666667,74.38541666666667,50.125,72.85416666666667,64.27083333333333,53.10416666666666
30,mi,0.0001,0.1,10.0,1.0,,1.0,True,0.1,exemplar_mean,0.398547014586582,315.8441125904134,75,18.8615948666977,76.67708333333333,62.4375,33.083333333333336,64.94791666666667,41.208333333333336,26.697916666666668
30,mi,0.0003162277660168,0.1,10.0,1.0,,1.0,True,0.1,exemplar_mean,0.4236404072593306,311.2941607266527,75,19.69822521426942,61.84375,47.78125,19.70833333333333,48.364583333333336,23.61458333333333,16.208333333333332
30,mi,0.001,0.1,10.0,1.0,,1.0,True,0.1,exemplar_mean,0.6094509754534332,251.5884101871965,75,28.153643189970673,48.333333333333336,21.885416666666668,10.28125,26.635416666666668,13.416666666666666,9.729166666666666
30,mi,0.0031622776601683,0.1,10.0,1.0,,1.0,True,0.1,exemplar_mean,0.6632250717055045,232.8822006014646,75,38.24497610470192,34.458333333333336,13.5625,5.416666666666667,13.364583333333334,8.3125,5.84375
30,mi,0.01,0.1,10.0,1.0,,1.0,True,0.1,exemplar_mean,0.5890253711080695,259.5286036450998,75,78.0847522981593,17.0,8.927083333333334,3.8645833333333335,9.854166666666666,5.104166666666667,4.229166666666667
30,mi,0.0316227766016837,0.1,10.0,1.0,,1.0,True,0.1,exemplar_mean,0.6672848567780242,230.77021139240432,75,102.19187255306078,13.041666666666666,5.53125,2.7604166666666665,6.083333333333333,3.1979166666666665,2.583333333333333
30,mi,0.1,0.1,10.0,1.0,,1.0,True,0.1,exemplar_mean,0.6205428615547816,246.86281664885416,75,202.1407536848582,6.96875,4.03125,1.8958333333333333,4.135416666666667,2.208333333333333,2.0104166666666665
30,mi,0.3162277660168379,0.1,10.0,1.0,,1.0,True,0.1,exemplar_mean,0.4886444399326761,290.03767415301934,75,327.7560487467661,4.072916666666667,3.114583333333333,1.4791666666666667,3.052083333333333,1.625,1.5104166666666667
30,mi,1.0,0.1,10.0,1.0,,1.0,True,0.1,exemplar_mean,0.4448836072319087,304.32700791399805,75,591.3567013303904,2.645833333333333,2.2291666666666665,1.2083333333333333,2.145833333333333,1.4791666666666667,1.28125
30,mi,3.1622776601683795,0.1,10.0,1.0,,1.0,True,0.1,exemplar_mean,0.2763044300816057,351.34419111809956,75,1627.2508804442566,1.5416666666666667,1.4375,1.1458333333333333,1.6354166666666667,1.375,1.1458333333333333
31,mi,3.1622776601683795e-05,0.1,10.0,1.0,,1.0,True,0.2,exemplar_mean,0.2679813890768002,356.02148297959945,75,28.416718570443905,78.76041666666667,74.48958333333333,53.53125,73.22916666666667,57.96875,53.76041666666666
31,mi,0.0001,0.1,10.0,1.0,,1.0,True,0.2,exemplar_mean,0.3710478437620306,324.3825764737818,75,18.53026841205277,73.6875,67.65625,33.34375,62.71875,45.90625,35.46875
31,mi,0.0003162277660168,0.1,10.0,1.0,,1.0,True,0.2,exemplar_mean,0.5653862643762286,265.8931159277117,75,21.19247577168081,68.76041666666667,42.41666666666666,18.64583333333333,40.71875,27.072916666666668,19.45833333333333
31,mi,0.001,0.1,10.0,1.0,,1.0,True,0.2,exemplar_mean,0.5743264888087768,263.26232892957444,75,28.129088033453662,47.625,27.572916666666668,11.885416666666666,26.39583333333333,13.135416666666666,10.6875
31,mi,0.0031622776601683,0.1,10.0,1.0,,1.0,True,0.2,exemplar_mean,0.5674606458273899,264.3580916439013,75,41.88221755947827,30.041666666666668,18.572916666666668,6.052083333333333,16.40625,9.302083333333334,7.239583333333333
31,mi,0.01,0.1,10.0,1.0,,1.0,True,0.2,exemplar_mean,0.6290832020061112,244.7735124271977,75,68.8203425239169,19.58333333333333,9.25,4.083333333333333,8.854166666666666,5.322916666666667,4.333333333333333
31,mi,0.0316227766016837,0.1,10.0,1.0,,1.0,True,0.2,exemplar_mean,0.6518729275762214,236.21178795461475,75,118.9610742709503,11.760416666666666,5.416666666666667,2.34375,5.625,3.2604166666666665,2.6875
31,mi,0.1,0.1,10.0,1.0,,1.0,True,0.2,exemplar_mean,0.6290088896049599,243.7584582226513,75,196.07462338986124,7.1875,4.010416666666667,2.0104166666666665,3.6458333333333335,2.25,1.8958333333333333
31,mi,0.3162277660168379,0.1,10.0,1.0,,1.0,True,0.2,exemplar_mean,0.5079364858050949,286.24335799558753,75,349.67899365101334,3.9479166666666665,2.989583333333333,1.375,2.677083333333333,1.6979166666666667,1.5520833333333333
31,mi,1.0,0.1,10.0,1.0,,1.0,True,0.2,exemplar_mean,0.535484268416121,275.97777080657033,75,586.9266607865202,2.7604166666666665,2.09375,1.1875,2.020833333333333,1.3020833333333333,1.2291666666666667
31,mi,3.1622776601683795,0.1,10.0,1.0,,1.0,True,0.2,exemplar_mean,0.10464792954278,395.0412697063202,75,1024.8339604699063,1.4479166666666667,1.2916666666666667,1.1666666666666667,1.3958333333333333,1.21875,1.1041666666666667
32,mi,3.1622776601683795e-05,0.3,1.0,0.1,,0.5,True,0.1,exemplar_mean,0.3001123069936593,344.7090988568006,75,29.03067710558164,78.92708333333333,73.75,47.85416666666666,74.375,63.833333333333336,54.76041666666666
32,mi,0.0001,0.3,1.0,0.1,,0.5,True,0.1,exemplar_mean,0.3497781356819366,331.163404997022,75,19.320929393111324,74.86458333333333,68.3125,34.604166666666664,60.739583333333336,44.1875,37.07291666666666
32,mi,0.0003162277660168,0.3,1.0,0.1,,0.5,True,0.1,exemplar_mean,0.5805055061158102,262.0276245864784,75,21.08999961544963,67.91666666666667,42.32291666666666,18.36458333333333,44.520833333333336,25.822916666666668,19.90625
32,mi,0.001,0.3,1.0,0.1,,0.5,True,0.1,exemplar_mean,0.6217312224418395,246.63784363308136,75,28.030563717134783,49.91666666666666,26.40625,11.291666666666666,22.947916666666668,15.927083333333334,10.802083333333334
32,mi,0.0031622776601683,0.3,1.0,0.1,,0.5,True,0.1,exemplar_mean,0.6106690846580362,250.5685325695008,75,41.76745371299029,31.354166666666668,17.541666666666668,6.958333333333333,13.708333333333334,10.197916666666666,6.572916666666667
32,mi,0.01,0.3,1.0,0.1,,0.5,True,0.1,exemplar_mean,0.6138370414414134,250.55725348506203,75,71.43992998128782,18.70833333333333,9.1875,3.6354166666666665,10.322916666666666,4.697916666666667,4.03125
32,mi,0.0316227766016837,0.3,1.0,0.1,,0.5,True,0.1,exemplar_mean,0.6331843637711114,242.63340369923148,75,126.61424038608764,11.072916666666666,5.541666666666667,3.03125,6.239583333333333,3.71875,2.520833333333333
32,mi,0.1,0.3,1.0,0.1,,0.5,True,0.1,exemplar_mean,0.6520877950170738,235.37042986761895,75,192.66299512043676,7.34375,4.041666666666667,1.8854166666666667,4.010416666666667,2.5729166666666665,1.9375
32,mi,0.3162277660168379,0.3,1.0,0.1,,0.5,True,0.1,exemplar_mean,0.5144411020256268,283.19037206300857,75,317.30245199766017,4.21875,3.0729166666666665,1.4583333333333333,3.125,1.8541666666666667,1.46875
32,mi,1.0,0.3,1.0,0.1,,0.5,True,0.1,exemplar_mean,0.4400979407590624,304.74157804586446,75,592.1304324401403,2.6041666666666665,2.145833333333333,1.2604166666666667,1.9583333333333333,1.2708333333333333,1.1458333333333333
32,mi,3.1622776601683795,0.3,1.0,0.1,,0.5,True,0.1,exemplar_mean,0.3335123575219232,339.2633334634696,75,1208.3459766518736,1.6875,1.40625,1.0833333333333333,1.5104166666666667,1.1875,1.09375
33,mi,3.1622776601683795e-05,0.3,1.0,0.1,,0.5,True,0.2,exemplar_mean,0.303983206305404,345.43522121231877,75,35.34639343994006,78.01041666666667,74.78125,56.395833333333336,76.03125,59.94791666666666,61.84375
33,mi,0.0001,0.3,1.0,0.1,,0.5,True,0.2,exemplar_mean,0.4341009436798544,307.21109079228825,75,22.81037201892623,75.46875,63.645833333333336,32.614583333333336,69.83333333333333,45.583333333333336,42.35416666666666
33,mi,0.0003162277660168,0.3,1.0,0.1,,0.5,True,0.2,exemplar_mean,0.5407800242172958,272.6394579100049,75,20.98277441709657,68.86458333333333,49.833333333333336,22.197916666666668,44.895833333333336,31.64583333333333,21.71875
33,mi,0.001,0.3,1.0,0.1,,0.5,True,0.2,exemplar_mean,0.537374352490615,273.69244097434216,75,28.226626176033427,46.79166666666666,31.92708333333333,12.177083333333334,32.552083333333336,14.84375,12.729166666666666
33,mi,0.0031622776601683,0.3,1.0,0.1,,0.5,True,0.2,exemplar_mean,0.6189024907604932,245.71663932987195,75,48.27925672236481,29.46875,17.40625,7.229166666666667,18.875,9.552083333333334,7.697916666666667
33,mi,0.01,0.3,1.0,0.1,,0.5,True,0.2,exemplar_mean,0.5732297978698977,262.69010030110866,75,81.7024918479804,16.760416666666668,10.895833333333334,4.020833333333333,10.739583333333334,6.0625,4.28125
33,mi,0.0316227766016837,0.3,1.0,0.1,,0.5,True,0.2,exemplar_mean,0.6338827104866908,242.5223583798914,75,146.2171250363019,10.270833333333334,5.666666666666667,2.989583333333333,5.875,4.145833333333333,2.7291666666666665
33,mi,0.1,0.3,1.0,0.1,,0.5,True,0.2,exemplar_mean,0.6467036213770107,238.3291756231974,75,224.10657546984675,6.729166666666667,3.7083333333333335,2.0729166666666665,3.90625,2.46875,2.09375
33,mi,0.3162277660168379,0.3,1.0,0.1,,0.5,True,0.2,exemplar_mean,0.5306326718297377,277.58538445801855,75,334.76894129469645,4.145833333333333,3.0625,1.3958333333333333,2.5416666666666665,1.7916666666666667,1.6354166666666667
33,mi,1.0,0.3,1.0,0.1,,0.5,True,0.2,exemplar_mean,0.2586946018885864,357.7320417116641,75,669.943344854164,2.114583333333333,1.9583333333333333,1.2083333333333333,1.9791666666666667,1.3541666666666667,1.1770833333333333
33,mi,3.1622776601683795,0.3,1.0,0.1,,0.5,True,0.2,exemplar_mean,0.0819265100796341,399.8161643233217,75,1058.993798177111,1.40625,1.4479166666666667,1.0729166666666667,1.40625,1.25,1.03125
34,mi,3.1622776601683795e-05,0.3,1.0,0.1,,1.0,True,0.1,exemplar_mean,0.3182334110881603,342.0952139620652,75,31.22707410407032,79.83333333333333,75.47916666666667,51.083333333333336,72.54166666666667,64.5625,58.94791666666666
34,mi,0.0001,0.3,1.0,0.1,,1.0,True,0.1,exemplar_mean,0.4632446337484233,299.00917517170177,75,22.038139586151697,77.54166666666667,60.63541666666666,35.3125,63.21875,45.833333333333336,36.38541666666666
34,mi,0.0003162277660168,0.3,1.0,0.1,,1.0,True,0.1,exemplar_mean,0.531775191901395,277.6897129462392,75,19.69354290272448,69.41666666666667,43.09375,20.05208333333333,45.44791666666666,22.9375,21.0625
34,mi,0.001,0.3,1.0,0.1,,1.0,True,0.1,exemplar_mean,0.5621262831375049,266.26360885183647,75,28.07253246550588,46.083333333333336,29.23958333333333,11.822916666666666,28.86458333333333,16.09375,12.125
34,mi,0.0031622776601683,0.3,1.0,0.1,,1.0,True,0.1,exemplar_mean,0.6197270587702202,247.2723300714636,75,43.62637908535883,31.03125,16.520833333333332,6.71875,15.447916666666666,8.0625,7.4375
34,mi,0.01,0.3,1.0,0.1,,1.0,True,0.1,exemplar_mean,0.6285309123204798,245.3569627223328,75,74.74789493250499,18.541666666666668,8.833333333333334,4.666666666666667,9.96875,5.541666666666667,3.9479166666666665
34,mi,0.0316227766016837,0.3,1.0,0.1,,1.0,True,0.1,exemplar_mean,0.6562451089234268,233.02905316123537,75,121.84837648132456,11.520833333333334,5.666666666666667,2.46875,5.395833333333333,3.3854166666666665,2.6354166666666665
34,mi,0.1,0.3,1.0,0.1,,1.0,True,0.1,exemplar_mean,0.6681592083401191,230.6936386641719,75,180.17354564598628,7.895833333333333,3.3229166666666665,1.65625,3.7291666666666665,2.458333333333333,1.90625
34,mi,0.3162277660168379,0.3,1.0,0.1,,1.0,True,0.1,exemplar_mean,0.6080695122786295,250.36060764910863,75,324.75999184703886,4.541666666666667,2.84375,1.3333333333333333,3.2291666666666665,1.625,1.5520833333333333
34,mi,1.0,0.3,1.0,0.1,,1.0,True,0.1,exemplar_mean,0.4476018006241302,305.6679261671087,75,530.9753436662053,2.770833333333333,2.052083333333333,1.2395833333333333,2.270833333333333,1.4583333333333333,1.1354166666666667
34,mi,3.1622776601683795,0.3,1.0,0.1,,1.0,True,0.1,exemplar_mean,0.0990205457494713,392.3129513065521,75,819.8590960026752,1.4895833333333333,1.6354166666666667,1.125,1.5,1.3333333333333333,1.1041666666666667
35,mi,3.1622776601683795e-05,0.3,1.0,0.1,,1.0,True,0.2,exemplar_mean,0.2273839369275152,363.22043264625154,75,29.443526359105384,77.33333333333333,75.33333333333333,55.875,71.03125,66.53125,60.46875
35,mi,0.0001,0.3,1.0,0.1,,1.0,True,0.2,exemplar_mean,0.4153129158801282,311.37175880715967,75,25.214967030526264,74.125,63.13541666666666,40.458333333333336,63.239583333333336,47.177083333333336,36.28125
35,mi,0.0003162277660168,0.3,1.0,0.1,,1.0,True,0.2,exemplar_mean,0.5261307543502755,278.5244322069052,75,22.9358349891264,65.27083333333333,45.770833333333336,24.65625,49.4375,29.104166666666668,25.760416666666668
35,mi,0.001,0.3,1.0,0.1,,1.0,True,0.2,exemplar_mean,0.606576149456752,250.99217019009285,75,28.0360817533597,49.802083333333336,28.854166666666668,12.895833333333334,24.23958333333333,17.53125,12.46875
35,mi,0.0031622776601683,0.3,1.0,0.1,,1.0,True,0.2,exemplar_mean,0.5825789590017257,263.19549254858157,75,47.63878118424263,29.385416666666668,15.53125,6.802083333333333,16.114583333333332,10.114583333333334,7.5
35,mi,0.01,0.3,1.0,0.1,,1.0,True,0.2,exemplar_mean,0.6476360300891892,236.76775658427692,75,75.8738682748283,18.947916666666668,9.3125,4.510416666666667,9.145833333333334,6.15625,4.260416666666667
35,mi,0.0316227766016837,0.3,1.0,0.1,,1.0,True,0.2,exemplar_mean,0.6366527151569171,240.9421619375059,75,112.08198620522391,12.427083333333334,5.875,2.625,5.770833333333333,3.333333333333333,2.59375
35,mi,0.1,0.3,1.0,0.1,,1.0,True,0.2,exemplar_mean,0.5621054953371623,266.9172038716372,75,221.33967393470223,6.458333333333333,3.9479166666666665,1.7395833333333333,4.510416666666667,2.020833333333333,1.78125
35,mi,0.3162277660168379,0.3,1.0,0.1,,1.0,True,0.2,exemplar_mean,0.5389845722105665,274.40233073750784,75,329.2922747492553,4.364583333333333,2.9375,1.3541666666666667,2.614583333333333,1.6666666666666667,1.3333333333333333
35,mi,1.0,0.3,1.0,0.1,,1.0,True,0.2,exemplar_mean,0.2913756034561673,348.33840316692306,75,611.1534317924287,2.1666666666666665,2.1875,1.2291666666666667,2.1979166666666665,1.3020833333333333,1.15625
35,mi,3.1622776601683795,0.3,1.0,0.1,,1.0,True,0.2,exemplar_mean,0.1540666598545383,384.42624127929673,75,933.0547297672751,1.5,1.6458333333333333,1.1458333333333333,1.3541666666666667,1.2291666666666667,1.09375
36,mi,3.1622776601683795e-05,0.3,1.0,1.0,,0.5,True,0.1,exemplar_mean,0.257430722699838,356.7938378367909,75,24.040520559519255,77.89583333333333,74.83333333333333,50.44791666666666,74.04166666666667,57.177083333333336,49.645833333333336
36,mi,0.0001,0.3,1.0,1.0,,0.5,True,0.1,exemplar_mean,0.3453267890900987,331.3733338013465,75,17.76600710431812,75.8125,66.86458333333333,28.84375,66.54166666666667,40.09375,31.80208333333333
36,mi,0.0003162277660168,0.3,1.0,1.0,,0.5,True,0.1,exemplar_mean,0.5598574804069463,268.2477178977484,75,19.65172745049073,67.98958333333333,44.114583333333336,17.885416666666668,45.94791666666666,26.09375,15.822916666666666
36,mi,0.001,0.3,1.0,1.0,,0.5,True,0.1,exemplar_mean,0.5813955921206456,260.71862231067956,75,24.91137839639547,50.82291666666666,26.78125,9.333333333333334,25.40625,13.802083333333334,9.510416666666666
36,mi,0.0031622776601683,0.3,1.0,1.0,,0.5,True,0.1,exemplar_mean,0.6521691828219983,233.19328770632168,75,49.11791525734389,28.166666666666668,14.666666666666666,5.916666666666667,19.11458333333333,7.71875,5.291666666666667
36,mi,0.01,0.3,1.0,1.0,,0.5,True,0.1,exemplar_mean,0.65735872849818,233.8725482104308,75,70.64807762512604,19.08333333333333,8.84375,4.03125,9.59375,5.395833333333333,3.3854166666666665
36,mi,0.0316227766016837,0.3,1.0,1.0,,0.5,True,0.1,exemplar_mean,0.6635067185654504,231.90362961097745,75,107.64740522712566,12.541666666666666,5.3125,2.5104166666666665,4.885416666666667,2.9791666666666665,2.520833333333333
36,mi,0.1,0.3,1.0,1.0,,0.5,True,0.1,exemplar_mean,0.6286508733606838,245.114542950314,75,185.90195316967373,7.5625,3.53125,1.9895833333333333,3.28125,2.1979166666666665,1.9270833333333333
36,mi,0.3162277660168379,0.3,1.0,1.0,,0.5,True,0.1,exemplar_mean,0.5175300809168427,281.01572572496286,75,294.77392932596706,4.520833333333333,3.239583333333333,1.375,2.9375,1.53125,1.4166666666666667
36,mi,1.0,0.3,1.0,1.0,,0.5,True,0.1,exemplar_mean,0.395626517534365,319.75851729958674,75,620.4228081076243,2.5104166666666665,2.15625,1.3020833333333333,2.1979166666666665,1.375,1.3229166666666667
36,mi,3.1622776601683795,0.3,1.0,1.0,,0.5,True,0.1,exemplar_mean,0.5265951040946688,279.33867847308727,75,1902.3747515807736,1.6979166666666667,1.4166666666666667,1.1458333333333333,1.6875,1.3854166666666667,1.1875
37,mi,3.1622776601683795e-05,0.3,1.0,1.0,,0.5,True,0.2,exemplar_mean,0.2170212529911877,367.6551099416538,75,23.624496774301083,77.89583333333333,73.53125,50.489583333333336,73.77083333333333,62.270833333333336,50.302083333333336
37,mi,0.0001,0.3,1.0,1.0,,0.5,True,0.2,exemplar_mean,0.346918201065053,333.7602427053685,75,18.286626509766364,74.69791666666667,65.29166666666667,33.84375,64.23958333333333,48.4375,31.375
37,mi,0.0003162277660168,0.3,1.0,1.0,,0.5,True,0.2,exemplar_mean,0.548460477321232,269.9600956798609,75,21.000250121130687,65.86458333333333,45.625,16.4375,44.0625,25.604166666666668,19.635416666666668
37,mi,0.001,0.3,1.0,1.0,,0.5,True,0.2,exemplar_mean,0.6393684957007344,239.98442703728463,75,30.157687118527942,47.4375,23.73958333333333,10.916666666666666,25.21875,15.145833333333334,11.760416666666666
37,mi,0.0031622776601683,0.3,1.0,1.0,,0.5,True,0.2,exemplar_mean,0.5643904136859236,265.2648572653094,75,45.94609160692291,27.979166666666668,17.322916666666668,5.9375,16.385416666666668,8.916666666666666,6.114583333333333
37,mi,0.01,0.3,1.0,1.0,,0.5,True,0.2,exemplar_mean,0.6061198419175682,251.03080364212445,75,74.95021372924262,17.604166666666668,9.875,3.75,9.364583333333334,5.114583333333333,3.7083333333333335
37,mi,0.0316227766016837,0.3,1.0,1.0,,0.5,True,0.2,exemplar_mean,0.6093149114367471,251.1859467762378,75,142.07610996219609,10.03125,5.885416666666667,2.520833333333333,6.041666666666667,3.3541666666666665,2.53125
37,mi,0.1,0.3,1.0,1.0,,0.5,True,0.2,exemplar_mean,0.5691668356511309,265.65470674525284,75,210.48696508810812,6.510416666666667,4.09375,1.9479166666666667,4.177083333333333,1.9583333333333333,1.7604166666666667
37,mi,0.3162277660168379,0.3,1.0,1.0,,0.5,True,0.2,exemplar_mean,0.4056848842573573,315.19916348694767,75,397.7284518684388,3.4479166666666665,2.8854166666666665,1.5,2.864583333333333,1.65625,1.3333333333333333
37,mi,1.0,0.3,1.0,1.0,,0.5,True,0.2,exemplar_mean,0.2874554627639789,347.46678790696876,75,645.8669212827551,2.1666666666666665,2.125,1.2083333333333333,2.03125,1.2708333333333333,1.15625
37,mi,3.1622776601683795,0.3,1.0,1.0,,0.5,True,0.2,exemplar_mean,0.2177792195135613,368.56876279042774,75,1300.9339329274924,1.53125,1.4791666666666667,1.15625,1.46875,1.2083333333333333,1.1145833333333333
38,mi,3.1622776601683795e-05,0.3,1.0,1.0,,1.0,True,0.1,exemplar_mean,0.2657713090311002,357.1247954155032,75,24.532752884810066,78.88541666666667,74.90625,52.552083333333336,72.0625,58.333333333333336,50.364583333333336
38,mi,0.0001,0.3,1.0,1.0,,1.0,True,0.1,exemplar_mean,0.4189605846461942,313.67703676347276,75,20.523921798049987,74.52083333333333,57.22916666666666,33.40625,64.84375,44.333333333333336,30.572916666666668
38,mi,0.0003162277660168,0.3,1.0,1.0,,1.0,True,0.1,exemplar_mean,0.5347510914396306,274.677830022484,75,20.415232279154765,67.65625,42.76041666666666,16.270833333333332,39.78125,24.48958333333333,19.95833333333333
38,mi,0.001,0.3,1.0,1.0,,1.0,True,0.1,exemplar_mean,0.5802034816823289,259.29999338863047,75,27.11659537912402,47.07291666666666,28.53125,10.739583333333334,25.30208333333333,13.166666666666666,10.1875
38,mi,0.0031622776601683,0.3,1.0,1.0,,1.0,True,0.1,exemplar_mean,0.6571439576824765,234.6759866411764,75,40.4564130804896,32.697916666666664,13.125,5.104166666666667,17.145833333333332,7.197916666666667,5.833333333333333
38,mi,0.01,0.3,1.0,1.0,,1.0,True,0.1,exemplar_mean,0.6132694181858867,250.72823570759047,75,62.31836619831943,20.05208333333333,10.145833333333334,4.083333333333333,9.177083333333334,4.677083333333333,3.2291666666666665
38,mi,0.0316227766016837,0.3,1.0,1.0,,1.0,True,0.1,exemplar_mean,0.6389097436490551,239.7763851425828,75,124.38987632375468,11.104166666666666,5.875,2.53125,6.510416666666667,3.1354166666666665,2.802083333333333
38,mi,0.1,0.3,1.0,1.0,,1.0,True,0.1,exemplar_mean,0.5962691199035565,255.3011991041848,75,185.542926684401,7.25,4.25,1.9270833333333333,4.0,2.03125,1.7916666666666667
38,mi,0.3162277660168379,0.3,1.0,1.0,,1.0,True,0.1,exemplar_mean,0.6307774202061048,242.69407962316927,75,273.630538933364,5.21875,2.9479166666666665,1.5520833333333333,3.1666666666666665,1.7291666666666667,1.3645833333333333
38,mi,1.0,0.3,1.0,1.0,,1.0,True,0.1,exemplar_mean,0.199709184801803,370.7670104260486,75,471.7604635564305,2.239583333333333,2.427083333333333,1.3541666666666667,2.1354166666666665,1.4583333333333333,1.3125
38,mi,3.1622776601683795,0.3,1.0,1.0,,1.0,True,0.1,exemplar_mean,0.1236971982104117,392.15444361075714,75,1179.8761169387662,1.5,1.5520833333333333,1.09375,1.59375,1.34375,1.15625
39,mi,3.1622776601683795e-05,0.3,1.0,1.0,,1.0,True,0.2,exemplar_mean,0.2503534574539993,358.6164778512438,75,25.564147147636792,79.03125,74.80208333333333,48.71875,72.875,55.28125,52.614583333333336
39,mi,0.0001,0.3,1.0,1.0,,1.0,True,0.2,exemplar_mean,0.3815952546355,323.18029825747135,75,21.604611123918875,72.76041666666667,61.21875,33.020833333333336,64.19791666666667,38.47916666666666,28.73958333333333
39,mi,0.0003162277660168,0.3,1.0,1.0,,1.0,True,0.2,exemplar_mean,0.5615667659934862,268.05126891121114,75,20.829302266415805,67.58333333333333,41.38541666666666,16.614583333333332,43.458333333333336,23.17708333333333,18.95833333333333
39,mi,0.001,0.3,1.0,1.0,,1.0,True,0.2,exemplar_mean,0.6128764988638387,249.439984118038,75,27.594160338638865,49.13541666666666,25.67708333333333,11.1875,26.6875,14.15625,9.5625
39,mi,0.0031622776601683,0.3,1.0,1.0,,1.0,True,0.2,exemplar_mean,0.6423859702154779,239.23022394424893,75,42.523325388505214,31.260416666666668,14.697916666666666,6.270833333333333,14.364583333333334,7.947916666666667,7.645833333333333
39,mi,0.01,0.3,1.0,1.0,,1.0,True,0.2,exemplar_mean,0.6731704172700119,228.2367046577982,75,67.7259287617919,19.90625,8.895833333333334,4.125,8.739583333333334,5.833333333333333,4.1875
39,mi,0.0316227766016837,0.3,1.0,1.0,,1.0,True,0.2,exemplar_mean,0.6471391275467254,238.04934398558717,75,114.20423791711096,11.96875,5.4375,2.458333333333333,5.125,3.625,2.7291666666666665
39,mi,0.1,0.3,1.0,1.0,,1.0,True,0.2,exemplar_mean,0.6141270254444832,249.87061633367003,75,188.32517123313025,7.260416666666667,4.09375,2.03125,4.229166666666667,2.208333333333333,1.9791666666666667
39,mi,0.3162277660168379,0.3,1.0,1.0,,1.0,True,0.2,exemplar_mean,0.4797257807167191,293.4222102128668,75,349.96745087347267,3.8645833333333335,3.03125,1.4895833333333333,3.25,1.875,1.46875
39,mi,1.0,0.3,1.0,1.0,,1.0,True,0.2,exemplar_mean,0.4994894184650613,286.24607333250174,75,746.8678347317663,2.458333333333333,1.9791666666666667,1.15625,2.052083333333333,1.3958333333333333,1.2708333333333333
39,mi,3.1622776601683795,0.3,1.0,1.0,,1.0,True,0.2,exemplar_mean,0.2221147763322178,363.3669664983315,75,1905.4232047485457,1.4479166666666667,1.3333333333333333,1.1770833333333333,1.4583333333333333,1.2916666666666667,1.1666666666666667
40,mi,3.1622776601683795e-05,0.3,10.0,0.1,,0.5,True,0.1,exemplar_mean,0.320356745129296,339.4524246199897,75,30.60007345901994,79.13541666666667,77.53125,50.0,73.67708333333333,65.07291666666667,53.927083333333336
40,mi,0.0001,0.3,10.0,0.1,,0.5,True,0.1,exemplar_mean,0.412607761048791,312.99293243174816,75,21.564976648813605,75.66666666666667,61.270833333333336,36.44791666666666,63.520833333333336,45.989583333333336,36.85416666666666
40,mi,0.0003162277660168,0.3,10.0,0.1,,0.5,True,0.1,exemplar_mean,0.4699243469803633,295.6432784135427,75,19.99347929111541,65.67708333333333,49.63541666666666,21.33333333333333,46.75,29.98958333333333,21.666666666666668
40,mi,0.001,0.3,10.0,0.1,,0.5,True,0.1,exemplar_mean,0.6049465529575278,253.97649719986316,75,29.64643840284121,48.16666666666666,23.510416666666668,12.520833333333334,26.885416666666668,18.6875,10.802083333333334
40,mi,0.0031622776601683,0.3,10.0,0.1,,0.5,True,0.1,exemplar_mean,0.660354988666855,233.5243418594918,75,45.87434051399232,31.42708333333333,14.145833333333334,7.53125,13.979166666666666,8.614583333333334,7.208333333333333
40,mi,0.01,0.3,10.0,0.1,,0.5,True,0.1,exemplar_mean,0.623891249816259,246.4179858776278,75,71.99208269394325,19.072916666666668,10.395833333333334,4.208333333333333,10.6875,5.395833333333333,5.0
40,mi,0.0316227766016837,0.3,10.0,0.1,,0.5,True,0.1,exemplar_mean,0.6285165376390076,244.54313700636567,75,123.45852959256,11.34375,6.229166666666667,2.6979166666666665,6.010416666666667,3.7083333333333335,2.78125
40,mi,0.1,0.3,10.0,0.1,,0.5,True,0.1,exemplar_mean,0.6218887658385366,247.5945915259349,75,182.39261529774035,7.541666666666667,4.25,2.15625,4.5,2.3541666666666665,2.09375
40,mi,0.3162277660168379,0.3,10.0,0.1,,0.5,True,0.1,exemplar_mean,0.5518121652373339,271.08825867385326,75,325.1605187312506,4.34375,2.9375,1.3958333333333333,3.15625,1.6458333333333333,1.40625
40,mi,1.0,0.3,10.0,0.1,,0.5,True,0.1,exemplar_mean,0.3792482512762658,323.5799940917585,75,651.4040041784727,2.34375,2.052083333333333,1.1666666666666667,2.2916666666666665,1.4895833333333333,1.25
40,mi,3.1622776601683795,0.3,10.0,0.1,,0.5,True,0.1,exemplar_mean,0.1567039719994469,380.92422592889784,75,1179.497279158292,1.4583333333333333,1.34375,1.09375,1.46875,1.15625,1.1041666666666667
41,mi,3.1622776601683795e-05,0.3,10.0,0.1,,0.5,True,0.2,exemplar_mean,0.3249057361314415,338.52552707205166,75,37.698516234541216,79.53125,76.01041666666667,63.16666666666666,74.78125,67.25,58.625
41,mi,0.0001,0.3,10.0,0.1,,0.5,True,0.2,exemplar_mean,0.356713957545127,330.36556578776816,75,22.3776843213063,76.46875,66.03125,38.01041666666666,66.19791666666667,47.78125,37.958333333333336
41,mi,0.0003162277660168,0.3,10.0,0.1,,0.5,True,0.2,exemplar_mean,0.5311378109161778,276.23582519203535,75,20.75758296538555,70.94791666666667,51.020833333333336,22.822916666666668,44.72916666666666,32.958333333333336,28.46875
41,mi,0.001,0.3,10.0,0.1,,0.5,True,0.2,exemplar_mean,0.5714375285478681,263.6496970762266,75,24.49225645300698,54.239583333333336,31.03125,13.34375,31.42708333333333,17.28125,12.8125
41,mi,0.0031622776601683,0.3,10.0,0.1,,0.5,True,0.2,exemplar_mean,0.6062705695440491,251.3421620993251,75,41.5228810879754,32.822916666666664,19.53125,8.96875,16.635416666666668,11.489583333333334,8.645833333333334
41,mi,0.01,0.3,10.0,0.1,,0.5,True,0.2,exemplar_mean,0.5537884085413491,270.79940716382185,75,73.27162807897034,18.385416666666668,10.46875,4.03125,9.614583333333334,6.96875,4.822916666666667
41,mi,0.0316227766016837,0.3,10.0,0.1,,0.5,True,0.2,exemplar_mean,0.6055329182923174,251.40165669590263,75,115.0974042181808,11.864583333333334,6.583333333333333,2.958333333333333,6.40625,3.6875,3.052083333333333
41,mi,0.1,0.3,10.0,0.1,,0.5,True,0.2,exemplar_mean,0.5353244419405883,274.02530505324023,75,233.09561879136737,6.114583333333333,4.072916666666667,1.9791666666666667,4.479166666666667,2.395833333333333,1.71875
41,mi,0.3162277660168379,0.3,10.0,0.1,,0.5,True,0.2,exemplar_mean,0.5795740051719401,258.9029727510864,75,405.8868081013893,3.9270833333333335,2.677083333333333,1.5833333333333333,2.614583333333333,1.6979166666666667,1.3958333333333333
41,mi,1.0,0.3,10.0,0.1,,0.5,True,0.2,exemplar_mean,0.3281178097552867,337.5324337574174,75,687.9722917627178,2.1875,2.020833333333333,1.1145833333333333,1.7604166666666667,1.28125,1.1666666666666667
41,mi,3.1622776601683795,0.3,10.0,0.1,,0.5,True,0.2,exemplar_mean,0.4836898701997442,297.65373684232827,75,1927.8818380145108,1.5729166666666667,1.375,1.1354166666666667,1.53125,1.1666666666666667,1.1354166666666667
42,mi,3.1622776601683795e-05,0.3,10.0,0.1,,1.0,True,0.1,exemplar_mean,0.2484120991585091,359.23925032357704,75,25.64371058165012,79.05208333333333,76.5625,52.09375,76.4375,65.44791666666667,58.10416666666666
42,mi,0.0001,0.3,10.0,0.1,,1.0,True,0.1,exemplar_mean,0.336238585123831,335.9741921709825,75,17.856520796058515,76.58333333333333,68.9375,38.96875,68.36458333333333,42.84375,36.739583333333336
42,mi,0.0003162277660168,0.3,10.0,0.1,,1.0,True,0.1,exemplar_mean,0.5230805072556644,280.4044507685972,75,21.998703585958086,66.60416666666667,45.052083333333336,19.385416666666668,45.44791666666666,28.479166666666668,23.27083333333333
42,mi,0.001,0.3,10.0,0.1,,1.0,True,0.1,exemplar_mean,0.5794603884002694,260.7180900772857,75,28.48910489326192,48.145833333333336,29.96875,11.385416666666666,29.64583333333333,16.75,13.0
42,mi,0.0031622776601683,0.3,10.0,0.1,,1.0,True,0.1,exemplar_mean,0.6170570693526941,249.65940308540272,75,45.02300560026543,30.73958333333333,16.552083333333332,6.927083333333333,16.916666666666668,9.5,7.520833333333333
42,mi,0.01,0.3,10.0,0.1,,1.0,True,0.1,exemplar_mean,0.604200831014964,252.2985774356557,75,70.08718811919427,18.947916666666668,11.208333333333334,4.40625,10.020833333333334,6.3125,4.708333333333333
42,mi,0.0316227766016837,0.3,10.0,0.1,,1.0,True,0.1,exemplar_mean,0.6399076571068821,240.8815604103513,75,117.62860595029116,11.84375,6.197916666666667,2.78125,6.625,3.7708333333333335,2.864583333333333
42,mi,0.1,0.3,10.0,0.1,,1.0,True,0.1,exemplar_mean,0.6675718448064935,229.71721502345235,75,193.69538034215452,7.5,3.9583333333333335,1.875,4.010416666666667,2.375,2.03125
42,mi,0.3162277660168379,0.3,10.0,0.1,,1.0,True,0.1,exemplar_mean,0.6166546528395012,247.7780434499976,75,338.7749345689316,4.520833333333333,2.7291666666666665,1.5416666666666667,2.833333333333333,1.75,1.5104166666666667
42,mi,1.0,0.3,10.0,0.1,,1.0,True,0.1,exemplar_mean,0.3972845625992065,318.11272434315566,75,561.2764115158612,2.520833333333333,2.2291666666666665,1.1458333333333333,1.8958333333333333,1.3125,1.2291666666666667
42,mi,3.1622776601683795,0.3,10.0,0.1,,1.0,True,0.1,exemplar_mean,0.4297992250484472,308.4469556496452,75,1310.4952272328642,1.71875,1.4895833333333333,1.125,1.6875,1.2083333333333333,1.1041666666666667
43,mi,3.1622776601683795e-05,0.3,10.0,0.1,,1.0,True,0.2,exemplar_mean,0.1951062900584209,374.8823045180658,75,28.905149327004818,78.59375,75.3125,58.375,75.63541666666667,67.57291666666667,61.90625
43,mi,0.0001,0.3,10.0,0.1,,1.0,True,0.2,exemplar_mean,0.3162340540746037,339.0698009772724,75,22.791660476775068,73.66666666666667,66.6875,41.54166666666666,69.94791666666667,47.13541666666666,40.65625
43,mi,0.0003162277660168,0.3,10.0,0.1,,1.0,True,0.2,exemplar_mean,0.5138588048359852,281.2532714340658,75,22.05737441661909,67.54166666666667,49.364583333333336,23.36458333333333,51.864583333333336,30.48958333333333,25.90625
43,mi,0.001,0.3,10.0,0.1,,1.0,True,0.2,exemplar_mean,0.5831316586734361,257.9673729390503,75,30.386741389952704,47.395833333333336,31.20833333333333,12.65625,30.416666666666668,18.11458333333333,14.697916666666666
43,mi,0.0031622776601683,0.3,10.0,0.1,,1.0,True,0.2,exemplar_mean,0.5996902937109969,252.43143930655785,75,44.19801649235853,31.09375,19.135416666666668,8.385416666666666,18.53125,11.302083333333334,7.979166666666667
43,mi,0.01,0.3,10.0,0.1,,1.0,True,0.2,exemplar_mean,0.6365965483243593,242.71887172335155,75,74.26799837294409,19.30208333333333,9.270833333333334,4.677083333333333,11.177083333333334,6.458333333333333,4.552083333333333
43,mi,0.0316227766016837,0.3,10.0,0.1,,1.0,True,0.2,exemplar_mean,0.6016355517933138,251.8246308361617,75,116.8154835286672,11.625,6.822916666666667,2.6666666666666665,6.291666666666667,4.15625,3.0625
43,mi,0.1,0.3,10.0,0.1,,1.0,True,0.2,exemplar_mean,0.5741310241988056,261.81145947844885,75,207.43227212669223,6.739583333333333,4.375,2.145833333333333,4.59375,2.34375,2.1875
43,mi,0.3162277660168379,0.3,10.0,0.1,,1.0,True,0.2,exemplar_mean,0.5546278059051452,268.3797319837318,75,373.88019966018175,4.09375,2.7291666666666665,1.4166666666666667,2.6666666666666665,1.6666666666666667,1.5729166666666667
43,mi,1.0,0.3,10.0,0.1,,1.0,True,0.2,exemplar_mean,0.4725367015699517,295.98021704510364,75,754.638893520444,2.4166666666666665,1.78125,1.21875,1.875,1.34375,1.15625
43,mi,3.1622776601683795,0.3,10.0,0.1,,1.0,True,0.2,exemplar_mean,0.158970213416417,381.5372751782212,75,1200.406872612505,1.3958333333333333,1.4895833333333333,1.0625,1.5729166666666667,1.1458333333333333,1.0208333333333333
44,mi,3.1622776601683795e-05,0.3,10.0,1.0,,0.5,True,0.1,exemplar_mean,0.3656335609902836,329.8990537182052,75,31.299053343783427,80.0,69.85416666666667,47.875,74.34375,65.17708333333333,54.083333333333336
44,mi,0.0001,0.3,10.0,1.0,,0.5,True,0.1,exemplar_mean,0.3234927440976339,339.22364566109866,75,16.912352372366918,77.17708333333333,63.97916666666666,26.59375,61.864583333333336,45.88541666666666,26.072916666666668
44,mi,0.0003162277660168,0.3,10.0,1.0,,0.5,True,0.1,exemplar_mean,0.5726448725982337,263.6651827637684,75,21.53947665837307,66.60416666666667,40.208333333333336,17.822916666666668,40.0,27.885416666666668,18.02083333333333
44,mi,0.001,0.3,10.0,1.0,,0.5,True,0.1,exemplar_mean,0.5807298944887703,258.9088156628521,75,26.28348839850757,48.57291666666666,28.42708333333333,9.5625,29.55208333333333,16.145833333333332,10.1875
44,mi,0.0031622776601683,0.3,10.0,1.0,,0.5,True,0.1,exemplar_mean,0.6511060875702801,234.76209585764667,75,42.68247541873658,31.17708333333333,15.291666666666666,6.083333333333333,15.625,9.416666666666666,5.583333333333333
44,mi,0.01,0.3,10.0,1.0,,0.5,True,0.1,exemplar_mean,0.6421144235835102,239.18211170427372,75,68.68675591070226,19.36458333333333,9.541666666666666,4.114583333333333,8.90625,5.083333333333333,4.239583333333333
44,mi,0.0316227766016837,0.3,10.0,1.0,,0.5,True,0.1,exemplar_mean,0.63816810511987,240.02834592199483,75,108.96922336756752,12.270833333333334,5.895833333333333,2.3125,5.239583333333333,3.4166666666666665,2.34375
44,mi,0.1,0.3,10.0,1.0,,0.5,True,0.1,exemplar_mean,0.5572140120558043,268.4273396048527,75,195.2105661776044,6.822916666666667,4.322916666666667,1.8229166666666667,4.0,1.8645833333333333,1.9895833333333333
44,mi,0.3162277660168379,0.3,10.0,1.0,,0.5,True,0.1,exemplar_mean,0.5376695661037293,274.86338390268656,75,369.0627777366314,4.052083333333333,2.8854166666666665,1.3854166666666667,2.895833333333333,1.65625,1.5104166666666667
44,mi,1.0,0.3,10.0,1.0,,0.5,True,0.1,exemplar_mean,0.4879658431385677,291.860626194769,75,635.257482736276,2.6666666666666665,1.9270833333333333,1.2708333333333333,1.8854166666666667,1.4166666666666667,1.1770833333333333
44,mi,3.1622776601683795,0.3,10.0,1.0,,0.5,True,0.1,exemplar_mean,0.3445400518961835,334.14908441201277,75,1642.3887954651725,1.6145833333333333,1.4166666666666667,1.1145833333333333,1.5625,1.3020833333333333,1.125
45,mi,3.1622776601683795e-05,0.3,10.0,1.0,,0.5,True,0.2,exemplar_mean,0.227660708302673,365.3807510417907,75,24.615452775302547,79.14583333333333,75.07291666666667,53.020833333333336,75.125,63.46875,52.739583333333336
45,mi,0.0001,0.3,10.0,1.0,,0.5,True,0.2,exemplar_mean,0.3597125563863271,327.1160608825621,75,19.169458916742023,75.04166666666667,64.36458333333333,31.65625,66.69791666666667,48.052083333333336,32.802083333333336
45,mi,0.0003162277660168,0.3,10.0,1.0,,0.5,True,0.2,exemplar_mean,0.6203817091162253,246.41796510438655,75,21.695571787655403,70.44791666666667,41.270833333333336,20.48958333333333,44.91666666666666,28.17708333333333,22.125
45,mi,0.001,0.3,10.0,1.0,,0.5,True,0.2,exemplar_mean,0.627690134623582,245.1290682505192,75,25.71996409747971,53.125,24.89583333333333,11.479166666666666,24.0,15.010416666666666,10.947916666666666
45,mi,0.0031622776601683,0.3,10.0,1.0,,0.5,True,0.2,exemplar_mean,0.565212936351777,264.54382568790504,75,49.48013207681685,27.33333333333333,17.229166666666668,8.5625,17.270833333333332,8.625,6.364583333333333
45,mi,0.01,0.3,10.0,1.0,,0.5,True,0.2,exemplar_mean,0.6332407313906464,241.05939903075517,75,67.7744323245332,19.75,9.885416666666666,4.53125,9.395833333333334,5.0,3.7291666666666665
45,mi,0.0316227766016837,0.3,10.0,1.0,,0.5,True,0.2,exemplar_mean,0.5997541850341565,253.68494940055243,75,135.42906787340803,10.3125,6.104166666666667,2.6979166666666665,6.0,3.052083333333333,2.875
45,mi,0.1,0.3,10.0,1.0,,0.5,True,0.2,exemplar_mean,0.5767224566229169,263.3805866890358,75,209.59365191374087,6.65625,3.9270833333333335,1.8958333333333333,3.7083333333333335,2.0,1.90625
45,mi,0.3162277660168379,0.3,10.0,1.0,,0.5,True,0.2,exemplar_mean,0.5680117806757128,264.9438690094993,75,372.5611009252409,4.041666666666667,2.770833333333333,1.4375,2.677083333333333,1.625,1.5833333333333333
45,mi,1.0,0.3,10.0,1.0,,0.5,True,0.2,exemplar_mean,0.3345688848166416,336.87181004703774,75,833.8645134035738,2.1041666666666665,1.8333333333333333,1.2083333333333333,2.052083333333333,1.3333333333333333,1.1979166666666667
45,mi,3.1622776601683795,0.3,10.0,1.0,,0.5,True,0.2,exemplar_mean,0.3396636751110141,334.53472111185795,75,2170.316278373009,1.4791666666666667,1.4166666666666667,1.0833333333333333,1.4479166666666667,1.3125,1.15625
46,mi,3.1622776601683795e-05,0.3,10.0,1.0,,1.0,True,0.1,exemplar_mean,0.2934892008118431,350.17984137678457,75,28.478233837634622,78.27083333333333,72.90625,56.40625,73.90625,63.79166666666666,44.72916666666666
46,mi,0.0001,0.3,10.0,1.0,,1.0,True,0.1,exemplar_mean,0.307533610523606,343.5497106429389,75,17.06794458671828,72.78125,67.34375,29.84375,63.75,44.34375,29.28125
46,mi,0.0003162277660168,0.3,10.0,1.0,,1.0,True,0.1,exemplar_mean,0.5846036659115614,257.97840648988165,75,21.948487019326816,65.86458333333333,39.770833333333336,15.666666666666666,45.8125,22.40625,17.6875
46,mi,0.001,0.3,10.0,1.0,,1.0,True,0.1,exemplar_mean,0.5896001386320654,257.91824645059916,75,26.961836079647792,47.47916666666666,28.125,9.354166666666666,24.5,13.677083333333334,10.6875
46,mi,0.0031622776601683,0.3,10.0,1.0,,1.0,True,0.1,exemplar_mean,0.640218299182687,238.2900931175733,75,41.745390910224664,31.52083333333333,15.708333333333334,5.927083333333333,16.375,7.302083333333333,6.458333333333333
46,mi,0.01,0.3,10.0,1.0,,1.0,True,0.1,exemplar_mean,0.623188355875829,245.75404621150247,75,71.2352760812426,18.59375,8.916666666666666,3.3229166666666665,8.197916666666666,6.052083333333333,3.3125
46,mi,0.0316227766016837,0.3,10.0,1.0,,1.0,True,0.1,exemplar_mean,0.6336368884899279,242.21377392079225,75,112.38977431271712,11.822916666666666,6.1875,2.4479166666666665,6.645833333333333,2.864583333333333,2.3125
46,mi,0.1,0.3,10.0,1.0,,1.0,True,0.1,exemplar_mean,0.6033655865482042,252.07160562490668,75,201.7849171873789,6.916666666666667,4.072916666666667,1.9270833333333333,3.7916666666666665,2.15625,1.8854166666666667
46,mi,0.3162277660168379,0.3,10.0,1.0,,1.0,True,0.1,exemplar_mean,0.6095040874308797,250.73202107911243,75,311.50150954785994,4.645833333333333,2.9479166666666665,1.3020833333333333,3.25,1.5520833333333333,1.4583333333333333
46,mi,1.0,0.3,10.0,1.0,,1.0,True,0.1,exemplar_mean,0.446896582832472,303.9560250649364,75,545.0279358204141,2.75,2.2291666666666665,1.2604166666666667,1.9895833333333333,1.3125,1.3958333333333333
46,mi,3.1622776601683795,0.3,10.0,1.0,,1.0,True,0.1,exemplar_mean,0.0996901669921309,399.7646410389256,75,884.8787861435861,1.5104166666666667,1.5833333333333333,1.15625,1.6666666666666667,1.3541666666666667,1.125
47,mi,3.1622776601683795e-05,0.3,10.0,1.0,,1.0,True,0.2,exemplar_mean,0.2277442385242157,368.46093290615346,75,24.85991965495724,78.65625,76.14583333333333,51.59375,74.125,62.8125,49.26041666666666
47,mi,0.0001,0.3,10.0,1.0,,1.0,True,0.2,exemplar_mean,0.4607540821908056,300.43379251614266,75,24.465099081577097,75.30208333333333,62.04166666666666,35.625,62.875,48.177083333333336,36.010416666666664
47,mi,0.0003162277660168,0.3,10.0,1.0,,1.0,True,0.2,exemplar_mean,0.4833994723924987,292.59804484732666,75,20.892146753414675,64.96875,44.40625,20.39583333333333,43.864583333333336,26.479166666666668,17.927083333333332
47,mi,0.001,0.3,10.0,1.0,,1.0,True,0.2,exemplar_mean,0.6447773542646921,238.3316850417088,75,27.437698977865207,50.708333333333336,25.375,11.447916666666666,29.385416666666668,13.635416666666666,12.041666666666666
47,mi,0.0031622776601683,0.3,10.0,1.0,,1.0,True,0.2,exemplar_mean,0.6078585848521145,251.2003433917573,75,46.423740160338575,29.604166666666668,15.645833333333334,7.4375,16.885416666666668,8.510416666666666,6.041666666666667
47,mi,0.01,0.3,10.0,1.0,,1.0,True,0.2,exemplar_mean,0.6285458364487477,244.04191755045335,75,66.60282836932498,19.822916666666668,10.114583333333334,4.458333333333333,7.96875,5.520833333333333,3.9583333333333335
47,mi,0.0316227766016837,0.3,10.0,1.0,,1.0,True,0.2,exemplar_mean,0.6324527512486534,243.63264143779193,75,116.44595378994076,11.770833333333334,5.90625,2.65625,5.427083333333333,3.239583333333333,2.96875
47,mi,0.1,0.3,10.0,1.0,,1.0,True,0.2,exemplar_mean,0.5964166858705866,255.77101339476135,75,174.61698334341548,7.541666666666667,4.395833333333333,1.7083333333333333,3.7604166666666665,2.302083333333333,1.78125
47,mi,0.3162277660168379,0.3,10.0,1.0,,1.0,True,0.2,exemplar_mean,0.4928933561297057,291.021946350996,75,374.96031647747856,3.875,2.84375,1.3333333333333333,2.8125,1.7395833333333333,1.5104166666666667
47,mi,1.0,0.3,10.0,1.0,,1.0,True,0.2,exemplar_mean,0.534769729111793,278.51052987489106,75,718.805869092409,2.583333333333333,1.8229166666666667,1.2708333333333333,2.020833333333333,1.3020833333333333,1.2083333333333333
47,mi,3.1622776601683795,0.3,10.0,1.0,,1.0,True,0.2,exemplar_mean,0.1761672477859658,374.9260335189153,75,1166.3865661589452,1.5104166666666667,1.5520833333333333,1.1666666666666667,1.5,1.21875,1.1041666666666667
0,kl,3.162277660168379e-06,0.03,1.0,0.1,,0.5,True,0.1,exemplar_mean,0.2165065848991639,367.5047259698732,75,67.66345776965741,79.53125,78.47916666666667,67.83333333333333,76.22916666666667,75.14583333333333,70.63541666666667
0,kl,1e-05,0.03,1.0,0.1,,0.5,True,0.1,exemplar_mean,0.244769955286566,358.7242838163793,75,29.62321240834803,78.38541666666667,75.84375,55.645833333333336,73.64583333333333,61.145833333333336,62.625
0,kl,3.1622776601683795e-05,0.03,1.0,0.1,,0.5,True,0.1,exemplar_mean,0.3056468456255178,342.4430814701128,75,19.835862121744736,71.85416666666667,68.3125,36.020833333333336,65.09375,45.71875,39.875
0,kl,0.0001,0.03,1.0,0.1,,0.5,True,0.1,exemplar_mean,0.5070190853305684,285.8641358973276,75,20.831054216016213,67.96875,49.63541666666666,23.02083333333333,45.71875,26.34375,24.604166666666668
0,kl,0.0003162277660168,0.03,1.0,0.1,,0.5,True,0.1,exemplar_mean,0.6533140320745305,235.5486959021041,75,29.621595073045228,51.125,25.53125,12.40625,28.385416666666668,18.1875,14.520833333333334
0,kl,0.001,0.03,1.0,0.1,,0.5,True,0.1,exemplar_mean,0.6283969774002784,242.69538593197169,75,46.33032981613306,31.375,18.65625,7.989583333333333,16.65625,11.802083333333334,9.40625
0,kl,0.0031622776601683,0.03,1.0,0.1,,0.5,True,0.1,exemplar_mean,0.6461497123796974,238.7690653476504,75,77.67318181522371,19.8125,10.447916666666666,5.375,11.604166666666666,7.166666666666667,6.65625
0,kl,0.01,0.03,1.0,0.1,,0.5,True,0.1,exemplar_mean,0.6349578900189098,240.8852874338078,75,118.41775769399985,12.53125,7.28125,3.7395833333333335,7.270833333333333,3.8958333333333335,3.8125
0,kl,0.0316227766016837,0.03,1.0,0.1,,0.5,True,0.1,exemplar_mean,0.5797142090881889,260.1411619791261,75,182.30019080451424,7.885416666666667,5.25,2.177083333333333,5.010416666666667,2.9791666666666665,2.5416666666666665
0,kl,0.1,0.03,1.0,0.1,,0.5,True,0.1,exemplar_mean,0.6015760583846737,254.6237473560506,75,275.53334769861004,5.395833333333333,3.3229166666666665,1.65625,3.15625,2.083333333333333,1.9479166666666667
0,kl,0.3162277660168379,0.03,1.0,0.1,,0.5,True,0.1,exemplar_mean,0.6038354324359322,253.98840735170324,75,465.7737498027317,3.427083333333333,2.239583333333333,1.28125,2.4166666666666665,1.75,1.3229166666666667
1,kl,3.162277660168379e-06,0.03,1.0,0.1,,0.5,True,0.2,exemplar_mean,0.2202208171459423,367.6618600155204,75,73.7825998102637,79.48958333333333,78.35416666666667,68.79166666666667,78.4375,77.16666666666667,70.35416666666667
1,kl,1e-05,0.03,1.0,0.1,,0.5,True,0.2,exemplar_mean,0.4043429114773868,319.7935408733134,75,51.52742838723362,79.04166666666667,74.65625,59.239583333333336,74.76041666666667,65.28125,61.79166666666666
1,kl,3.1622776601683795e-05,0.03,1.0,0.1,,0.5,True,0.2,exemplar_mean,0.3724841283408413,325.3513508664716,75,25.152217139405252,73.82291666666667,64.91666666666667,42.07291666666666,66.76041666666667,50.083333333333336,40.90625
1,kl,0.0001,0.03,1.0,0.1,,0.5,True,0.2,exemplar_mean,0.5261123527273306,276.2094511062206,75,25.218370398383065,66.84375,48.97916666666666,27.48958333333333,50.03125,30.697916666666668,25.510416666666668
1,kl,0.0003162277660168,0.03,1.0,0.1,,0.5,True,0.2,exemplar_mean,0.5936878505406553,255.0920898388109,75,30.180607700654633,50.302083333333336,32.9375,15.958333333333334,34.09375,19.48958333333333,16.739583333333332
1,kl,0.001,0.03,1.0,0.1,,0.5,True,0.2,exemplar_mean,0.6205738326363818,247.33559246358612,75,45.282018629430425,33.104166666666664,19.89583333333333,9.885416666666666,20.447916666666668,12.729166666666666,9.447916666666666
1,kl,0.0031622776601683,0.03,1.0,0.1,,0.5,True,0.2,exemplar_mean,0.6410256331639218,239.49011652546483,75,71.93967253792353,21.010416666666668,12.625,6.40625,12.020833333333334,7.697916666666667,6.916666666666667
1,kl,0.01,0.03,1.0,0.1,,0.5,True,0.2,exemplar_mean,0.5465987285809437,271.2241002559192,75,118.94484803997284,11.916666666666666,8.447916666666666,3.6354166666666665,8.083333333333334,5.052083333333333,3.9166666666666665
1,kl,0.0316227766016837,0.03,1.0,0.1,,0.5,True,0.2,exemplar_mean,0.6046286397475416,251.33644182671287,75,190.6348515684539,7.989583333333333,4.927083333333333,2.458333333333333,5.197916666666667,2.8854166666666665,2.6979166666666665
1,kl,0.1,0.03,1.0,0.1,,0.5,True,0.2,exemplar_mean,0.5911241793717559,254.40561857523653,75,276.6048069113276,5.4375,3.520833333333333,1.9479166666666667,2.927083333333333,2.34375,1.6145833333333333
1,kl,0.3162277660168379,0.03,1.0,0.1,,0.5,True,0.2,exemplar_mean,0.5237046723235782,278.2148407007819,75,504.01282493276625,3.25,2.3229166666666665,1.3541666666666667,2.0104166666666665,1.46875,1.3958333333333333
2,kl,3.162277660168379e-06,0.03,1.0,0.1,,1.0,True,0.1,exemplar_mean,0.1885016813953219,376.54298408688646,75,54.492798346681454,79.97916666666667,78.33333333333333,73.5,76.85416666666667,72.02083333333333,71.28125
2,kl,1e-05,0.03,1.0,0.1,,1.0,True,0.1,exemplar_mean,0.253910021473469,357.22351218679125,75,31.114672376152548,78.07291666666667,74.85416666666667,60.458333333333336,76.21875,60.802083333333336,62.85416666666666
2,kl,3.1622776601683795e-05,0.03,1.0,0.1,,1.0,True,0.1,exemplar_mean,0.3825080155241577,321.20385210863253,75,22.82089498139957,73.61458333333333,63.19791666666666,35.833333333333336,66.41666666666667,46.5,42.5
2,kl,0.0001,0.03,1.0,0.1,,1.0,True,0.1,exemplar_mean,0.5306664771942599,276.25946448024854,75,23.120261520563357,64.83333333333333,47.60416666666666,21.916666666666668,45.458333333333336,31.3125,23.03125
2,kl,0.0003162277660168,0.03,1.0,0.1,,1.0,True,0.1,exemplar_mean,0.6449965457754352,236.62791092779707,75,30.546590153212975,49.16666666666666,28.541666666666668,13.552083333333334,30.83333333333333,18.791666666666668,14.166666666666666
2,kl,0.001,0.03,1.0,0.1,,1.0,True,0.1,exemplar_mean,0.6074973284400814,253.29086627076015,75,44.28728071958793,31.5,19.072916666666668,9.28125,16.135416666666668,12.239583333333334,8.9375
2,kl,0.0031622776601683,0.03,1.0,0.1,,1.0,True,0.1,exemplar_mean,0.6090651452453681,250.687639877405,75,78.95848643910466,18.572916666666668,11.395833333333334,5.802083333333333,11.614583333333334,6.802083333333333,6.145833333333333
2,kl,0.01,0.03,1.0,0.1,,1.0,True,0.1,exemplar_mean,0.6516665896602852,234.9023166076201,75,120.74092625440716,12.583333333333334,6.71875,4.03125,6.53125,4.760416666666667,3.71875
2,kl,0.0316227766016837,0.03,1.0,0.1,,1.0,True,0.1,exemplar_mean,0.6834585887911483,223.99774278514332,75,179.02147801162258,8.708333333333334,4.302083333333333,2.2604166666666665,4.135416666666667,3.40625,2.333333333333333
2,kl,0.1,0.03,1.0,0.1,,1.0,True,0.1,exemplar_mean,0.6990528762822646,218.33259592276855,75,278.168679260138,5.739583333333333,2.802083333333333,1.6666666666666667,3.0416666666666665,2.1979166666666665,1.8125
2,kl,0.3162277660168379,0.03,1.0,0.1,,1.0,True,0.1,exemplar_mean,0.642511630145473,241.90116583597091,75,455.96259864851095,3.59375,2.145833333333333,1.3645833333333333,2.3125,1.46875,1.4479166666666667
3,kl,3.162277660168379e-06,0.03,1.0,0.1,,1.0,True,0.2,exemplar_mean,0.1788277609050702,369.6932917556313,75,61.132712873954866,79.75,78.39583333333333,71.1875,79.8125,75.9375,71.86458333333333
3,kl,1e-05,0.03,1.0,0.1,,1.0,True,0.2,exemplar_mean,0.3250658528286996,339.56169905484387,75,42.15081431496863,79.27083333333333,75.70833333333333,62.47916666666666,74.82291666666667,65.98958333333333,65.09375
3,kl,3.1622776601683795e-05,0.03,1.0,0.1,,1.0,True,0.2,exemplar_mean,0.4770871062980503,295.14963454467255,75,28.722695998754215,76.82291666666667,63.72916666666666,44.97916666666666,70.5,53.708333333333336,45.208333333333336
3,kl,0.0001,0.03,1.0,0.1,,1.0,True,0.2,exemplar_mean,0.4861946947138179,291.16872734874346,75,23.56334886947135,66.46875,50.802083333333336,27.02083333333333,49.4375,31.697916666666668,27.90625
3,kl,0.0003162277660168,0.03,1.0,0.1,,1.0,True,0.2,exemplar_mean,0.6017322799539754,254.087470500626,75,28.042694332965432,52.69791666666666,30.979166666666668,15.864583333333334,31.80208333333333,17.458333333333332,17.260416666666668
3,kl,0.001,0.03,1.0,0.1,,1.0,True,0.2,exemplar_mean,0.6215063196166138,247.9569006582123,75,45.60198151562783,32.916666666666664,20.3125,9.947916666666666,19.322916666666668,11.854166666666666,10.270833333333334
3,kl,0.0031622776601683,0.03,1.0,0.1,,1.0,True,0.2,exemplar_mean,0.5953930824596937,254.6357993733804,75,73.2017670929614,20.09375,12.572916666666666,6.572916666666667,10.614583333333334,7.8125,6.34375
3,kl,0.01,0.03,1.0,0.1,,1.0,True,0.2,exemplar_mean,0.5801834702062776,261.26725038651847,75,116.8404543869278,12.447916666666666,8.229166666666666,4.34375,7.416666666666667,4.770833333333333,3.8333333333333335
3,kl,0.0316227766016837,0.03,1.0,0.1,,1.0,True,0.2,exemplar_mean,0.5566736900304432,267.76642543332986,75,188.4557087772186,7.75,5.333333333333333,2.2916666666666665,5.645833333333333,3.1354166666666665,2.5729166666666665
3,kl,0.1,0.03,1.0,0.1,,1.0,True,0.2,exemplar_mean,0.6390116817077277,239.12640207782977,75,275.45178181371966,5.65625,3.09375,1.7604166666666667,3.427083333333333,2.0625,1.7916666666666667
3,kl,0.3162277660168379,0.03,1.0,0.1,,1.0,True,0.2,exemplar_mean,0.531011630231872,277.01535665548425,75,473.3658679206064,3.302083333333333,2.552083333333333,1.3958333333333333,2.4375,1.59375,1.5416666666666667
4,kl,3.162277660168379e-06,0.03,1.0,1.0,,0.5,True,0.1,exemplar_mean,0.1605195787399037,385.44390132647374,75,48.37936308036239,79.375,77.82291666666667,68.47916666666667,77.125,72.3125,68.28125
4,kl,1e-05,0.03,1.0,1.0,,0.5,True,0.1,exemplar_mean,0.1566379547240841,381.1568139146116,75,17.68787342932537,77.96875,77.875,50.833333333333336,70.96875,58.739583333333336,44.97916666666666
4,kl,3.1622776601683795e-05,0.03,1.0,1.0,,0.5,True,0.1,exemplar_mean,0.3575405299098054,330.3888541482068,75,18.666960166005342,75.1875,60.41666666666666,33.145833333333336,59.96875,36.770833333333336,27.125
4,kl,0.0001,0.03,1.0,1.0,,0.5,True,0.1,exemplar_mean,0.5249290500864047,276.38021419083395,75,22.313210534879538,63.4375,44.4375,17.260416666666668,43.60416666666666,25.90625,18.45833333333333
4,kl,0.0003162277660168,0.03,1.0,1.0,,0.5,True,0.1,exemplar_mean,0.5284251465974884,277.37410347631067,75,26.189399338462092,47.60416666666666,31.46875,12.010416666666666,26.5,15.8125,11.979166666666666
4,kl,0.001,0.03,1.0,1.0,,0.5,True,0.1,exemplar_mean,0.5820362548220179,259.87668698621684,75,46.326596409677926,28.70833333333333,17.53125,7.354166666666667,15.28125,8.802083333333334,6.5
4,kl,0.0031622776601683,0.03,1.0,1.0,,0.5,True,0.1,exemplar_mean,0.6411623859912084,239.9423200717797,75,63.833713111304874,21.05208333333333,10.458333333333334,5.083333333333333,9.541666666666666,5.78125,4.864583333333333
4,kl,0.01,0.03,1.0,1.0,,0.5,True,0.1,exemplar_mean,0.6669462429369956,230.55408211623063,75,124.45060711178893,12.1875,5.583333333333333,3.333333333333333,6.927083333333333,3.6979166666666665,3.395833333333333
4,kl,0.0316227766016837,0.03,1.0,1.0,,0.5,True,0.1,exemplar_mean,0.6285244472846268,243.38226559447313,75,189.62561888363464,7.822916666666667,4.5625,2.239583333333333,4.302083333333333,3.03125,2.40625
4,kl,0.1,0.03,1.0,1.0,,0.5,True,0.1,exemplar_mean,0.5808210446121663,259.3005195326814,75,273.84119032389145,5.322916666666667,3.34375,1.625,3.28125,1.78125,1.5520833333333333
4,kl,0.3162277660168379,0.03,1.0,1.0,,0.5,True,0.1,exemplar_mean,0.6450657803197931,238.80136852395023,75,424.79611156316,3.7604166666666665,2.052083333333333,1.2395833333333333,1.9583333333333333,1.375,1.3229166666666667
5,kl,3.162277660168379e-06,0.03,1.0,1.0,,0.5,True,0.2,exemplar_mean,0.191804467967037,377.6663732112576,75,51.73231771342213,79.89583333333333,78.90625,62.66666666666666,78.05208333333333,72.82291666666667,65.26041666666667
5,kl,1e-05,0.03,1.0,1.0,,0.5,True,0.2,exemplar_mean,0.2382399569489464,366.6440286148076,75,30.055777020289337,78.28125,72.95833333333333,55.302083333333336,71.125,61.28125,49.75
5,kl,3.1622776601683795e-05,0.03,1.0,1.0,,0.5,True,0.2,exemplar_mean,0.3744408389310468,325.8130507017288,75,20.72996127278802,74.16666666666667,63.8125,37.32291666666666,65.03125,42.13541666666666,35.96875
5,kl,0.0001,0.03,1.0,1.0,,0.5,True,0.2,exemplar_mean,0.5302159552027678,276.9804077721566,75,22.689689363912123,64.32291666666667,44.020833333333336,21.1875,46.47916666666666,25.572916666666668,22.479166666666668
5,kl,0.0003162277660168,0.03,1.0,1.0,,0.5,True,0.2,exemplar_mean,0.5972920719231246,256.2819463919615,75,26.07106089210447,51.44791666666666,27.947916666666668,13.104166666666666,24.89583333333333,15.395833333333334,13.28125
5,kl,0.001,0.03,1.0,1.0,,0.5,True,0.2,exemplar_mean,0.6430912280062432,238.5949350240926,75,47.06089100252864,30.885416666666668,15.979166666666666,7.25,15.28125,11.208333333333334,6.90625
5,kl,0.0031622776601683,0.03,1.0,1.0,,0.5,True,0.2,exemplar_mean,0.6727083556699405,230.55901500905188,75,73.05982193869497,20.11458333333333,8.885416666666666,5.197916666666667,10.625,6.072916666666667,5.1875
5,kl,0.01,0.03,1.0,1.0,,0.5,True,0.2,exemplar_mean,0.662253998227407,232.2311570508119,75,115.64585998663289,12.90625,5.979166666666667,3.3229166666666665,6.21875,4.072916666666667,3.1979166666666665
5,kl,0.0316227766016837,0.03,1.0,1.0,,0.5,True,0.2,exemplar_mean,0.6370213330194155,240.34939268792192,75,201.7629650722841,7.71875,4.291666666666667,2.3229166666666665,4.645833333333333,2.770833333333333,2.552083333333333
5,kl,0.1,0.03,1.0,1.0,,0.5,True,0.2,exemplar_mean,0.598408588876277,253.55386892531305,75,283.23215174740244,5.1875,3.1979166666666665,1.5208333333333333,2.8229166666666665,2.09375,1.46875
5,kl,0.3162277660168379,0.03,1.0,1.0,,0.5,True,0.2,exemplar_mean,0.5971081042834963,255.70214573391712,75,530.6415634451622,3.125,2.1979166666666665,1.2708333333333333,2.1875,1.3854166666666667,1.2708333333333333
6,kl,3.162277660168379e-06,0.03,1.0,1.0,,1.0,True,0.1,exemplar_mean,0.1960241085443219,369.8442477494774,75,46.93337717472046,80.0,79.375,67.23958333333333,78.4375,75.83333333333333,68.35416666666667
6,kl,1e-05,0.03,1.0,1.0,,1.0,True,0.1,exemplar_mean,0.2770726470982932,352.84572169619776,75,26.428606802242115,78.15625,70.22916666666667,52.520833333333336,74.14583333333333,61.427083333333336,51.989583333333336
6,kl,3.1622776601683795e-05,0.03,1.0,1.0,,1.0,True,0.1,exemplar_mean,0.3492551829997072,333.8241514110815,75,17.84691788984347,76.23958333333333,63.40625,32.5,62.82291666666666,40.91666666666666,30.072916666666668
6,kl,0.0001,0.03,1.0,1.0,,1.0,True,0.1,exemplar_mean,0.5246867589726691,278.2745768084046,75,19.459896980241513,69.42708333333333,43.88541666666666,19.96875,45.145833333333336,25.3125,20.73958333333333
6,kl,0.0003162277660168,0.03,1.0,1.0,,1.0,True,0.1,exemplar_mean,0.6467586369032252,236.43213109967735,75,27.652778940573576,50.25,26.11458333333333,11.239583333333334,24.125,13.864583333333334,12.083333333333334
6,kl,0.001,0.03,1.0,1.0,,1.0,True,0.1,exemplar_mean,0.6499954885655046,236.72463677132623,75,42.49373615244553,32.052083333333336,16.96875,7.40625,15.78125,9.822916666666666,7.135416666666667
6,kl,0.0031622776601683,0.03,1.0,1.0,,1.0,True,0.1,exemplar_mean,0.660383735107489,232.96771395566188,75,68.97392132180512,20.416666666666668,9.479166666666666,4.614583333333333,9.510416666666666,5.916666666666667,4.5625
6,kl,0.01,0.03,1.0,1.0,,1.0,True,0.1,exemplar_mean,0.6709213375886687,228.70172092007311,75,112.14473149314269,12.947916666666666,6.46875,3.5104166666666665,5.864583333333333,4.114583333333333,3.71875
6,kl,0.0316227766016837,0.03,1.0,1.0,,1.0,True,0.1,exemplar_mean,0.5310513216116126,277.52468692841006,75,180.01926228702104,7.552083333333333,5.010416666666667,1.9791666666666667,4.34375,2.677083333333333,2.239583333333333
6,kl,0.1,0.03,1.0,1.0,,1.0,True,0.1,exemplar_mean,0.6280533323151611,245.0277660509534,75,279.4397859381761,5.385416666666667,3.1875,1.6354166666666667,3.1979166666666665,1.9791666666666667,1.5625
6,kl,0.3162277660168379,0.03,1.0,1.0,,1.0,True,0.1,exemplar_mean,0.6025225484569616,252.94535718416824,75,436.5604272713684,3.552083333333333,2.21875,1.1979166666666667,1.9375,1.2604166666666667,1.34375
7,kl,3.162277660168379e-06,0.03,1.0,1.0,,1.0,True,0.2,exemplar_mean,0.3278620390959474,337.1595622873733,75,71.14009132532021,79.46875,77.94791666666667,68.07291666666667,77.1875,71.67708333333333,73.5625
7,kl,1e-05,0.03,1.0,1.0,,1.0,True,0.2,exemplar_mean,0.1563247564696344,380.91354323599063,75,22.81371177318885,76.84375,72.41666666666667,50.07291666666666,76.89583333333333,59.72916666666666,53.09375
7,kl,3.1622776601683795e-05,0.03,1.0,1.0,,1.0,True,0.2,exemplar_mean,0.4222827046606718,310.72006947867243,75,21.02216729275077,75.58333333333333,65.41666666666667,33.739583333333336,62.28125,45.28125,38.375
7,kl,0.0001,0.03,1.0,1.0,,1.0,True,0.2,exemplar_mean,0.471759838798379,294.7375087212445,75,20.08080194331612,65.20833333333333,49.04166666666666,20.78125,47.4375,27.166666666666668,19.625
7,kl,0.0003162277660168,0.03,1.0,1.0,,1.0,True,0.2,exemplar_mean,0.6175759002542213,249.33356892198896,75,27.659531361686753,50.72916666666666,27.40625,13.552083333333334,28.02083333333333,15.583333333333334,13.479166666666666
7,kl,0.001,0.03,1.0,1.0,,1.0,True,0.2,exemplar_mean,0.6417273058717116,240.0967361132178,75,46.34744523608592,31.229166666666668,16.5,7.395833333333333,15.8125,8.9375,7.947916666666667
7,kl,0.0031622776601683,0.03,1.0,1.0,,1.0,True,0.2,exemplar_mean,0.6564991255639983,234.2561167597555,75,66.33926600447727,21.354166666666668,10.770833333333334,5.333333333333333,10.010416666666666,6.395833333333333,5.395833333333333
7,kl,0.01,0.03,1.0,1.0,,1.0,True,0.2,exemplar_mean,0.6283207586402318,244.2279735183503,75,120.43479712388437,12.354166666666666,6.8125,3.427083333333333,6.427083333333333,4.4375,3.6458333333333335
7,kl,0.0316227766016837,0.03,1.0,1.0,,1.0,True,0.2,exemplar_mean,0.5807010268868827,261.04029953914306,75,183.42726022635784,7.791666666666667,4.791666666666667,2.21875,4.65625,2.520833333333333,2.28125
7,kl,0.1,0.03,1.0,1.0,,1.0,True,0.2,exemplar_mean,0.6615353386522539,231.9438238163008,75,280.6878214987331,5.479166666666667,2.927083333333333,1.5833333333333333,3.03125,1.9270833333333333,1.625
7,kl,0.3162277660168379,0.03,1.0,1.0,,1.0,True,0.2,exemplar_mean,0.6560023689164116,232.6290369664729,75,471.7159344210584,3.53125,2.083333333333333,1.2708333333333333,2.0416666666666665,1.4895833333333333,1.3645833333333333
8,kl,3.162277660168379e-06,0.03,10.0,0.1,,0.5,True,0.1,exemplar_mean,0.2506536031657307,359.40901364663375,75,79.10039641326294,80.0,77.02083333333333,71.70833333333333,78.54166666666667,74.15625,73.21875
8,kl,1e-05,0.03,10.0,0.1,,0.5,True,0.1,exemplar_mean,0.2553233357650846,360.73994112020085,75,35.244747981999616,78.9375,75.82291666666667,56.60416666666666,76.70833333333333,67.32291666666667,60.802083333333336
8,kl,3.1622776601683795e-05,0.03,10.0,0.1,,0.5,True,0.1,exemplar_mean,0.3475361199632911,331.5464238223542,75,23.189040573754276,74.82291666666667,69.1875,38.677083333333336,66.61458333333333,54.16666666666666,43.645833333333336
8,kl,0.0001,0.03,10.0,0.1,,0.5,True,0.1,exemplar_mean,0.4541713367752523,301.49934149336616,75,19.901595419255624,69.60416666666667,51.85416666666666,23.5,50.875,31.25,25.89583333333333
8,kl,0.0003162277660168,0.03,10.0,0.1,,0.5,True,0.1,exemplar_mean,0.5474234890755826,270.3682753988689,75,27.18696206549232,51.645833333333336,33.333333333333336,14.28125,32.375,18.55208333333333,15.052083333333334
8,kl,0.001,0.03,10.0,0.1,,0.5,True,0.1,exemplar_mean,0.5894488376485153,257.4642961054643,75,44.02849083146724,32.572916666666664,20.95833333333333,9.375,17.21875,10.541666666666666,10.364583333333334
8,kl,0.0031622776601683,0.03,10.0,0.1,,0.5,True,0.1,exemplar_mean,0.6096870229601543,251.0856012211222,75,72.91890518194754,20.20833333333333,12.135416666666666,5.541666666666667,11.854166666666666,8.354166666666666,6.364583333333333
8,kl,0.01,0.03,10.0,0.1,,0.5,True,0.1,exemplar_mean,0.6477476259848886,237.41882177997184,75,118.77207813410452,12.90625,7.03125,3.90625,8.78125,4.875,3.9166666666666665
8,kl,0.0316227766016837,0.03,10.0,0.1,,0.5,True,0.1,exemplar_mean,0.69342254376821,220.27046061685627,75,162.1742045609439,9.46875,4.510416666666667,2.5729166666666665,4.947916666666667,3.458333333333333,2.927083333333333
8,kl,0.1,0.03,10.0,0.1,,0.5,True,0.1,exemplar_mean,0.6785893304617799,227.82568131117773,75,281.7672612381326,5.71875,3.052083333333333,1.6979166666666667,3.458333333333333,2.083333333333333,1.8541666666666667
8,kl,0.3162277660168379,0.03,10.0,0.1,,0.5,True,0.1,exemplar_mean,0.556956537392893,268.44080620926155,75,454.5591033377999,3.4166666666666665,2.40625,1.3229166666666667,2.6666666666666665,1.625,1.3958333333333333
9,kl,3.162277660168379e-06,0.03,10.0,0.1,,0.5,True,0.2,exemplar_mean,,,75,,80.0,80.0,80.0,80.0,80.0,80.0
9,kl,1e-05,0.03,10.0,0.1,,0.5,True,0.2,exemplar_mean,0.2127161377666401,370.0770468786056,75,37.88567875227518,79.0625,77.45833333333333,62.38541666666666,77.84375,69.53125,62.22916666666666
9,kl,3.1622776601683795e-05,0.03,10.0,0.1,,0.5,True,0.2,exemplar_mean,0.3918811489599161,319.00174044777987,75,27.062104002661968,77.11458333333333,70.58333333333333,43.26041666666666,66.19791666666667,54.26041666666666,48.458333333333336
9,kl,0.0001,0.03,10.0,0.1,,0.5,True,0.2,exemplar_mean,0.4533507544595219,300.32039239616347,75,21.509998006030457,70.14583333333333,57.927083333333336,28.354166666666668,53.645833333333336,35.0,27.6875
9,kl,0.0003162277660168,0.03,10.0,0.1,,0.5,True,0.2,exemplar_mean,0.5387677422751684,272.9133841747699,75,26.78236944932932,53.114583333333336,37.84375,18.77083333333333,36.10416666666666,20.375,16.833333333333332
9,kl,0.001,0.03,10.0,0.1,,0.5,True,0.2,exemplar_mean,0.6027981688862311,251.45421577558872,75,38.96660755280247,37.145833333333336,22.36458333333333,10.3125,23.08333333333333,13.145833333333334,9.520833333333334
9,kl,0.0031622776601683,0.03,10.0,0.1,,0.5,True,0.2,exemplar_mean,0.6628687136157932,231.7558907023168,75,62.28096844281728,23.791666666666668,12.385416666666666,5.96875,14.510416666666666,8.25,7.010416666666667
9,kl,0.01,0.03,10.0,0.1,,0.5,True,0.2,exemplar_mean,0.606690294473774,250.2733115889095,75,114.00727642077376,13.208333333333334,7.791666666666667,3.84375,9.0,5.6875,4.302083333333333
9,kl,0.0316227766016837,0.03,10.0,0.1,,0.5,True,0.2,exemplar_mean,0.5915996476423375,255.43780834286773,75,156.73804545876638,8.947916666666666,5.5625,2.46875,5.46875,3.28125,2.739583333333333
9,kl,0.1,0.03,10.0,0.1,,0.5,True,0.2,exemplar_mean,0.6999967985239559,219.8552716467509,75,272.8798787182757,5.927083333333333,2.78125,1.6145833333333333,3.1979166666666665,2.177083333333333,1.8229166666666667
9,kl,0.3162277660168379,0.03,10.0,0.1,,0.5,True,0.2,exemplar_mean,0.5716880596618681,262.26250414187126,75,433.33767064221814,3.6145833333333335,2.614583333333333,1.3645833333333333,2.333333333333333,1.8125,1.4791666666666667
10,kl,3.162277660168379e-06,0.03,10.0,0.1,,1.0,True,0.1,exemplar_mean,,,75,,80.0,80.0,80.0,80.0,80.0,80.0
10,kl,1e-05,0.03,10.0,0.1,,1.0,True,0.1,exemplar_mean,0.3393899001966304,334.56769861357816,75,38.18436141683591,78.89583333333333,73.125,60.09375,76.03125,65.14583333333333,59.66666666666666
10,kl,3.1622776601683795e-05,0.03,10.0,0.1,,1.0,True,0.1,exemplar_mean,0.3352548929387914,334.1330271307726,75,20.40088100726997,75.66666666666667,69.48958333333333,39.770833333333336,68.89583333333333,51.927083333333336,36.34375
10,kl,0.0001,0.03,10.0,0.1,,1.0,True,0.1,exemplar_mean,0.4680709848340718,298.60499071028335,75,21.03214294711944,66.66666666666667,52.88541666666666,21.39583333333333,51.270833333333336,34.0625,27.3125
10,kl,0.0003162277660168,0.03,10.0,0.1,,1.0,True,0.1,exemplar_mean,0.5972197946024743,253.83037147654235,75,29.098062667542344,50.97916666666666,32.770833333333336,13.78125,32.729166666666664,20.59375,16.5
10,kl,0.001,0.03,10.0,0.1,,1.0,True,0.1,exemplar_mean,0.6399289854393148,238.8419446607048,75,42.59199106801693,34.65625,19.61458333333333,9.78125,19.40625,13.28125,7.90625
10,kl,0.0031622776601683,0.03,10.0,0.1,,1.0,True,0.1,exemplar_mean,0.6646434120298647,229.89720754601043,75,70.74976929194943,21.46875,11.489583333333334,5.802083333333333,11.458333333333334,7.6875,6.145833333333333
10,kl,0.01,0.03,10.0,0.1,,1.0,True,0.1,exemplar_mean,0.6474776697186376,237.26995546936345,75,106.7542735694187,13.6875,7.65625,3.4166666666666665,8.6875,5.145833333333333,3.71875
10,kl,0.0316227766016837,0.03,10.0,0.1,,1.0,True,0.1,exemplar_mean,0.670792441012732,228.17500572396852,75,154.61071848863116,9.447916666666666,5.125,2.1875,5.125,3.1041666666666665,2.71875
10,kl,0.1,0.03,10.0,0.1,,1.0,True,0.1,exemplar_mean,0.6610985368229465,233.40101396437944,75,301.3250305220297,5.28125,3.208333333333333,1.7708333333333333,3.28125,2.5,2.0104166666666665
10,kl,0.3162277660168379,0.03,10.0,0.1,,1.0,True,0.1,exemplar_mean,0.6818854142371142,225.81560766493288,75,517.1157810565257,3.427083333333333,2.1979166666666665,1.2395833333333333,2.34375,1.6458333333333333,1.5
11,kl,3.162277660168379e-06,0.03,10.0,0.1,,1.0,True,0.2,exemplar_mean,,,75,,80.0,80.0,80.0,80.0,80.0,80.0
11,kl,1e-05,0.03,10.0,0.1,,1.0,True,0.2,exemplar_mean,0.2879814696326611,349.1673375308282,75,46.35469982149424,79.27083333333333,76.34375,60.020833333333336,74.34375,72.52083333333333,66.07291666666667
11,kl,3.1622776601683795e-05,0.03,10.0,0.1,,1.0,True,0.2,exemplar_mean,0.2247166008902072,363.9149326540333,75,20.65192182386352,75.80208333333333,70.66666666666667,48.59375,70.38541666666667,57.41666666666666,44.708333333333336
11,kl,0.0001,0.03,10.0,0.1,,1.0,True,0.2,exemplar_mean,0.4637816956748579,297.48761086952425,75,22.9906068669354,67.92708333333333,55.833333333333336,27.23958333333333,53.91666666666666,35.979166666666664,33.875
11,kl,0.0003162277660168,0.03,10.0,0.1,,1.0,True,0.2,exemplar_mean,0.6221058326570285,246.47500463990315,75,28.511191658473734,55.083333333333336,34.114583333333336,18.0625,36.28125,22.885416666666668,19.572916666666668
11,kl,0.001,0.03,10.0,0.1,,1.0,True,0.2,exemplar_mean,0.6129749476291962,248.3402347328245,75,40.67496594455993,36.0625,21.6875,8.4375,22.40625,14.354166666666666,10.302083333333334
11,kl,0.0031622776601683,0.03,10.0,0.1,,1.0,True,0.2,exemplar_mean,0.6299852501202039,243.79139517497552,75,73.93046010566538,20.77083333333333,12.625,5.625,15.0625,8.65625,6.375
11,kl,0.01,0.03,10.0,0.1,,1.0,True,0.2,exemplar_mean,0.6019194106109457,255.01082875531705,75,113.0972227550357,13.395833333333334,8.010416666666666,3.4479166666666665,7.6875,5.78125,4.260416666666667
11,kl,0.0316227766016837,0.03,10.0,0.1,,1.0,True,0.2,exemplar_mean,0.4898139343206834,290.8819307223906,75,152.00321448577336,8.302083333333334,6.40625,2.65625,5.166666666666667,3.15625,2.7916666666666665
11,kl,0.1,0.03,10.0,0.1,,1.0,True,0.2,exemplar_mean,0.5987390656687609,254.1248448199541,75,254.25200147500453,5.78125,3.6354166666666665,1.90625,3.6354166666666665,2.125,1.6770833333333333
11,kl,0.3162277660168379,0.03,10.0,0.1,,1.0,True,0.2,exemplar_mean,0.5236454111111087,283.61791396652023,75,501.83955843591065,3.2604166666666665,2.1354166666666665,1.4166666666666667,2.46875,1.6041666666666667,1.46875
12,kl,3.162277660168379e-06,0.03,10.0,1.0,,0.5,True,0.1,exemplar_mean,0.2091006430908736,369.929422624819,75,47.05566161554942,79.76041666666667,78.09375,70.48958333333333,78.9375,70.23958333333333,69.95833333333333
12,kl,1e-05,0.03,10.0,1.0,,0.5,True,0.1,exemplar_mean,0.2215297119112274,368.92587380477664,75,23.1067957995568,79.03125,72.80208333333333,50.91666666666666,74.46875,60.145833333333336,49.53125
12,kl,3.1622776601683795e-05,0.03,10.0,1.0,,0.5,True,0.1,exemplar_mean,0.3311014638720575,336.8839443991506,75,18.674661403033895,74.40625,62.875,32.0625,61.90625,39.28125,27.80208333333333
12,kl,0.0001,0.03,10.0,1.0,,0.5,True,0.1,exemplar_mean,0.5611638357486255,267.6542734181208,75,22.353244072152393,65.79166666666667,40.458333333333336,19.135416666666668,46.07291666666666,26.08333333333333,17.71875
12,kl,0.0003162277660168,0.03,10.0,1.0,,0.5,True,0.1,exemplar_mean,0.6166546798796196,247.7983999778982,75,26.603752546466964,51.03125,28.05208333333333,11.427083333333334,29.3125,15.15625,10.875
12,kl,0.001,0.03,10.0,1.0,,0.5,True,0.1,exemplar_mean,0.63554834519236,242.04887446940316,75,43.65171551467642,32.166666666666664,15.291666666666666,7.083333333333333,17.802083333333332,9.322916666666666,6.645833333333333
12,kl,0.0031622776601683,0.03,10.0,1.0,,0.5,True,0.1,exemplar_mean,0.6153456115518845,246.82134213663556,75,73.81399959134441,18.95833333333333,10.458333333333334,5.177083333333333,9.791666666666666,5.989583333333333,4.625
12,kl,0.01,0.03,10.0,1.0,,0.5,True,0.1,exemplar_mean,0.655821863597366,236.10929290265253,75,99.97972664900443,13.916666666666666,6.552083333333333,3.3541666666666665,6.416666666666667,4.197916666666667,3.5625
12,kl,0.0316227766016837,0.03,10.0,1.0,,0.5,True,0.1,exemplar_mean,0.6243059368743199,245.50095232622985,75,188.83219500681952,7.697916666666667,4.541666666666667,1.8125,5.020833333333333,2.8125,2.21875
12,kl,0.1,0.03,10.0,1.0,,0.5,True,0.1,exemplar_mean,0.6753812127674987,227.3657413381778,75,284.38648194663074,5.3125,2.625,1.5833333333333333,3.177083333333333,1.8020833333333333,1.59375
12,kl,0.3162277660168379,0.03,10.0,1.0,,0.5,True,0.1,exemplar_mean,0.627776869877054,245.002943717053,75,463.3334744361134,3.395833333333333,2.052083333333333,1.2604166666666667,2.09375,1.3854166666666667,1.2291666666666667
13,kl,3.162277660168379e-06,0.03,10.0,1.0,,0.5,True,0.2,exemplar_mean,0.1095631063719186,394.2668464058984,75,44.11930265244558,78.22916666666667,78.92708333333333,66.41666666666667,77.61458333333333,74.30208333333333,68.92708333333333
13,kl,1e-05,0.03,10.0,1.0,,0.5,True,0.2,exemplar_mean,0.2084991808889981,370.54166157007296,75,27.107638367008217,78.07291666666667,73.34375,55.895833333333336,72.76041666666667,67.58333333333333,53.01041666666666
13,kl,3.1622776601683795e-05,0.03,10.0,1.0,,0.5,True,0.2,exemplar_mean,0.3541723023562761,329.9368838222766,75,21.37885825407756,75.69791666666667,62.875,39.489583333333336,67.71875,47.895833333333336,37.083333333333336
13,kl,0.0001,0.03,10.0,1.0,,0.5,True,0.2,exemplar_mean,0.4794783744646023,292.0332219029555,75,21.381013150058276,65.39583333333333,49.989583333333336,19.875,46.114583333333336,28.80208333333333,23.822916666666668
13,kl,0.0003162277660168,0.03,10.0,1.0,,0.5,True,0.2,exemplar_mean,0.6257745573316823,247.22787406183147,75,26.829332231297094,52.520833333333336,27.15625,12.697916666666666,28.55208333333333,18.25,13.864583333333334
13,kl,0.001,0.03,10.0,1.0,,0.5,True,0.2,exemplar_mean,0.6390938808985694,239.44749953568356,75,45.84447148119968,31.729166666666668,17.072916666666668,8.90625,18.83333333333333,10.697916666666666,8.270833333333334
13,kl,0.0031622776601683,0.03,10.0,1.0,,0.5,True,0.2,exemplar_mean,0.601255230352305,253.28813157347025,75,69.19545130105695,20.30208333333333,11.927083333333334,5.822916666666667,12.010416666666666,6.375,5.21875
13,kl,0.01,0.03,10.0,1.0,,0.5,True,0.2,exemplar_mean,0.5948050224502923,256.781593196987,75,127.941050152877,11.729166666666666,6.708333333333333,3.364583333333333,7.375,4.572916666666667,3.4479166666666665
13,kl,0.0316227766016837,0.03,10.0,1.0,,0.5,True,0.2,exemplar_mean,0.5880214352824507,259.1772145261049,75,193.11589595906605,7.59375,4.354166666666667,2.21875,5.020833333333333,2.6875,2.4479166666666665
13,kl,0.1,0.03,10.0,1.0,,0.5,True,0.2,exemplar_mean,0.5950883688237191,255.43504599190692,75,277.91344946120915,5.239583333333333,3.21875,1.46875,3.239583333333333,1.8125,1.5625
13,kl,0.3162277660168379,0.03,10.0,1.0,,0.5,True,0.2,exemplar_mean,0.593180603060907,256.5105423518044,75,449.65055083915246,3.46875,2.28125,1.1979166666666667,2.208333333333333,1.3645833333333333,1.3333333333333333
14,kl,3.162277660168379e-06,0.03,10.0,1.0,,1.0,True,0.1,exemplar_mean,0.2370996508958099,365.0923871764324,75,54.253552101237304,79.07291666666667,77.72916666666667,65.71875,77.40625,71.86458333333333,66.01041666666667
14,kl,1e-05,0.03,10.0,1.0,,1.0,True,0.1,exemplar_mean,0.2021870755827578,371.582994041337,75,21.965936763552953,78.3125,76.89583333333333,52.78125,72.65625,63.72916666666666,49.78125
14,kl,3.1622776601683795e-05,0.03,10.0,1.0,,1.0,True,0.1,exemplar_mean,0.3896076306611906,321.0069308248784,75,20.21243187287192,75.88541666666667,65.73958333333333,36.90625,63.5625,49.0,33.5625
14,kl,0.0001,0.03,10.0,1.0,,1.0,True,0.1,exemplar_mean,0.5110508580026779,283.2744417386765,75,19.684865486012736,67.86458333333333,46.53125,18.45833333333333,48.04166666666666,28.875,19.8125
14,kl,0.0003162277660168,0.03,10.0,1.0,,1.0,True,0.1,exemplar_mean,0.5471864725050336,271.28913998132174,75,28.182168988610453,46.395833333333336,29.64583333333333,12.020833333333334,27.40625,15.791666666666666,11.072916666666666
14,kl,0.001,0.03,10.0,1.0,,1.0,True,0.1,exemplar_mean,0.6087124232104403,249.90734029903507,75,50.66507126208569,28.322916666666668,16.322916666666668,6.833333333333333,19.729166666666668,9.21875,7.010416666666667
14,kl,0.0031622776601683,0.03,10.0,1.0,,1.0,True,0.1,exemplar_mean,0.6454983701952229,239.55620796715803,75,69.20900852711658,20.34375,9.479166666666666,5.708333333333333,9.864583333333334,6.270833333333333,4.760416666666667
14,kl,0.01,0.03,10.0,1.0,,1.0,True,0.1,exemplar_mean,0.6321873728292304,243.46268372931627,75,113.81828617556693,12.447916666666666,6.583333333333333,3.052083333333333,7.520833333333333,4.114583333333333,3.1875
14,kl,0.0316227766016837,0.03,10.0,1.0,,1.0,True,0.1,exemplar_mean,0.6442368721728332,239.50609926485907,75,168.82335379446516,8.447916666666666,4.1875,2.0104166666666665,4.46875,2.59375,2.364583333333333
14,kl,0.1,0.03,10.0,1.0,,1.0,True,0.1,exemplar_mean,0.6075400849705666,251.84510555056465,75,271.2454153637015,5.260416666666667,3.0729166666666665,1.4270833333333333,3.1041666666666665,1.7604166666666667,1.46875
14,kl,0.3162277660168379,0.03,10.0,1.0,,1.0,True,0.1,exemplar_mean,0.545587312976281,273.1152890725349,75,471.65227583105894,3.1041666666666665,2.34375,1.09375,2.208333333333333,1.3854166666666667,1.25
15,kl,3.162277660168379e-06,0.03,10.0,1.0,,1.0,True,0.2,exemplar_mean,0.1916093376881478,369.5564667667657,75,60.41842253269015,79.60416666666667,78.98958333333333,67.72916666666667,78.82291666666667,76.48958333333333,72.11458333333333
15,kl,1e-05,0.03,10.0,1.0,,1.0,True,0.2,exemplar_mean,0.3026875980882045,347.7951325704603,75,33.51735584302897,78.39583333333333,72.65625,54.4375,75.72916666666667,59.29166666666666,55.5
15,kl,3.1622776601683795e-05,0.03,10.0,1.0,,1.0,True,0.2,exemplar_mean,0.4194254170479071,311.55969414111195,75,22.66305907251613,76.59375,63.90625,36.364583333333336,63.833333333333336,50.333333333333336,40.34375
15,kl,0.0001,0.03,10.0,1.0,,1.0,True,0.2,exemplar_mean,0.468876781364957,297.0833666480303,75,21.982665568082616,64.19791666666667,48.16666666666666,21.52083333333333,48.875,31.0,21.260416666666668
15,kl,0.0003162277660168,0.03,10.0,1.0,,1.0,True,0.2,exemplar_mean,0.5809294654252765,259.62876147605016,75,26.45727189578592,51.54166666666666,31.40625,12.427083333333334,32.875,16.34375,12.21875
15,kl,0.001,0.03,10.0,1.0,,1.0,True,0.2,exemplar_mean,0.5562749496994002,269.4990732930055,75,42.13932007469607,31.77083333333333,18.89583333333333,7.5,17.260416666666668,9.53125,8.458333333333334
15,kl,0.0031622776601683,0.03,10.0,1.0,,1.0,True,0.2,exemplar_mean,0.6361555394641716,241.0788539887179,75,71.35236051718357,20.4375,11.427083333333334,5.697916666666667,11.84375,7.010416666666667,5.40625
15,kl,0.01,0.03,10.0,1.0,,1.0,True,0.2,exemplar_mean,0.6307167357956873,242.4611195240513,75,117.49879024541052,12.625,6.895833333333333,3.1041666666666665,6.822916666666667,4.25,3.489583333333333
15,kl,0.0316227766016837,0.03,10.0,1.0,,1.0,True,0.2,exemplar_mean,0.5972397243213369,255.12033938532568,75,180.77023968331576,8.072916666666666,4.875,2.1979166666666665,4.84375,2.958333333333333,2.3541666666666665
15,kl,0.1,0.03,10.0,1.0,,1.0,True,0.2,exemplar_mean,0.6253462115443259,245.6165941479791,75,266.485302285179,5.46875,3.208333333333333,1.4895833333333333,3.4375,2.208333333333333,1.71875
15,kl,0.3162277660168379,0.03,10.0,1.0,,1.0,True,0.2,exemplar_mean,0.6134744591751571,250.03082948831275,75,425.0143582357233,3.6354166666666665,2.239583333333333,1.28125,2.03125,1.5208333333333333,1.2083333333333333
16,kl,3.162277660168379e-06,0.1,1.0,0.1,,0.5,True,0.1,exemplar_mean,0.1342881635752567,384.92606413358936,75,52.30089261295621,78.6875,78.69791666666667,71.30208333333333,77.63541666666667,71.78125,70.5
16,kl,1e-05,0.1,1.0,0.1,,0.5,True,0.1,exemplar_mean,0.3586610630466239,328.68386962325053,75,35.294748842500255,79.53125,74.13541666666667,56.16666666666666,70.83333333333333,63.57291666666666,61.40625
16,kl,3.1622776601683795e-05,0.1,1.0,0.1,,0.5,True,0.1,exemplar_mean,0.3976400506896737,318.21686719558005,75,22.954902255187704,75.04166666666667,62.44791666666666,32.114583333333336,64.64583333333333,47.07291666666666,39.739583333333336
16,kl,0.0001,0.1,1.0,0.1,,0.5,True,0.1,exemplar_mean,0.4252204699271758,309.01257173590045,75,20.261558039043663,65.04166666666667,49.552083333333336,23.135416666666668,47.94791666666666,24.46875,23.25
16,kl,0.0003162277660168,0.1,1.0,0.1,,0.5,True,0.1,exemplar_mean,0.6140698027636556,248.7530160352308,75,31.35370069391471,47.3125,29.36458333333333,13.395833333333334,30.510416666666668,19.33333333333333,16.5
16,kl,0.001,0.1,1.0,0.1,,0.5,True,0.1,exemplar_mean,0.578118872637989,260.52260715520015,75,44.64459068127562,31.11458333333333,19.9375,7.708333333333333,17.385416666666668,10.697916666666666,8.229166666666666
16,kl,0.0031622776601683,0.1,1.0,0.1,,0.5,True,0.1,exemplar_mean,0.6120374192898946,248.73342166212075,75,75.89024462073088,19.34375,11.447916666666666,5.78125,9.979166666666666,7.364583333333333,6.083333333333333
16,kl,0.01,0.1,1.0,0.1,,0.5,True,0.1,exemplar_mean,0.6583643657696254,235.64535644746715,75,117.29116098612072,13.0625,6.333333333333333,3.427083333333333,7.75,4.864583333333333,3.8854166666666665
16,kl,0.0316227766016837,0.1,1.0,0.1,,0.5,True,0.1,exemplar_mean,0.5903157255523839,257.5852044274192,75,181.1180772366997,8.020833333333334,4.916666666666667,2.364583333333333,4.75,2.927083333333333,2.458333333333333
16,kl,0.1,0.1,1.0,0.1,,0.5,True,0.1,exemplar_mean,0.6279456797465172,243.3495072176921,75,304.48175967787523,5.104166666666667,3.3125,1.7604166666666667,3.6354166666666665,2.177083333333333,1.6875
16,kl,0.3162277660168379,0.1,1.0,0.1,,0.5,True,0.1,exemplar_mean,0.6370049698133804,240.97251691124265,75,542.3210760283612,3.2291666666666665,2.15625,1.2395833333333333,2.21875,1.4479166666666667,1.2291666666666667
17,kl,3.162277660168379e-06,0.1,1.0,0.1,,0.5,True,0.2,exemplar_mean,0.1572120685905121,381.9161509488608,75,61.00126323808045,79.88541666666667,78.4375,70.375,77.63541666666667,73.95833333333333,69.67708333333333
17,kl,1e-05,0.1,1.0,0.1,,0.5,True,0.2,exemplar_mean,0.3802957719820969,321.2063797204597,75,45.161699148027665,79.16666666666667,76.04166666666667,60.927083333333336,76.77083333333333,66.45833333333333,63.427083333333336
17,kl,3.1622776601683795e-05,0.1,1.0,0.1,,0.5,True,0.2,exemplar_mean,0.5125665385292124,284.9229606855292,75,28.943153758465016,78.09375,62.01041666666666,42.46875,70.05208333333333,50.239583333333336,43.5
17,kl,0.0001,0.1,1.0,0.1,,0.5,True,0.2,exemplar_mean,0.4933575730388174,287.96472524091524,75,22.254592543204435,67.85416666666667,50.15625,26.6875,47.60416666666666,31.416666666666668,27.28125
17,kl,0.0003162277660168,0.1,1.0,0.1,,0.5,True,0.2,exemplar_mean,0.5688008064125455,263.0501080341313,75,32.10755101316663,47.333333333333336,33.333333333333336,15.020833333333334,31.25,19.635416666666668,17.270833333333332
17,kl,0.001,0.1,1.0,0.1,,0.5,True,0.2,exemplar_mean,0.5778952133903501,261.60958857373055,75,45.97523033949568,31.83333333333333,21.375,9.927083333333334,19.83333333333333,12.729166666666666,10.270833333333334
17,kl,0.0031622776601683,0.1,1.0,0.1,,0.5,True,0.2,exemplar_mean,0.5947257867453138,255.60804948109913,75,72.29005292824078,20.354166666666668,13.177083333333334,6.21875,11.75,7.625,6.552083333333333
17,kl,0.01,0.1,1.0,0.1,,0.5,True,0.2,exemplar_mean,0.6160594513664279,250.5666079859364,75,125.29722975124976,12.322916666666666,7.1875,3.8020833333333335,8.083333333333334,4.979166666666667,4.15625
17,kl,0.0316227766016837,0.1,1.0,0.1,,0.5,True,0.2,exemplar_mean,0.6061521815580632,250.48036364222588,75,196.75161702254465,7.75,5.197916666666667,2.46875,5.322916666666667,3.5625,2.9166666666666665
17,kl,0.1,0.1,1.0,0.1,,0.5,True,0.2,exemplar_mean,0.5914894007357464,256.7169969535006,75,322.46944993440513,5.010416666666667,3.239583333333333,1.7916666666666667,3.3229166666666665,2.375,1.8020833333333333
17,kl,0.3162277660168379,0.1,1.0,0.1,,0.5,True,0.2,exemplar_mean,0.5822452715687597,261.75696577590804,75,527.3848585625393,3.2604166666666665,2.0729166666666665,1.4791666666666667,2.239583333333333,1.46875,1.4166666666666667
18,kl,3.162277660168379e-06,0.1,1.0,0.1,,1.0,True,0.1,exemplar_mean,0.2865528092859551,350.24889380679764,75,78.53761005863515,80.0,75.67708333333333,70.89583333333333,78.86458333333333,71.91666666666667,69.33333333333333
18,kl,1e-05,0.1,1.0,0.1,,1.0,True,0.1,exemplar_mean,0.2376281738756602,360.49268650015864,75,29.75913675877252,77.84375,74.41666666666667,54.41666666666666,71.78125,62.59375,61.989583333333336
18,kl,3.1622776601683795e-05,0.1,1.0,0.1,,1.0,True,0.1,exemplar_mean,0.4149418823105373,312.23531690488164,75,23.63897974000929,73.65625,63.13541666666666,38.208333333333336,67.58333333333333,46.083333333333336,41.29166666666666
18,kl,0.0001,0.1,1.0,0.1,,1.0,True,0.1,exemplar_mean,0.526279693236272,279.9867087622252,75,20.499216316774568,68.89583333333333,47.85416666666666,22.125,46.208333333333336,29.09375,27.90625
18,kl,0.0003162277660168,0.1,1.0,0.1,,1.0,True,0.1,exemplar_mean,0.6269960775753413,244.08993351026223,75,27.913293991255873,51.427083333333336,28.822916666666668,14.864583333333334,29.58333333333333,16.541666666666668,14.197916666666666
18,kl,0.001,0.1,1.0,0.1,,1.0,True,0.1,exemplar_mean,0.612093873239895,249.22740882291367,75,51.75310608770672,29.104166666666668,18.03125,7.166666666666667,16.822916666666668,11.40625,9.572916666666666
18,kl,0.0031622776601683,0.1,1.0,0.1,,1.0,True,0.1,exemplar_mean,0.5990477604404337,252.22184580764176,75,85.32482972106686,17.833333333333332,11.302083333333334,4.822916666666667,11.427083333333334,6.625,5.375
18,kl,0.01,0.1,1.0,0.1,,1.0,True,0.1,exemplar_mean,0.665059885770795,231.16370794864423,75,115.58279880359156,13.0625,6.75,3.3125,6.677083333333333,4.552083333333333,3.7291666666666665
18,kl,0.0316227766016837,0.1,1.0,0.1,,1.0,True,0.1,exemplar_mean,0.6444534152785969,240.24089164827177,75,183.1701058736918,8.197916666666666,4.59375,2.6875,4.333333333333333,3.052083333333333,2.739583333333333
18,kl,0.1,0.1,1.0,0.1,,1.0,True,0.1,exemplar_mean,0.6006349411219202,253.54350747509284,75,282.93719792468085,5.260416666666667,3.427083333333333,1.84375,3.53125,2.114583333333333,1.96875
18,kl,0.3162277660168379,0.1,1.0,0.1,,1.0,True,0.1,exemplar_mean,0.5935871866324473,256.14106341911696,75,406.3544963690564,3.6770833333333335,2.489583333333333,1.21875,2.145833333333333,1.46875,1.3541666666666667
19,kl,3.162277660168379e-06,0.1,1.0,0.1,,1.0,True,0.2,exemplar_mean,0.1618289631150543,392.1319746653577,75,79.32313798161165,79.5625,78.17708333333333,76.625,78.44791666666667,74.42708333333333,68.80208333333333
19,kl,1e-05,0.1,1.0,0.1,,1.0,True,0.2,exemplar_mean,0.3438282283260087,332.77327534006406,75,42.16903661115144,79.42708333333333,76.19791666666667,57.26041666666666,73.65625,65.01041666666667,59.94791666666666
19,kl,3.1622776601683795e-05,0.1,1.0,0.1,,1.0,True,0.2,exemplar_mean,0.3916635209217094,322.71282714122765,75,26.794152218654027,76.375,62.85416666666666,45.9375,64.65625,48.6875,43.09375
19,kl,0.0001,0.1,1.0,0.1,,1.0,True,0.2,exemplar_mean,0.5758093415190563,263.05402591538643,75,26.02297022827293,66.03125,48.44791666666666,25.73958333333333,52.57291666666666,36.60416666666666,29.8125
19,kl,0.0003162277660168,0.1,1.0,0.1,,1.0,True,0.2,exemplar_mean,0.5726308475053938,263.7581984938631,75,32.4887729369405,47.01041666666666,32.333333333333336,15.635416666666666,39.59375,22.1875,19.104166666666668
19,kl,0.001,0.1,1.0,0.1,,1.0,True,0.2,exemplar_mean,0.6420493238901702,237.2096263244884,75,49.31508775388652,31.9375,18.416666666666668,9.6875,18.885416666666668,12.635416666666666,11.40625
19,kl,0.0031622776601683,0.1,1.0,0.1,,1.0,True,0.2,exemplar_mean,0.6539524915605903,234.3061887805899,75,80.30310904133205,19.98958333333333,11.25,5.979166666666667,12.083333333333334,8.09375,6.28125
19,kl,0.01,0.1,1.0,0.1,,1.0,True,0.2,exemplar_mean,0.5981658176132015,257.3692486902591,75,114.58363679539885,13.052083333333334,6.9375,3.5416666666666665,7.447916666666667,5.114583333333333,3.7083333333333335
19,kl,0.0316227766016837,0.1,1.0,0.1,,1.0,True,0.2,exemplar_mean,0.5989744820692147,253.04236179172577,75,170.75986780731986,8.59375,5.40625,2.5416666666666665,5.0,3.2291666666666665,2.364583333333333
19,kl,0.1,0.1,1.0,0.1,,1.0,True,0.2,exemplar_mean,0.6427702298984561,239.36307683862069,75,324.4383840273871,5.0625,3.0104166666666665,1.7083333333333333,3.395833333333333,2.0625,2.0416666666666665
19,kl,0.3162277660168379,0.1,1.0,0.1,,1.0,True,0.2,exemplar_mean,0.6692353054843334,231.8533983097533,75,551.2413732167797,3.3229166666666665,2.0416666666666665,1.4791666666666667,2.28125,1.6666666666666667,1.5
20,kl,3.162277660168379e-06,0.1,1.0,1.0,,0.5,True,0.1,exemplar_mean,0.1797923461713524,374.15426924885907,75,43.00609672034908,79.44791666666667,77.95833333333333,66.55208333333333,78.02083333333333,76.0625,69.78125
20,kl,1e-05,0.1,1.0,1.0,,0.5,True,0.1,exemplar_mean,0.2682871962964577,357.7160000443207,75,26.27018719462089,77.85416666666667,73.73958333333333,52.520833333333336,71.57291666666667,56.51041666666666,47.864583333333336
20,kl,3.1622776601683795e-05,0.1,1.0,1.0,,0.5,True,0.1,exemplar_mean,0.4028064348236832,316.935343817462,75,19.2020486942942,73.97916666666667,62.6875,32.197916666666664,65.39583333333333,44.520833333333336,32.239583333333336
20,kl,0.0001,0.1,1.0,1.0,,0.5,True,0.1,exemplar_mean,0.5544186234378541,267.8006656212433,75,22.24205176626641,64.85416666666667,43.020833333333336,18.65625,45.833333333333336,24.61458333333333,20.33333333333333
20,kl,0.0003162277660168,0.1,1.0,1.0,,0.5,True,0.1,exemplar_mean,0.642782840553458,239.59394824095307,75,27.057699493759216,51.16666666666666,24.791666666666668,11.28125,26.635416666666668,14.71875,10.75
20,kl,0.001,0.1,1.0,1.0,,0.5,True,0.1,exemplar_mean,0.6290778665576254,243.84585727438864,75,47.23125322194951,29.6875,16.03125,6.333333333333333,16.458333333333332,9.697916666666666,7.15625
20,kl,0.0031622776601683,0.1,1.0,1.0,,0.5,True,0.1,exemplar_mean,0.6168413008210132,247.52907344298188,75,70.6901439173196,19.59375,10.489583333333334,4.770833333333333,9.114583333333334,6.135416666666667,4.479166666666667
20,kl,0.01,0.1,1.0,1.0,,0.5,True,0.1,exemplar_mean,0.6341945056300078,243.44995045225437,75,121.11024669254364,12.09375,6.34375,3.239583333333333,6.3125,3.6666666666666665,3.375
20,kl,0.0316227766016837,0.1,1.0,1.0,,0.5,True,0.1,exemplar_mean,0.6191589714493785,249.5589655773857,75,168.04104030172118,8.645833333333334,4.28125,2.4791666666666665,4.375,2.989583333333333,2.375
20,kl,0.1,0.1,1.0,1.0,,0.5,True,0.1,exemplar_mean,0.6045609395364836,252.06164969371608,75,267.22946503493364,5.510416666666667,3.2291666666666665,1.8333333333333333,3.15625,2.052083333333333,1.6666666666666667
20,kl,0.3162277660168379,0.1,1.0,1.0,,0.5,True,0.1,exemplar_mean,0.6373241709471745,240.4957562837371,75,459.23730563015226,3.5416666666666665,2.0625,1.3020833333333333,2.3125,1.46875,1.1666666666666667
21,kl,3.162277660168379e-06,0.1,1.0,1.0,,0.5,True,0.2,exemplar_mean,0.2401452810959502,356.32320323836854,75,64.53604234672251,80.0,77.39583333333333,69.8125,79.35416666666667,70.23958333333333,67.8125
21,kl,1e-05,0.1,1.0,1.0,,0.5,True,0.2,exemplar_mean,0.2783407702758383,351.7441423268573,75,27.973925150845975,78.8125,74.03125,50.708333333333336,73.90625,62.552083333333336,58.177083333333336
21,kl,3.1622776601683795e-05,0.1,1.0,1.0,,0.5,True,0.2,exemplar_mean,0.3829096030246082,324.4095376903097,75,20.268404244630872,75.625,60.145833333333336,33.489583333333336,62.364583333333336,42.489583333333336,35.635416666666664
21,kl,0.0001,0.1,1.0,1.0,,0.5,True,0.2,exemplar_mean,0.5757100653235188,261.54063273224637,75,21.97389386589433,68.25,42.71875,20.104166666666668,43.41666666666666,28.58333333333333,22.197916666666668
21,kl,0.0003162277660168,0.1,1.0,1.0,,0.5,True,0.2,exemplar_mean,0.5762883058422692,262.14015589096556,75,28.02362143205465,47.708333333333336,29.885416666666668,12.510416666666666,26.80208333333333,15.208333333333334,12.90625
21,kl,0.001,0.1,1.0,1.0,,0.5,True,0.2,exemplar_mean,0.6059572380278293,252.32877352717415,75,49.8126481931686,29.166666666666668,15.708333333333334,7.385416666666667,18.15625,8.916666666666666,8.333333333333334
21,kl,0.0031622776601683,0.1,1.0,1.0,,0.5,True,0.2,exemplar_mean,0.6262910084116096,243.1973313668331,75,78.30815175331387,18.625,10.90625,5.208333333333333,10.104166666666666,6.260416666666667,5.583333333333333
21,kl,0.01,0.1,1.0,1.0,,0.5,True,0.2,exemplar_mean,0.5942993450517681,256.09649861045773,75,123.86732686463652,11.6875,6.854166666666667,4.010416666666667,5.947916666666667,3.7708333333333335,3.5625
21,kl,0.0316227766016837,0.1,1.0,1.0,,0.5,True,0.2,exemplar_mean,0.612957183032955,249.80105652223293,75,196.0643430936446,7.59375,4.791666666666667,2.114583333333333,3.9270833333333335,3.083333333333333,3.052083333333333
21,kl,0.1,0.1,1.0,1.0,,0.5,True,0.2,exemplar_mean,0.6407435316321359,238.77702386158825,75,321.8211501241338,5.0,2.96875,1.625,3.458333333333333,1.8229166666666667,1.625
21,kl,0.3162277660168379,0.1,1.0,1.0,,0.5,True,0.2,exemplar_mean,0.5991610884552748,254.5316237361761,75,587.8767261769941,3.020833333333333,1.9479166666666667,1.1666666666666667,2.020833333333333,1.4895833333333333,1.1979166666666667
22,kl,3.162277660168379e-06,0.1,1.0,1.0,,1.0,True,0.1,exemplar_mean,0.1466965506003976,382.7777636796845,75,35.49380978476901,79.72916666666667,79.80208333333333,65.11458333333333,77.60416666666667,72.66666666666667,63.51041666666666
22,kl,1e-05,0.1,1.0,1.0,,1.0,True,0.1,exemplar_mean,0.2711535007165022,352.09291331439863,75,24.45706077747925,78.52083333333333,72.96875,47.60416666666666,75.41666666666667,57.26041666666666,43.489583333333336
22,kl,3.1622776601683795e-05,0.1,1.0,1.0,,1.0,True,0.1,exemplar_mean,0.4160513063472145,313.09726971709586,75,19.834570815140673,75.73958333333333,61.739583333333336,35.666666666666664,61.10416666666666,46.72916666666666,30.885416666666668
22,kl,0.0001,0.1,1.0,1.0,,1.0,True,0.1,exemplar_mean,0.5914992932561348,256.4279241716446,75,21.16285059215654,67.98958333333333,41.15625,18.59375,48.177083333333336,25.947916666666668,21.979166666666668
22,kl,0.0003162277660168,0.1,1.0,1.0,,1.0,True,0.1,exemplar_mean,0.588776205102025,258.16146943283206,75,25.718768333611045,50.46875,28.39583333333333,11.052083333333334,25.33333333333333,14.854166666666666,12.010416666666666
22,kl,0.001,0.1,1.0,1.0,,1.0,True,0.1,exemplar_mean,0.5813124877219591,260.7367413503188,75,44.68034765463463,29.947916666666668,17.052083333333332,7.760416666666667,16.885416666666668,9.21875,7.03125
22,kl,0.0031622776601683,0.1,1.0,1.0,,1.0,True,0.1,exemplar_mean,0.6530997611712179,237.08026221617956,75,68.03638068076198,20.4375,9.635416666666666,5.395833333333333,9.927083333333334,5.760416666666667,5.020833333333333
22,kl,0.01,0.1,1.0,1.0,,1.0,True,0.1,exemplar_mean,0.6165862741445792,248.48305451897045,75,126.5482179728224,11.729166666666666,6.072916666666667,2.989583333333333,6.354166666666667,4.166666666666667,3.020833333333333
22,kl,0.0316227766016837,0.1,1.0,1.0,,1.0,True,0.1,exemplar_mean,0.6401436979509056,239.7063936318669,75,166.43344106028985,8.677083333333334,4.645833333333333,2.21875,4.125,2.770833333333333,2.21875
22,kl,0.1,0.1,1.0,1.0,,1.0,True,0.1,exemplar_mean,0.655243751068098,235.28021806775288,75,269.21806949155575,5.677083333333333,2.8854166666666665,1.6666666666666667,2.9479166666666665,2.09375,1.6770833333333333
22,kl,0.3162277660168379,0.1,1.0,1.0,,1.0,True,0.1,exemplar_mean,0.6135428691643628,249.16407527430863,75,461.8818693571647,3.520833333333333,2.114583333333333,1.2395833333333333,2.2291666666666665,1.375,1.25
23,kl,3.162277660168379e-06,0.1,1.0,1.0,,1.0,True,0.2,exemplar_mean,0.2349900993378331,364.87757277881946,75,57.65946986757088,79.36458333333333,78.625,68.69791666666667,78.45833333333333,75.3125,68.90625
23,kl,1e-05,0.1,1.0,1.0,,1.0,True,0.2,exemplar_mean,0.2384841135689424,363.1007697283582,75,24.706561369344755,79.07291666666667,74.55208333333333,50.47916666666666,71.78125,58.84375,54.41666666666666
23,kl,3.1622776601683795e-05,0.1,1.0,1.0,,1.0,True,0.2,exemplar_mean,0.3524283186383535,329.2743269449738,75,19.988063488302085,74.125,63.020833333333336,34.302083333333336,63.75,42.22916666666666,38.9375
23,kl,0.0001,0.1,1.0,1.0,,1.0,True,0.2,exemplar_mean,0.5479368254996071,270.25511284267685,75,20.569104545595536,69.36458333333333,43.395833333333336,21.375,43.41666666666666,25.947916666666668,19.291666666666668
23,kl,0.0003162277660168,0.1,1.0,1.0,,1.0,True,0.2,exemplar_mean,0.6319258587111977,242.849227820049,75,28.112325158365948,50.29166666666666,27.02083333333333,12.458333333333334,26.125,17.9375,12.84375
23,kl,0.001,0.1,1.0,1.0,,1.0,True,0.2,exemplar_mean,0.6540888170090964,234.4747501103844,75,45.08806496142767,31.39583333333333,16.958333333333332,7.166666666666667,16.770833333333332,9.40625,8.125
23,kl,0.0031622776601683,0.1,1.0,1.0,,1.0,True,0.2,exemplar_mean,0.5628527491970045,265.0922062300715,75,71.98621609737725,18.75,11.541666666666666,5.302083333333333,10.791666666666666,6.21875,4.416666666666667
23,kl,0.01,0.1,1.0,1.0,,1.0,True,0.2,exemplar_mean,0.5942107966208907,255.27256031659036,75,103.87333035373008,13.010416666666666,7.791666666666667,3.270833333333333,7.25,4.28125,3.3229166666666665
23,kl,0.0316227766016837,0.1,1.0,1.0,,1.0,True,0.2,exemplar_mean,0.549975799429505,271.4763866574152,75,178.64778016486747,7.760416666666667,5.020833333333333,2.2604166666666665,4.489583333333333,2.833333333333333,2.6875
23,kl,0.1,0.1,1.0,1.0,,1.0,True,0.2,exemplar_mean,0.610630380770008,250.01975153901495,75,310.4511109321658,5.052083333333333,2.958333333333333,1.3958333333333333,3.15625,2.03125,1.5729166666666667
23,kl,0.3162277660168379,0.1,1.0,1.0,,1.0,True,0.2,exemplar_mean,0.5925915572721436,258.4930846746617,75,555.4662197415013,3.145833333333333,1.9895833333333333,1.2291666666666667,2.020833333333333,1.5104166666666667,1.3958333333333333
24,kl,3.162277660168379e-06,0.1,10.0,0.1,,0.5,True,0.1,exemplar_mean,,,75,,80.0,80.0,80.0,80.0,80.0,80.0
24,kl,1e-05,0.1,10.0,0.1,,0.5,True,0.1,exemplar_mean,0.3259575187640288,338.66874219068256,75,39.32643721093108,78.92708333333333,74.86458333333333,62.21875,76.45833333333333,67.80208333333333,61.708333333333336
24,kl,3.1622776601683795e-05,0.1,10.0,0.1,,0.5,True,0.1,exemplar_mean,0.3742416228924895,326.37103541889854,75,21.492209721681785,78.15625,69.84375,40.97916666666666,66.52083333333333,49.76041666666666,40.8125
24,kl,0.0001,0.1,10.0,0.1,,0.5,True,0.1,exemplar_mean,0.525202710175718,279.7083786141779,75,21.56179293302137,68.25,51.46875,21.5625,49.35416666666666,31.354166666666668,28.61458333333333
24,kl,0.0003162277660168,0.1,10.0,0.1,,0.5,True,0.1,exemplar_mean,0.5361496224373337,275.25236206720604,75,27.7105773203282,49.63541666666666,34.135416666666664,15.458333333333334,32.458333333333336,20.86458333333333,15.270833333333334
24,kl,0.001,0.1,10.0,0.1,,0.5,True,0.1,exemplar_mean,0.6405508478164205,240.21552490871787,75,42.32457821203614,34.875,18.125,10.072916666666666,19.822916666666668,12.447916666666666,10.177083333333334
24,kl,0.0031622776601683,0.1,10.0,0.1,,0.5,True,0.1,exemplar_mean,0.5947345494143069,256.9717113991038,75,73.31115695972613,19.95833333333333,12.40625,5.541666666666667,12.5625,7.46875,6.666666666666667
24,kl,0.01,0.1,10.0,0.1,,0.5,True,0.1,exemplar_mean,0.6222700203284506,244.8225073123096,75,116.12422515359634,12.8125,7.78125,3.625,7.666666666666667,4.791666666666667,3.6666666666666665
24,kl,0.0316227766016837,0.1,10.0,0.1,,0.5,True,0.1,exemplar_mean,0.6588873490250643,234.0690129014384,75,173.56317951301085,8.697916666666666,4.78125,2.40625,4.979166666666667,3.2916666666666665,2.583333333333333
24,kl,0.1,0.1,10.0,0.1,,0.5,True,0.1,exemplar_mean,0.6679358161114981,230.60395363721904,75,301.7984421690833,5.364583333333333,3.2291666666666665,1.71875,3.7083333333333335,1.9270833333333333,2.1875
24,kl,0.3162277660168379,0.1,10.0,0.1,,0.5,True,0.1,exemplar_mean,0.6563780994881009,233.20203912357593,75,534.9876710166856,3.3229166666666665,2.2291666666666665,1.3958333333333333,2.395833333333333,1.6770833333333333,1.3229166666666667
25,kl,3.162277660168379e-06,0.1,10.0,0.1,,0.5,True,0.2,exemplar_mean,,,75,,80.0,80.0,80.0,80.0,80.0,80.0
25,kl,1e-05,0.1,10.0,0.1,,0.5,True,0.2,exemplar_mean,0.3139550530959195,344.3990644572206,75,50.41591899892235,78.97916666666667,77.48958333333333,64.125,76.61458333333333,69.875,66.71875
25,kl,3.1622776601683795e-05,0.1,10.0,0.1,,0.5,True,0.2,exemplar_mean,0.3122277917928568,341.99997328009925,75,23.12476261874242,75.80208333333333,71.92708333333333,44.927083333333336,69.34375,57.03125,48.44791666666666
25,kl,0.0001,0.1,10.0,0.1,,0.5,True,0.2,exemplar_mean,0.493707438895264,289.0892681136262,75,23.362787676817742,68.89583333333333,56.35416666666666,27.010416666666668,53.75,38.489583333333336,30.1875
25,kl,0.0003162277660168,0.1,10.0,0.1,,0.5,True,0.2,exemplar_mean,0.5946801835324373,256.0163137268466,75,26.480810434625596,56.60416666666666,32.520833333333336,15.697916666666666,38.3125,22.260416666666668,16.34375
25,kl,0.001,0.1,10.0,0.1,,0.5,True,0.2,exemplar_mean,0.5685015887161307,265.2063182205019,75,43.0915983717773,33.354166666666664,21.822916666666668,10.395833333333334,24.697916666666668,14.25,10.072916666666666
25,kl,0.0031622776601683,0.1,10.0,0.1,,0.5,True,0.2,exemplar_mean,0.5930819511779843,253.85762421049827,75,72.12691295159732,20.3125,12.96875,6.145833333333333,13.604166666666666,7.625,5.75
25,kl,0.01,0.1,10.0,0.1,,0.5,True,0.2,exemplar_mean,0.5954817022240483,256.89503011263184,75,109.80995492174972,13.135416666666666,8.1875,3.25,8.0625,4.65625,4.052083333333333
25,kl,0.0316227766016837,0.1,10.0,0.1,,0.5,True,0.2,exemplar_mean,0.6124114664340994,250.50395081023052,75,172.60099855037942,8.729166666666666,4.8125,2.333333333333333,5.447916666666667,3.5416666666666665,2.6875
25,kl,0.1,0.1,10.0,0.1,,0.5,True,0.2,exemplar_mean,0.5780168923745955,260.4988562394215,75,320.61826989113615,5.052083333333333,3.208333333333333,1.59375,3.239583333333333,2.427083333333333,1.8854166666666667
25,kl,0.3162277660168379,0.1,10.0,0.1,,0.5,True,0.2,exemplar_mean,0.5461790318855344,269.2970379537409,75,625.4996014314222,2.9791666666666665,2.2604166666666665,1.3125,2.25,1.6458333333333333,1.59375
26,kl,3.162277660168379e-06,0.1,10.0,0.1,,1.0,True,0.1,exemplar_mean,,,75,,80.0,80.0,80.0,80.0,80.0,80.0
26,kl,1e-05,0.1,10.0,0.1,,1.0,True,0.1,exemplar_mean,0.2803768728259209,351.69566478433603,75,35.824657299437774,78.67708333333333,75.5,59.96875,75.60416666666667,64.57291666666667,61.07291666666666
26,kl,3.1622776601683795e-05,0.1,10.0,0.1,,1.0,True,0.1,exemplar_mean,0.3347549354156335,335.353702436474,75,21.43767790421282,76.08333333333333,67.11458333333333,40.708333333333336,65.64583333333333,51.208333333333336,42.625
26,kl,0.0001,0.1,10.0,0.1,,1.0,True,0.1,exemplar_mean,0.585361939209382,258.9131956556188,75,23.749537929730444,69.38541666666667,45.84375,24.09375,49.01041666666666,31.59375,27.02083333333333
26,kl,0.0003162277660168,0.1,10.0,0.1,,1.0,True,0.1,exemplar_mean,0.5468226772983557,272.3969116453116,75,27.296533715252817,50.302083333333336,34.5625,14.166666666666666,33.78125,18.979166666666668,16.291666666666668
26,kl,0.001,0.1,10.0,0.1,,1.0,True,0.1,exemplar_mean,0.5992857156355229,253.2717874827433,75,45.77076719333245,32.041666666666664,20.08333333333333,8.53125,19.854166666666668,13.135416666666666,9.385416666666666
26,kl,0.0031622776601683,0.1,10.0,0.1,,1.0,True,0.1,exemplar_mean,0.5846911500165004,259.8989388816739,75,73.00145280237317,19.875,12.270833333333334,5.8125,11.3125,8.5625,6.239583333333333
26,kl,0.01,0.1,10.0,0.1,,1.0,True,0.1,exemplar_mean,0.6498971775404927,235.92250483583655,75,120.56644100463004,12.802083333333334,7.395833333333333,4.520833333333333,8.625,4.927083333333333,4.166666666666667
26,kl,0.0316227766016837,0.1,10.0,0.1,,1.0,True,0.1,exemplar_mean,0.6630028491465684,230.73490482057665,75,177.09406661613107,8.541666666666666,4.791666666666667,2.4479166666666665,4.770833333333333,3.145833333333333,2.65625
26,kl,0.1,0.1,10.0,0.1,,1.0,True,0.1,exemplar_mean,0.5622267022439474,267.3500579137299,75,278.40427141387835,5.052083333333333,3.8958333333333335,1.8020833333333333,3.6770833333333335,2.458333333333333,2.1354166666666665
26,kl,0.3162277660168379,0.1,10.0,0.1,,1.0,True,0.1,exemplar_mean,0.5477175724585694,273.9112573203521,75,575.5616540355229,2.96875,2.3854166666666665,1.3020833333333333,2.8229166666666665,1.7083333333333333,1.6979166666666667
27,kl,3.162277660168379e-06,0.1,10.0,0.1,,1.0,True,0.2,exemplar_mean,0.1086043719566971,390.6720683904761,75,64.35772731530732,79.19791666666667,79.01041666666667,73.07291666666667,78.76041666666667,74.09375,71.79166666666667
27,kl,1e-05,0.1,10.0,0.1,,1.0,True,0.2,exemplar_mean,0.2215566811328725,363.7277145951524,75,35.777118521890074,78.75,77.1875,57.35416666666666,77.22916666666667,69.79166666666667,67.16666666666667
27,kl,3.1622776601683795e-05,0.1,10.0,0.1,,1.0,True,0.2,exemplar_mean,0.2994565139788579,342.42919522993645,75,23.74194483560419,76.14583333333333,68.8125,45.333333333333336,66.8125,56.09375,50.72916666666666
27,kl,0.0001,0.1,10.0,0.1,,1.0,True,0.2,exemplar_mean,0.4483400510175205,302.5251053114815,75,21.544897724039423,68.14583333333333,57.51041666666666,29.09375,56.552083333333336,35.9375,29.45833333333333
27,kl,0.0003162277660168,0.1,10.0,0.1,,1.0,True,0.2,exemplar_mean,0.552426619239536,270.7223676094362,75,27.447221097402792,53.21875,35.260416666666664,17.96875,34.927083333333336,20.42708333333333,17.979166666666668
27,kl,0.001,0.1,10.0,0.1,,1.0,True,0.2,exemplar_mean,0.5788025674097027,262.69180696148544,75,48.66300258648778,31.65625,20.25,10.697916666666666,22.09375,13.072916666666666,11.864583333333334
27,kl,0.0031622776601683,0.1,10.0,0.1,,1.0,True,0.2,exemplar_mean,0.5334529766830967,273.8137237904451,75,66.0285807518771,20.666666666666668,14.729166666666666,5.927083333333333,13.052083333333334,7.989583333333333,6.572916666666667
27,kl,0.01,0.1,10.0,0.1,,1.0,True,0.2,exemplar_mean,0.463796236948221,298.090373231973,75,109.4381129856024,11.65625,9.333333333333334,3.8020833333333335,8.895833333333334,5.427083333333333,4.270833333333333
27,kl,0.0316227766016837,0.1,10.0,0.1,,1.0,True,0.2,exemplar_mean,0.5659813775751287,264.9470894522614,75,181.6508910887925,8.052083333333334,5.229166666666667,2.239583333333333,5.541666666666667,3.03125,2.6979166666666665
27,kl,0.1,0.1,10.0,0.1,,1.0,True,0.2,exemplar_mean,0.5855301475217639,259.90436566732814,75,301.68343737064873,5.125,3.395833333333333,1.71875,3.6145833333333335,2.15625,1.78125
27,kl,0.3162277660168379,0.1,10.0,0.1,,1.0,True,0.2,exemplar_mean,0.4780213962324913,294.72410755249956,75,539.3440450855222,2.9479166666666665,2.302083333333333,1.46875,2.520833333333333,1.7916666666666667,1.4375
28,kl,3.162277660168379e-06,0.1,10.0,1.0,,0.5,True,0.1,exemplar_mean,0.2488491084845764,356.9158144482776,75,61.97182417374693,79.47916666666667,78.16666666666667,68.04166666666667,77.6875,73.89583333333333,69.32291666666667
28,kl,1e-05,0.1,10.0,1.0,,0.5,True,0.1,exemplar_mean,0.1928743733984937,371.8852546276727,75,22.51310118298554,76.86458333333333,75.76041666666667,52.41666666666666,76.57291666666667,59.90625,51.270833333333336
28,kl,3.1622776601683795e-05,0.1,10.0,1.0,,0.5,True,0.1,exemplar_mean,0.4685356541423193,296.0200501334844,75,22.427004137770098,77.25,60.875,33.875,56.69791666666666,47.552083333333336,35.708333333333336
28,kl,0.0001,0.1,10.0,1.0,,0.5,True,0.1,exemplar_mean,0.5208143731620049,280.13063586038646,75,22.31307972121001,64.125,44.72916666666666,19.80208333333333,43.29166666666666,28.4375,19.20833333333333
28,kl,0.0003162277660168,0.1,10.0,1.0,,0.5,True,0.1,exemplar_mean,0.5666441581965852,266.48278716483435,75,25.93462879994583,49.91666666666666,28.822916666666668,11.052083333333334,25.0,14.447916666666666,10.90625
28,kl,0.001,0.1,10.0,1.0,,0.5,True,0.1,exemplar_mean,0.6281246512419983,244.35481232256657,75,41.923787444891005,32.90625,16.479166666666668,6.885416666666667,14.895833333333334,9.270833333333334,8.291666666666666
28,kl,0.0031622776601683,0.1,10.0,1.0,,0.5,True,0.1,exemplar_mean,0.59459998854555,255.7594400819693,75,74.10118137731915,18.77083333333333,11.0,4.875,11.46875,6.604166666666667,5.010416666666667
28,kl,0.01,0.1,10.0,1.0,,0.5,True,0.1,exemplar_mean,0.5928055427122162,258.6791341676194,75,126.4147244247786,11.416666666666666,6.625,2.9791666666666665,7.729166666666667,3.8125,3.40625
28,kl,0.0316227766016837,0.1,10.0,1.0,,0.5,True,0.1,exemplar_mean,0.6381855085930532,241.21889903239313,75,181.81085356564932,7.989583333333333,4.364583333333333,1.9583333333333333,4.885416666666667,2.5729166666666665,2.3229166666666665
28,kl,0.1,0.1,10.0,1.0,,0.5,True,0.1,exemplar_mean,0.5805904839093947,261.348330418058,75,300.19238580772094,4.78125,3.1354166666666665,1.3333333333333333,3.21875,1.59375,1.4375
28,kl,0.3162277660168379,0.1,10.0,1.0,,0.5,True,0.1,exemplar_mean,0.6485163074655436,237.56914767376097,75,424.80132684788686,3.6770833333333335,2.0104166666666665,1.1354166666666667,2.020833333333333,1.3020833333333333,1.2083333333333333
29,kl,3.162277660168379e-06,0.1,10.0,1.0,,0.5,True,0.2,exemplar_mean,0.1678281086547599,383.9609570201707,75,45.87419089678071,79.70833333333333,79.5,70.0,79.35416666666667,73.29166666666667,71.48958333333333
29,kl,1e-05,0.1,10.0,1.0,,0.5,True,0.2,exemplar_mean,0.1800221260277654,377.0019461436096,75,22.6868108436552,79.28125,76.6875,59.40625,75.5625,61.88541666666666,54.875
29,kl,3.1622776601683795e-05,0.1,10.0,1.0,,0.5,True,0.2,exemplar_mean,0.339351637246928,336.37053959529493,75,19.386101312518132,74.30208333333333,66.96875,36.833333333333336,68.22916666666667,48.46875,38.145833333333336
29,kl,0.0001,0.1,10.0,1.0,,0.5,True,0.2,exemplar_mean,0.4688754092267329,297.78059763986874,75,19.333288380199132,68.625,52.0,21.27083333333333,50.90625,30.635416666666668,23.95833333333333
29,kl,0.0003162277660168,0.1,10.0,1.0,,0.5,True,0.2,exemplar_mean,0.5579520928293913,268.3555593911977,75,29.64062307396719,47.51041666666666,29.635416666666668,12.979166666666666,29.42708333333333,17.46875,12.895833333333334
29,kl,0.001,0.1,10.0,1.0,,0.5,True,0.2,exemplar_mean,0.62983983903491,243.51812390732624,75,45.41050089656921,31.98958333333333,17.135416666666668,8.65625,17.5625,12.458333333333334,8.083333333333334
29,kl,0.0031622776601683,0.1,10.0,1.0,,0.5,True,0.2,exemplar_mean,0.6287329086166364,243.51189918681243,75,74.45736729405418,19.447916666666668,11.583333333333334,4.729166666666667,11.0,6.666666666666667,5.9375
29,kl,0.01,0.1,10.0,1.0,,0.5,True,0.2,exemplar_mean,0.6447938349220491,238.88436586527664,75,111.58838915745972,12.989583333333334,6.885416666666667,3.2604166666666665,7.385416666666667,4.28125,3.59375
29,kl,0.0316227766016837,0.1,10.0,1.0,,0.5,True,0.2,exemplar_mean,0.6307194694123966,244.30661579151473,75,211.34422680744552,7.3125,4.270833333333333,2.302083333333333,4.9375,2.71875,2.5729166666666665
29,kl,0.1,0.1,10.0,1.0,,0.5,True,0.2,exemplar_mean,0.590433895594875,259.09056200533894,75,292.8675973121492,5.03125,3.302083333333333,1.5520833333333333,3.083333333333333,2.083333333333333,1.5833333333333333
29,kl,0.3162277660168379,0.1,10.0,1.0,,0.5,True,0.2,exemplar_mean,0.590937643786613,258.79131808063255,75,507.8879557719284,3.28125,2.09375,1.3645833333333333,2.145833333333333,1.5208333333333333,1.2916666666666667
30,kl,3.162277660168379e-06,0.1,10.0,1.0,,1.0,True,0.1,exemplar_mean,0.1950767729205772,376.6425221971286,75,52.53983050264935,79.45833333333333,76.21875,68.46875,78.8125,72.29166666666667,64.61458333333333
30,kl,1e-05,0.1,10.0,1.0,,1.0,True,0.1,exemplar_mean,0.2454001490177243,359.13851433511456,75,27.82706427393431,75.94791666666667,73.0,50.833333333333336,74.67708333333333,60.6875,55.5
30,kl,3.1622776601683795e-05,0.1,10.0,1.0,,1.0,True,0.1,exemplar_mean,0.4111505515788711,314.4436272415354,75,20.604456209585063,74.91666666666667,65.23958333333333,38.29166666666666,61.69791666666666,44.69791666666666,31.73958333333333
30,kl,0.0001,0.1,10.0,1.0,,1.0,True,0.1,exemplar_mean,0.4955928746098167,286.88711747709874,75,20.659188058902256,65.75,45.927083333333336,17.3125,45.15625,26.625,18.08333333333333
30,kl,0.0003162277660168,0.1,10.0,1.0,,1.0,True,0.1,exemplar_mean,0.5930770809691525,254.95252490080892,75,30.79522140254919,45.833333333333336,25.760416666666668,12.822916666666666,29.260416666666668,12.645833333333334,10.96875
30,kl,0.001,0.1,10.0,1.0,,1.0,True,0.1,exemplar_mean,0.6178693417332949,248.08704837988117,75,42.93959620942394,31.9375,17.208333333333332,6.625,16.177083333333332,10.78125,7.229166666666667
30,kl,0.0031622776601683,0.1,10.0,1.0,,1.0,True,0.1,exemplar_mean,0.6605737806172035,232.01080461501388,75,75.15064860460336,19.447916666666668,9.4375,5.302083333333333,10.645833333333334,5.979166666666667,4.885416666666667
30,kl,0.01,0.1,10.0,1.0,,1.0,True,0.1,exemplar_mean,0.6457031828157275,238.42312134087896,75,117.36588004429838,12.25,6.635416666666667,3.1979166666666665,6.916666666666667,4.375,3.239583333333333
30,kl,0.0316227766016837,0.1,10.0,1.0,,1.0,True,0.1,exemplar_mean,0.6421283015171226,239.53339981047029,75,171.304961579294,8.322916666666666,4.572916666666667,1.90625,4.541666666666667,2.864583333333333,2.4479166666666665
30,kl,0.1,0.1,10.0,1.0,,1.0,True,0.1,exemplar_mean,0.6538465720092506,235.0355049314588,75,261.23169673369557,5.604166666666667,2.9166666666666665,1.3125,2.59375,1.7708333333333333,1.5520833333333333
30,kl,0.3162277660168379,0.1,10.0,1.0,,1.0,True,0.1,exemplar_mean,0.6624720959313505,234.37046963222843,75,527.5153202782075,3.2291666666666665,1.84375,1.1979166666666667,2.03125,1.3854166666666667,1.1666666666666667
31,kl,3.162277660168379e-06,0.1,10.0,1.0,,1.0,True,0.2,exemplar_mean,,,75,,80.0,80.0,80.0,80.0,80.0,80.0
31,kl,1e-05,0.1,10.0,1.0,,1.0,True,0.2,exemplar_mean,0.2410136758083954,358.49319200624365,75,25.991526579947948,79.13541666666667,73.51041666666667,56.96875,73.16666666666667,61.29166666666666,57.16666666666666
31,kl,3.1622776601683795e-05,0.1,10.0,1.0,,1.0,True,0.2,exemplar_mean,0.281158820671805,350.9460381065686,75,18.358225195018445,74.17708333333333,67.27083333333333,39.083333333333336,61.875,46.40625,35.166666666666664
31,kl,0.0001,0.1,10.0,1.0,,1.0,True,0.2,exemplar_mean,0.4460101378761954,302.9287189895508,75,19.623949043296307,66.47916666666667,52.32291666666666,20.83333333333333,50.0,26.40625,23.20833333333333
31,kl,0.0003162277660168,0.1,10.0,1.0,,1.0,True,0.2,exemplar_mean,0.5978547949624026,254.71643299800385,75,28.76389946538648,49.09375,29.05208333333333,15.15625,34.947916666666664,18.75,13.239583333333334
31,kl,0.001,0.1,10.0,1.0,,1.0,True,0.2,exemplar_mean,0.5888419898695322,257.52970265193164,75,42.007220671562784,32.572916666666664,19.4375,8.541666666666666,17.354166666666668,8.708333333333334,8.90625
31,kl,0.0031622776601683,0.1,10.0,1.0,,1.0,True,0.2,exemplar_mean,0.6328468455791401,242.6470352221449,75,61.40443092907383,22.1875,12.8125,5.427083333333333,10.84375,6.96875,5.989583333333333
31,kl,0.01,0.1,10.0,1.0,,1.0,True,0.2,exemplar_mean,0.6395041104158826,239.8367164118504,75,119.83646072530595,12.479166666666666,6.885416666666667,3.427083333333333,6.71875,4.1875,3.333333333333333
31,kl,0.0316227766016837,0.1,10.0,1.0,,1.0,True,0.2,exemplar_mean,0.6063683617784826,253.64105051132736,75,174.82087296561684,8.114583333333334,4.65625,2.125,4.90625,2.625,2.3125
31,kl,0.1,0.1,10.0,1.0,,1.0,True,0.2,exemplar_mean,0.6102270342061628,252.41249951579388,75,285.12872457369684,5.208333333333333,3.03125,1.3958333333333333,3.3854166666666665,2.09375,1.6458333333333333
31,kl,0.3162277660168379,0.1,10.0,1.0,,1.0,True,0.2,exemplar_mean,0.4979744255320041,290.5394961129865,75,457.56904882603897,3.1666666666666665,2.34375,1.1875,2.177083333333333,1.34375,1.28125
32,kl,3.162277660168379e-06,0.3,1.0,0.1,,0.5,True,0.1,exemplar_mean,0.1453057064414122,383.3592053139817,75,51.35618832990692,78.8125,78.54166666666667,69.30208333333333,77.96875,71.58333333333333,72.38541666666667
32,kl,1e-05,0.3,1.0,0.1,,0.5,True,0.1,exemplar_mean,0.2699317858167338,354.8482484032944,75,30.03652859001194,79.04166666666667,72.92708333333333,56.47916666666666,74.29166666666667,63.375,54.29166666666666
32,kl,3.1622776601683795e-05,0.3,1.0,0.1,,0.5,True,0.1,exemplar_mean,0.4705283093619815,295.16034772091155,75,23.012687058551233,76.96875,65.13541666666667,39.5625,57.13541666666666,45.25,39.6875
32,kl,0.0001,0.3,1.0,0.1,,0.5,True,0.1,exemplar_mean,0.5978621349405667,254.57740809088267,75,22.617187069395747,69.72916666666667,43.208333333333336,20.58333333333333,50.10416666666666,32.59375,24.0
32,kl,0.0003162277660168,0.3,1.0,0.1,,0.5,True,0.1,exemplar_mean,0.6146032856738332,248.40537400373427,75,29.697135860913477,49.40625,28.84375,12.916666666666666,28.291666666666668,15.666666666666666,13.65625
32,kl,0.001,0.3,1.0,0.1,,0.5,True,0.1,exemplar_mean,0.6134449656361811,249.93496050136625,75,42.87934930185658,33.3125,17.03125,7.875,15.59375,10.229166666666666,8.302083333333334
32,kl,0.0031622776601683,0.3,1.0,0.1,,0.5,True,0.1,exemplar_mean,0.6265849483303699,247.2315758022619,75,72.49043733726911,20.229166666666668,10.15625,5.34375,10.541666666666666,6.0,6.21875
32,kl,0.01,0.3,1.0,0.1,,0.5,True,0.1,exemplar_mean,0.6595039156614413,233.2425838946636,75,121.90194098980945,12.697916666666666,6.822916666666667,3.6875,6.71875,4.416666666666667,3.96875
32,kl,0.0316227766016837,0.3,1.0,0.1,,0.5,True,0.1,exemplar_mean,0.6251180928593055,245.5031783326711,75,208.06443230288133,7.53125,4.697916666666667,2.3229166666666665,4.229166666666667,3.21875,2.5729166666666665
32,kl,0.1,0.3,1.0,0.1,,0.5,True,0.1,exemplar_mean,0.5763377169636924,261.71569013167573,75,321.9056198536382,4.822916666666667,3.2916666666666665,1.53125,3.5729166666666665,2.1875,1.84375
32,kl,0.3162277660168379,0.3,1.0,0.1,,0.5,True,0.1,exemplar_mean,0.5494575937351419,269.63924361266834,75,574.0184951881031,2.96875,2.1979166666666665,1.2916666666666667,2.114583333333333,1.4583333333333333,1.3854166666666667
33,kl,3.162277660168379e-06,0.3,1.0,0.1,,0.5,True,0.2,exemplar_mean,,,75,,80.0,80.0,80.0,80.0,80.0,80.0
33,kl,1e-05,0.3,1.0,0.1,,0.5,True,0.2,exemplar_mean,0.3383830360244513,335.9198367564361,75,44.05128637879679,78.25,73.07291666666667,64.70833333333333,77.17708333333333,66.875,57.875
33,kl,3.1622776601683795e-05,0.3,1.0,0.1,,0.5,True,0.2,exemplar_mean,0.3995949486357423,320.4143236087427,75,25.100432516179183,74.97916666666667,64.40625,43.35416666666666,64.75,53.65625,45.72916666666666
33,kl,0.0001,0.3,1.0,0.1,,0.5,True,0.2,exemplar_mean,0.5251871846630166,279.462828536878,75,25.07676962886164,65.33333333333333,48.083333333333336,27.28125,52.333333333333336,35.0,26.42708333333333
33,kl,0.0003162277660168,0.3,1.0,0.1,,0.5,True,0.2,exemplar_mean,0.5586552067058906,268.9481469438384,75,31.48887300987387,47.13541666666666,33.1875,16.09375,34.375,20.3125,16.916666666666668
33,kl,0.001,0.3,1.0,0.1,,0.5,True,0.2,exemplar_mean,0.6318114889731324,245.06547546408143,75,46.99083108817474,32.21875,18.40625,10.0625,18.666666666666668,13.135416666666666,10.5
33,kl,0.0031622776601683,0.3,1.0,0.1,,0.5,True,0.2,exemplar_mean,0.5824829495766124,259.25413833533304,75,77.06160502072069,19.21875,12.614583333333334,5.572916666666667,10.875,8.322916666666666,5.895833333333333
33,kl,0.01,0.3,1.0,0.1,,0.5,True,0.2,exemplar_mean,0.6525696455110879,236.66358219200893,75,128.26657883096718,12.427083333333334,6.864583333333333,4.135416666666667,7.96875,4.604166666666667,4.270833333333333
33,kl,0.0316227766016837,0.3,1.0,0.1,,0.5,True,0.2,exemplar_mean,0.5399654819573421,272.4711444500896,75,202.512878799841,7.302083333333333,5.25,2.5625,4.864583333333333,3.083333333333333,2.583333333333333
33,kl,0.1,0.3,1.0,0.1,,0.5,True,0.2,exemplar_mean,0.5563908587328527,269.52274612232543,75,339.4741072311143,4.75,3.3541666666666665,1.6145833333333333,3.0104166666666665,2.09375,1.84375
33,kl,0.3162277660168379,0.3,1.0,0.1,,0.5,True,0.2,exemplar_mean,0.5995208648145246,255.4205776593803,75,549.9915004006326,3.25,2.1354166666666665,1.375,1.9791666666666667,1.5833333333333333,1.2708333333333333
34,kl,3.162277660168379e-06,0.3,1.0,0.1,,1.0,True,0.1,exemplar_mean,0.1923073896220852,372.11298941635414,75,56.27382425956993,79.84375,78.05208333333333,68.34375,77.61458333333333,71.01041666666667,65.42708333333333
34,kl,1e-05,0.3,1.0,0.1,,1.0,True,0.1,exemplar_mean,0.2514260335981494,359.00223465742073,75,30.202065231499645,78.375,74.65625,54.01041666666666,73.70833333333333,63.8125,56.88541666666666
34,kl,3.1622776601683795e-05,0.3,1.0,0.1,,1.0,True,0.1,exemplar_mean,0.3892812226897303,322.99986647126354,75,23.129509641262928,75.17708333333333,61.5625,37.47916666666666,65.69791666666667,46.552083333333336,39.59375
34,kl,0.0001,0.3,1.0,0.1,,1.0,True,0.1,exemplar_mean,0.4980194316414708,287.19862307705387,75,22.6859764739634,64.27083333333333,48.38541666666666,21.697916666666668,45.0625,31.65625,23.1875
34,kl,0.0003162277660168,0.3,1.0,0.1,,1.0,True,0.1,exemplar_mean,0.6245873840589921,245.12095603389875,75,29.604084079521016,49.10416666666666,29.125,13.479166666666666,25.166666666666668,17.71875,14.458333333333334
34,kl,0.001,0.3,1.0,0.1,,1.0,True,0.1,exemplar_mean,0.6589495832971587,233.36179526879303,75,43.96025068487359,33.65625,16.25,8.895833333333334,15.9375,11.15625,9.041666666666666
34,kl,0.0031622776601683,0.3,1.0,0.1,,1.0,True,0.1,exemplar_mean,0.6407481628356748,240.93332227512616,75,75.59816594271292,19.71875,10.489583333333334,5.385416666666667,11.53125,6.875,5.71875
34,kl,0.01,0.3,1.0,0.1,,1.0,True,0.1,exemplar_mean,0.6046640744744979,251.6014763037107,75,132.99819733304943,11.427083333333334,6.791666666666667,3.84375,6.760416666666667,4.427083333333333,3.8333333333333335
34,kl,0.0316227766016837,0.3,1.0,0.1,,1.0,True,0.1,exemplar_mean,0.560917923206832,270.49393569994515,75,181.84542481865017,7.833333333333333,5.03125,2.0729166666666665,4.4375,2.989583333333333,2.489583333333333
34,kl,0.1,0.3,1.0,0.1,,1.0,True,0.1,exemplar_mean,0.6522854911567506,236.43180250946216,75,276.3415157691296,5.552083333333333,3.0,1.5729166666666667,3.020833333333333,2.020833333333333,1.8958333333333333
34,kl,0.3162277660168379,0.3,1.0,0.1,,1.0,True,0.1,exemplar_mean,0.6152796512066275,248.5864242593761,75,534.3922830775555,3.270833333333333,2.15625,1.28125,2.0729166666666665,1.5833333333333333,1.2395833333333333
35,kl,3.162277660168379e-06,0.3,1.0,0.1,,1.0,True,0.2,exemplar_mean,0.2195033820706051,366.35738254762566,75,74.86004790000881,79.91666666666667,79.08333333333333,72.5625,78.04166666666667,73.29166666666667,74.64583333333333
35,kl,1e-05,0.3,1.0,0.1,,1.0,True,0.2,exemplar_mean,0.2617856126654346,354.5610672730247,75,40.33369907531944,78.0625,75.34375,60.5,73.9375,65.22916666666667,61.35416666666666
35,kl,3.1622776601683795e-05,0.3,1.0,0.1,,1.0,True,0.2,exemplar_mean,0.3493790235710631,332.3119170373908,75,25.154488941188895,73.17708333333333,67.5,44.833333333333336,68.92708333333333,49.63541666666666,41.54166666666666
35,kl,0.0001,0.3,1.0,0.1,,1.0,True,0.2,exemplar_mean,0.5088972093735106,283.9986773172422,75,22.825048053951495,68.15625,50.59375,27.041666666666668,48.22916666666666,35.65625,27.979166666666668
35,kl,0.0003162277660168,0.3,1.0,0.1,,1.0,True,0.2,exemplar_mean,0.5526542219944246,272.170621019992,75,30.247719868910824,48.40625,32.697916666666664,14.625,33.34375,21.59375,18.072916666666668
35,kl,0.001,0.3,1.0,0.1,,1.0,True,0.2,exemplar_mean,0.5715236115231774,262.5426549876822,75,42.95309680917084,33.114583333333336,21.34375,9.53125,19.53125,11.3125,10.0
35,kl,0.0031622776601683,0.3,1.0,0.1,,1.0,True,0.2,exemplar_mean,0.6315228189494024,242.43830209826373,75,77.96956175617179,19.666666666666668,12.260416666666666,5.875,12.59375,7.53125,7.0
35,kl,0.01,0.3,1.0,0.1,,1.0,True,0.2,exemplar_mean,0.6670666113364484,230.8858161454355,75,117.085514166773,13.46875,7.0625,3.6666666666666665,7.166666666666667,5.15625,3.7708333333333335
35,kl,0.0316227766016837,0.3,1.0,0.1,,1.0,True,0.2,exemplar_mean,0.5581726829078864,267.3681590561606,75,178.4729983874643,7.96875,5.427083333333333,2.395833333333333,5.21875,2.677083333333333,2.59375
35,kl,0.1,0.3,1.0,0.1,,1.0,True,0.2,exemplar_mean,0.5256083967416343,279.007685496538,75,312.57860964711017,4.708333333333333,3.6145833333333335,1.71875,3.375,2.4166666666666665,1.96875
35,kl,0.3162277660168379,0.3,1.0,0.1,,1.0,True,0.2,exemplar_mean,0.556045515784896,268.3205536902787,75,528.6101637330252,3.145833333333333,2.364583333333333,1.3020833333333333,2.239583333333333,1.5,1.3958333333333333
36,kl,3.162277660168379e-06,0.3,1.0,1.0,,0.5,True,0.1,exemplar_mean,0.1538662200899417,384.90678420699254,75,45.17624891557379,79.66666666666667,77.19791666666667,68.40625,76.375,72.9375,63.19791666666666
36,kl,1e-05,0.3,1.0,1.0,,0.5,True,0.1,exemplar_mean,0.2320570473407367,362.60987167168025,75,22.07651925436289,79.375,75.53125,50.4375,77.21875,59.375,51.489583333333336
36,kl,3.1622776601683795e-05,0.3,1.0,1.0,,0.5,True,0.1,exemplar_mean,0.4045994582078405,317.15036585576485,75,19.695850278123626,75.90625,63.375,33.760416666666664,61.63541666666666,43.82291666666666,37.46875
36,kl,0.0001,0.3,1.0,1.0,,0.5,True,0.1,exemplar_mean,0.5411825813758735,273.09950781318355,75,22.68038554852268,63.083333333333336,41.41666666666666,17.041666666666668,51.13541666666666,26.479166666666668,18.08333333333333
36,kl,0.0003162277660168,0.3,1.0,1.0,,0.5,True,0.1,exemplar_mean,0.6291044667044142,243.6483674054409,75,25.782789016116396,51.75,27.11458333333333,11.833333333333334,26.17708333333333,14.28125,11.104166666666666
36,kl,0.001,0.3,1.0,1.0,,0.5,True,0.1,exemplar_mean,0.667930903982733,230.00358999068385,75,43.670340847819745,32.322916666666664,14.791666666666666,7.75,16.90625,9.864583333333334,7.1875
36,kl,0.0031622776601683,0.3,1.0,1.0,,0.5,True,0.1,exemplar_mean,0.6017438930303464,252.59680666309924,75,75.69791591547006,18.385416666666668,10.791666666666666,5.145833333333333,9.802083333333334,5.59375,4.666666666666667
36,kl,0.01,0.3,1.0,1.0,,0.5,True,0.1,exemplar_mean,0.6051644290712769,252.18567164584695,75,124.75567981507412,11.510416666666666,6.947916666666667,3.1875,6.802083333333333,4.364583333333333,3.239583333333333
36,kl,0.0316227766016837,0.3,1.0,1.0,,0.5,True,0.1,exemplar_mean,0.6169799018741605,247.75061542926895,75,167.44708432456554,8.520833333333334,4.791666666666667,2.125,4.364583333333333,2.90625,2.270833333333333
36,kl,0.1,0.3,1.0,1.0,,0.5,True,0.1,exemplar_mean,0.5957036735531718,254.20546794858237,75,293.8098286725226,5.145833333333333,3.177083333333333,1.6145833333333333,3.145833333333333,1.8333333333333333,1.5625
36,kl,0.3162277660168379,0.3,1.0,1.0,,0.5,True,0.1,exemplar_mean,0.4526664056232123,301.84226654051594,75,516.492756261784,2.8229166666666665,2.34375,1.2083333333333333,2.3229166666666665,1.3958333333333333,1.1979166666666667
37,kl,3.162277660168379e-06,0.3,1.0,1.0,,0.5,True,0.2,exemplar_mean,0.280128184772658,352.93333451116666,75,66.87169612617205,79.54166666666667,78.54166666666667,68.28125,77.01041666666667,73.08333333333333,69.02083333333333
37,kl,1e-05,0.3,1.0,1.0,,0.5,True,0.2,exemplar_mean,0.3050147761352303,345.0817642644182,75,30.47335415683476,79.51041666666667,73.70833333333333,56.59375,73.39583333333333,61.6875,54.375
37,kl,3.1622776601683795e-05,0.3,1.0,1.0,,0.5,True,0.2,exemplar_mean,0.4204116354463617,312.4182437613879,75,22.227822704861296,75.17708333333333,61.9375,33.9375,65.07291666666667,41.958333333333336,37.90625
37,kl,0.0001,0.3,1.0,1.0,,0.5,True,0.2,exemplar_mean,0.6038525016869631,251.75544106491537,75,23.68221062483916,66.82291666666667,37.864583333333336,20.072916666666668,44.10416666666666,28.95833333333333,17.84375
37,kl,0.0003162277660168,0.3,1.0,1.0,,0.5,True,0.2,exemplar_mean,0.6482626088118011,239.03164197694923,75,28.264535287917074,51.083333333333336,24.67708333333333,10.854166666666666,25.17708333333333,16.604166666666668,12.927083333333334
37,kl,0.001,0.3,1.0,1.0,,0.5,True,0.2,exemplar_mean,0.6419778255312647,238.64103739461777,75,44.08741348556139,32.052083333333336,16.354166666666668,7.71875,15.96875,8.125,8.260416666666666
37,kl,0.0031622776601683,0.3,1.0,1.0,,0.5,True,0.2,exemplar_mean,0.6016897400721597,252.4358839556799,75,78.5197822954366,18.21875,10.885416666666666,4.645833333333333,10.78125,6.0,5.40625
37,kl,0.01,0.3,1.0,1.0,,0.5,True,0.2,exemplar_mean,0.6446730932811577,238.50013398006976,75,118.15022271226545,12.354166666666666,6.927083333333333,3.65625,7.0625,4.072916666666667,3.5104166666666665
37,kl,0.0316227766016837,0.3,1.0,1.0,,0.5,True,0.2,exemplar_mean,0.6223241394762421,246.7375231119339,75,195.3147997988144,7.9375,4.3125,2.3541666666666665,4.25,2.802083333333333,2.739583333333333
37,kl,0.1,0.3,1.0,1.0,,0.5,True,0.2,exemplar_mean,0.5271913887300909,277.38467380384475,75,358.16571553400996,4.354166666666667,3.1354166666666665,1.71875,3.0729166666666665,1.8541666666666667,1.6666666666666667
37,kl,0.3162277660168379,0.3,1.0,1.0,,0.5,True,0.2,exemplar_mean,0.5960704299044447,255.09446405978133,75,610.2909046328245,2.958333333333333,2.0625,1.1875,2.1041666666666665,1.4895833333333333,1.2604166666666667
38,kl,3.162277660168379e-06,0.3,1.0,1.0,,1.0,True,0.1,exemplar_mean,,,75,,80.0,80.0,80.0,80.0,80.0,80.0
38,kl,1e-05,0.3,1.0,1.0,,1.0,True,0.1,exemplar_mean,0.2750677972131379,352.166514344228,75,28.117447366442455,77.69791666666667,72.45833333333333,53.8125,69.42708333333333,59.489583333333336,50.083333333333336
38,kl,3.1622776601683795e-05,0.3,1.0,1.0,,1.0,True,0.1,exemplar_mean,0.3621845018738008,330.32498248139797,75,17.391811738564304,75.57291666666667,64.5625,31.36458333333333,57.32291666666666,40.71875,31.072916666666668
38,kl,0.0001,0.3,1.0,1.0,,1.0,True,0.1,exemplar_mean,0.5243133266536515,276.77217832605044,75,21.856853994636968,63.04166666666666,44.5,18.39583333333333,47.552083333333336,26.34375,17.864583333333332
38,kl,0.0003162277660168,0.3,1.0,1.0,,1.0,True,0.1,exemplar_mean,0.6172576335608102,247.81884064692173,75,27.357684853836815,49.85416666666666,24.666666666666668,10.75,23.02083333333333,13.427083333333334,11.09375
38,kl,0.001,0.3,1.0,1.0,,1.0,True,0.1,exemplar_mean,0.6275305393861423,244.92775811203344,75,48.93377016394966,29.125,15.979166666666666,8.072916666666666,15.84375,8.979166666666666,7.916666666666667
38,kl,0.0031622776601683,0.3,1.0,1.0,,1.0,True,0.1,exemplar_mean,0.6332981826266653,241.7294980382497,75,80.30574310001552,17.958333333333332,10.020833333333334,5.010416666666667,10.71875,5.65625,5.145833333333333
38,kl,0.01,0.3,1.0,1.0,,1.0,True,0.1,exemplar_mean,0.5869805680003685,257.25036548671574,75,123.309671586194,11.364583333333334,7.34375,3.3854166666666665,7.010416666666667,4.53125,3.125
38,kl,0.0316227766016837,0.3,1.0,1.0,,1.0,True,0.1,exemplar_mean,0.6366416613178232,241.48148430411624,75,179.73963167686455,8.135416666666666,4.677083333333333,2.21875,4.71875,2.708333333333333,2.0625
38,kl,0.1,0.3,1.0,1.0,,1.0,True,0.1,exemplar_mean,0.5274575710974244,277.90223915664933,75,294.233699381176,4.729166666666667,3.5625,1.6145833333333333,3.46875,2.0,1.625
38,kl,0.3162277660168379,0.3,1.0,1.0,,1.0,True,0.1,exemplar_mean,0.5937984341159168,257.00764559906395,75,520.3626771170536,3.2291666666666665,1.9791666666666667,1.21875,2.28125,1.4583333333333333,1.1979166666666667
39,kl,3.162277660168379e-06,0.3,1.0,1.0,,1.0,True,0.2,exemplar_mean,0.2293510357043634,361.38360155411135,75,55.44686247537239,80.0,78.67708333333333,66.44791666666667,77.61458333333333,74.88541666666667,64.73958333333333
39,kl,1e-05,0.3,1.0,1.0,,1.0,True,0.2,exemplar_mean,0.3701071197648176,325.4818618022171,75,31.2628650632114,79.79166666666667,73.52083333333333,50.82291666666666,75.97916666666667,64.8125,55.4375
39,kl,3.1622776601683795e-05,0.3,1.0,1.0,,1.0,True,0.2,exemplar_mean,0.3712913015822229,325.74944614805304,75,19.47254794713088,75.47916666666667,63.989583333333336,31.697916666666668,65.52083333333333,41.020833333333336,34.260416666666664
39,kl,0.0001,0.3,1.0,1.0,,1.0,True,0.2,exemplar_mean,0.5116357691372444,282.68930127712133,75,22.00444916844422,65.26041666666667,43.85416666666666,19.354166666666668,47.10416666666666,23.64583333333333,19.0
39,kl,0.0003162277660168,0.3,1.0,1.0,,1.0,True,0.2,exemplar_mean,0.5784338763842074,259.9348744800576,75,26.809922534210187,50.01041666666666,30.20833333333333,12.427083333333334,26.34375,15.25,12.354166666666666
39,kl,0.001,0.3,1.0,1.0,,1.0,True,0.2,exemplar_mean,0.5677111869656831,264.80245992863604,75,46.5275461473043,29.15625,18.604166666666668,8.28125,17.072916666666668,10.375,7.760416666666667
39,kl,0.0031622776601683,0.3,1.0,1.0,,1.0,True,0.2,exemplar_mean,0.6408336316798775,240.29808945742553,75,80.76484378562861,18.6875,9.677083333333334,5.125,11.0625,6.322916666666667,5.385416666666667
39,kl,0.01,0.3,1.0,1.0,,1.0,True,0.2,exemplar_mean,0.6148555065682131,249.67886694084015,75,112.33093951958332,12.708333333333334,7.09375,3.364583333333333,6.197916666666667,4.416666666666667,3.625
39,kl,0.0316227766016837,0.3,1.0,1.0,,1.0,True,0.2,exemplar_mean,0.6246452126341052,245.10885888712303,75,184.7059538986074,7.916666666666667,4.75,2.3541666666666665,4.875,3.0416666666666665,2.3125
39,kl,0.1,0.3,1.0,1.0,,1.0,True,0.2,exemplar_mean,0.6294610557653799,244.91897003040123,75,307.933366219155,5.083333333333333,2.84375,1.4270833333333333,3.020833333333333,1.96875,1.5833333333333333
39,kl,0.3162277660168379,0.3,1.0,1.0,,1.0,True,0.2,exemplar_mean,0.5144529791502145,280.6276149996159,75,585.0823059248588,2.833333333333333,2.1666666666666665,1.40625,2.1979166666666665,1.2291666666666667,1.2604166666666667
40,kl,3.162277660168379e-06,0.3,10.0,0.1,,0.5,True,0.1,exemplar_mean,,,75,,80.0,80.0,80.0,80.0,80.0,80.0
40,kl,1e-05,0.3,10.0,0.1,,0.5,True,0.1,exemplar_mean,0.3346515051931307,335.57299112741515,75,37.38596404951644,78.9375,73.1875,59.21875,76.38541666666667,67.30208333333333,57.677083333333336
40,kl,3.1622776601683795e-05,0.3,10.0,0.1,,0.5,True,0.1,exemplar_mean,0.3940137498482456,317.3426807518301,75,24.045169505884957,75.20833333333333,68.54166666666667,38.72916666666666,65.15625,55.375,43.833333333333336
40,kl,0.0001,0.3,10.0,0.1,,0.5,True,0.1,exemplar_mean,0.4933286674920046,289.00893382716066,75,21.684734037208788,67.16666666666667,52.4375,22.64583333333333,50.770833333333336,31.02083333333333,26.30208333333333
40,kl,0.0003162277660168,0.3,10.0,0.1,,0.5,True,0.1,exemplar_mean,0.6430253448134061,239.7400121577345,75,28.091912849959943,53.19791666666666,30.385416666666668,15.572916666666666,31.70833333333333,20.791666666666668,18.041666666666668
40,kl,0.001,0.3,10.0,0.1,,0.5,True,0.1,exemplar_mean,0.5833309908886554,261.2124351578557,75,44.31994827602355,32.40625,19.55208333333333,8.666666666666666,18.072916666666668,11.604166666666666,9.59375
40,kl,0.0031622776601683,0.3,10.0,0.1,,0.5,True,0.1,exemplar_mean,0.6700004524236626,228.01360073756945,75,77.74648436599078,20.08333333333333,10.802083333333334,6.15625,11.489583333333334,8.21875,6.177083333333333
40,kl,0.01,0.3,10.0,0.1,,0.5,True,0.1,exemplar_mean,0.608766428696062,250.61950756191067,75,112.77392122425618,12.8125,8.104166666666666,3.6354166666666665,7.427083333333333,4.666666666666667,3.9791666666666665
40,kl,0.0316227766016837,0.3,10.0,0.1,,0.5,True,0.1,exemplar_mean,0.5767798032758547,259.100333980446,75,200.8911390669089,7.25,5.385416666666667,1.8958333333333333,5.0625,3.395833333333333,2.71875
40,kl,0.1,0.3,10.0,0.1,,0.5,True,0.1,exemplar_mean,0.614848965561979,249.77280474764,75,359.52986003454777,4.614583333333333,3.09375,1.6041666666666667,3.75,2.083333333333333,2.177083333333333
40,kl,0.3162277660168379,0.3,10.0,0.1,,0.5,True,0.1,exemplar_mean,0.605559745265168,250.4344107415398,75,589.9472520475427,2.989583333333333,2.302083333333333,1.2916666666666667,2.53125,1.6875,1.4375
41,kl,3.162277660168379e-06,0.3,10.0,0.1,,0.5,True,0.2,exemplar_mean,,,75,,80.0,80.0,80.0,80.0,80.0,80.0
41,kl,1e-05,0.3,10.0,0.1,,0.5,True,0.2,exemplar_mean,0.3597771806063116,326.87006094938533,75,45.49066661654768,78.95833333333333,76.29166666666667,63.302083333333336,77.53125,70.625,66.71875
41,kl,3.1622776601683795e-05,0.3,10.0,0.1,,0.5,True,0.2,exemplar_mean,0.2944642665850316,344.2174822276173,75,22.90137254465307,75.67708333333333,70.125,42.59375,72.34375,50.44791666666666,45.85416666666666
41,kl,0.0001,0.3,10.0,0.1,,0.5,True,0.2,exemplar_mean,0.5060666450449961,283.6791849230552,75,24.002088311133765,67.54166666666667,54.25,28.73958333333333,54.84375,35.09375,33.833333333333336
41,kl,0.0003162277660168,0.3,10.0,0.1,,0.5,True,0.2,exemplar_mean,0.5105145154676561,281.75723446389566,75,27.544461265384108,52.10416666666666,35.78125,15.979166666666666,35.697916666666664,21.9375,16.770833333333332
41,kl,0.001,0.3,10.0,0.1,,0.5,True,0.2,exemplar_mean,0.5570368256485039,267.413280125471,75,41.06610295816781,34.78125,22.104166666666668,10.25,19.90625,12.916666666666666,10.364583333333334
41,kl,0.0031622776601683,0.3,10.0,0.1,,0.5,True,0.2,exemplar_mean,0.6025956522319605,251.70767405370032,75,72.78194480579806,20.67708333333333,12.677083333333334,5.927083333333333,14.322916666666666,7.895833333333333,5.864583333333333
41,kl,0.01,0.3,10.0,0.1,,0.5,True,0.2,exemplar_mean,0.6120934854221612,250.52675701453617,75,107.28953258866396,13.59375,8.15625,3.8854166666666665,7.53125,5.364583333333333,3.9583333333333335
41,kl,0.0316227766016837,0.3,10.0,0.1,,0.5,True,0.2,exemplar_mean,0.6156614039997117,248.2537809927716,75,163.90412136160856,8.8125,5.135416666666667,2.2916666666666665,5.322916666666667,3.40625,2.5
41,kl,0.1,0.3,10.0,0.1,,0.5,True,0.2,exemplar_mean,0.5992257517275128,252.5316150901748,75,300.0116482786455,5.208333333333333,3.46875,1.7395833333333333,3.4166666666666665,2.125,1.71875
41,kl,0.3162277660168379,0.3,10.0,0.1,,0.5,True,0.2,exemplar_mean,0.5573889830909629,269.55432593522767,75,635.6740849386254,3.0104166666666665,2.0104166666666665,1.3541666666666667,2.0729166666666665,1.6979166666666667,1.34375
42,kl,3.162277660168379e-06,0.3,10.0,0.1,,1.0,True,0.1,exemplar_mean,0.1873803917421122,376.7073711607483,75,64.04010638234163,79.42708333333333,78.52083333333333,69.48958333333333,78.25,74.36458333333333,72.34375
42,kl,1e-05,0.3,10.0,0.1,,1.0,True,0.1,exemplar_mean,0.2616255860365698,356.8626086722464,75,36.31369736995134,77.1875,72.97916666666667,55.208333333333336,77.09375,71.1875,64.32291666666667
42,kl,3.1622776601683795e-05,0.3,10.0,0.1,,1.0,True,0.1,exemplar_mean,0.3837480826962687,322.45350461100975,75,24.19939335350976,75.75,65.95833333333333,37.63541666666666,63.04166666666666,51.40625,42.177083333333336
42,kl,0.0001,0.3,10.0,0.1,,1.0,True,0.1,exemplar_mean,0.4758855389463037,292.6355155186005,75,21.429430161702903,64.63541666666667,54.677083333333336,22.791666666666668,54.10416666666666,29.4375,27.48958333333333
42,kl,0.0003162277660168,0.3,10.0,0.1,,1.0,True,0.1,exemplar_mean,0.6120402832974781,250.2112163107257,75,27.26195525508987,53.34375,31.78125,15.729166666666666,32.822916666666664,19.166666666666668,15.354166666666666
42,kl,0.001,0.3,10.0,0.1,,1.0,True,0.1,exemplar_mean,0.5644512965900005,264.92224865528124,75,47.00421132008677,30.104166666666668,20.84375,8.354166666666666,18.33333333333333,11.875,11.208333333333334
42,kl,0.0031622776601683,0.3,10.0,0.1,,1.0,True,0.1,exemplar_mean,0.606263278160114,251.37128131701897,75,67.24240928806323,21.23958333333333,13.041666666666666,5.229166666666667,12.34375,7.5,6.34375
42,kl,0.01,0.3,10.0,0.1,,1.0,True,0.1,exemplar_mean,0.6547085728817843,236.34194724426888,75,120.39568057743578,12.822916666666666,7.1875,3.3854166666666665,8.34375,5.145833333333333,4.010416666666667
42,kl,0.0316227766016837,0.3,10.0,0.1,,1.0,True,0.1,exemplar_mean,0.6933076470942353,221.45502249794632,75,165.6413076490317,9.15625,4.260416666666667,2.1875,4.739583333333333,3.5729166666666665,2.4166666666666665
42,kl,0.1,0.3,10.0,0.1,,1.0,True,0.1,exemplar_mean,0.6241006082388276,247.46038333380676,75,343.7968728229709,4.760416666666667,3.125,1.59375,3.21875,2.15625,1.8229166666666667
42,kl,0.3162277660168379,0.3,10.0,0.1,,1.0,True,0.1,exemplar_mean,0.7011407792803401,217.23428016429335,75,534.6389653859918,3.4166666666666665,2.03125,1.4479166666666667,2.15625,1.53125,1.40625
43,kl,3.162277660168379e-06,0.3,10.0,0.1,,1.0,True,0.2,exemplar_mean,0.1598593549516734,383.3239891951032,75,75.73814915487931,79.64583333333333,79.91666666666667,73.17708333333333,77.875,77.25,75.125
43,kl,1e-05,0.3,10.0,0.1,,1.0,True,0.2,exemplar_mean,0.1555745910287593,377.033186507816,75,34.62177157819819,78.01041666666667,76.5625,62.020833333333336,75.53125,69.96875,63.75
43,kl,3.1622776601683795e-05,0.3,10.0,0.1,,1.0,True,0.2,exemplar_mean,0.3837195067752628,322.42603104266493,75,30.32815176734642,75.23958333333333,66.90625,46.01041666666666,67.80208333333333,58.90625,48.91666666666666
43,kl,0.0001,0.3,10.0,0.1,,1.0,True,0.2,exemplar_mean,0.4849301645467089,291.2974215017274,75,23.328158438163637,68.61458333333333,53.0,29.55208333333333,48.91666666666666,34.395833333333336,30.072916666666668
43,kl,0.0003162277660168,0.3,10.0,0.1,,1.0,True,0.2,exemplar_mean,0.5906232051098861,256.3399743969406,75,28.426727525432906,54.458333333333336,34.4375,17.010416666666668,35.447916666666664,23.89583333333333,17.072916666666668
43,kl,0.001,0.3,10.0,0.1,,1.0,True,0.2,exemplar_mean,0.6287179325427866,243.22825781242017,75,40.130022712320034,36.91666666666666,21.42708333333333,9.322916666666666,20.1875,13.927083333333334,10.5
43,kl,0.0031622776601683,0.3,10.0,0.1,,1.0,True,0.2,exemplar_mean,0.5511804711799018,270.36315221903686,75,74.60708678265482,19.666666666666668,13.09375,6.822916666666667,12.75,8.864583333333334,6.354166666666667
43,kl,0.01,0.3,10.0,0.1,,1.0,True,0.2,exemplar_mean,0.6505533067127736,237.2969626487242,75,98.7481065877789,14.9375,7.625,4.166666666666667,7.96875,4.635416666666667,4.364583333333333
43,kl,0.0316227766016837,0.3,10.0,0.1,,1.0,True,0.2,exemplar_mean,0.6091711684085923,250.63252897201565,75,176.27772553542863,8.4375,5.072916666666667,2.8125,5.28125,3.395833333333333,2.395833333333333
43,kl,0.1,0.3,10.0,0.1,,1.0,True,0.2,exemplar_mean,0.6240164323542082,245.7215462887787,75,316.5472286686401,5.1875,3.1875,1.7708333333333333,3.21875,2.145833333333333,2.020833333333333
43,kl,0.3162277660168379,0.3,10.0,0.1,,1.0,True,0.2,exemplar_mean,0.5323252464578138,274.72844660141993,75,629.2186969090092,2.8125,2.3229166666666665,1.5833333333333333,2.34375,1.4479166666666667,1.3958333333333333
44,kl,3.162277660168379e-06,0.3,10.0,1.0,,0.5,True,0.1,exemplar_mean,0.2249720685455,360.4134625288842,75,47.896198875981774,79.79166666666667,78.10416666666667,68.48958333333333,78.35416666666667,71.61458333333333,65.45833333333333
44,kl,1e-05,0.3,10.0,1.0,,0.5,True,0.1,exemplar_mean,0.1958319982124044,370.9241162251682,75,24.82192715791745,78.27083333333333,74.63541666666667,53.63541666666666,75.80208333333333,64.05208333333333,53.645833333333336
44,kl,3.1622776601683795e-05,0.3,10.0,1.0,,0.5,True,0.1,exemplar_mean,0.4005757267308029,318.76503652370104,75,19.97510982047112,75.84375,65.0,29.875,60.34375,44.677083333333336,35.427083333333336
44,kl,0.0001,0.3,10.0,1.0,,0.5,True,0.1,exemplar_mean,0.5983691711264787,252.8037625206777,75,22.006617792426756,67.85416666666667,41.22916666666666,20.46875,43.34375,26.1875,19.58333333333333
44,kl,0.0003162277660168,0.3,10.0,1.0,,0.5,True,0.1,exemplar_mean,0.6437914941727313,238.11781740626265,75,25.54354032708991,53.8125,25.541666666666668,12.291666666666666,26.67708333333333,15.5,9.635416666666666
44,kl,0.001,0.3,10.0,1.0,,0.5,True,0.1,exemplar_mean,0.6083914800534026,253.40919720473585,75,43.66317452300438,31.197916666666668,16.010416666666668,7.65625,17.989583333333332,9.625,7.708333333333333
44,kl,0.0031622776601683,0.3,10.0,1.0,,0.5,True,0.1,exemplar_mean,0.6276951711741425,243.3016633878048,75,66.81511426030748,20.67708333333333,10.21875,5.083333333333333,9.708333333333334,5.65625,4.135416666666667
44,kl,0.01,0.3,10.0,1.0,,0.5,True,0.1,exemplar_mean,0.655153494023891,235.0186512445038,75,120.32021689640602,12.229166666666666,6.489583333333333,3.0416666666666665,6.708333333333333,4.072916666666667,3.2916666666666665
44,kl,0.0316227766016837,0.3,10.0,1.0,,0.5,True,0.1,exemplar_mean,0.6044741005180282,251.7838524481953,75,189.18041511534457,7.510416666666667,4.75,2.1666666666666665,4.364583333333333,3.1041666666666665,2.2916666666666665
44,kl,0.1,0.3,10.0,1.0,,0.5,True,0.1,exemplar_mean,0.6027660484438772,251.81833912285373,75,313.46889865442046,4.770833333333333,2.90625,1.4895833333333333,3.15625,1.8541666666666667,1.6145833333333333
44,kl,0.3162277660168379,0.3,10.0,1.0,,0.5,True,0.1,exemplar_mean,0.6835812117409282,225.51089805193777,75,639.1162563794593,2.9166666666666665,1.6770833333333333,1.2395833333333333,2.114583333333333,1.3854166666666667,1.1666666666666667
45,kl,3.162277660168379e-06,0.3,10.0,1.0,,0.5,True,0.2,exemplar_mean,0.1354970050288489,387.3983240349198,75,47.476499496215105,78.96875,78.48958333333333,67.75,77.0,71.89583333333333,68.14583333333333
45,kl,1e-05,0.3,10.0,1.0,,0.5,True,0.2,exemplar_mean,0.2331760926841095,365.18060501921826,75,29.803770347317,78.63541666666667,72.41666666666667,55.083333333333336,74.39583333333333,61.03125,52.25
45,kl,3.1622776601683795e-05,0.3,10.0,1.0,,0.5,True,0.2,exemplar_mean,0.3888793789552552,319.27793866212556,75,21.72115697312438,75.4375,65.98958333333333,40.57291666666666,64.05208333333333,44.958333333333336,35.90625
45,kl,0.0001,0.3,10.0,1.0,,0.5,True,0.2,exemplar_mean,0.4609914419046509,298.678733340965,75,23.06860226349117,62.72916666666666,46.71875,20.604166666666668,47.333333333333336,28.08333333333333,21.98958333333333
45,kl,0.0003162277660168,0.3,10.0,1.0,,0.5,True,0.2,exemplar_mean,0.6045356012041779,249.86949820497904,75,29.75022027674822,48.29166666666666,29.45833333333333,12.614583333333334,32.697916666666664,16.833333333333332,12.791666666666666
45,kl,0.001,0.3,10.0,1.0,,0.5,True,0.2,exemplar_mean,0.4688314930349536,296.2768187503746,75,46.6419581356038,27.02083333333333,20.885416666666668,7.625,20.697916666666668,10.96875,7.666666666666667
45,kl,0.0031622776601683,0.3,10.0,1.0,,0.5,True,0.2,exemplar_mean,0.622493283036488,246.1700136406455,75,75.06630596371909,19.729166666666668,10.125,5.010416666666667,12.28125,6.28125,5.1875
45,kl,0.01,0.3,10.0,1.0,,0.5,True,0.2,exemplar_mean,0.584070203177521,258.49152276502946,75,114.01686781717592,12.28125,7.520833333333333,3.4791666666666665,7.739583333333333,3.6979166666666665,3.4375
45,kl,0.0316227766016837,0.3,10.0,1.0,,0.5,True,0.2,exemplar_mean,0.5863735521666767,256.743243901661,75,188.9022506912731,7.59375,5.03125,2.364583333333333,4.8125,2.75,2.270833333333333
45,kl,0.1,0.3,10.0,1.0,,0.5,True,0.2,exemplar_mean,0.5753643163095947,263.9813303343197,75,317.9670832175512,4.739583333333333,3.125,1.5833333333333333,3.15625,1.8645833333333333,1.5416666666666667
45,kl,0.3162277660168379,0.3,10.0,1.0,,0.5,True,0.2,exemplar_mean,0.610254293688041,254.95687570814465,75,626.1806461007484,2.96875,1.6145833333333333,1.2708333333333333,2.2916666666666665,1.375,1.28125
46,kl,3.162277660168379e-06,0.3,10.0,1.0,,1.0,True,0.1,exemplar_mean,0.1324836701634063,387.1963296964111,75,37.31246397981087,79.57291666666667,78.73958333333333,66.52083333333333,75.19791666666667,70.05208333333333,67.86458333333333
46,kl,1e-05,0.3,10.0,1.0,,1.0,True,0.1,exemplar_mean,0.2276854773605012,365.1226307459808,75,23.79112421263881,78.8125,75.19791666666667,54.69791666666666,72.33333333333333,61.03125,51.01041666666666
46,kl,3.1622776601683795e-05,0.3,10.0,1.0,,1.0,True,0.1,exemplar_mean,0.3224631288695972,340.6858684530256,75,17.521466024028662,76.05208333333333,66.58333333333333,33.09375,64.30208333333333,46.51041666666666,32.541666666666664
46,kl,0.0001,0.3,10.0,1.0,,1.0,True,0.1,exemplar_mean,0.5225985011483054,278.0996239867774,75,21.326978874126908,65.07291666666667,45.489583333333336,20.27083333333333,44.552083333333336,27.4375,19.46875
46,kl,0.0003162277660168,0.3,10.0,1.0,,1.0,True,0.1,exemplar_mean,0.6019590294350291,252.75188037919233,75,25.989358289255428,51.97916666666666,27.65625,12.177083333333334,27.08333333333333,15.864583333333334,11.427083333333334
46,kl,0.001,0.3,10.0,1.0,,1.0,True,0.1,exemplar_mean,0.619288043042081,248.03186675597453,75,40.91708821063823,33.125,16.270833333333332,7.260416666666667,16.96875,9.302083333333334,7.375
46,kl,0.0031622776601683,0.3,10.0,1.0,,1.0,True,0.1,exemplar_mean,0.6170509963147986,250.32032379203696,75,74.06255978907294,19.041666666666668,9.385416666666666,3.9895833333333335,9.802083333333334,5.927083333333333,4.9375
46,kl,0.01,0.3,10.0,1.0,,1.0,True,0.1,exemplar_mean,0.613335268102693,249.03180634211336,75,104.5815725158965,12.822916666666666,7.645833333333333,3.1875,6.6875,3.7708333333333335,3.25
46,kl,0.0316227766016837,0.3,10.0,1.0,,1.0,True,0.1,exemplar_mean,0.6593809947295544,234.2028146246711,75,163.34960690671733,8.791666666666666,4.354166666666667,2.0625,3.9791666666666665,2.458333333333333,2.1979166666666665
46,kl,0.1,0.3,10.0,1.0,,1.0,True,0.1,exemplar_mean,0.588854040212084,259.1756872496752,75,325.4690030899685,4.572916666666667,2.96875,1.375,2.895833333333333,1.8125,1.8645833333333333
46,kl,0.3162277660168379,0.3,10.0,1.0,,1.0,True,0.1,exemplar_mean,0.6264517676023051,246.4423937070628,75,619.3314505507904,2.875,1.875,1.1770833333333333,1.9583333333333333,1.4375,1.21875
47,kl,3.162277660168379e-06,0.3,10.0,1.0,,1.0,True,0.2,exemplar_mean,0.0951631757289535,398.4355281786214,75,40.52697666491628,80.0,79.41666666666667,71.21875,79.33333333333333,75.89583333333333,68.45833333333333
47,kl,1e-05,0.3,10.0,1.0,,1.0,True,0.2,exemplar_mean,0.2810106935186628,351.2923821110738,75,31.8876910696286,78.3125,74.46875,53.895833333333336,75.26041666666667,62.239583333333336,56.895833333333336
47,kl,3.1622776601683795e-05,0.3,10.0,1.0,,1.0,True,0.2,exemplar_mean,0.4220251764664836,312.07498923098507,75,21.71349412867775,76.72916666666667,65.16666666666667,33.875,64.64583333333333,44.645833333333336,38.03125
47,kl,0.0001,0.3,10.0,1.0,,1.0,True,0.2,exemplar_mean,0.4447783701807456,303.8033444910863,75,21.55166501590723,62.427083333333336,49.302083333333336,22.73958333333333,52.65625,32.697916666666664,21.09375
47,kl,0.0003162277660168,0.3,10.0,1.0,,1.0,True,0.2,exemplar_mean,0.5836305960425058,257.7960259439412,75,28.04974172491482,49.76041666666666,30.48958333333333,13.166666666666666,31.3125,17.770833333333332,13.666666666666666
47,kl,0.001,0.3,10.0,1.0,,1.0,True,0.2,exemplar_mean,0.4980471491885575,286.8161023589131,75,40.898433705060576,30.14583333333333,21.6875,8.302083333333334,18.1875,9.010416666666666,8.260416666666666
47,kl,0.0031622776601683,0.3,10.0,1.0,,1.0,True,0.2,exemplar_mean,0.6641228006785747,232.52355066550408,75,73.13870215857986,20.4375,9.75,5.09375,10.541666666666666,6.739583333333333,4.979166666666667
47,kl,0.01,0.3,10.0,1.0,,1.0,True,0.2,exemplar_mean,0.6291619953517295,244.01574717510636,75,117.60432281650394,12.572916666666666,7.166666666666667,3.09375,6.979166666666667,4.645833333333333,3.395833333333333
47,kl,0.0316227766016837,0.3,10.0,1.0,,1.0,True,0.2,exemplar_mean,0.6237691770840624,244.80640695544156,75,176.68707688299838,8.239583333333334,4.791666666666667,2.4791666666666665,4.666666666666667,2.59375,2.375
47,kl,0.1,0.3,10.0,1.0,,1.0,True,0.2,exemplar_mean,0.6053877577285428,251.54851060208597,75,312.4891592714767,4.90625,3.177083333333333,1.5208333333333333,3.53125,1.96875,1.7916666666666667
47,kl,0.3162277660168379,0.3,10.0,1.0,,1.0,True,0.2,exemplar_mean,0.4760528232947157,295.1299895503992,75,651.7250983026631,2.65625,2.114583333333333,1.375,1.8854166666666667,1.2916666666666667,1.28125
0,surprisal_b,0.01,0.03,1.0,0.1,,0.5,True,0.1,exemplar_mean,,,75,,80.0,80.0,80.0,80.0,80.0,80.0
0,surprisal_b,0.0251188643150957,0.03,1.0,0.1,,0.5,True,0.1,exemplar_mean,0.1617119237569709,407.29263902803655,75,-69.60681628117068,64.08333333333333,68.94791666666667,65.46875,70.05208333333333,70.44791666666667,65.80208333333333
0,surprisal_b,0.0630957344480193,0.03,1.0,0.1,,0.5,True,0.1,exemplar_mean,0.4209764951862497,320.99516837113106,75,66.43367926119025,61.94791666666666,50.875,46.770833333333336,56.645833333333336,46.8125,49.16666666666666
0,surprisal_b,0.1584893192461114,0.03,1.0,0.1,,0.5,True,0.1,exemplar_mean,0.4060480440010804,317.828130818326,75,64.10636834919225,41.4375,38.60416666666666,29.729166666666668,35.395833333333336,32.770833333333336,30.75
0,surprisal_b,0.3981071705534973,0.03,1.0,0.1,,0.5,True,0.1,exemplar_mean,0.1967085658632834,362.6162386103203,75,101.91350950003608,16.458333333333332,17.541666666666668,11.677083333333334,18.041666666666668,13.322916666666666,12.229166666666666
0,surprisal_b,1.0,0.03,1.0,0.1,,0.5,True,0.1,exemplar_mean,0.7093033895738352,207.98303890636024,75,340.0589043225717,8.947916666666666,6.75,5.614583333333333,6.604166666666667,7.260416666666667,5.6875
0,surprisal_b,2.5118864315095824,0.03,1.0,0.1,,0.5,True,0.1,exemplar_mean,0.4151184527253366,322.29253413678964,75,710.5314635176769,3.9270833333333335,3.4791666666666665,3.25,3.6770833333333335,3.15625,3.28125
0,surprisal_b,6.309573444801936,0.03,1.0,0.1,,0.5,True,0.1,exemplar_mean,0.5161698073279535,288.7540698763466,75,1363.3225268631115,2.458333333333333,2.1666666666666665,1.9895833333333333,2.208333333333333,1.9791666666666667,1.875
0,surprisal_b,15.848931924611142,0.03,1.0,0.1,,0.5,True,0.1,exemplar_mean,0.0653428454279062,397.2763774170563,75,1308.6690843959454,1.4583333333333333,1.5520833333333333,1.3645833333333333,1.5833333333333333,1.4166666666666667,1.2604166666666667
0,surprisal_b,39.81071705534973,0.03,1.0,0.1,,0.5,True,0.1,exemplar_mean,0.1812686496254243,374.7865695776779,75,3137.7889124770377,1.2395833333333333,1.125,1.1458333333333333,1.1979166666666667,1.2083333333333333,1.09375
0,surprisal_b,100.0,0.03,1.0,0.1,,0.5,True,0.1,exemplar_mean,0.3550791833020348,338.3652283228771,75,9347.464766211711,1.1145833333333333,1.0625,1.0208333333333333,1.03125,1.0520833333333333,1.0729166666666667
1,surprisal_b,0.01,0.03,1.0,0.1,,0.5,True,0.2,exemplar_mean,0.1337367006384806,382.54853296100464,75,85.49633236951985,75.55208333333333,75.63541666666667,73.65625,74.875,73.58333333333333,74.63541666666667
1,surprisal_b,0.0251188643150957,0.03,1.0,0.1,,0.5,True,0.2,exemplar_mean,0.1153775831854524,387.19762633985295,75,50.41440173802712,67.29166666666667,61.72916666666666,63.052083333333336,68.78125,68.04166666666667,67.09375
1,surprisal_b,0.0630957344480193,0.03,1.0,0.1,,0.5,True,0.2,exemplar_mean,0.1129222614164498,390.73163800667226,75,58.07554496666392,50.47916666666666,49.395833333333336,46.34375,47.59375,49.71875,44.21875
1,surprisal_b,0.1584893192461114,0.03,1.0,0.1,,0.5,True,0.2,exemplar_mean,0.3611970893285274,336.8672247963217,75,81.21783396256825,34.385416666666664,30.854166666666668,28.604166666666668,27.20833333333333,26.5,27.30208333333333
1,surprisal_b,0.3981071705534973,0.03,1.0,0.1,,0.5,True,0.2,exemplar_mean,0.1187213493399402,388.7257320589159,75,148.95814993781374,13.53125,12.666666666666666,13.489583333333334,15.791666666666666,10.8125,11.40625
1,surprisal_b,1.0,0.03,1.0,0.1,,0.5,True,0.2,exemplar_mean,0.2233615244244877,370.4589810944491,75,223.71270862006236,7.354166666666667,6.875,5.71875,5.864583333333333,6.135416666666667,5.583333333333333
1,surprisal_b,2.5118864315095824,0.03,1.0,0.1,,0.5,True,0.2,exemplar_mean,0.192053326161964,369.1917451353708,75,766.7150576426639,3.40625,2.895833333333333,2.739583333333333,3.0625,3.2291666666666665,3.052083333333333
1,surprisal_b,6.309573444801936,0.03,1.0,0.1,,0.5,True,0.2,exemplar_mean,0.2890569338140012,355.9089553706913,75,1990.3248457927507,2.020833333333333,1.8229166666666667,1.4583333333333333,1.7916666666666667,1.875,1.5833333333333333
1,surprisal_b,15.848931924611142,0.03,1.0,0.1,,0.5,True,0.2,exemplar_mean,0.2407122753257753,371.29270523023285,75,1852.5149022378075,1.53125,1.2395833333333333,1.2291666666666667,1.3541666666666667,1.21875,1.15625
1,surprisal_b,39.81071705534973,0.03,1.0,0.1,,0.5,True,0.2,exemplar_mean,0.2505553870031213,358.9754114173276,75,5067.47122753405,1.1979166666666667,1.0729166666666667,1.0729166666666667,1.15625,1.1041666666666667,1.0833333333333333
1,surprisal_b,100.0,0.03,1.0,0.1,,0.5,True,0.2,exemplar_mean,0.4972027844449815,293.58896992806524,75,9461.467261578571,1.1145833333333333,1.03125,1.0416666666666667,1.0416666666666667,1.0208333333333333,1.0520833333333333
2,surprisal_b,0.01,0.03,1.0,0.1,,1.0,True,0.1,exemplar_mean,0.2029761616810609,370.930623080542,75,102.63094820931153,76.20833333333333,76.29166666666667,73.58333333333333,73.47916666666667,73.76041666666667,73.27083333333333
2,surprisal_b,0.0251188643150957,0.03,1.0,0.1,,1.0,True,0.1,exemplar_mean,0.0840913672738792,407.29263902803655,75,-40.96463992184809,64.77083333333333,73.54166666666667,67.0,65.75,70.44791666666667,65.875
2,surprisal_b,0.0630957344480193,0.03,1.0,0.1,,1.0,True,0.1,exemplar_mean,0.4602229757765847,303.4889986997641,75,67.67156679614601,63.04166666666666,55.5625,49.395833333333336,55.833333333333336,56.9375,51.677083333333336
2,surprisal_b,0.1584893192461114,0.03,1.0,0.1,,1.0,True,0.1,exemplar_mean,0.171361548964396,374.287939830141,75,55.78768456866803,34.4375,35.96875,32.34375,35.4375,29.98958333333333,27.55208333333333
2,surprisal_b,0.3981071705534973,0.03,1.0,0.1,,1.0,True,0.1,exemplar_mean,0.4382768987342554,319.00230773854486,75,121.954873767237,19.416666666666668,14.46875,12.270833333333334,17.395833333333332,14.333333333333334,15.1875
2,surprisal_b,1.0,0.03,1.0,0.1,,1.0,True,0.1,exemplar_mean,0.2400387053558088,367.4993859994788,75,198.2476433098174,8.489583333333334,7.125,6.604166666666667,6.40625,7.75,5.489583333333333
2,surprisal_b,2.5118864315095824,0.03,1.0,0.1,,1.0,True,0.1,exemplar_mean,0.181338891308506,376.1439377769139,75,509.97792855947233,3.8645833333333335,3.6145833333333335,3.0416666666666665,3.25,3.4166666666666665,3.1354166666666665
2,surprisal_b,6.309573444801936,0.03,1.0,0.1,,1.0,True,0.1,exemplar_mean,0.2871985857378799,356.56858071824325,75,935.7562094730106,2.3854166666666665,1.84375,1.8541666666666667,2.0625,1.7604166666666667,1.75
2,surprisal_b,15.848931924611142,0.03,1.0,0.1,,1.0,True,0.1,exemplar_mean,0.151506778319834,377.2900657526261,75,1569.3345480923376,1.4895833333333333,1.5520833333333333,1.2708333333333333,1.5625,1.40625,1.34375
2,surprisal_b,39.81071705534973,0.03,1.0,0.1,,1.0,True,0.1,exemplar_mean,0.5314175641282048,281.25940284274037,75,3590.1347963620246,1.3854166666666667,1.1666666666666667,1.1041666666666667,1.1666666666666667,1.1875,1.1979166666666667
2,surprisal_b,100.0,0.03,1.0,0.1,,1.0,True,0.1,exemplar_mean,0.1035596102366646,394.279292681944,75,7016.9102592956715,1.0625,1.0416666666666667,1.0625,1.0729166666666667,1.03125,1.0416666666666667
3,surprisal_b,0.01,0.03,1.0,0.1,,1.0,True,0.2,exemplar_mean,0.0861696704314762,407.29263902803655,75,-89.78073979976351,71.55208333333333,75.22916666666667,70.29166666666667,72.27083333333333,75.47916666666667,73.05208333333333
3,surprisal_b,0.0251188643150957,0.03,1.0,0.1,,1.0,True,0.2,exemplar_mean,0.0160886494695596,408.87279238756867,75,25.760208913742208,68.3125,69.30208333333333,60.364583333333336,67.6875,68.30208333333333,61.90625
3,surprisal_b,0.0630957344480193,0.03,1.0,0.1,,1.0,True,0.2,exemplar_mean,0.207073042194413,361.60532145963856,75,61.47325568791527,52.84375,51.5,49.63541666666666,56.020833333333336,48.395833333333336,51.15625
3,surprisal_b,0.1584893192461114,0.03,1.0,0.1,,1.0,True,0.2,exemplar_mean,0.1605320497618594,378.89207331934347,75,48.42705726828845,31.03125,34.416666666666664,27.979166666666668,33.71875,30.125,25.072916666666668
3,surprisal_b,0.3981071705534973,0.03,1.0,0.1,,1.0,True,0.2,exemplar_mean,0.5833683742663226,261.3381641564068,75,159.98410271905587,18.05208333333333,13.84375,13.135416666666666,13.791666666666666,13.666666666666666,13.260416666666666
3,surprisal_b,1.0,0.03,1.0,0.1,,1.0,True,0.2,exemplar_mean,0.3847324523520455,323.5936019123243,75,346.6672506401865,7.447916666666667,6.635416666666667,4.802083333333333,6.145833333333333,5.770833333333333,5.020833333333333
3,surprisal_b,2.5118864315095824,0.03,1.0,0.1,,1.0,True,0.2,exemplar_mean,0.3493461765735914,339.103796341133,75,617.5851306680094,3.75,3.5416666666666665,2.8229166666666665,3.75,2.770833333333333,2.583333333333333
3,surprisal_b,6.309573444801936,0.03,1.0,0.1,,1.0,True,0.2,exemplar_mean,0.4221334324091181,312.71422548141453,75,1769.1061213635523,2.1979166666666665,1.875,1.75,2.09375,1.7083333333333333,1.6979166666666667
3,surprisal_b,15.848931924611142,0.03,1.0,0.1,,1.0,True,0.2,exemplar_mean,0.4367523992706141,309.6526133737873,75,2075.872128542662,1.6875,1.4791666666666667,1.375,1.3854166666666667,1.3645833333333333,1.34375
3,surprisal_b,39.81071705534973,0.03,1.0,0.1,,1.0,True,0.2,exemplar_mean,0.4150188827000513,322.0880221145838,75,5741.3901465400195,1.21875,1.15625,1.1145833333333333,1.1354166666666667,1.1354166666666667,1.0625
3,surprisal_b,100.0,0.03,1.0,0.1,,1.0,True,0.2,exemplar_mean,0.0329219259422738,409.392830160305,75,3344.3803352351674,1.0625,1.03125,1.03125,1.0208333333333333,1.0416666666666667,1.0520833333333333
4,surprisal_b,0.01,0.03,1.0,1.0,,0.5,True,0.1,exemplar_mean,0.0309406118125836,405.56841962454354,75,52.670814133288026,76.20833333333333,78.83333333333333,73.67708333333333,76.625,76.95833333333333,77.19791666666667
4,surprisal_b,0.0251188643150957,0.03,1.0,1.0,,0.5,True,0.1,exemplar_mean,0.3622294848521382,334.5894545729961,75,110.07398086230523,75.59375,73.20833333333333,71.40625,73.48958333333333,71.0,70.23958333333333
4,surprisal_b,0.0630957344480193,0.03,1.0,1.0,,0.5,True,0.1,exemplar_mean,0.2062790074419327,375.57966653212543,75,54.93873512772347,63.625,57.208333333333336,60.16666666666666,54.458333333333336,62.40625,59.125
4,surprisal_b,0.1584893192461114,0.03,1.0,1.0,,0.5,True,0.1,exemplar_mean,0.1877301680604831,376.2732076540013,75,41.69541743586425,46.458333333333336,47.71875,34.520833333333336,47.239583333333336,42.53125,37.0
4,surprisal_b,0.3981071705534973,0.03,1.0,1.0,,0.5,True,0.1,exemplar_mean,0.3603304756846979,333.2295190248125,75,93.6215827400018,27.73958333333333,22.28125,17.59375,20.4375,20.70833333333333,20.59375
4,surprisal_b,1.0,0.03,1.0,1.0,,0.5,True,0.1,exemplar_mean,0.3106306543653487,345.9793293498764,75,225.82237716788572,11.416666666666666,9.333333333333334,7.78125,10.291666666666666,8.895833333333334,7.802083333333333
4,surprisal_b,2.5118864315095824,0.03,1.0,1.0,,0.5,True,0.1,exemplar_mean,0.0916599482489988,403.7185143486615,75,341.79987562896133,4.739583333333333,4.822916666666667,4.208333333333333,3.9791666666666665,4.5625,3.75
4,surprisal_b,6.309573444801936,0.03,1.0,1.0,,0.5,True,0.1,exemplar_mean,0.2187932378185836,369.6293432931212,75,969.5882094536732,2.708333333333333,2.239583333333333,2.3854166666666665,2.645833333333333,2.614583333333333,1.9791666666666667
4,surprisal_b,15.848931924611142,0.03,1.0,1.0,,0.5,True,0.1,exemplar_mean,0.0232026933839372,407.29263902803655,75,-644.6047150726747,1.59375,1.5416666666666667,1.4270833333333333,1.65625,1.53125,1.5208333333333333
4,surprisal_b,39.81071705534973,0.03,1.0,1.0,,0.5,True,0.1,exemplar_mean,0.3785994462952066,327.81976930691087,75,3465.584059806435,1.3854166666666667,1.2916666666666667,1.3125,1.3333333333333333,1.3229166666666667,1.3333333333333333
4,surprisal_b,100.0,0.03,1.0,1.0,,0.5,True,0.1,exemplar_mean,0.5092249305028762,291.9848987929919,75,10414.125362944213,1.1354166666666667,1.0729166666666667,1.0416666666666667,1.0625,1.1354166666666667,1.0833333333333333
5,surprisal_b,0.01,0.03,1.0,1.0,,0.5,True,0.2,exemplar_mean,0.0637230717737246,393.9219819557217,75,80.14480755459138,75.55208333333333,74.97916666666667,74.21875,75.21875,75.54166666666667,75.38541666666667
5,surprisal_b,0.0251188643150957,0.03,1.0,1.0,,0.5,True,0.2,exemplar_mean,0.1081533471040777,386.1945083751711,75,52.97318286400475,70.05208333333333,65.57291666666667,65.75,68.0625,73.44791666666667,67.79166666666667
5,surprisal_b,0.0630957344480193,0.03,1.0,1.0,,0.5,True,0.2,exemplar_mean,0.0097303042267326,410.03081744363607,75,18.424376609281968,57.270833333333336,54.302083333333336,53.59375,59.71875,53.59375,54.90625
5,surprisal_b,0.1584893192461114,0.03,1.0,1.0,,0.5,True,0.2,exemplar_mean,0.3227696411240964,339.96601396456094,75,51.60246593915796,43.625,42.75,31.572916666666668,35.75,37.59375,33.53125
5,surprisal_b,0.3981071705534973,0.03,1.0,1.0,,0.5,True,0.2,exemplar_mean,0.0602695586117758,404.2162970758171,75,32.88575198391629,20.135416666666668,24.23958333333333,16.302083333333332,15.864583333333334,14.489583333333334,15.552083333333334
5,surprisal_b,1.0,0.03,1.0,1.0,,0.5,True,0.2,exemplar_mean,0.2431475218756845,361.8062260482619,75,200.6605710733107,8.947916666666666,9.03125,6.885416666666667,9.270833333333334,7.479166666666667,6.802083333333333
5,surprisal_b,2.5118864315095824,0.03,1.0,1.0,,0.5,True,0.2,exemplar_mean,0.301114997412296,347.6538873525532,75,424.67952003609366,4.65625,4.28125,3.5625,4.385416666666667,4.208333333333333,3.2604166666666665
5,surprisal_b,6.309573444801936,0.03,1.0,1.0,,0.5,True,0.2,exemplar_mean,0.5212350717755679,284.1737336306968,75,1114.1856259300805,2.645833333333333,2.1979166666666665,2.0729166666666665,2.395833333333333,1.8958333333333333,1.84375
5,surprisal_b,15.848931924611142,0.03,1.0,1.0,,0.5,True,0.2,exemplar_mean,0.3062317763209166,352.0356773363234,75,2650.961132239536,1.5625,1.4375,1.2291666666666667,1.5416666666666667,1.4583333333333333,1.25
5,surprisal_b,39.81071705534973,0.03,1.0,1.0,,0.5,True,0.2,exemplar_mean,0.3247951346123719,343.5948667803107,75,3430.146603372152,1.34375,1.1979166666666667,1.1458333333333333,1.2604166666666667,1.1666666666666667,1.15625
5,surprisal_b,100.0,0.03,1.0,1.0,,0.5,True,0.2,exemplar_mean,0.1497234040344561,394.41450965142,75,3800.064046418157,1.1354166666666667,1.09375,1.0625,1.0416666666666667,1.0520833333333333,1.03125
6,surprisal_b,0.01,0.03,1.0,1.0,,1.0,True,0.1,exemplar_mean,,,75,,80.0,80.0,80.0,80.0,80.0,80.0
6,surprisal_b,0.0251188643150957,0.03,1.0,1.0,,1.0,True,0.1,exemplar_mean,0.0222850849359806,407.29263902803655,75,-26.29614375743847,72.88541666666667,74.73958333333333,68.95833333333333,71.40625,67.76041666666667,66.47916666666667
6,surprisal_b,0.0630957344480193,0.03,1.0,1.0,,1.0,True,0.1,exemplar_mean,0.1479275189960681,407.29263902803655,75,-49.726999763524354,58.07291666666666,65.1875,53.94791666666666,57.13541666666666,59.3125,58.59375
6,surprisal_b,0.1584893192461114,0.03,1.0,1.0,,1.0,True,0.1,exemplar_mean,0.0016488118192265,407.3157046334429,75,-5.9360799584092065,39.552083333333336,41.82291666666666,36.614583333333336,46.0625,43.052083333333336,37.15625
6,surprisal_b,0.3981071705534973,0.03,1.0,1.0,,1.0,True,0.1,exemplar_mean,0.3412180536531264,336.7984216683209,75,119.48795682580122,23.65625,18.23958333333333,16.8125,22.854166666666668,20.697916666666668,18.291666666666668
6,surprisal_b,1.0,0.03,1.0,1.0,,1.0,True,0.1,exemplar_mean,0.3752363442510506,326.6721706737459,75,147.6496080746528,13.0625,10.177083333333334,8.677083333333334,10.145833333333334,7.8125,6.958333333333333
6,surprisal_b,2.5118864315095824,0.03,1.0,1.0,,1.0,True,0.1,exemplar_mean,0.3499691238447084,332.2402045791325,75,509.1739499749207,5.40625,4.71875,3.5104166666666665,4.510416666666667,4.25,4.354166666666667
6,surprisal_b,6.309573444801936,0.03,1.0,1.0,,1.0,True,0.1,exemplar_mean,0.2111393053258034,376.1099507764742,75,918.955993665328,2.6875,2.395833333333333,2.46875,2.375,2.333333333333333,1.9270833333333333
6,surprisal_b,15.848931924611142,0.03,1.0,1.0,,1.0,True,0.1,exemplar_mean,0.1156479196908726,388.5285698745805,75,1142.14314729142,1.6979166666666667,1.5625,1.5104166666666667,1.4583333333333333,1.5,1.5833333333333333
6,surprisal_b,39.81071705534973,0.03,1.0,1.0,,1.0,True,0.1,exemplar_mean,0.2422443303786632,362.2392848870403,75,2786.1206823512302,1.3541666666666667,1.2395833333333333,1.2083333333333333,1.25,1.2083333333333333,1.1979166666666667
6,surprisal_b,100.0,0.03,1.0,1.0,,1.0,True,0.1,exemplar_mean,0.5357640095961591,283.73812884997733,75,6454.68655323874,1.2083333333333333,1.1145833333333333,1.0729166666666667,1.0729166666666667,1.1041666666666667,1.1041666666666667
7,surprisal_b,0.01,0.03,1.0,1.0,,1.0,True,0.2,exemplar_mean,0.0148482092075291,411.8233024998363,75,29.421627856489863,76.46875,78.17708333333333,75.72916666666667,73.46875,72.52083333333333,71.82291666666667
7,surprisal_b,0.0251188643150957,0.03,1.0,1.0,,1.0,True,0.2,exemplar_mean,0.0057733305452656,409.34344024653535,75,14.64518953825104,69.35416666666667,69.22916666666667,67.5625,73.42708333333333,63.5625,67.83333333333333
7,surprisal_b,0.0630957344480193,0.03,1.0,1.0,,1.0,True,0.2,exemplar_mean,0.0190636918994564,406.1634681374017,75,18.718708699228493,57.864583333333336,55.395833333333336,47.78125,57.458333333333336,51.60416666666666,55.96875
7,surprisal_b,0.1584893192461114,0.03,1.0,1.0,,1.0,True,0.2,exemplar_mean,0.3456370942642229,347.27510159847725,75,55.93459918678748,44.60416666666666,37.614583333333336,30.791666666666668,43.09375,36.28125,33.354166666666664
7,surprisal_b,0.3981071705534973,0.03,1.0,1.0,,1.0,True,0.2,exemplar_mean,0.3653020894159088,332.92732076908567,75,93.4924206979693,22.854166666666668,16.15625,12.895833333333334,20.05208333333333,14.28125,13.302083333333334
7,surprisal_b,1.0,0.03,1.0,1.0,,1.0,True,0.2,exemplar_mean,0.0181243275049036,403.547617644695,75,50.14972175627756,7.833333333333333,10.0,6.583333333333333,9.40625,5.927083333333333,7.645833333333333
7,surprisal_b,2.5118864315095824,0.03,1.0,1.0,,1.0,True,0.2,exemplar_mean,0.0035912967134397,409.5539198183335,75,66.59486548067704,3.8854166666666665,4.21875,3.6145833333333335,3.8125,2.7916666666666665,3.2916666666666665
7,surprisal_b,6.309573444801936,0.03,1.0,1.0,,1.0,True,0.2,exemplar_mean,0.4557772776786291,299.9861957855188,75,1821.5834557312887,2.28125,2.083333333333333,2.020833333333333,2.270833333333333,2.114583333333333,2.0104166666666665
7,surprisal_b,15.848931924611142,0.03,1.0,1.0,,1.0,True,0.2,exemplar_mean,0.6123485807057072,255.16650313755684,75,2944.4450916310366,1.6458333333333333,1.3645833333333333,1.4791666666666667,1.59375,1.3020833333333333,1.4479166666666667
7,surprisal_b,39.81071705534973,0.03,1.0,1.0,,1.0,True,0.2,exemplar_mean,0.6123997795893049,252.48096787479753,75,3625.590002147048,1.40625,1.21875,1.1145833333333333,1.1875,1.125,1.1041666666666667
7,surprisal_b,100.0,0.03,1.0,1.0,,1.0,True,0.2,exemplar_mean,0.3099326956123438,349.9120506730893,75,7306.091043499635,1.1458333333333333,1.09375,1.0833333333333333,1.0729166666666667,1.0208333333333333,1.0833333333333333
8,surprisal_b,0.01,0.03,10.0,0.1,,0.5,True,0.1,exemplar_mean,0.1620276437928319,378.76848957528455,75,64.00465969837245,76.71875,70.32291666666667,67.73958333333333,74.15625,71.47916666666667,77.04166666666667
8,surprisal_b,0.0251188643150957,0.03,10.0,0.1,,0.5,True,0.1,exemplar_mean,0.0028389934570531,407.29263902803655,75,-9.023809447874951,62.38541666666666,66.8125,67.30208333333333,68.67708333333333,66.89583333333333,66.44791666666667
8,surprisal_b,0.0630957344480193,0.03,10.0,0.1,,0.5,True,0.1,exemplar_mean,0.3974528064608882,321.34195661995733,75,62.89115573898104,55.19791666666666,55.71875,47.09375,51.0625,51.625,50.8125
8,surprisal_b,0.1584893192461114,0.03,10.0,0.1,,0.5,True,0.1,exemplar_mean,0.1042962572959774,379.4616796319441,75,70.60346484394194,26.385416666666668,27.45833333333333,26.05208333333333,31.80208333333333,31.854166666666668,28.33333333333333
8,surprisal_b,0.3981071705534973,0.03,10.0,0.1,,0.5,True,0.1,exemplar_mean,0.5437387512978472,281.4656272375491,75,211.38738494319745,15.989583333333334,13.71875,13.135416666666666,16.385416666666668,13.625,10.770833333333334
8,surprisal_b,1.0,0.03,10.0,0.1,,0.5,True,0.1,exemplar_mean,0.2860734550243872,353.77234099562867,75,279.98358253669585,7.135416666666667,7.364583333333333,5.802083333333333,7.364583333333333,5.59375,6.65625
8,surprisal_b,2.5118864315095824,0.03,10.0,0.1,,0.5,True,0.1,exemplar_mean,0.3847217878088919,326.6419926341997,75,1173.8137306516453,3.2916666666666665,3.1979166666666665,2.677083333333333,3.145833333333333,3.1666666666666665,3.0729166666666665
8,surprisal_b,6.309573444801936,0.03,10.0,0.1,,0.5,True,0.1,exemplar_mean,0.5818212738502274,259.7023720315998,75,1410.1152253352002,2.333333333333333,1.96875,1.6770833333333333,1.9583333333333333,1.6666666666666667,1.6770833333333333
8,surprisal_b,15.848931924611142,0.03,10.0,0.1,,0.5,True,0.1,exemplar_mean,0.1878442821504623,371.0087228871113,75,1817.2485210836185,1.46875,1.4791666666666667,1.1666666666666667,1.4166666666666667,1.21875,1.1979166666666667
8,surprisal_b,39.81071705534973,0.03,10.0,0.1,,0.5,True,0.1,exemplar_mean,0.178673317941882,377.9070754641607,75,2715.331005512965,1.21875,1.25,1.0729166666666667,1.15625,1.1875,1.125
8,surprisal_b,100.0,0.03,10.0,0.1,,0.5,True,0.1,exemplar_mean,0.0310767710498441,398.8836618856777,75,3458.368781806632,1.0520833333333333,1.0729166666666667,1.0729166666666667,1.1354166666666667,1.03125,1.0416666666666667
9,surprisal_b,0.01,0.03,10.0,0.1,,0.5,True,0.2,exemplar_mean,0.0437275366138398,407.29263902803655,75,-36.87778565463029,70.25,72.17708333333333,73.20833333333333,72.19791666666667,75.61458333333333,72.59375
9,surprisal_b,0.0251188643150957,0.03,10.0,0.1,,0.5,True,0.2,exemplar_mean,0.1869785559903702,407.29263902803655,75,-60.32893217507753,59.375,59.15625,64.63541666666667,63.0625,61.677083333333336,63.21875
9,surprisal_b,0.0630957344480193,0.03,10.0,0.1,,0.5,True,0.2,exemplar_mean,0.198945424783503,372.7680210237414,75,55.490166086175165,50.32291666666666,43.46875,46.71875,49.8125,48.46875,51.0625
9,surprisal_b,0.1584893192461114,0.03,10.0,0.1,,0.5,True,0.2,exemplar_mean,0.2579120197722981,361.1220708935771,75,98.27791796784088,29.83333333333333,25.80208333333333,24.58333333333333,25.635416666666668,25.25,24.70833333333333
9,surprisal_b,0.3981071705534973,0.03,10.0,0.1,,0.5,True,0.2,exemplar_mean,0.0112503659612794,412.3396733885376,75,44.60658906687557,12.3125,12.875,11.354166666666666,11.572916666666666,10.166666666666666,13.291666666666666
9,surprisal_b,1.0,0.03,10.0,0.1,,0.5,True,0.2,exemplar_mean,0.2908395028066044,352.6414270745744,75,314.1901203312183,6.875,6.28125,5.020833333333333,4.979166666666667,4.78125,5.0625
9,surprisal_b,2.5118864315095824,0.03,10.0,0.1,,0.5,True,0.2,exemplar_mean,0.1790558749462148,377.56663352244885,75,744.0844258698709,3.0729166666666665,2.739583333333333,2.7916666666666665,3.125,2.7291666666666665,2.78125
9,surprisal_b,6.309573444801936,0.03,10.0,0.1,,0.5,True,0.2,exemplar_mean,0.5923431653936911,263.4631830581685,75,1994.0569004020651,2.1666666666666665,1.75,1.8125,1.8645833333333333,1.7708333333333333,1.8541666666666667
9,surprisal_b,15.848931924611142,0.03,10.0,0.1,,0.5,True,0.2,exemplar_mean,0.0755044625180647,389.2033684016209,75,1424.4904464528624,1.3541666666666667,1.15625,1.3645833333333333,1.5,1.3229166666666667,1.3854166666666667
9,surprisal_b,39.81071705534973,0.03,10.0,0.1,,0.5,True,0.2,exemplar_mean,0.0001558724819026,409.0638181976393,75,129.59485250539527,1.1666666666666667,1.1770833333333333,1.1354166666666667,1.15625,1.0833333333333333,1.0833333333333333
9,surprisal_b,100.0,0.03,10.0,0.1,,0.5,True,0.2,exemplar_mean,0.0015401458586132,407.29263902803655,75,-881.7256668790696,1.0520833333333333,1.03125,1.03125,1.03125,1.0208333333333333,1.0520833333333333
10,surprisal_b,0.01,0.03,10.0,0.1,,1.0,True,0.1,exemplar_mean,0.016001694378777,407.29263902803655,75,-36.11677889778533,71.60416666666667,72.66666666666667,72.33333333333333,75.57291666666667,76.125,74.40625
10,surprisal_b,0.0251188643150957,0.03,10.0,0.1,,1.0,True,0.1,exemplar_mean,0.0041690235005162,407.29263902803655,75,-9.32423766517304,63.770833333333336,66.57291666666667,66.41666666666667,63.8125,65.04166666666667,63.645833333333336
10,surprisal_b,0.0630957344480193,0.03,10.0,0.1,,1.0,True,0.1,exemplar_mean,0.3736318043366794,326.163098383827,75,78.0320783208516,54.020833333333336,52.66666666666666,45.60416666666666,53.85416666666666,49.40625,52.6875
10,surprisal_b,0.1584893192461114,0.03,10.0,0.1,,1.0,True,0.1,exemplar_mean,0.6465411119700085,243.18346065576603,75,95.44605746453958,37.26041666666666,28.03125,27.46875,29.625,30.197916666666668,33.041666666666664
10,surprisal_b,0.3981071705534973,0.03,10.0,0.1,,1.0,True,0.1,exemplar_mean,0.3069142772479278,343.4985674057758,75,275.05102818819523,13.625,12.979166666666666,13.53125,14.645833333333334,12.875,13.916666666666666
10,surprisal_b,1.0,0.03,10.0,0.1,,1.0,True,0.1,exemplar_mean,0.4581062763676086,305.43956499021886,75,523.5849999044117,6.8125,6.0,5.854166666666667,5.854166666666667,5.708333333333333,6.604166666666667
10,surprisal_b,2.5118864315095824,0.03,10.0,0.1,,1.0,True,0.1,exemplar_mean,0.7362549312061383,210.65664531807695,75,844.9842585564885,4.0625,2.739583333333333,2.895833333333333,3.4166666666666665,3.1666666666666665,3.6666666666666665
10,surprisal_b,6.309573444801936,0.03,10.0,0.1,,1.0,True,0.1,exemplar_mean,0.6317354347413215,246.8711101823053,75,1882.4601528801709,2.21875,1.9479166666666667,1.8333333333333333,2.1979166666666665,2.03125,1.8854166666666667
10,surprisal_b,15.848931924611142,0.03,10.0,0.1,,1.0,True,0.1,exemplar_mean,0.3335679379123096,346.051750346336,75,3432.328766575008,1.4375,1.3020833333333333,1.2708333333333333,1.4895833333333333,1.34375,1.3333333333333333
10,surprisal_b,39.81071705534973,0.03,10.0,0.1,,1.0,True,0.1,exemplar_mean,0.1980524432861214,379.8757965104448,75,5109.389896781834,1.1666666666666667,1.125,1.1041666666666667,1.2395833333333333,1.09375,1.1145833333333333
10,surprisal_b,100.0,0.03,10.0,0.1,,1.0,True,0.1,exemplar_mean,0.2496495847496355,368.2067382166746,75,8663.543738921613,1.1041666666666667,1.0520833333333333,1.03125,1.0833333333333333,1.0520833333333333,1.0833333333333333
11,surprisal_b,0.01,0.03,10.0,0.1,,1.0,True,0.2,exemplar_mean,0.1242845281255629,385.11903892195494,75,67.32755653908973,74.45833333333333,71.03125,73.73958333333333,72.875,72.0625,72.625
11,surprisal_b,0.0251188643150957,0.03,10.0,0.1,,1.0,True,0.2,exemplar_mean,0.1192293140869962,387.5910643104342,75,77.02580332453992,66.38541666666667,64.46875,64.26041666666667,65.40625,59.90625,62.94791666666666
11,surprisal_b,0.0630957344480193,0.03,10.0,0.1,,1.0,True,0.2,exemplar_mean,0.2422399957353561,356.9195075086076,75,55.77095677359558,52.0,42.364583333333336,41.427083333333336,48.895833333333336,49.44791666666666,37.10416666666666
11,surprisal_b,0.1584893192461114,0.03,10.0,0.1,,1.0,True,0.2,exemplar_mean,0.1259270594319776,380.3842419891189,75,75.00322945976049,28.80208333333333,28.11458333333333,27.375,27.73958333333333,29.11458333333333,25.96875
11,surprisal_b,0.3981071705534973,0.03,10.0,0.1,,1.0,True,0.2,exemplar_mean,0.0215352521365648,407.29263902803655,75,-78.19459696167351,11.09375,12.864583333333334,10.770833333333334,10.125,12.760416666666666,11.875
11,surprisal_b,1.0,0.03,10.0,0.1,,1.0,True,0.2,exemplar_mean,0.4296626791032941,315.7094410050698,75,519.9731881398708,6.197916666666667,5.53125,5.0,5.854166666666667,5.208333333333333,6.479166666666667
11,surprisal_b,2.5118864315095824,0.03,10.0,0.1,,1.0,True,0.2,exemplar_mean,0.4824159963097628,297.5908657787885,75,1203.7196617225547,3.208333333333333,2.989583333333333,2.458333333333333,3.1875,3.2291666666666665,2.875
11,surprisal_b,6.309573444801936,0.03,10.0,0.1,,1.0,True,0.2,exemplar_mean,0.2231928934503904,366.2474181190332,75,1468.2372273774536,2.020833333333333,1.9375,1.6145833333333333,1.6875,1.71875,1.6145833333333333
11,surprisal_b,15.848931924611142,0.03,10.0,0.1,,1.0,True,0.2,exemplar_mean,0.5411006630816908,281.72768263329726,75,4262.919921340825,1.4479166666666667,1.3020833333333333,1.2604166666666667,1.3020833333333333,1.2604166666666667,1.2604166666666667
11,surprisal_b,39.81071705534973,0.03,10.0,0.1,,1.0,True,0.2,exemplar_mean,0.015857577048507,407.29263902803655,75,-1042.0302273154828,1.1145833333333333,1.1979166666666667,1.1041666666666667,1.1145833333333333,1.1041666666666667,1.1145833333333333
11,surprisal_b,100.0,0.03,10.0,0.1,,1.0,True,0.2,exemplar_mean,0.3167754571556665,341.0074035505785,75,7059.279532056975,1.125,1.0416666666666667,1.0729166666666667,1.0416666666666667,1.0416666666666667,1.0208333333333333
12,surprisal_b,0.01,0.03,10.0,1.0,,0.5,True,0.1,exemplar_mean,0.0035047563759361,415.28274210078,75,15.991737564633556,76.32291666666667,74.6875,76.0,73.82291666666667,75.63541666666667,75.53125
12,surprisal_b,0.0251188643150957,0.03,10.0,1.0,,0.5,True,0.1,exemplar_mean,0.3630591105339754,334.2102978047171,75,97.20221775827872,72.72916666666667,69.94791666666667,66.41666666666667,69.125,70.125,70.13541666666667
12,surprisal_b,0.0630957344480193,0.03,10.0,1.0,,0.5,True,0.1,exemplar_mean,0.0317217869218557,403.7973396565274,75,25.800022192259515,56.96875,59.88541666666666,55.54166666666666,53.91666666666666,56.35416666666666,60.552083333333336
12,surprisal_b,0.1584893192461114,0.03,10.0,1.0,,0.5,True,0.1,exemplar_mean,0.1904582487600015,371.991196726637,75,56.25169600388419,41.10416666666666,40.22916666666666,32.8125,40.645833333333336,33.125,34.0625
12,surprisal_b,0.3981071705534973,0.03,10.0,1.0,,0.5,True,0.1,exemplar_mean,0.2849345748978633,356.7836859088733,75,85.09670794181976,21.604166666666668,15.791666666666666,13.5,20.59375,16.84375,17.583333333333332
12,surprisal_b,1.0,0.03,10.0,1.0,,0.5,True,0.1,exemplar_mean,0.0657146414221968,408.3491280702817,75,142.83055101256133,9.104166666666666,7.916666666666667,7.5625,7.375,6.260416666666667,7.010416666666667
12,surprisal_b,2.5118864315095824,0.03,10.0,1.0,,0.5,True,0.1,exemplar_mean,0.409302505185419,317.24508511978155,75,595.3019520479352,4.59375,3.8125,3.65625,3.8333333333333335,3.5729166666666665,3.875
12,surprisal_b,6.309573444801936,0.03,10.0,1.0,,0.5,True,0.1,exemplar_mean,0.2679648620202664,361.91405253304526,75,1584.93835448727,2.40625,2.15625,2.0104166666666665,2.1354166666666665,1.9270833333333333,1.9166666666666667
12,surprisal_b,15.848931924611142,0.03,10.0,1.0,,0.5,True,0.1,exemplar_mean,0.4722397509276927,299.30346204399973,75,2963.229379445263,1.6770833333333333,1.375,1.3645833333333333,1.4479166666666667,1.4583333333333333,1.40625
12,surprisal_b,39.81071705534973,0.03,10.0,1.0,,0.5,True,0.1,exemplar_mean,0.3748021456549864,330.6379588568385,75,5287.411426954512,1.2604166666666667,1.1979166666666667,1.1458333333333333,1.15625,1.15625,1.15625
12,surprisal_b,100.0,0.03,10.0,1.0,,0.5,True,0.1,exemplar_mean,0.0084277207869339,409.3813763301534,75,1512.0226892519752,1.09375,1.0729166666666667,1.0520833333333333,1.0729166666666667,1.1145833333333333,1.0208333333333333
13,surprisal_b,0.01,0.03,10.0,1.0,,0.5,True,0.2,exemplar_mean,0.0608045943489478,407.29263902803655,75,-71.19276105291115,73.0,72.88541666666667,73.3125,75.70833333333333,73.90625,74.77083333333333
13,surprisal_b,0.0251188643150957,0.03,10.0,1.0,,0.5,True,0.2,exemplar_mean,0.1485186161533808,384.3182185131678,75,81.17027361773184,68.6875,67.96875,70.28125,67.72916666666667,63.22916666666666,64.57291666666667
13,surprisal_b,0.0630957344480193,0.03,10.0,1.0,,0.5,True,0.2,exemplar_mean,0.0601013547576998,399.3468616111214,75,32.263578684738974,52.26041666666666,52.41666666666666,52.208333333333336,50.625,47.427083333333336,54.583333333333336
13,surprisal_b,0.1584893192461114,0.03,10.0,1.0,,0.5,True,0.2,exemplar_mean,0.0813087813330041,400.9357826059368,75,41.97793067468202,34.260416666666664,33.833333333333336,26.89583333333333,31.78125,29.25,31.14583333333333
13,surprisal_b,0.3981071705534973,0.03,10.0,1.0,,0.5,True,0.2,exemplar_mean,0.5125550646551504,287.6383803298831,75,156.7838347928728,18.39583333333333,13.104166666666666,13.5625,14.822916666666666,13.15625,13.125
13,surprisal_b,1.0,0.03,10.0,1.0,,0.5,True,0.2,exemplar_mean,0.0809577826083648,390.1281344757558,75,200.10385501709175,6.520833333333333,6.8125,5.416666666666667,6.4375,6.9375,5.84375
13,surprisal_b,2.5118864315095824,0.03,10.0,1.0,,0.5,True,0.2,exemplar_mean,0.116189660535127,398.4577491393562,75,454.3081955399665,3.5104166666666665,3.46875,3.0104166666666665,3.333333333333333,3.114583333333333,2.927083333333333
13,surprisal_b,6.309573444801936,0.03,10.0,1.0,,0.5,True,0.2,exemplar_mean,0.2398613928224763,362.8762282215109,75,1261.7662463850372,2.0104166666666665,2.03125,1.6458333333333333,2.1979166666666665,1.8125,1.8333333333333333
13,surprisal_b,15.848931924611142,0.03,10.0,1.0,,0.5,True,0.2,exemplar_mean,0.3415922112265486,341.55733591029315,75,2590.887162151438,1.59375,1.3020833333333333,1.2916666666666667,1.2916666666666667,1.2708333333333333,1.3333333333333333
13,surprisal_b,39.81071705534973,0.03,10.0,1.0,,0.5,True,0.2,exemplar_mean,0.0120406039514042,407.29263902803655,75,-1385.5170830774043,1.15625,1.1770833333333333,1.15625,1.1875,1.1666666666666667,1.1354166666666667
13,surprisal_b,100.0,0.03,10.0,1.0,,0.5,True,0.2,exemplar_mean,0.2972495057859047,344.7048690163464,75,10805.915417172067,1.0729166666666667,1.0416666666666667,1.0208333333333333,1.0625,1.03125,1.0104166666666667
14,surprisal_b,0.01,0.03,10.0,1.0,,1.0,True,0.1,exemplar_mean,,,75,,80.0,80.0,80.0,80.0,80.0,80.0
14,surprisal_b,0.0251188643150957,0.03,10.0,1.0,,1.0,True,0.1,exemplar_mean,0.0909198332464545,407.29263902803655,75,-69.92577584895618,68.36458333333333,72.39583333333333,70.625,69.375,70.125,69.8125
14,surprisal_b,0.0630957344480193,0.03,10.0,1.0,,1.0,True,0.1,exemplar_mean,0.0431368068379652,406.5265803538799,75,37.41006342479107,57.333333333333336,54.32291666666666,50.60416666666666,54.96875,55.083333333333336,54.53125
14,surprisal_b,0.1584893192461114,0.03,10.0,1.0,,1.0,True,0.1,exemplar_mean,0.5774281466705269,266.5055074007129,75,102.44576093811835,42.520833333333336,36.333333333333336,33.052083333333336,40.32291666666666,37.333333333333336,37.40625
14,surprisal_b,0.3981071705534973,0.03,10.0,1.0,,1.0,True,0.1,exemplar_mean,0.2886972074374837,346.8533483298826,75,160.62190736353378,20.0,17.697916666666668,16.291666666666668,17.947916666666668,16.958333333333332,17.71875
14,surprisal_b,1.0,0.03,10.0,1.0,,1.0,True,0.1,exemplar_mean,0.5141512222323879,284.22833680007136,75,272.4200781368957,10.28125,8.416666666666666,7.0625,7.572916666666667,6.895833333333333,8.0
14,surprisal_b,2.5118864315095824,0.03,10.0,1.0,,1.0,True,0.1,exemplar_mean,0.172554270406945,375.1665243830709,75,538.1495674463567,4.072916666666667,4.177083333333333,3.5416666666666665,4.53125,3.6458333333333335,3.09375
14,surprisal_b,6.309573444801936,0.03,10.0,1.0,,1.0,True,0.1,exemplar_mean,0.672823110064386,236.62517384826575,75,2016.0999561703527,2.40625,2.0104166666666665,1.8854166666666667,2.0625,2.0625,2.09375
14,surprisal_b,15.848931924611142,0.03,10.0,1.0,,1.0,True,0.1,exemplar_mean,0.5330916379029522,279.6026053147481,75,1874.504411600034,1.8229166666666667,1.5833333333333333,1.4375,1.5833333333333333,1.5104166666666667,1.4791666666666667
14,surprisal_b,39.81071705534973,0.03,10.0,1.0,,1.0,True,0.1,exemplar_mean,0.4260983029822137,310.5489329852765,75,4427.643609342044,1.2916666666666667,1.2291666666666667,1.1145833333333333,1.3541666666666667,1.0833333333333333,1.125
14,surprisal_b,100.0,0.03,10.0,1.0,,1.0,True,0.1,exemplar_mean,0.4340612979893075,311.82879277573807,75,9319.506986607314,1.125,1.1041666666666667,1.03125,1.09375,1.0520833333333333,1.0833333333333333
15,surprisal_b,0.01,0.03,10.0,1.0,,1.0,True,0.2,exemplar_mean,0.2074799923985737,407.29263902803655,75,-101.2430512285862,70.40625,75.36458333333333,73.77083333333333,76.22916666666667,72.375,76.13541666666667
15,surprisal_b,0.0251188643150957,0.03,10.0,1.0,,1.0,True,0.2,exemplar_mean,0.0010634714784633,410.4366954723241,75,5.879847241568236,66.125,64.08333333333333,64.3125,64.97916666666667,60.29166666666666,65.48958333333333
15,surprisal_b,0.0630957344480193,0.03,10.0,1.0,,1.0,True,0.2,exemplar_mean,0.0053872149476423,411.31526033882335,75,9.548772450131978,52.145833333333336,51.57291666666666,52.96875,55.09375,52.53125,48.26041666666666
15,surprisal_b,0.1584893192461114,0.03,10.0,1.0,,1.0,True,0.2,exemplar_mean,0.5773271850466866,262.2266609648999,75,111.67004153351802,35.677083333333336,28.67708333333333,28.447916666666668,30.28125,29.73958333333333,29.604166666666668
15,surprisal_b,0.3981071705534973,0.03,10.0,1.0,,1.0,True,0.2,exemplar_mean,0.076137138071781,397.23457613240134,75,96.61865709034196,15.895833333333334,16.427083333333332,13.40625,15.385416666666666,13.072916666666666,14.135416666666666
15,surprisal_b,1.0,0.03,10.0,1.0,,1.0,True,0.2,exemplar_mean,0.164675828170494,389.953265253372,75,233.84046688750357,7.1875,6.666666666666667,6.166666666666667,7.177083333333333,6.791666666666667,6.020833333333333
15,surprisal_b,2.5118864315095824,0.03,10.0,1.0,,1.0,True,0.2,exemplar_mean,0.6231739202974916,252.9351684434608,75,680.8315087844566,4.229166666666667,3.2291666666666665,2.625,3.4791666666666665,3.3541666666666665,3.145833333333333
15,surprisal_b,6.309573444801936,0.03,10.0,1.0,,1.0,True,0.2,exemplar_mean,0.4200343566691842,318.8877633555101,75,1605.6027814407664,2.1979166666666665,1.8125,1.7708333333333333,1.8958333333333333,1.78125,1.8125
15,surprisal_b,15.848931924611142,0.03,10.0,1.0,,1.0,True,0.2,exemplar_mean,0.3640313876708183,333.9524902433987,75,2351.085663924644,1.5729166666666667,1.3333333333333333,1.3229166666666667,1.40625,1.4583333333333333,1.375
15,surprisal_b,39.81071705534973,0.03,10.0,1.0,,1.0,True,0.2,exemplar_mean,0.1342151529248271,385.7429956756161,75,3657.941007372016,1.2083333333333333,1.2395833333333333,1.1145833333333333,1.1875,1.125,1.1875
15,surprisal_b,100.0,0.03,10.0,1.0,,1.0,True,0.2,exemplar_mean,0.5987251926495586,261.10414399946296,75,10779.627083844727,1.125,1.0625,1.0520833333333333,1.0833333333333333,1.0729166666666667,1.09375
16,surprisal_b,0.01,0.1,1.0,0.1,,0.5,True,0.1,exemplar_mean,0.1170137542111054,391.98367003024725,75,68.63546334069842,76.58333333333333,73.41666666666667,74.8125,75.95833333333333,73.59375,76.22916666666667
16,surprisal_b,0.0251188643150957,0.1,1.0,0.1,,0.5,True,0.1,exemplar_mean,0.0376008305677557,406.71591511750063,75,33.0347948151668,70.36458333333333,66.55208333333333,67.03125,69.13541666666667,65.55208333333333,68.85416666666667
16,surprisal_b,0.0630957344480193,0.1,1.0,0.1,,0.5,True,0.1,exemplar_mean,0.1691670920992623,376.00125579597886,75,63.590848928782435,57.09375,55.0625,48.41666666666666,55.270833333333336,56.71875,49.59375
16,surprisal_b,0.1584893192461114,0.1,1.0,0.1,,0.5,True,0.1,exemplar_mean,0.4881378967197794,296.2687165959184,75,81.49577655931621,37.395833333333336,36.28125,28.947916666666668,33.03125,32.260416666666664,31.010416666666668
16,surprisal_b,0.3981071705534973,0.1,1.0,0.1,,0.5,True,0.1,exemplar_mean,0.3050109055811651,349.682324492789,75,146.16359565764677,17.020833333333332,15.177083333333334,13.802083333333334,16.083333333333332,15.572916666666666,14.489583333333334
16,surprisal_b,1.0,0.1,1.0,0.1,,0.5,True,0.1,exemplar_mean,0.5118762139383287,290.511479089693,75,377.82101096037974,8.541666666666666,6.604166666666667,5.979166666666667,8.541666666666666,6.895833333333333,6.6875
16,surprisal_b,2.5118864315095824,0.1,1.0,0.1,,0.5,True,0.1,exemplar_mean,0.3454874661205228,336.45066541178437,75,568.044382986553,4.364583333333333,3.583333333333333,3.03125,3.28125,3.09375,2.78125
16,surprisal_b,6.309573444801936,0.1,1.0,0.1,,0.5,True,0.1,exemplar_mean,0.4926344128322406,293.5549884036574,75,1445.6985331303329,2.4166666666666665,1.8541666666666667,1.8229166666666667,2.3229166666666665,1.8229166666666667,1.8958333333333333
16,surprisal_b,15.848931924611142,0.1,1.0,0.1,,0.5,True,0.1,exemplar_mean,0.2303939478149663,368.16670563736983,75,1922.2571846941985,1.4791666666666667,1.5,1.21875,1.2916666666666667,1.4583333333333333,1.375
16,surprisal_b,39.81071705534973,0.1,1.0,0.1,,0.5,True,0.1,exemplar_mean,0.0022993788285953,409.771535899412,75,570.5678412523305,1.15625,1.2083333333333333,1.09375,1.25,1.15625,1.1354166666666667
16,surprisal_b,100.0,0.1,1.0,0.1,,0.5,True,0.1,exemplar_mean,0.5683897416139356,272.65326614408093,75,11032.685162316033,1.1041666666666667,1.0520833333333333,1.0104166666666667,1.1041666666666667,1.0625,1.0729166666666667
17,surprisal_b,0.01,0.1,1.0,0.1,,0.5,True,0.2,exemplar_mean,0.161455641381949,386.11608406868015,75,88.41269494247572,76.05208333333333,73.28125,74.04166666666667,71.45833333333333,71.53125,73.625
17,surprisal_b,0.0251188643150957,0.1,1.0,0.1,,0.5,True,0.2,exemplar_mean,0.1327658999584209,386.8283146514216,75,50.99552118007073,66.875,64.05208333333333,64.125,66.40625,65.28125,64.375
17,surprisal_b,0.0630957344480193,0.1,1.0,0.1,,0.5,True,0.2,exemplar_mean,0.0492340936867945,400.6626642533411,75,25.19120126656357,49.375,55.44791666666666,55.15625,50.26041666666666,49.90625,49.35416666666666
17,surprisal_b,0.1584893192461114,0.1,1.0,0.1,,0.5,True,0.2,exemplar_mean,0.1728261851367235,370.7413664635153,75,91.43411625218828,28.885416666666668,31.135416666666668,25.90625,30.73958333333333,28.21875,28.5
17,surprisal_b,0.3981071705534973,0.1,1.0,0.1,,0.5,True,0.2,exemplar_mean,0.2170572740182739,371.4803306920689,75,102.25937234009064,15.333333333333334,13.197916666666666,11.489583333333334,12.5625,14.09375,10.552083333333334
17,surprisal_b,1.0,0.1,1.0,0.1,,0.5,True,0.2,exemplar_mean,0.2629641134878095,344.50943289678935,75,435.9640696026229,6.03125,5.6875,5.75,6.0625,5.510416666666667,4.40625
17,surprisal_b,2.5118864315095824,0.1,1.0,0.1,,0.5,True,0.2,exemplar_mean,0.4077303605855297,316.9742609970039,75,1181.051876634193,3.4375,3.0729166666666665,2.8125,3.0625,3.2916666666666665,2.9375
17,surprisal_b,6.309573444801936,0.1,1.0,0.1,,0.5,True,0.2,exemplar_mean,0.3288552354675621,344.6521159354016,75,1862.7262550137368,1.9270833333333333,1.8333333333333333,1.6354166666666667,1.8229166666666667,1.9791666666666667,1.7395833333333333
17,surprisal_b,15.848931924611142,0.1,1.0,0.1,,0.5,True,0.2,exemplar_mean,0.0001602691427475,408.2176372331122,75,71.96864372937503,1.3125,1.4375,1.3020833333333333,1.375,1.3645833333333333,1.4270833333333333
17,surprisal_b,39.81071705534973,0.1,1.0,0.1,,0.5,True,0.2,exemplar_mean,0.0005403882673409,407.9986369107969,75,-201.8061581479267,1.1145833333333333,1.21875,1.1458333333333333,1.21875,1.0833333333333333,1.1875
17,surprisal_b,100.0,0.1,1.0,0.1,,0.5,True,0.2,exemplar_mean,0.3624050916367289,335.9396988524321,75,7429.253159282681,1.1145833333333333,1.0416666666666667,1.0625,1.0416666666666667,1.0625,1.0729166666666667
18,surprisal_b,0.01,0.1,1.0,0.1,,1.0,True,0.1,exemplar_mean,0.3924491458990832,325.8101869472004,75,159.65295331055788,75.46875,73.41666666666667,74.55208333333333,74.51041666666667,75.86458333333333,74.58333333333333
18,surprisal_b,0.0251188643150957,0.1,1.0,0.1,,1.0,True,0.1,exemplar_mean,0.5441470264687847,282.1027341802136,75,108.57404410883272,73.02083333333333,66.45833333333333,66.90625,66.65625,69.52083333333333,67.375
18,surprisal_b,0.0630957344480193,0.1,1.0,0.1,,1.0,True,0.1,exemplar_mean,0.1156664987461535,391.96637939983896,75,45.74441946311787,56.645833333333336,56.75,51.41666666666666,50.458333333333336,56.114583333333336,47.79166666666666
18,surprisal_b,0.1584893192461114,0.1,1.0,0.1,,1.0,True,0.1,exemplar_mean,0.1593737032127214,386.05426749598234,75,55.685363530202906,38.364583333333336,35.28125,30.822916666666668,35.822916666666664,33.197916666666664,31.479166666666668
18,surprisal_b,0.3981071705534973,0.1,1.0,0.1,,1.0,True,0.1,exemplar_mean,0.6393531242880346,246.36746808844356,75,202.6212192148141,18.03125,14.552083333333334,13.989583333333334,17.0625,14.395833333333334,16.28125
18,surprisal_b,1.0,0.1,1.0,0.1,,1.0,True,0.1,exemplar_mean,0.4893890797101112,291.0503935237008,75,308.2420949668193,8.635416666666666,7.604166666666667,6.427083333333333,7.0625,6.9375,7.135416666666667
18,surprisal_b,2.5118864315095824,0.1,1.0,0.1,,1.0,True,0.1,exemplar_mean,0.389073975132911,323.35985414958566,75,595.6603473459588,4.375,3.71875,3.0625,3.7604166666666665,3.6354166666666665,2.7916666666666665
18,surprisal_b,6.309573444801936,0.1,1.0,0.1,,1.0,True,0.1,exemplar_mean,0.5178780335438004,287.18780169024126,75,1203.8670848847282,2.552083333333333,2.0104166666666665,1.6875,2.1875,2.0625,1.625
18,surprisal_b,15.848931924611142,0.1,1.0,0.1,,1.0,True,0.1,exemplar_mean,0.1999674885260064,370.0132309782726,75,2617.1808826354886,1.46875,1.4895833333333333,1.3645833333333333,1.59375,1.3541666666666667,1.3645833333333333
18,surprisal_b,39.81071705534973,0.1,1.0,0.1,,1.0,True,0.1,exemplar_mean,0.0035843887977732,407.29263902803655,75,-744.3431200558813,1.15625,1.1770833333333333,1.1041666666666667,1.125,1.21875,1.09375
18,surprisal_b,100.0,0.1,1.0,0.1,,1.0,True,0.1,exemplar_mean,0.1922473940407039,373.3784429230067,75,7451.054162770503,1.1041666666666667,1.0729166666666667,1.09375,1.125,1.0625,1.0520833333333333
19,surprisal_b,0.01,0.1,1.0,0.1,,1.0,True,0.2,exemplar_mean,0.1645535537508457,373.38812069775577,75,59.668161925454115,75.44791666666667,71.97916666666667,75.08333333333333,75.35416666666667,73.1875,75.52083333333333
19,surprisal_b,0.0251188643150957,0.1,1.0,0.1,,1.0,True,0.2,exemplar_mean,0.3692047460485667,407.29263902803655,75,-130.11008779465593,62.38541666666666,66.6875,64.65625,65.98958333333333,65.25,62.958333333333336
19,surprisal_b,0.0630957344480193,0.1,1.0,0.1,,1.0,True,0.2,exemplar_mean,0.2422209828131287,366.60937230826914,75,52.760590237457066,54.625,52.927083333333336,47.208333333333336,49.020833333333336,52.32291666666666,48.72916666666666
19,surprisal_b,0.1584893192461114,0.1,1.0,0.1,,1.0,True,0.2,exemplar_mean,0.3989102123665506,320.4887140722873,75,103.00685996083884,31.52083333333333,27.02083333333333,23.58333333333333,27.572916666666668,30.541666666666668,24.125
19,surprisal_b,0.3981071705534973,0.1,1.0,0.1,,1.0,True,0.2,exemplar_mean,0.2356264499173596,363.54876001319974,75,155.73057393109323,13.375,12.25,12.427083333333334,16.78125,11.9375,13.71875
19,surprisal_b,1.0,0.1,1.0,0.1,,1.0,True,0.2,exemplar_mean,0.6715781489339495,239.31663243570705,75,407.3613242351109,7.614583333333333,5.083333333333333,5.0625,5.854166666666667,5.385416666666667,5.635416666666667
19,surprisal_b,2.5118864315095824,0.1,1.0,0.1,,1.0,True,0.2,exemplar_mean,0.6155075785361599,251.4130501526006,75,1037.1664286594696,3.520833333333333,3.114583333333333,2.9479166666666665,2.8854166666666665,3.1979166666666665,2.5416666666666665
19,surprisal_b,6.309573444801936,0.1,1.0,0.1,,1.0,True,0.2,exemplar_mean,0.6397669182786583,246.3229715121084,75,1906.3835956032735,2.28125,1.8229166666666667,1.8854166666666667,1.9583333333333333,1.9166666666666667,1.6979166666666667
19,surprisal_b,15.848931924611142,0.1,1.0,0.1,,1.0,True,0.2,exemplar_mean,0.2224247962660531,369.8556129937474,75,1900.2362842998232,1.4791666666666667,1.40625,1.2916666666666667,1.5,1.28125,1.2083333333333333
19,surprisal_b,39.81071705534973,0.1,1.0,0.1,,1.0,True,0.2,exemplar_mean,0.3813333203202317,330.0181983781836,75,4970.007331399149,1.2395833333333333,1.1666666666666667,1.1145833333333333,1.15625,1.125,1.09375
19,surprisal_b,100.0,0.1,1.0,0.1,,1.0,True,0.2,exemplar_mean,0.1335627088267559,407.29263902803655,75,-6481.692128304114,1.0416666666666667,1.0833333333333333,1.0833333333333333,1.1458333333333333,1.0625,1.0208333333333333
20,surprisal_b,0.01,0.1,1.0,1.0,,0.5,True,0.1,exemplar_mean,0.1607700215916259,383.28604444613984,75,125.8148332895886,77.23958333333333,76.36458333333333,76.5,76.51041666666667,75.89583333333333,73.1875
20,surprisal_b,0.0251188643150957,0.1,1.0,1.0,,0.5,True,0.1,exemplar_mean,0.1238681042975305,385.1198229200198,75,77.2175264342341,72.10416666666667,71.91666666666667,71.6875,71.0625,68.79166666666667,73.15625
20,surprisal_b,0.0630957344480193,0.1,1.0,1.0,,0.5,True,0.1,exemplar_mean,0.4498515775986821,310.47294234239826,75,103.33274083512076,63.78125,60.833333333333336,55.63541666666666,60.29166666666666,61.520833333333336,58.395833333333336
20,surprisal_b,0.1584893192461114,0.1,1.0,1.0,,0.5,True,0.1,exemplar_mean,0.003918321105594,410.65183090782665,75,8.551571178623265,45.29166666666666,43.85416666666666,41.520833333333336,42.01041666666666,42.1875,41.41666666666666
20,surprisal_b,0.3981071705534973,0.1,1.0,1.0,,0.5,True,0.1,exemplar_mean,0.0525743373586172,404.55957739663336,75,38.03453823349251,22.23958333333333,23.8125,14.71875,20.96875,19.260416666666668,19.375
20,surprisal_b,1.0,0.1,1.0,1.0,,0.5,True,0.1,exemplar_mean,0.1974463950664391,368.4461114086399,75,155.06624250510137,11.25,10.791666666666666,8.520833333333334,10.208333333333334,11.083333333333334,8.489583333333334
20,surprisal_b,2.5118864315095824,0.1,1.0,1.0,,0.5,True,0.1,exemplar_mean,0.1860875767479309,370.89531380404185,75,378.21392012442743,5.052083333333333,5.15625,4.208333333333333,4.302083333333333,4.479166666666667,4.0
20,surprisal_b,6.309573444801936,0.1,1.0,1.0,,0.5,True,0.1,exemplar_mean,0.0548511760018478,413.7228900365665,75,353.99176992253894,2.46875,2.46875,2.2291666666666665,2.395833333333333,2.114583333333333,2.3229166666666665
20,surprisal_b,15.848931924611142,0.1,1.0,1.0,,0.5,True,0.1,exemplar_mean,0.4581898287772504,306.9888659983562,75,2760.5106511826707,1.75,1.5625,1.4791666666666667,1.6041666666666667,1.4895833333333333,1.4583333333333333
20,surprisal_b,39.81071705534973,0.1,1.0,1.0,,0.5,True,0.1,exemplar_mean,0.2315077927699682,371.43873060571457,75,3248.521747608141,1.2916666666666667,1.2604166666666667,1.2604166666666667,1.2708333333333333,1.2604166666666667,1.2708333333333333
20,surprisal_b,100.0,0.1,1.0,1.0,,0.5,True,0.1,exemplar_mean,0.0784823571276791,407.29263902803655,75,-5309.427950453752,1.0729166666666667,1.1041666666666667,1.125,1.09375,1.0729166666666667,1.0520833333333333
21,surprisal_b,0.01,0.1,1.0,1.0,,0.5,True,0.2,exemplar_mean,,,75,,80.0,80.0,80.0,80.0,80.0,80.0
21,surprisal_b,0.0251188643150957,0.1,1.0,1.0,,0.5,True,0.2,exemplar_mean,0.3180455578988211,349.1104534644718,75,110.97148193320442,73.1875,69.16666666666667,66.27083333333333,69.89583333333333,66.61458333333333,67.78125
21,surprisal_b,0.0630957344480193,0.1,1.0,1.0,,0.5,True,0.2,exemplar_mean,0.1819705570715344,375.75057480148325,75,40.39262039218784,60.84375,63.72916666666666,56.739583333333336,56.5625,53.583333333333336,56.6875
21,surprisal_b,0.1584893192461114,0.1,1.0,1.0,,0.5,True,0.2,exemplar_mean,0.0194577430221686,407.12138135387966,75,20.81197161741574,37.63541666666666,33.802083333333336,29.64583333333333,40.520833333333336,34.947916666666664,32.5625
21,surprisal_b,0.3981071705534973,0.1,1.0,1.0,,0.5,True,0.2,exemplar_mean,0.1878372902557333,370.26670843027904,75,100.26989859962804,18.75,19.42708333333333,15.239583333333334,20.28125,14.895833333333334,15.333333333333334
21,surprisal_b,1.0,0.1,1.0,1.0,,0.5,True,0.2,exemplar_mean,0.3834207038571318,327.6636172049305,75,218.39117653935656,9.875,9.0625,6.15625,9.104166666666666,7.385416666666667,7.6875
21,surprisal_b,2.5118864315095824,0.1,1.0,1.0,,0.5,True,0.2,exemplar_mean,0.0500662606927214,409.3289903219091,75,196.73347193328496,4.145833333333333,4.354166666666667,3.052083333333333,3.9270833333333335,3.5,3.489583333333333
21,surprisal_b,6.309573444801936,0.1,1.0,1.0,,0.5,True,0.2,exemplar_mean,0.543254686489414,281.303327784357,75,1326.7892158023917,2.625,1.9895833333333333,1.8333333333333333,1.96875,1.9791666666666667,2.083333333333333
21,surprisal_b,15.848931924611142,0.1,1.0,1.0,,0.5,True,0.2,exemplar_mean,0.3075534008295011,344.3118083461885,75,1903.894238565271,1.7291666666666667,1.5104166666666667,1.4583333333333333,1.4166666666666667,1.375,1.1979166666666667
21,surprisal_b,39.81071705534973,0.1,1.0,1.0,,0.5,True,0.2,exemplar_mean,0.0329072403148722,409.33704356398954,75,1184.8465744354778,1.28125,1.1875,1.1770833333333333,1.2291666666666667,1.2083333333333333,1.15625
21,surprisal_b,100.0,0.1,1.0,1.0,,0.5,True,0.2,exemplar_mean,4.781357601349616e-06,408.3665891793037,75,-28.607224407665814,1.0729166666666667,1.1354166666666667,1.1458333333333333,1.0833333333333333,1.0833333333333333,1.0520833333333333
22,surprisal_b,0.01,0.1,1.0,1.0,,1.0,True,0.1,exemplar_mean,,,75,,80.0,80.0,80.0,80.0,80.0,80.0
22,surprisal_b,0.0251188643150957,0.1,1.0,1.0,,1.0,True,0.1,exemplar_mean,0.4209003391420485,323.35984985419174,75,128.54893489926596,75.22916666666667,69.53125,68.52083333333333,73.07291666666667,68.6875,72.96875
22,surprisal_b,0.0630957344480193,0.1,1.0,1.0,,1.0,True,0.1,exemplar_mean,0.2970292229260201,348.8749692171341,75,48.70065608074579,68.07291666666667,63.927083333333336,59.69791666666666,60.47916666666666,57.09375,56.82291666666666
22,surprisal_b,0.1584893192461114,0.1,1.0,1.0,,1.0,True,0.1,exemplar_mean,0.2848913282900374,349.8607280325546,75,78.94557152109368,44.54166666666666,41.395833333333336,41.85416666666666,45.54166666666666,39.395833333333336,36.052083333333336
22,surprisal_b,0.3981071705534973,0.1,1.0,1.0,,1.0,True,0.1,exemplar_mean,0.1487565807601912,384.31209318295384,75,54.30094964911225,23.70833333333333,25.875,18.46875,21.21875,22.46875,17.458333333333332
22,surprisal_b,1.0,0.1,1.0,1.0,,1.0,True,0.1,exemplar_mean,0.153170618605672,388.1504565389072,75,160.35565089940735,10.041666666666666,10.520833333333334,7.291666666666667,8.885416666666666,9.364583333333334,10.375
22,surprisal_b,2.5118864315095824,0.1,1.0,1.0,,1.0,True,0.1,exemplar_mean,0.4458757285847958,309.18720721416315,75,689.5691477423886,5.1875,4.208333333333333,3.9270833333333335,5.354166666666667,4.583333333333333,4.052083333333333
22,surprisal_b,6.309573444801936,0.1,1.0,1.0,,1.0,True,0.1,exemplar_mean,0.3534354832470862,328.5529335400355,75,907.1329363910093,2.802083333333333,2.7291666666666665,2.28125,2.4375,2.395833333333333,2.1666666666666665
22,surprisal_b,15.848931924611142,0.1,1.0,1.0,,1.0,True,0.1,exemplar_mean,0.5193363854338705,285.68595255325226,75,2376.24605644196,1.78125,1.6666666666666667,1.4791666666666667,1.5625,1.7291666666666667,1.4791666666666667
22,surprisal_b,39.81071705534973,0.1,1.0,1.0,,1.0,True,0.1,exemplar_mean,0.0180116302670877,407.29263902803655,75,-1369.04429824779,1.2083333333333333,1.25,1.1145833333333333,1.3229166666666667,1.2604166666666667,1.2291666666666667
22,surprisal_b,100.0,0.1,1.0,1.0,,1.0,True,0.1,exemplar_mean,0.3684984254073766,334.5561708234877,75,6067.87674583957,1.1875,1.1145833333333333,1.1145833333333333,1.125,1.1041666666666667,1.0625
23,surprisal_b,0.01,0.1,1.0,1.0,,1.0,True,0.2,exemplar_mean,,,75,,80.0,80.0,80.0,80.0,80.0,80.0
23,surprisal_b,0.0251188643150957,0.1,1.0,1.0,,1.0,True,0.2,exemplar_mean,0.0003227351237736,408.4185958362032,75,3.0714301267781994,66.58333333333333,71.59375,63.96875,71.39583333333333,66.34375,67.16666666666667
23,surprisal_b,0.0630957344480193,0.1,1.0,1.0,,1.0,True,0.2,exemplar_mean,0.148862418602908,383.0299482270014,75,42.16118866862019,59.35416666666666,63.19791666666666,48.177083333333336,57.69791666666666,57.1875,57.270833333333336
23,surprisal_b,0.1584893192461114,0.1,1.0,1.0,,1.0,True,0.2,exemplar_mean,0.1289409710455726,383.9780909044733,75,40.72433711324947,39.66666666666666,41.145833333333336,34.395833333333336,39.333333333333336,36.65625,32.84375
23,surprisal_b,0.3981071705534973,0.1,1.0,1.0,,1.0,True,0.2,exemplar_mean,0.0009215310167468,409.2458036468799,75,4.81555191422707,18.104166666666668,19.791666666666668,13.479166666666666,16.802083333333332,15.427083333333334,14.020833333333334
23,surprisal_b,1.0,0.1,1.0,1.0,,1.0,True,0.2,exemplar_mean,0.3306331727084205,333.70913779932573,75,280.4719571818548,9.020833333333334,7.666666666666667,7.114583333333333,7.739583333333333,6.177083333333333,6.916666666666667
23,surprisal_b,2.5118864315095824,0.1,1.0,1.0,,1.0,True,0.2,exemplar_mean,0.0649424520506381,404.5329438188507,75,243.42308503523267,4.166666666666667,4.354166666666667,3.083333333333333,3.7395833333333335,3.375,3.40625
23,surprisal_b,6.309573444801936,0.1,1.0,1.0,,1.0,True,0.2,exemplar_mean,0.0701906278260786,402.6442119789044,75,589.8938626833013,2.395833333333333,2.1354166666666665,1.8541666666666667,2.28125,1.9791666666666667,1.7708333333333333
23,surprisal_b,15.848931924611142,0.1,1.0,1.0,,1.0,True,0.2,exemplar_mean,0.1305974447526727,387.8431668913319,75,1035.80936996738,1.5625,1.7083333333333333,1.5520833333333333,1.2916666666666667,1.3020833333333333,1.3125
23,surprisal_b,39.81071705534973,0.1,1.0,1.0,,1.0,True,0.2,exemplar_mean,0.0006390083562815,408.52108486798994,75,-213.0298433769535,1.1875,1.1979166666666667,1.125,1.2916666666666667,1.1770833333333333,1.0520833333333333
23,surprisal_b,100.0,0.1,1.0,1.0,,1.0,True,0.2,exemplar_mean,0.3630148386925498,332.1091643009885,75,8468.937966022873,1.125,1.0416666666666667,1.0625,1.1145833333333333,1.0833333333333333,1.0416666666666667
24,surprisal_b,0.01,0.1,10.0,0.1,,0.5,True,0.1,exemplar_mean,0.018225051989878,407.1434651613034,75,38.15292404654179,73.47916666666667,71.10416666666667,74.79166666666667,70.02083333333333,73.57291666666667,71.9375
24,surprisal_b,0.0251188643150957,0.1,10.0,0.1,,0.5,True,0.1,exemplar_mean,0.0688530411061994,395.8702543350616,75,55.42801049646576,65.73958333333333,65.67708333333333,65.8125,68.5,62.13541666666666,69.29166666666667
24,surprisal_b,0.0630957344480193,0.1,10.0,0.1,,0.5,True,0.1,exemplar_mean,0.1358427625867145,376.3152524717132,75,100.26965715618464,48.177083333333336,47.4375,49.71875,51.78125,48.29166666666666,50.91666666666666
24,surprisal_b,0.1584893192461114,0.1,10.0,0.1,,0.5,True,0.1,exemplar_mean,0.4283317695045831,315.5398517866498,75,105.76939346713264,32.270833333333336,26.58333333333333,23.322916666666668,24.916666666666668,28.291666666666668,30.36458333333333
24,surprisal_b,0.3981071705534973,0.1,10.0,0.1,,0.5,True,0.1,exemplar_mean,0.0742507970668666,396.8732205300197,75,84.97289538538517,14.53125,11.583333333333334,11.0625,13.770833333333334,12.822916666666666,13.041666666666666
24,surprisal_b,1.0,0.1,10.0,0.1,,0.5,True,0.1,exemplar_mean,0.6481668101591721,245.76668159321633,75,583.9090072929537,7.041666666666667,5.770833333333333,4.645833333333333,6.552083333333333,6.708333333333333,6.46875
24,surprisal_b,2.5118864315095824,0.1,10.0,0.1,,0.5,True,0.1,exemplar_mean,0.6161564564293593,250.25133255072532,75,825.8869732232694,4.020833333333333,3.15625,2.8125,3.40625,3.125,2.8229166666666665
24,surprisal_b,6.309573444801936,0.1,10.0,0.1,,0.5,True,0.1,exemplar_mean,0.621802629138413,252.2568537112511,75,1934.9995443470375,2.15625,1.7708333333333333,1.625,1.9166666666666667,1.8541666666666667,1.7604166666666667
24,surprisal_b,15.848931924611142,0.1,10.0,0.1,,0.5,True,0.1,exemplar_mean,0.4457432228539673,310.22946587486666,75,3493.0201569334954,1.4791666666666667,1.40625,1.1666666666666667,1.3229166666666667,1.2604166666666667,1.4375
24,surprisal_b,39.81071705534973,0.1,10.0,0.1,,0.5,True,0.1,exemplar_mean,0.1112227781891175,385.15235380003145,75,2553.8232958227313,1.1979166666666667,1.2395833333333333,1.1041666666666667,1.1979166666666667,1.1041666666666667,1.25
24,surprisal_b,100.0,0.1,10.0,0.1,,0.5,True,0.1,exemplar_mean,0.4953067495035045,291.83190154134024,75,10869.707436508435,1.0729166666666667,1.0208333333333333,1.0625,1.1145833333333333,1.09375,1.0625
25,surprisal_b,0.01,0.1,10.0,0.1,,0.5,True,0.2,exemplar_mean,0.1472161576106918,379.20407838399535,75,118.65286416536776,72.88541666666667,73.5625,71.78125,71.85416666666667,73.55208333333333,73.05208333333333
25,surprisal_b,0.0251188643150957,0.1,10.0,0.1,,0.5,True,0.2,exemplar_mean,0.0209655818374913,403.2527203465865,75,28.809094194787573,65.61458333333333,65.6875,64.05208333333333,64.54166666666667,63.16666666666666,63.833333333333336
25,surprisal_b,0.0630957344480193,0.1,10.0,0.1,,0.5,True,0.2,exemplar_mean,0.5361315890160346,277.3062754913011,75,166.20873606883455,49.5625,47.125,46.96875,44.552083333333336,48.46875,49.82291666666666
25,surprisal_b,0.1584893192461114,0.1,10.0,0.1,,0.5,True,0.2,exemplar_mean,0.0806871537603684,402.13145962913376,75,45.05216980767417,29.21875,22.23958333333333,24.322916666666668,24.041666666666668,25.572916666666668,23.89583333333333
25,surprisal_b,0.3981071705534973,0.1,10.0,0.1,,0.5,True,0.2,exemplar_mean,0.6083055322728582,254.29086440257848,75,319.2936443510873,13.53125,11.802083333333334,14.0,12.90625,10.9375,13.302083333333334
25,surprisal_b,1.0,0.1,10.0,0.1,,0.5,True,0.2,exemplar_mean,0.0006123727803405,410.4859356612976,75,20.94754164665727,4.885416666666667,4.677083333333333,5.385416666666667,6.0625,5.3125,5.697916666666667
25,surprisal_b,2.5118864315095824,0.1,10.0,0.1,,0.5,True,0.2,exemplar_mean,0.2130445410135562,375.32135045980056,75,660.6740367567761,3.1354166666666665,2.6875,2.1666666666666665,2.552083333333333,2.46875,3.083333333333333
25,surprisal_b,6.309573444801936,0.1,10.0,0.1,,0.5,True,0.2,exemplar_mean,0.3077326229002587,347.89950848758764,75,2038.2508587373816,1.9583333333333333,1.8020833333333333,1.7395833333333333,1.8333333333333333,1.84375,1.5
25,surprisal_b,15.848931924611142,0.1,10.0,0.1,,0.5,True,0.2,exemplar_mean,0.0551204341450164,404.168876270786,75,1843.8673731068443,1.3541666666666667,1.3854166666666667,1.2395833333333333,1.2395833333333333,1.3958333333333333,1.34375
25,surprisal_b,39.81071705534973,0.1,10.0,0.1,,0.5,True,0.2,exemplar_mean,0.266120234654344,353.449474797697,75,6997.5533645960595,1.15625,1.15625,1.1666666666666667,1.1145833333333333,1.1145833333333333,1.0729166666666667
25,surprisal_b,100.0,0.1,10.0,0.1,,0.5,True,0.2,exemplar_mean,0.1945614758472175,407.29263902803655,75,-7943.167817944249,1.0208333333333333,1.03125,1.0520833333333333,1.0520833333333333,1.0416666666666667,1.0625
26,surprisal_b,0.01,0.1,10.0,0.1,,1.0,True,0.1,exemplar_mean,0.1838890505017904,375.0735885569315,75,91.45563344935238,76.44791666666667,72.44791666666667,74.10416666666667,76.65625,74.29166666666667,70.23958333333333
26,surprisal_b,0.0251188643150957,0.1,10.0,0.1,,1.0,True,0.1,exemplar_mean,0.0053050461995145,409.4925704998201,75,15.15421302428643,64.47916666666667,63.28125,64.13541666666667,68.35416666666667,65.30208333333333,69.58333333333333
26,surprisal_b,0.0630957344480193,0.1,10.0,0.1,,1.0,True,0.1,exemplar_mean,0.2334868544812529,367.3077936283213,75,101.64171238326168,52.114583333333336,50.5,46.864583333333336,50.125,48.25,48.677083333333336
26,surprisal_b,0.1584893192461114,0.1,10.0,0.1,,1.0,True,0.1,exemplar_mean,0.002468232096711,409.830896720886,75,7.346716842363582,28.42708333333333,33.145833333333336,30.479166666666668,29.666666666666668,33.822916666666664,34.541666666666664
26,surprisal_b,0.3981071705534973,0.1,10.0,0.1,,1.0,True,0.1,exemplar_mean,0.5216083437137954,288.4566807895974,75,237.16358437389212,15.614583333333334,12.84375,12.28125,13.65625,13.364583333333334,13.833333333333334
26,surprisal_b,1.0,0.1,10.0,0.1,,1.0,True,0.1,exemplar_mean,0.7562814362421358,199.8223796682712,75,530.3518836216897,7.1875,5.760416666666667,5.791666666666667,5.90625,5.65625,6.645833333333333
26,surprisal_b,2.5118864315095824,0.1,10.0,0.1,,1.0,True,0.1,exemplar_mean,0.2492158171563745,346.312947324548,75,727.500409182421,3.1875,3.1979166666666665,3.5625,3.0729166666666665,3.0104166666666665,2.8854166666666665
26,surprisal_b,6.309573444801936,0.1,10.0,0.1,,1.0,True,0.1,exemplar_mean,0.5592138279850553,272.25394152279813,75,1831.0644580673709,2.177083333333333,1.8125,1.75,1.9166666666666667,1.875,1.7291666666666667
26,surprisal_b,15.848931924611142,0.1,10.0,0.1,,1.0,True,0.1,exemplar_mean,0.0672358461758736,407.29263902803655,75,-2067.324065826829,1.25,1.3854166666666667,1.3333333333333333,1.4895833333333333,1.3645833333333333,1.2083333333333333
26,surprisal_b,39.81071705534973,0.1,10.0,0.1,,1.0,True,0.1,exemplar_mean,0.4106291048314655,321.64005164366614,75,4974.671295338178,1.25,1.1875,1.0625,1.125,1.1770833333333333,1.1354166666666667
26,surprisal_b,100.0,0.1,10.0,0.1,,1.0,True,0.1,exemplar_mean,0.3408058289786064,337.5473657733965,75,9336.519272311927,1.1041666666666667,1.0416666666666667,1.0416666666666667,1.09375,1.0833333333333333,1.03125
27,surprisal_b,0.01,0.1,10.0,0.1,,1.0,True,0.2,exemplar_mean,0.0501999459473983,403.5808495052401,75,70.80727758296545,74.89583333333333,72.48958333333333,72.6875,72.79166666666667,70.07291666666667,70.63541666666667
27,surprisal_b,0.0251188643150957,0.1,10.0,0.1,,1.0,True,0.2,exemplar_mean,0.3531456170512103,407.29263902803655,75,-94.19561427199277,57.583333333333336,61.76041666666666,64.9375,64.23958333333333,67.65625,68.5
27,surprisal_b,0.0630957344480193,0.1,10.0,0.1,,1.0,True,0.2,exemplar_mean,0.1020923390392581,388.975050959334,75,52.29154283230125,50.01041666666666,49.927083333333336,44.94791666666666,50.614583333333336,46.3125,46.29166666666666
27,surprisal_b,0.1584893192461114,0.1,10.0,0.1,,1.0,True,0.2,exemplar_mean,0.0050574086171566,407.29263902803655,75,-16.910208202967425,23.197916666666668,22.125,25.73958333333333,28.572916666666668,29.885416666666668,25.40625
27,surprisal_b,0.3981071705534973,0.1,10.0,0.1,,1.0,True,0.2,exemplar_mean,0.0005736465132675,407.5340045668746,75,-8.204688972116044,11.28125,11.1875,11.322916666666666,12.739583333333334,11.666666666666666,11.427083333333334
27,surprisal_b,1.0,0.1,10.0,0.1,,1.0,True,0.2,exemplar_mean,0.3482479716090259,335.6147026051952,75,698.2636643331996,5.885416666666667,5.59375,5.46875,5.78125,5.385416666666667,5.958333333333333
27,surprisal_b,2.5118864315095824,0.1,10.0,0.1,,1.0,True,0.2,exemplar_mean,0.0130170459834608,408.14011418582817,75,292.91835360563346,2.9791666666666665,3.0,2.5416666666666665,2.8125,2.895833333333333,3.09375
27,surprisal_b,6.309573444801936,0.1,10.0,0.1,,1.0,True,0.2,exemplar_mean,0.007539542448909,407.29263902803655,75,-282.86129168827557,1.65625,1.9270833333333333,1.625,1.9583333333333333,1.8541666666666667,1.6666666666666667
27,surprisal_b,15.848931924611142,0.1,10.0,0.1,,1.0,True,0.2,exemplar_mean,0.5214254690118548,282.518215301785,75,2979.6057242930215,1.5416666666666667,1.34375,1.2291666666666667,1.3020833333333333,1.34375,1.375
27,surprisal_b,39.81071705534973,0.1,10.0,0.1,,1.0,True,0.2,exemplar_mean,0.3016478794059796,345.74846405234666,75,5313.325704011277,1.15625,1.1354166666666667,1.09375,1.15625,1.1041666666666667,1.0833333333333333
27,surprisal_b,100.0,0.1,10.0,0.1,,1.0,True,0.2,exemplar_mean,0.0177608370805503,407.29263902803655,75,-2589.361769702619,1.0416666666666667,1.0520833333333333,1.0729166666666667,1.0520833333333333,1.0208333333333333,1.03125
28,surprisal_b,0.01,0.1,10.0,1.0,,0.5,True,0.1,exemplar_mean,0.1454320295934762,407.29263902803655,75,-77.52908468728855,71.8125,73.45833333333333,73.95833333333333,78.42708333333333,73.77083333333333,73.3125
28,surprisal_b,0.0251188643150957,0.1,10.0,1.0,,0.5,True,0.1,exemplar_mean,0.1163496636345366,407.29263902803655,75,-81.5271796651108,68.26041666666667,69.73958333333333,67.71875,63.84375,68.92708333333333,71.73958333333333
28,surprisal_b,0.0630957344480193,0.1,10.0,1.0,,0.5,True,0.1,exemplar_mean,0.0101406353728007,408.5754557161581,75,13.80483600176178,58.03125,55.40625,58.10416666666666,63.895833333333336,52.270833333333336,57.26041666666666
28,surprisal_b,0.1584893192461114,0.1,10.0,1.0,,0.5,True,0.1,exemplar_mean,0.183358302395356,373.03062688019475,75,44.64593113171426,40.5625,33.583333333333336,39.60416666666666,36.770833333333336,35.09375,31.09375
28,surprisal_b,0.3981071705534973,0.1,10.0,1.0,,0.5,True,0.1,exemplar_mean,0.0889270725986506,382.3329599192912,75,78.28227583210885,16.5625,18.21875,16.614583333333332,17.729166666666668,19.02083333333333,15.770833333333334
28,surprisal_b,1.0,0.1,10.0,1.0,,0.5,True,0.1,exemplar_mean,0.325447196443879,342.9946816798083,75,324.03563262079587,9.28125,8.145833333333334,8.15625,8.427083333333334,7.489583333333333,7.260416666666667
28,surprisal_b,2.5118864315095824,0.1,10.0,1.0,,0.5,True,0.1,exemplar_mean,0.4115187821028234,317.0461069956669,75,974.5627230823436,4.020833333333333,3.6145833333333335,3.65625,4.25,3.583333333333333,4.229166666666667
28,surprisal_b,6.309573444801936,0.1,10.0,1.0,,0.5,True,0.1,exemplar_mean,0.0058874773711804,408.4327886042177,75,226.046491665572,2.15625,1.8854166666666667,1.8541666666666667,2.458333333333333,1.9375,1.9270833333333333
28,surprisal_b,15.848931924611142,0.1,10.0,1.0,,0.5,True,0.1,exemplar_mean,0.0209409250289837,407.29263902803655,75,-627.8302883566257,1.4375,1.59375,1.375,1.5104166666666667,1.4270833333333333,1.3125
28,surprisal_b,39.81071705534973,0.1,10.0,1.0,,0.5,True,0.1,exemplar_mean,0.0008270366786775,408.68205337937945,75,269.3187273762655,1.2083333333333333,1.1666666666666667,1.1354166666666667,1.2395833333333333,1.1666666666666667,1.21875
28,surprisal_b,100.0,0.1,10.0,1.0,,0.5,True,0.1,exemplar_mean,0.093053594415602,407.29263902803655,75,-3633.854124235207,1.0416666666666667,1.1145833333333333,1.0416666666666667,1.0729166666666667,1.0208333333333333,1.0729166666666667
29,surprisal_b,0.01,0.1,10.0,1.0,,0.5,True,0.2,exemplar_mean,0.1568638038439057,407.29263902803655,75,-106.44859685307044,72.80208333333333,73.375,73.6875,74.41666666666667,74.57291666666667,74.32291666666667
29,surprisal_b,0.0251188643150957,0.1,10.0,1.0,,0.5,True,0.2,exemplar_mean,0.0180305474668868,407.29263902803655,75,-27.17917300116787,65.34375,69.41666666666667,62.65625,67.19791666666667,66.45833333333333,66.0
29,surprisal_b,0.0630957344480193,0.1,10.0,1.0,,0.5,True,0.2,exemplar_mean,0.0080152266220052,407.29263902803655,75,-13.071431957287936,51.13541666666666,55.625,51.625,53.26041666666666,49.458333333333336,50.01041666666666
29,surprisal_b,0.1584893192461114,0.1,10.0,1.0,,0.5,True,0.2,exemplar_mean,0.0371324725985098,399.206716691542,75,24.77510943257187,32.3125,37.91666666666666,30.385416666666668,32.875,31.80208333333333,35.927083333333336
29,surprisal_b,0.3981071705534973,0.1,10.0,1.0,,0.5,True,0.2,exemplar_mean,0.4543936023050536,306.8646879541678,75,163.3478432346175,17.78125,13.40625,13.84375,11.739583333333334,12.645833333333334,13.489583333333334
29,surprisal_b,1.0,0.1,10.0,1.0,,0.5,True,0.2,exemplar_mean,0.2883292077378395,347.0245469671388,75,360.0472319231887,6.8125,7.0625,5.197916666666667,6.25,6.802083333333333,6.364583333333333
29,surprisal_b,2.5118864315095824,0.1,10.0,1.0,,0.5,True,0.2,exemplar_mean,0.3024817938174202,351.60785489272905,75,828.6371726097817,3.40625,3.15625,3.145833333333333,3.28125,2.9375,2.875
29,surprisal_b,6.309573444801936,0.1,10.0,1.0,,0.5,True,0.2,exemplar_mean,0.0389082033458365,406.24873872238334,75,365.3381494337611,2.03125,2.25,1.7083333333333333,1.84375,1.8854166666666667,1.7708333333333333
29,surprisal_b,15.848931924611142,0.1,10.0,1.0,,0.5,True,0.2,exemplar_mean,0.2033400956086094,369.31138678729815,75,1857.617323614459,1.5208333333333333,1.3854166666666667,1.3541666666666667,1.4479166666666667,1.4375,1.2395833333333333
29,surprisal_b,39.81071705534973,0.1,10.0,1.0,,0.5,True,0.2,exemplar_mean,0.2278766891915098,362.1677370349349,75,3759.155622030631,1.2083333333333333,1.1666666666666667,1.0729166666666667,1.09375,1.1145833333333333,1.1979166666666667
29,surprisal_b,100.0,0.1,10.0,1.0,,0.5,True,0.2,exemplar_mean,0.1284714529301696,389.2296676014049,75,4415.183510528542,1.0833333333333333,1.0729166666666667,1.03125,1.0520833333333333,1.0833333333333333,1.03125
30,surprisal_b,0.01,0.1,10.0,1.0,,1.0,True,0.1,exemplar_mean,,,75,,80.0,80.0,80.0,80.0,80.0,80.0
30,surprisal_b,0.0251188643150957,0.1,10.0,1.0,,1.0,True,0.1,exemplar_mean,0.2881042188838331,351.51247676835305,75,103.06353136800992,73.15625,71.05208333333333,67.3125,68.78125,71.51041666666667,71.65625
30,surprisal_b,0.0630957344480193,0.1,10.0,1.0,,1.0,True,0.1,exemplar_mean,0.1879806008530671,373.1736034666805,75,92.31856043057324,58.07291666666666,57.020833333333336,59.54166666666666,59.63541666666666,53.9375,51.208333333333336
30,surprisal_b,0.1584893192461114,0.1,10.0,1.0,,1.0,True,0.1,exemplar_mean,0.3572924058481325,333.44175056951775,75,104.194019886267,40.41666666666666,35.03125,31.86458333333333,38.489583333333336,36.333333333333336,31.375
30,surprisal_b,0.3981071705534973,0.1,10.0,1.0,,1.0,True,0.1,exemplar_mean,0.3593029344885386,338.92201692517983,75,149.63347304636392,21.197916666666668,18.39583333333333,18.4375,17.46875,17.145833333333332,14.697916666666666
30,surprisal_b,1.0,0.1,10.0,1.0,,1.0,True,0.1,exemplar_mean,0.2388629391972592,372.2613797067222,75,218.46529236845132,9.020833333333334,8.40625,7.90625,7.645833333333333,8.489583333333334,9.041666666666666
30,surprisal_b,2.5118864315095824,0.1,10.0,1.0,,1.0,True,0.1,exemplar_mean,0.1769923394265442,375.950989069632,75,688.64328934383,4.03125,3.7708333333333335,3.7708333333333335,4.0625,3.9583333333333335,3.552083333333333
30,surprisal_b,6.309573444801936,0.1,10.0,1.0,,1.0,True,0.1,exemplar_mean,0.169846844238074,377.22711408267344,75,1032.5532501598616,2.4166666666666665,2.177083333333333,2.1354166666666665,2.2916666666666665,1.71875,1.8125
30,surprisal_b,15.848931924611142,0.1,10.0,1.0,,1.0,True,0.1,exemplar_mean,0.024315512980741,404.7885516348932,75,894.01924484203,1.46875,1.5625,1.375,1.4791666666666667,1.3020833333333333,1.4583333333333333
30,surprisal_b,39.81071705534973,0.1,10.0,1.0,,1.0,True,0.1,exemplar_mean,0.3303086398049577,342.26929298791,75,6103.400870007407,1.2395833333333333,1.2083333333333333,1.15625,1.2083333333333333,1.25,1.2083333333333333
30,surprisal_b,100.0,0.1,10.0,1.0,,1.0,True,0.1,exemplar_mean,0.0055375981509664,407.29263902803655,75,-1327.5734924839855,1.0625,1.0520833333333333,1.0416666666666667,1.0520833333333333,1.0520833333333333,1.1041666666666667
31,surprisal_b,0.01,0.1,10.0,1.0,,1.0,True,0.2,exemplar_mean,0.01094848996263,419.7476431822605,75,26.04192261392823,75.33333333333333,75.30208333333333,75.57291666666667,67.79166666666667,73.83333333333333,72.08333333333333
31,surprisal_b,0.0251188643150957,0.1,10.0,1.0,,1.0,True,0.2,exemplar_mean,0.0134599669825876,407.29263902803655,75,-23.47899929326274,66.38541666666667,65.47916666666667,65.25,68.0625,73.10416666666667,62.09375
31,surprisal_b,0.0630957344480193,0.1,10.0,1.0,,1.0,True,0.2,exemplar_mean,0.0512110761303942,394.7821810768625,75,41.55946150728719,52.239583333333336,53.083333333333336,48.66666666666666,54.708333333333336,46.0,54.13541666666666
31,surprisal_b,0.1584893192461114,0.1,10.0,1.0,,1.0,True,0.2,exemplar_mean,0.078557112837802,407.29263902803655,75,-48.73069832227799,28.979166666666668,32.552083333333336,28.979166666666668,33.166666666666664,33.395833333333336,27.55208333333333
31,surprisal_b,0.3981071705534973,0.1,10.0,1.0,,1.0,True,0.2,exemplar_mean,0.0060200755541882,409.620237786694,75,23.560453777822055,14.541666666666666,14.614583333333334,14.145833333333334,13.625,12.1875,10.010416666666666
31,surprisal_b,1.0,0.1,10.0,1.0,,1.0,True,0.2,exemplar_mean,0.0619898394814974,397.4930417882842,75,141.85540970323365,6.822916666666667,6.854166666666667,6.90625,6.59375,5.479166666666667,5.927083333333333
31,surprisal_b,2.5118864315095824,0.1,10.0,1.0,,1.0,True,0.2,exemplar_mean,0.7330216857113452,207.67981945035757,75,611.7358069279991,4.697916666666667,3.0729166666666665,2.9375,3.270833333333333,3.9166666666666665,3.1666666666666665
31,surprisal_b,6.309573444801936,0.1,10.0,1.0,,1.0,True,0.2,exemplar_mean,0.4963249261404121,291.465116111766,75,1218.1477705117245,2.4375,2.1041666666666665,1.78125,2.03125,1.6354166666666667,1.6354166666666667
31,surprisal_b,15.848931924611142,0.1,10.0,1.0,,1.0,True,0.2,exemplar_mean,0.179871480960561,381.4784347097632,75,2085.759408738933,1.4895833333333333,1.4583333333333333,1.34375,1.4166666666666667,1.3229166666666667,1.2395833333333333
31,surprisal_b,39.81071705534973,0.1,10.0,1.0,,1.0,True,0.2,exemplar_mean,0.0122265688885976,410.50579365182114,75,1277.4236730194605,1.1666666666666667,1.1145833333333333,1.0625,1.1770833333333333,1.09375,1.1354166666666667
31,surprisal_b,100.0,0.1,10.0,1.0,,1.0,True,0.2,exemplar_mean,0.0257730266970249,403.96051943072183,75,4396.4864457937965,1.0729166666666667,1.0833333333333333,1.0416666666666667,1.0833333333333333,1.0520833333333333,1.0416666666666667
32,surprisal_b,0.01,0.3,1.0,0.1,,0.5,True,0.1,exemplar_mean,0.1414227182134566,388.9790634159415,75,74.40990795964065,76.59375,76.875,71.80208333333333,79.04166666666667,74.01041666666667,73.55208333333333
32,surprisal_b,0.0251188643150957,0.3,1.0,0.1,,0.5,True,0.1,exemplar_mean,0.1673545996418091,378.47279634147696,75,63.13678830004247,70.63541666666667,71.65625,59.145833333333336,67.97916666666667,66.95833333333333,66.77083333333333
32,surprisal_b,0.0630957344480193,0.3,1.0,0.1,,0.5,True,0.1,exemplar_mean,0.3030352319904938,342.3197690849878,75,76.37388752073487,58.75,53.677083333333336,49.708333333333336,57.614583333333336,53.6875,47.53125
32,surprisal_b,0.1584893192461114,0.3,1.0,0.1,,0.5,True,0.1,exemplar_mean,0.5584641508586448,274.67424811585795,75,101.18877940808936,38.1875,31.65625,34.3125,33.1875,33.135416666666664,37.51041666666666
32,surprisal_b,0.3981071705534973,0.3,1.0,0.1,,0.5,True,0.1,exemplar_mean,0.0366141100933964,406.33537263315145,75,46.446342667512184,15.635416666666666,13.947916666666666,12.3125,18.23958333333333,12.854166666666666,11.864583333333334
32,surprisal_b,1.0,0.3,1.0,0.1,,0.5,True,0.1,exemplar_mean,0.2240459290553956,362.8061452947356,75,398.7656603885368,6.979166666666667,6.8125,6.104166666666667,7.875,7.4375,6.541666666666667
32,surprisal_b,2.5118864315095824,0.3,1.0,0.1,,0.5,True,0.1,exemplar_mean,0.5211217418377635,281.40788628450986,75,731.9272882038424,4.21875,3.5729166666666665,2.96875,3.34375,3.1354166666666665,3.59375
32,surprisal_b,6.309573444801936,0.3,1.0,0.1,,0.5,True,0.1,exemplar_mean,0.7054728567780073,214.182774589077,75,1750.5399341100072,2.3541666666666665,2.0104166666666665,1.8854166666666667,2.083333333333333,1.84375,1.8020833333333333
32,surprisal_b,15.848931924611142,0.3,1.0,0.1,,0.5,True,0.1,exemplar_mean,0.1307962518211321,392.7498905318581,75,1824.9870617423885,1.46875,1.46875,1.25,1.3958333333333333,1.4166666666666667,1.28125
32,surprisal_b,39.81071705534973,0.3,1.0,0.1,,0.5,True,0.1,exemplar_mean,0.1382251880991254,376.5367772895782,75,4379.497679681774,1.1979166666666667,1.15625,1.1979166666666667,1.1979166666666667,1.21875,1.1979166666666667
32,surprisal_b,100.0,0.3,1.0,0.1,,0.5,True,0.1,exemplar_mean,0.2268911856829193,362.3997651771896,75,8210.736389720576,1.1145833333333333,1.0729166666666667,1.0625,1.1145833333333333,1.0520833333333333,1.0416666666666667
33,surprisal_b,0.01,0.3,1.0,0.1,,0.5,True,0.2,exemplar_mean,0.2176479121121072,375.8027160843649,75,102.28542009697546,75.34375,69.36458333333333,73.17708333333333,74.51041666666667,73.64583333333333,74.57291666666667
33,surprisal_b,0.0251188643150957,0.3,1.0,0.1,,0.5,True,0.2,exemplar_mean,0.0848506374824536,415.5882845604148,75,51.33686264663914,69.58333333333333,66.13541666666667,67.13541666666667,62.63541666666666,58.97916666666666,64.86458333333333
33,surprisal_b,0.0630957344480193,0.3,1.0,0.1,,0.5,True,0.2,exemplar_mean,0.3727918076339397,338.1960982895917,75,57.570692072962366,57.083333333333336,50.07291666666666,46.25,48.239583333333336,51.5,53.614583333333336
33,surprisal_b,0.1584893192461114,0.3,1.0,0.1,,0.5,True,0.2,exemplar_mean,0.6146683761763427,250.69889432255724,75,112.51083073586962,34.270833333333336,27.166666666666668,27.697916666666668,30.05208333333333,32.114583333333336,26.90625
33,surprisal_b,0.3981071705534973,0.3,1.0,0.1,,0.5,True,0.2,exemplar_mean,0.5401116254818572,275.45319209253654,75,245.0747122123117,15.145833333333334,12.875,10.166666666666666,13.614583333333334,14.114583333333334,10.802083333333334
33,surprisal_b,1.0,0.3,1.0,0.1,,0.5,True,0.2,exemplar_mean,0.1098346438558112,384.6378628481435,75,217.49870562764343,6.458333333333333,6.020833333333333,5.0,7.46875,5.447916666666667,6.0
33,surprisal_b,2.5118864315095824,0.3,1.0,0.1,,0.5,True,0.2,exemplar_mean,0.2190916706768792,371.5022273286543,75,601.2403033967806,3.5104166666666665,2.895833333333333,2.6354166666666665,3.625,3.21875,2.625
33,surprisal_b,6.309573444801936,0.3,1.0,0.1,,0.5,True,0.2,exemplar_mean,0.0028377172152598,407.29263902803655,75,-143.831834959523,1.75,2.09375,1.7395833333333333,1.8645833333333333,2.0,1.84375
33,surprisal_b,15.848931924611142,0.3,1.0,0.1,,0.5,True,0.2,exemplar_mean,0.3274799562249831,339.208072474003,75,3757.51038730621,1.46875,1.4166666666666667,1.28125,1.2708333333333333,1.3229166666666667,1.3125
33,surprisal_b,39.81071705534973,0.3,1.0,0.1,,0.5,True,0.2,exemplar_mean,0.0169184970788224,407.16571551088145,75,1504.1618871357414,1.1354166666666667,1.1041666666666667,1.1145833333333333,1.2083333333333333,1.0833333333333333,1.125
33,surprisal_b,100.0,0.3,1.0,0.1,,0.5,True,0.2,exemplar_mean,0.0679485319279309,394.0043433053357,75,6325.747874133276,1.0625,1.0625,1.09375,1.0416666666666667,1.03125,1.0625
34,surprisal_b,0.01,0.3,1.0,0.1,,1.0,True,0.1,exemplar_mean,,,75,,80.0,80.0,80.0,80.0,80.0,80.0
34,surprisal_b,0.0251188643150957,0.3,1.0,0.1,,1.0,True,0.1,exemplar_mean,0.0424700547686435,407.29263902803655,75,-39.60799613667704,66.48958333333333,68.38541666666667,62.8125,65.77083333333333,67.39583333333333,63.22916666666666
34,surprisal_b,0.0630957344480193,0.3,1.0,0.1,,1.0,True,0.1,exemplar_mean,0.1059380576410987,386.07054348357394,75,54.44306723735916,54.708333333333336,53.04166666666666,48.583333333333336,52.520833333333336,48.84375,55.44791666666666
34,surprisal_b,0.1584893192461114,0.3,1.0,0.1,,1.0,True,0.1,exemplar_mean,0.1394021121144055,387.8974732627879,75,42.72868492004224,37.8125,34.770833333333336,30.166666666666668,34.5,34.770833333333336,28.0
34,surprisal_b,0.3981071705534973,0.3,1.0,0.1,,1.0,True,0.1,exemplar_mean,0.3325707838917294,331.23333329299794,75,118.7062907677815,18.125,17.572916666666668,13.291666666666666,15.40625,13.395833333333334,14.135416666666666
34,surprisal_b,1.0,0.3,1.0,0.1,,1.0,True,0.1,exemplar_mean,0.5468430797679117,279.2999680779713,75,328.3175817386556,8.40625,7.552083333333333,5.28125,7.010416666666667,6.145833333333333,6.75
34,surprisal_b,2.5118864315095824,0.3,1.0,0.1,,1.0,True,0.1,exemplar_mean,0.3219576195570628,342.6128915708324,75,542.8868925444926,4.395833333333333,3.552083333333333,2.958333333333333,3.7916666666666665,3.2916666666666665,3.21875
34,surprisal_b,6.309573444801936,0.3,1.0,0.1,,1.0,True,0.1,exemplar_mean,0.7119027580383659,218.7446894695767,75,1524.8555661118478,2.46875,2.0416666666666665,1.6875,2.28125,2.0104166666666665,1.9895833333333333
34,surprisal_b,15.848931924611142,0.3,1.0,0.1,,1.0,True,0.1,exemplar_mean,0.6017186521677336,264.08035127080257,75,3116.56281173668,1.59375,1.40625,1.3645833333333333,1.6458333333333333,1.34375,1.3854166666666667
34,surprisal_b,39.81071705534973,0.3,1.0,0.1,,1.0,True,0.1,exemplar_mean,0.0368934788684561,409.4283410372841,75,1309.9733612706468,1.2083333333333333,1.3020833333333333,1.1458333333333333,1.1875,1.15625,1.09375
34,surprisal_b,100.0,0.3,1.0,0.1,,1.0,True,0.1,exemplar_mean,0.4144401051917754,321.8149187457442,75,9965.368020686945,1.1354166666666667,1.0729166666666667,1.0416666666666667,1.0729166666666667,1.0520833333333333,1.125
35,surprisal_b,0.01,0.3,1.0,0.1,,1.0,True,0.2,exemplar_mean,,,75,,80.0,80.0,80.0,80.0,80.0,80.0
35,surprisal_b,0.0251188643150957,0.3,1.0,0.1,,1.0,True,0.2,exemplar_mean,0.0002544102886078,408.4257939664339,75,-3.222706703889097,65.4375,67.15625,66.54166666666667,62.60416666666666,66.96875,61.44791666666666
35,surprisal_b,0.0630957344480193,0.3,1.0,0.1,,1.0,True,0.2,exemplar_mean,0.2262536392083442,360.6032321490515,75,59.33021634551797,55.07291666666666,52.79166666666666,49.875,50.145833333333336,49.895833333333336,51.09375
35,surprisal_b,0.1584893192461114,0.3,1.0,0.1,,1.0,True,0.2,exemplar_mean,0.5134087860958502,290.956896940198,75,84.93404320482041,35.072916666666664,30.33333333333333,26.53125,26.510416666666668,27.0,30.58333333333333
35,surprisal_b,0.3981071705534973,0.3,1.0,0.1,,1.0,True,0.2,exemplar_mean,0.0541263018982082,395.566012003088,75,70.6698759013767,13.791666666666666,14.760416666666666,10.083333333333334,15.385416666666666,14.208333333333334,12.760416666666666
35,surprisal_b,1.0,0.3,1.0,0.1,,1.0,True,0.2,exemplar_mean,0.1659288135811309,376.4853532904812,75,260.0712914685938,6.572916666666667,7.09375,5.239583333333333,6.895833333333333,5.0,5.645833333333333
35,surprisal_b,2.5118864315095824,0.3,1.0,0.1,,1.0,True,0.2,exemplar_mean,0.0003885658654572,412.9953283184576,75,30.39235303626523,3.052083333333333,3.21875,2.520833333333333,2.7604166666666665,2.708333333333333,2.6666666666666665
35,surprisal_b,6.309573444801936,0.3,1.0,0.1,,1.0,True,0.2,exemplar_mean,0.3944419909245769,321.8604203151566,75,1863.9936343465624,2.03125,1.96875,1.7916666666666667,1.8958333333333333,1.625,1.6354166666666667
35,surprisal_b,15.848931924611142,0.3,1.0,0.1,,1.0,True,0.2,exemplar_mean,0.0004231402898025,407.5561047730226,75,-156.64481649309073,1.3333333333333333,1.3854166666666667,1.1875,1.4270833333333333,1.28125,1.28125
35,surprisal_b,39.81071705534973,0.3,1.0,0.1,,1.0,True,0.2,exemplar_mean,0.0918080545648497,391.627980853875,75,3414.869019584084,1.1770833333333333,1.1666666666666667,1.1666666666666667,1.15625,1.1041666666666667,1.1041666666666667
35,surprisal_b,100.0,0.3,1.0,0.1,,1.0,True,0.2,exemplar_mean,0.1821392616195523,379.24499342677416,75,8644.135288513895,1.0729166666666667,1.0729166666666667,1.0520833333333333,1.0520833333333333,1.0416666666666667,1.0208333333333333
36,surprisal_b,0.01,0.3,1.0,1.0,,0.5,True,0.1,exemplar_mean,0.0412691640656639,411.1118737413461,75,99.01517107638637,77.72916666666667,77.67708333333333,75.27083333333333,78.36458333333333,76.77083333333333,74.91666666666667
36,surprisal_b,0.0251188643150957,0.3,1.0,1.0,,0.5,True,0.1,exemplar_mean,0.3639375879253556,324.3460333965245,75,123.3812349479289,74.75,70.20833333333333,68.23958333333333,71.54166666666667,71.0625,68.11458333333333
36,surprisal_b,0.0630957344480193,0.3,1.0,1.0,,0.5,True,0.1,exemplar_mean,0.0007703360747354,407.4218510206655,75,-5.33075294096568,58.28125,56.25,58.145833333333336,59.04166666666666,59.28125,56.84375
36,surprisal_b,0.1584893192461114,0.3,1.0,1.0,,0.5,True,0.1,exemplar_mean,0.0200823265044741,405.9864712227192,75,12.84214316892435,43.71875,48.3125,36.489583333333336,43.16666666666666,45.208333333333336,43.364583333333336
36,surprisal_b,0.3981071705534973,0.3,1.0,1.0,,0.5,True,0.1,exemplar_mean,0.0173140549972031,407.29263902803655,75,-43.83970613616521,20.604166666666668,22.416666666666668,17.708333333333332,21.697916666666668,20.5625,21.604166666666668
36,surprisal_b,1.0,0.3,1.0,1.0,,0.5,True,0.1,exemplar_mean,0.1825941223486662,378.4032632177785,75,168.6727652828935,11.270833333333334,10.5625,8.25,9.864583333333334,9.916666666666666,8.239583333333334
36,surprisal_b,2.5118864315095824,0.3,1.0,1.0,,0.5,True,0.1,exemplar_mean,0.0004030294079113,409.63687949744633,75,21.739992865693907,4.375,4.822916666666667,3.7395833333333335,5.09375,3.7291666666666665,3.5416666666666665
36,surprisal_b,6.309573444801936,0.3,1.0,1.0,,0.5,True,0.1,exemplar_mean,0.1058511674789005,393.0989221820639,75,857.8439289339402,2.645833333333333,2.46875,2.0729166666666665,2.5729166666666665,2.364583333333333,2.3541666666666665
36,surprisal_b,15.848931924611142,0.3,1.0,1.0,,0.5,True,0.1,exemplar_mean,0.4433712963577589,306.0604477819471,75,2125.5839768596393,1.8125,1.6875,1.3854166666666667,1.65625,1.5625,1.46875
36,surprisal_b,39.81071705534973,0.3,1.0,1.0,,0.5,True,0.1,exemplar_mean,0.102857512295119,395.0436995365035,75,2155.6583152762673,1.2916666666666667,1.3333333333333333,1.1666666666666667,1.25,1.1979166666666667,1.1979166666666667
36,surprisal_b,100.0,0.3,1.0,1.0,,0.5,True,0.1,exemplar_mean,0.0003969618921406,408.8093234196255,75,268.8438390953847,1.09375,1.125,1.09375,1.1145833333333333,1.0625,1.0729166666666667
37,surprisal_b,0.01,0.3,1.0,1.0,,0.5,True,0.2,exemplar_mean,0.0048456777555802,407.29263902803655,75,-15.33142627892398,74.01041666666667,75.77083333333333,76.63541666666667,75.82291666666667,74.58333333333333,75.13541666666667
37,surprisal_b,0.0251188643150957,0.3,1.0,1.0,,0.5,True,0.2,exemplar_mean,0.0874896101903995,393.8059770628233,75,42.87823750000702,72.10416666666667,73.97916666666667,70.38541666666667,71.84375,68.91666666666667,69.21875
37,surprisal_b,0.0630957344480193,0.3,1.0,1.0,,0.5,True,0.2,exemplar_mean,0.0444966480485749,401.51325709162626,75,31.39876148888938,57.88541666666666,59.020833333333336,49.708333333333336,57.177083333333336,51.10416666666666,53.51041666666666
37,surprisal_b,0.1584893192461114,0.3,1.0,1.0,,0.5,True,0.2,exemplar_mean,0.2360523257269526,364.9089785983253,75,75.58962660692292,39.03125,31.89583333333333,34.03125,38.145833333333336,33.916666666666664,28.71875
37,surprisal_b,0.3981071705534973,0.3,1.0,1.0,,0.5,True,0.2,exemplar_mean,0.2033386100700825,365.58974905107857,75,120.25210887866008,18.02083333333333,18.09375,16.59375,21.125,15.989583333333334,13.125
37,surprisal_b,1.0,0.3,1.0,1.0,,0.5,True,0.2,exemplar_mean,0.1876607653429081,376.25494160685673,75,179.4528530835425,8.90625,9.177083333333334,7.041666666666667,8.208333333333334,6.979166666666667,6.510416666666667
37,surprisal_b,2.5118864315095824,0.3,1.0,1.0,,0.5,True,0.2,exemplar_mean,0.0354221482278855,404.9293530898288,75,322.557431643179,3.7916666666666665,3.458333333333333,3.4166666666666665,3.364583333333333,3.9791666666666665,3.3854166666666665
37,surprisal_b,6.309573444801936,0.3,1.0,1.0,,0.5,True,0.2,exemplar_mean,0.3174473794236828,346.9965086432252,75,1305.4995666814912,2.40625,2.0416666666666665,2.0625,2.2291666666666665,1.9583333333333333,1.90625
37,surprisal_b,15.848931924611142,0.3,1.0,1.0,,0.5,True,0.2,exemplar_mean,0.158677557286808,393.67636474367566,75,2545.3129684001797,1.53125,1.375,1.5416666666666667,1.5729166666666667,1.3333333333333333,1.3645833333333333
37,surprisal_b,39.81071705534973,0.3,1.0,1.0,,0.5,True,0.2,exemplar_mean,0.4163683048599796,314.69935370396786,75,6524.358759533997,1.2083333333333333,1.1458333333333333,1.09375,1.3020833333333333,1.1979166666666667,1.125
37,surprisal_b,100.0,0.3,1.0,1.0,,0.5,True,0.2,exemplar_mean,0.0010224994399778,408.22326048911674,75,607.5042663222489,1.0729166666666667,1.0208333333333333,1.0625,1.1354166666666667,1.0625,1.0729166666666667
38,surprisal_b,0.01,0.3,1.0,1.0,,1.0,True,0.1,exemplar_mean,0.1002879883690573,394.2718386368225,75,99.30103409279285,77.57291666666667,76.23958333333333,76.70833333333333,76.13541666666667,74.40625,74.625
38,surprisal_b,0.0251188643150957,0.3,1.0,1.0,,1.0,True,0.1,exemplar_mean,0.0085952170589358,410.70228148667456,75,19.023150858148455,71.17708333333333,71.97916666666667,70.72916666666667,72.61458333333333,68.72916666666667,67.09375
38,surprisal_b,0.0630957344480193,0.3,1.0,1.0,,1.0,True,0.1,exemplar_mean,0.1621680443589965,376.1883342009512,75,47.95019491521337,63.583333333333336,63.645833333333336,59.895833333333336,59.270833333333336,61.364583333333336,60.04166666666666
38,surprisal_b,0.1584893192461114,0.3,1.0,1.0,,1.0,True,0.1,exemplar_mean,0.0544965350336526,402.0793614172642,75,33.26201795976617,45.333333333333336,43.520833333333336,36.614583333333336,45.583333333333336,39.34375,35.09375
38,surprisal_b,0.3981071705534973,0.3,1.0,1.0,,1.0,True,0.1,exemplar_mean,0.0062747032005162,410.5136152925373,75,15.747086689268178,22.21875,23.604166666666668,19.84375,25.635416666666668,21.125,20.86458333333333
38,surprisal_b,1.0,0.3,1.0,1.0,,1.0,True,0.1,exemplar_mean,0.0252007182123337,415.16189239239947,75,81.075581085734,9.8125,9.96875,8.78125,9.447916666666666,10.072916666666666,8.375
38,surprisal_b,2.5118864315095824,0.3,1.0,1.0,,1.0,True,0.1,exemplar_mean,0.1306044300384604,381.5835022252923,75,213.2145038000916,5.114583333333333,5.791666666666667,3.5,4.541666666666667,4.583333333333333,4.333333333333333
38,surprisal_b,6.309573444801936,0.3,1.0,1.0,,1.0,True,0.1,exemplar_mean,0.1402716343988297,383.4248778705724,75,945.8073255983604,2.583333333333333,2.270833333333333,2.270833333333333,2.645833333333333,2.0625,2.145833333333333
38,surprisal_b,15.848931924611142,0.3,1.0,1.0,,1.0,True,0.1,exemplar_mean,0.0156066578545064,407.8222546922613,75,476.8465908900701,1.625,1.65625,1.4375,1.6458333333333333,1.5520833333333333,1.3958333333333333
38,surprisal_b,39.81071705534973,0.3,1.0,1.0,,1.0,True,0.1,exemplar_mean,0.1737204240138932,382.2582955675533,75,4669.065548510077,1.25,1.2395833333333333,1.1354166666666667,1.2604166666666667,1.2604166666666667,1.2083333333333333
38,surprisal_b,100.0,0.3,1.0,1.0,,1.0,True,0.1,exemplar_mean,0.0275434322071852,407.29263902803655,75,-1744.0337910410833,1.0625,1.125,1.0625,1.1354166666666667,1.0416666666666667,1.0208333333333333
39,surprisal_b,0.01,0.3,1.0,1.0,,1.0,True,0.2,exemplar_mean,0.298071148409873,351.3336919716636,75,107.73394143309712,78.45833333333333,77.10416666666667,75.01041666666667,76.02083333333333,77.23958333333333,75.08333333333333
39,surprisal_b,0.0251188643150957,0.3,1.0,1.0,,1.0,True,0.2,exemplar_mean,0.0025394304465051,412.4270515177891,75,11.354207235649906,70.25,68.98958333333333,68.55208333333333,67.51041666666667,71.34375,64.27083333333333
39,surprisal_b,0.0630957344480193,0.3,1.0,1.0,,1.0,True,0.2,exemplar_mean,0.0498573346004489,402.1314978648076,75,35.82510710082209,58.46875,56.583333333333336,49.47916666666666,61.4375,51.71875,53.59375
39,surprisal_b,0.1584893192461114,0.3,1.0,1.0,,1.0,True,0.2,exemplar_mean,0.0243059827704154,405.85275426998294,75,18.303220314868884,37.63541666666666,43.16666666666666,29.78125,41.38541666666666,34.114583333333336,33.020833333333336
39,surprisal_b,0.3981071705534973,0.3,1.0,1.0,,1.0,True,0.2,exemplar_mean,0.1264064518256748,391.73287909731823,75,89.40713677361738,19.42708333333333,19.77083333333333,14.270833333333334,18.05208333333333,17.729166666666668,15.239583333333334
39,surprisal_b,1.0,0.3,1.0,1.0,,1.0,True,0.2,exemplar_mean,0.0593144369738613,398.3873894484424,75,86.89886514652218,8.489583333333334,9.583333333333334,6.46875,8.739583333333334,7.697916666666667,6.833333333333333
39,surprisal_b,2.5118864315095824,0.3,1.0,1.0,,1.0,True,0.2,exemplar_mean,0.3384192863980409,335.9826498036076,75,419.005656126788,4.65625,4.677083333333333,3.239583333333333,3.96875,3.208333333333333,3.46875
39,surprisal_b,6.309573444801936,0.3,1.0,1.0,,1.0,True,0.2,exemplar_mean,0.0356605775380251,401.2349254492343,75,421.9255038636198,2.1875,2.28125,1.90625,2.1666666666666665,1.9375,2.020833333333333
39,surprisal_b,15.848931924611142,0.3,1.0,1.0,,1.0,True,0.2,exemplar_mean,0.1102253156254471,395.2761804835985,75,2301.316828736561,1.5208333333333333,1.4895833333333333,1.3125,1.5,1.3854166666666667,1.4479166666666667
39,surprisal_b,39.81071705534973,0.3,1.0,1.0,,1.0,True,0.2,exemplar_mean,0.2791442574640093,355.8169837042391,75,3359.0411449119606,1.3020833333333333,1.21875,1.1666666666666667,1.21875,1.2708333333333333,1.0833333333333333
39,surprisal_b,100.0,0.3,1.0,1.0,,1.0,True,0.2,exemplar_mean,0.1589555837604529,382.8604361624455,75,6036.390284921161,1.1145833333333333,1.0833333333333333,1.0729166666666667,1.0729166666666667,1.0416666666666667,1.0208333333333333
40,surprisal_b,0.01,0.3,10.0,0.1,,0.5,True,0.1,exemplar_mean,0.0002046048321646,408.3429946448268,75,3.565866435508924,72.40625,76.125,73.45833333333333,75.25,74.88541666666667,74.5
40,surprisal_b,0.0251188643150957,0.3,10.0,0.1,,0.5,True,0.1,exemplar_mean,0.3446716265506369,335.5384470249377,75,82.92378281558629,68.32291666666667,61.07291666666666,60.0625,67.27083333333333,63.708333333333336,64.64583333333333
40,surprisal_b,0.0630957344480193,0.3,10.0,0.1,,0.5,True,0.1,exemplar_mean,0.4388012212770092,306.22032451947945,75,106.43866025014378,51.239583333333336,48.01041666666666,46.41666666666666,52.708333333333336,53.09375,51.864583333333336
40,surprisal_b,0.1584893192461114,0.3,10.0,0.1,,0.5,True,0.1,exemplar_mean,0.086559412375152,390.33269299189874,75,51.63512604088336,29.05208333333333,31.67708333333333,23.791666666666668,27.08333333333333,26.4375,30.8125
40,surprisal_b,0.3981071705534973,0.3,10.0,0.1,,0.5,True,0.1,exemplar_mean,0.161659442326969,383.44180711466544,75,130.60442341042238,13.958333333333334,14.135416666666666,11.739583333333334,12.0625,13.885416666666666,12.5
40,surprisal_b,1.0,0.3,10.0,0.1,,0.5,True,0.1,exemplar_mean,0.396581552824682,322.28701811157083,75,418.6935616172641,6.65625,5.885416666666667,5.4375,6.833333333333333,6.145833333333333,6.489583333333333
40,surprisal_b,2.5118864315095824,0.3,10.0,0.1,,0.5,True,0.1,exemplar_mean,0.4720734402442005,307.659375424652,75,1390.4656762526904,3.25,3.020833333333333,2.7604166666666665,3.0104166666666665,3.3541666666666665,3.270833333333333
40,surprisal_b,6.309573444801936,0.3,10.0,0.1,,0.5,True,0.1,exemplar_mean,9.021085933634676e-05,408.3925129508979,75,-44.27390227383738,1.7708333333333333,1.7708333333333333,1.8541666666666667,1.9791666666666667,1.8541666666666667,1.8125
40,surprisal_b,15.848931924611142,0.3,10.0,0.1,,0.5,True,0.1,exemplar_mean,0.3284739343367678,339.84908019599106,75,3892.018002416918,1.4375,1.4479166666666667,1.2708333333333333,1.375,1.4270833333333333,1.3229166666666667
40,surprisal_b,39.81071705534973,0.3,10.0,0.1,,0.5,True,0.1,exemplar_mean,0.0201531096885141,407.29263902803655,75,-1922.2335142354316,1.09375,1.1145833333333333,1.0520833333333333,1.09375,1.09375,1.1666666666666667
40,surprisal_b,100.0,0.3,10.0,0.1,,0.5,True,0.1,exemplar_mean,0.6032738387544305,259.3090979217144,75,9749.631379127895,1.1354166666666667,1.0729166666666667,1.0208333333333333,1.0729166666666667,1.09375,1.0520833333333333
41,surprisal_b,0.01,0.3,10.0,0.1,,0.5,True,0.2,exemplar_mean,0.1615699010520484,382.67596355997665,75,63.02862334001653,76.54166666666667,74.0,69.98958333333333,73.53125,75.94791666666667,73.14583333333333
41,surprisal_b,0.0251188643150957,0.3,10.0,0.1,,0.5,True,0.2,exemplar_mean,0.0290189208920375,402.12483898843544,75,30.954759935638645,64.27083333333333,66.86458333333333,61.625,60.1875,62.85416666666666,69.95833333333333
41,surprisal_b,0.0630957344480193,0.3,10.0,0.1,,0.5,True,0.2,exemplar_mean,0.0079389894001722,408.3952637658318,75,13.461685911362396,49.177083333333336,51.47916666666666,47.083333333333336,45.364583333333336,49.69791666666666,45.4375
41,surprisal_b,0.1584893192461114,0.3,10.0,0.1,,0.5,True,0.2,exemplar_mean,0.3026795730721121,355.78092686979215,75,92.39766051847842,29.6875,26.36458333333333,24.041666666666668,22.010416666666668,28.45833333333333,27.010416666666668
41,surprisal_b,0.3981071705534973,0.3,10.0,0.1,,0.5,True,0.2,exemplar_mean,0.0162580837271335,404.76822604450354,75,82.57752663600935,11.291666666666666,11.739583333333334,10.322916666666666,12.927083333333334,12.010416666666666,12.78125
41,surprisal_b,1.0,0.3,10.0,0.1,,0.5,True,0.2,exemplar_mean,0.3858414277546634,331.8080941449803,75,675.0005188842871,5.9375,5.166666666666667,5.375,4.427083333333333,4.927083333333333,4.770833333333333
41,surprisal_b,2.5118864315095824,0.3,10.0,0.1,,0.5,True,0.2,exemplar_mean,0.1825720934821977,385.5364274409313,75,753.500570937006,3.114583333333333,2.5104166666666665,2.4166666666666665,2.927083333333333,2.78125,2.770833333333333
41,surprisal_b,6.309573444801936,0.3,10.0,0.1,,0.5,True,0.2,exemplar_mean,0.0750050519261968,403.7920088627908,75,772.8874351999972,1.8229166666666667,1.40625,1.625,1.6145833333333333,1.8958333333333333,1.6041666666666667
41,surprisal_b,15.848931924611142,0.3,10.0,0.1,,0.5,True,0.2,exemplar_mean,0.0347643016407394,402.5249229069452,75,1294.3710365416805,1.28125,1.25,1.1770833333333333,1.2604166666666667,1.2083333333333333,1.25
41,surprisal_b,39.81071705534973,0.3,10.0,0.1,,0.5,True,0.2,exemplar_mean,0.0429367746569463,404.68643004541934,75,3172.3498676065037,1.1458333333333333,1.09375,1.09375,1.1145833333333333,1.0833333333333333,1.03125
41,surprisal_b,100.0,0.3,10.0,0.1,,0.5,True,0.2,exemplar_mean,0.2273202038035243,407.29263902803655,75,-9173.994652809362,1.0208333333333333,1.0104166666666667,1.0416666666666667,1.0729166666666667,1.0416666666666667,1.0520833333333333
42,surprisal_b,0.01,0.3,10.0,0.1,,1.0,True,0.1,exemplar_mean,0.1214298632698515,386.827776502247,75,71.64307543117937,75.125,76.47916666666667,73.22916666666667,76.69791666666667,75.25,71.97916666666667
42,surprisal_b,0.0251188643150957,0.3,10.0,0.1,,1.0,True,0.1,exemplar_mean,0.0326756816098444,407.29263902803655,75,-28.98213689845431,61.739583333333336,65.89583333333333,67.71875,64.5625,62.895833333333336,69.71875
42,surprisal_b,0.0630957344480193,0.3,10.0,0.1,,1.0,True,0.1,exemplar_mean,0.4854919917093066,300.223187704644,75,98.34138177746726,54.3125,49.3125,47.88541666666666,49.96875,53.770833333333336,54.020833333333336
42,surprisal_b,0.1584893192461114,0.3,10.0,0.1,,1.0,True,0.1,exemplar_mean,0.2225416604663544,351.41375083773283,75,79.10226443524778,30.072916666666668,30.979166666666668,26.875,32.53125,28.916666666666668,28.291666666666668
42,surprisal_b,0.3981071705534973,0.3,10.0,0.1,,1.0,True,0.1,exemplar_mean,0.3503887679598699,330.2734669782052,75,177.20112638790678,14.354166666666666,12.958333333333334,13.229166666666666,13.010416666666666,11.197916666666666,14.375
42,surprisal_b,1.0,0.3,10.0,0.1,,1.0,True,0.1,exemplar_mean,0.5897297517744248,267.11755938009185,75,471.4431268113969,7.1875,5.677083333333333,4.541666666666667,6.052083333333333,6.979166666666667,5.84375
42,surprisal_b,2.5118864315095824,0.3,10.0,0.1,,1.0,True,0.1,exemplar_mean,0.2544438264148926,362.4689640724531,75,763.3011681244602,3.21875,3.083333333333333,2.958333333333333,3.5,2.7916666666666665,3.1666666666666665
42,surprisal_b,6.309573444801936,0.3,10.0,0.1,,1.0,True,0.1,exemplar_mean,0.5129912701183958,290.78701493294784,75,2550.677014776767,1.96875,1.9270833333333333,1.8229166666666667,1.9583333333333333,1.8958333333333333,1.9895833333333333
42,surprisal_b,15.848931924611142,0.3,10.0,0.1,,1.0,True,0.1,exemplar_mean,0.211159655793763,365.68616908841847,75,2249.7401622586203,1.4479166666666667,1.4895833333333333,1.2916666666666667,1.4270833333333333,1.34375,1.3541666666666667
42,surprisal_b,39.81071705534973,0.3,10.0,0.1,,1.0,True,0.1,exemplar_mean,0.0008983511526475,413.0796455811315,75,292.6334715510984,1.1458333333333333,1.15625,1.1041666666666667,1.1354166666666667,1.1770833333333333,1.1354166666666667
42,surprisal_b,100.0,0.3,10.0,0.1,,1.0,True,0.1,exemplar_mean,0.0113104628767105,405.7717338125118,75,1605.8544042120095,1.0625,1.09375,1.0625,1.0625,1.0104166666666667,1.0104166666666667
43,surprisal_b,0.01,0.3,10.0,0.1,,1.0,True,0.2,exemplar_mean,0.004175194048391,409.35270442905096,75,18.550546398781428,73.0625,74.01041666666667,74.46875,71.89583333333333,73.42708333333333,72.0
43,surprisal_b,0.0251188643150957,0.3,10.0,0.1,,1.0,True,0.2,exemplar_mean,0.0002044120174925,407.87557440202414,75,-2.0612932060934885,63.145833333333336,65.14583333333333,59.16666666666666,66.58333333333333,69.15625,66.11458333333333
43,surprisal_b,0.0630957344480193,0.3,10.0,0.1,,1.0,True,0.2,exemplar_mean,0.1595623792364954,377.48681950750984,75,61.9127787069114,49.458333333333336,48.38541666666666,48.6875,48.15625,45.04166666666666,47.427083333333336
43,surprisal_b,0.1584893192461114,0.3,10.0,0.1,,1.0,True,0.2,exemplar_mean,0.0052211405214468,407.29263902803655,75,-12.131084118886324,26.916666666666668,25.697916666666668,25.322916666666668,23.14583333333333,24.64583333333333,34.5625
43,surprisal_b,0.3981071705534973,0.3,10.0,0.1,,1.0,True,0.2,exemplar_mean,0.1192984479878911,389.0767909620388,75,119.77070501536342,12.75,14.270833333333334,10.333333333333334,12.34375,11.864583333333334,11.322916666666666
43,surprisal_b,1.0,0.3,10.0,0.1,,1.0,True,0.2,exemplar_mean,0.0698544150078766,402.4941053098888,75,214.13848432136447,5.677083333333333,4.739583333333333,5.052083333333333,5.71875,5.697916666666667,5.135416666666667
43,surprisal_b,2.5118864315095824,0.3,10.0,0.1,,1.0,True,0.2,exemplar_mean,0.0883664987171354,398.7127076836794,75,445.2684276206491,3.1979166666666665,2.625,2.3229166666666665,2.8541666666666665,3.3229166666666665,2.6875
43,surprisal_b,6.309573444801936,0.3,10.0,0.1,,1.0,True,0.2,exemplar_mean,0.0642826957806353,407.29263902803655,75,-808.9143568446627,1.65625,1.9895833333333333,1.6458333333333333,1.7083333333333333,1.65625,1.7395833333333333
43,surprisal_b,15.848931924611142,0.3,10.0,0.1,,1.0,True,0.2,exemplar_mean,0.123052501901616,400.4016599957253,75,2656.3221783281174,1.3541666666666667,1.3333333333333333,1.2395833333333333,1.2916666666666667,1.3020833333333333,1.3958333333333333
43,surprisal_b,39.81071705534973,0.3,10.0,0.1,,1.0,True,0.2,exemplar_mean,0.1802716276595682,370.1553302334587,75,5568.489665293636,1.1770833333333333,1.1458333333333333,1.125,1.1875,1.0833333333333333,1.0833333333333333
43,surprisal_b,100.0,0.3,10.0,0.1,,1.0,True,0.2,exemplar_mean,0.1037431972616251,401.896128230278,75,6557.481770259231,1.0625,1.0208333333333333,1.0625,1.1041666666666667,1.0833333333333333,1.0416666666666667
44,surprisal_b,0.01,0.3,10.0,1.0,,0.5,True,0.1,exemplar_mean,0.0104211782195346,407.29263902803655,75,-30.230307724174065,74.42708333333333,76.14583333333333,74.70833333333333,76.41666666666667,75.88541666666667,76.78125
44,surprisal_b,0.0251188643150957,0.3,10.0,1.0,,0.5,True,0.1,exemplar_mean,0.1157418959409575,386.2552124671848,75,76.56854662013619,70.83333333333333,69.15625,63.32291666666666,73.05208333333333,69.63541666666667,68.76041666666667
44,surprisal_b,0.0630957344480193,0.3,10.0,1.0,,0.5,True,0.1,exemplar_mean,0.1193130407495055,387.5419542598348,75,40.83724674546639,60.54166666666666,58.38541666666666,49.32291666666666,57.82291666666666,51.75,53.614583333333336
44,surprisal_b,0.1584893192461114,0.3,10.0,1.0,,0.5,True,0.1,exemplar_mean,0.1735896207252243,385.35651170951354,75,60.28236136439719,40.57291666666666,31.92708333333333,37.04166666666666,34.052083333333336,36.927083333333336,35.21875
44,surprisal_b,0.3981071705534973,0.3,10.0,1.0,,0.5,True,0.1,exemplar_mean,0.5303466022876459,283.85010165781733,75,140.11288783466125,21.55208333333333,16.364583333333332,18.02083333333333,20.510416666666668,17.09375,16.604166666666668
44,surprisal_b,1.0,0.3,10.0,1.0,,0.5,True,0.1,exemplar_mean,0.2619390550849609,360.01159984357304,75,311.4046908834198,8.291666666666666,8.28125,6.40625,8.333333333333334,8.291666666666666,7.364583333333333
44,surprisal_b,2.5118864315095824,0.3,10.0,1.0,,0.5,True,0.1,exemplar_mean,0.0514124155122617,394.6879739098004,75,278.8729954437175,3.8958333333333335,4.239583333333333,3.3229166666666665,3.90625,3.0416666666666665,3.25
44,surprisal_b,6.309573444801936,0.3,10.0,1.0,,0.5,True,0.1,exemplar_mean,0.1324410762711577,396.03660630126785,75,811.6132354290157,2.364583333333333,2.0104166666666665,2.1354166666666665,2.0729166666666665,1.8125,2.0729166666666665
44,surprisal_b,15.848931924611142,0.3,10.0,1.0,,0.5,True,0.1,exemplar_mean,0.1060286133478309,391.1111312841399,75,1213.1338783658323,1.53125,1.6875,1.3333333333333333,1.4270833333333333,1.6354166666666667,1.4375
44,surprisal_b,39.81071705534973,0.3,10.0,1.0,,0.5,True,0.1,exemplar_mean,0.255980980380746,359.2643553053181,75,3748.0734562766934,1.2604166666666667,1.2708333333333333,1.1041666666666667,1.1979166666666667,1.25,1.1666666666666667
44,surprisal_b,100.0,0.3,10.0,1.0,,0.5,True,0.1,exemplar_mean,0.1897664919503852,374.64571333490215,75,5470.482734451077,1.1354166666666667,1.0729166666666667,1.0416666666666667,1.0416666666666667,1.09375,1.1145833333333333
45,surprisal_b,0.01,0.3,10.0,1.0,,0.5,True,0.2,exemplar_mean,0.1765605675479701,372.37318640873514,75,101.0131555754503,76.08333333333333,75.89583333333333,76.16666666666667,74.72916666666667,71.3125,74.9375
45,surprisal_b,0.0251188643150957,0.3,10.0,1.0,,0.5,True,0.2,exemplar_mean,0.061100576041012,407.29263902803655,75,-50.81291053481881,64.1875,65.59375,65.02083333333333,69.03125,64.90625,68.0
45,surprisal_b,0.0630957344480193,0.3,10.0,1.0,,0.5,True,0.2,exemplar_mean,0.0755523422552347,399.0979026845175,75,59.89232945051105,54.020833333333336,52.66666666666666,50.5625,49.583333333333336,56.770833333333336,50.32291666666666
45,surprisal_b,0.1584893192461114,0.3,10.0,1.0,,0.5,True,0.2,exemplar_mean,0.1082801566926241,387.6206925450603,75,52.45019456678023,32.645833333333336,34.125,35.833333333333336,26.5,30.77083333333333,32.645833333333336
45,surprisal_b,0.3981071705534973,0.3,10.0,1.0,,0.5,True,0.2,exemplar_mean,0.4293155687319209,317.14697220334307,75,194.5233090636679,15.59375,14.385416666666666,14.447916666666666,13.802083333333334,14.40625,14.166666666666666
45,surprisal_b,1.0,0.3,10.0,1.0,,0.5,True,0.2,exemplar_mean,0.3082940637233108,342.7502705511582,75,256.39854508043504,7.5,6.34375,6.708333333333333,6.458333333333333,5.927083333333333,6.333333333333333
45,surprisal_b,2.5118864315095824,0.3,10.0,1.0,,0.5,True,0.2,exemplar_mean,0.419908353249347,314.1132660590356,75,872.6794899458392,3.6875,3.333333333333333,3.0625,3.7083333333333335,3.052083333333333,2.770833333333333
45,surprisal_b,6.309573444801936,0.3,10.0,1.0,,0.5,True,0.2,exemplar_mean,0.5030405205134837,294.8238236824751,75,2161.4793431168177,2.1041666666666665,1.9479166666666667,1.4895833333333333,1.90625,1.9479166666666667,1.7395833333333333
45,surprisal_b,15.848931924611142,0.3,10.0,1.0,,0.5,True,0.2,exemplar_mean,0.0004381985523482,409.46963669692866,75,128.70232887427397,1.3125,1.375,1.3958333333333333,1.3541666666666667,1.2916666666666667,1.2916666666666667
45,surprisal_b,39.81071705534973,0.3,10.0,1.0,,0.5,True,0.2,exemplar_mean,0.2522981346024514,363.1302840548853,75,5009.9161222302255,1.21875,1.1770833333333333,1.125,1.1354166666666667,1.1458333333333333,1.1145833333333333
45,surprisal_b,100.0,0.3,10.0,1.0,,0.5,True,0.2,exemplar_mean,0.0051934353868588,407.9515421891864,75,1302.9972237952663,1.0520833333333333,1.0729166666666667,1.03125,1.0416666666666667,1.03125,1.0729166666666667
46,surprisal_b,0.01,0.3,10.0,1.0,,1.0,True,0.1,exemplar_mean,0.2155769707986318,372.2023060661893,75,109.77126964633034,78.54166666666667,75.23958333333333,77.63541666666667,70.83333333333333,73.78125,75.57291666666667
46,surprisal_b,0.0251188643150957,0.3,10.0,1.0,,1.0,True,0.1,exemplar_mean,0.0001935188261456,409.6935335418856,75,2.2362303283913016,69.82291666666667,72.61458333333333,65.54166666666667,67.09375,72.70833333333333,70.8125
46,surprisal_b,0.0630957344480193,0.3,10.0,1.0,,1.0,True,0.1,exemplar_mean,0.1557490545884413,375.1209326730226,75,76.73504552440271,58.1875,53.22916666666666,56.91666666666666,60.82291666666666,52.052083333333336,56.6875
46,surprisal_b,0.1584893192461114,0.3,10.0,1.0,,1.0,True,0.1,exemplar_mean,0.0596003453583868,407.29263902803655,75,-36.3466987439462,33.333333333333336,36.552083333333336,31.125,38.3125,37.895833333333336,32.354166666666664
46,surprisal_b,0.3981071705534973,0.3,10.0,1.0,,1.0,True,0.1,exemplar_mean,0.5033663725947601,287.77876526046265,75,118.68758982518465,24.02083333333333,18.55208333333333,16.541666666666668,18.25,15.072916666666666,15.15625
46,surprisal_b,1.0,0.3,10.0,1.0,,1.0,True,0.1,exemplar_mean,0.0343626742553101,403.8793639199751,75,110.76940282962374,8.072916666666666,7.635416666666667,6.697916666666667,7.125,6.947916666666667,8.385416666666666
46,surprisal_b,2.5118864315095824,0.3,10.0,1.0,,1.0,True,0.1,exemplar_mean,0.3479750228215135,331.6440631938749,75,611.6026803525745,4.322916666666667,4.0625,3.6979166666666665,4.15625,3.4375,3.302083333333333
46,surprisal_b,6.309573444801936,0.3,10.0,1.0,,1.0,True,0.1,exemplar_mean,0.431900222947744,315.10354795397853,75,1759.383529340149,2.375,2.020833333333333,1.8020833333333333,1.9791666666666667,2.15625,2.1354166666666665
46,surprisal_b,15.848931924611142,0.3,10.0,1.0,,1.0,True,0.1,exemplar_mean,0.4063688334618958,328.01545394955446,75,2269.2589611976146,1.6666666666666667,1.4791666666666667,1.2916666666666667,1.6354166666666667,1.3333333333333333,1.46875
46,surprisal_b,39.81071705534973,0.3,10.0,1.0,,1.0,True,0.1,exemplar_mean,0.0024318686046534,407.29263902803655,75,-393.33971951672333,1.1666666666666667,1.2395833333333333,1.1458333333333333,1.15625,1.2083333333333333,1.1979166666666667
46,surprisal_b,100.0,0.3,10.0,1.0,,1.0,True,0.1,exemplar_mean,0.4244720198803081,316.35916221365994,75,11315.943629022097,1.1145833333333333,1.09375,1.0416666666666667,1.09375,1.0416666666666667,1.0625
47,surprisal_b,0.01,0.3,10.0,1.0,,1.0,True,0.2,exemplar_mean,0.1539243687290027,407.29263902803655,75,-85.36691482762876,71.02083333333333,76.10416666666667,73.6875,76.19791666666667,72.80208333333333,71.46875
47,surprisal_b,0.0251188643150957,0.3,10.0,1.0,,1.0,True,0.2,exemplar_mean,0.0188995873651322,408.310763110911,75,19.599397422660992,69.42708333333333,64.11458333333333,66.86458333333333,66.91666666666667,64.45833333333333,65.22916666666667
47,surprisal_b,0.0630957344480193,0.3,10.0,1.0,,1.0,True,0.2,exemplar_mean,0.5306102601411576,282.2726046816931,75,113.2233695989762,55.0,51.239583333333336,53.90625,50.59375,55.614583333333336,55.26041666666666
47,surprisal_b,0.1584893192461114,0.3,10.0,1.0,,1.0,True,0.2,exemplar_mean,0.0061121280514315,408.7549748196401,75,11.921651276490628,29.135416666666668,25.83333333333333,27.15625,33.864583333333336,28.42708333333333,27.05208333333333
47,surprisal_b,0.3981071705534973,0.3,10.0,1.0,,1.0,True,0.2,exemplar_mean,0.0901860828421829,394.1520701982284,75,119.56932319719998,15.239583333333334,15.5,11.895833333333334,14.927083333333334,13.197916666666666,12.15625
47,surprisal_b,1.0,0.3,10.0,1.0,,1.0,True,0.2,exemplar_mean,0.1360784700347312,392.74016580880937,75,320.3027176665441,6.677083333333333,5.90625,5.979166666666667,6.0,5.958333333333333,5.614583333333333
47,surprisal_b,2.5118864315095824,0.3,10.0,1.0,,1.0,True,0.2,exemplar_mean,0.0018663578425282,409.0180963537584,75,50.481295998041766,3.052083333333333,3.8020833333333335,2.65625,3.1041666666666665,2.75,2.708333333333333
47,surprisal_b,6.309573444801936,0.3,10.0,1.0,,1.0,True,0.2,exemplar_mean,0.089132042435577,392.29055392088486,75,922.1637952671324,1.9479166666666667,2.083333333333333,1.6875,2.2291666666666665,2.0104166666666665,1.5833333333333333
47,surprisal_b,15.848931924611142,0.3,10.0,1.0,,1.0,True,0.2,exemplar_mean,0.107214664181695,392.0286946520801,75,2196.6800799877724,1.4270833333333333,1.34375,1.2916666666666667,1.3020833333333333,1.1875,1.25
47,surprisal_b,39.81071705534973,0.3,10.0,1.0,,1.0,True,0.2,exemplar_mean,0.097803207290345,400.22754149739137,75,4048.768293548888,1.15625,1.1041666666666667,1.1458333333333333,1.1041666666666667,1.15625,1.1145833333333333
47,surprisal_b,100.0,0.3,10.0,1.0,,1.0,True,0.2,exemplar_mean,0.2083754844217792,372.04612752195345,75,6330.109379748623,1.1041666666666667,1.0416666666666667,1.0,1.0625,1.03125,1.0520833333333333
0,mi_concept,3.1622776601683795e-05,0.03,1.0,0.1,,0.5,True,0.1,exemplar_mean,0.6441680489437651,242.42358982696197,75,118.09646694216498,28.09375,22.53125,17.90625,23.916666666666668,22.28125,20.197916666666668
0,mi_concept,0.0001,0.03,1.0,0.1,,0.5,True,0.1,exemplar_mean,0.6925726710903367,224.4980043637507,75,143.9463505831684,20.385416666666668,15.15625,12.427083333333334,16.46875,13.458333333333334,13.666666666666666
0,mi_concept,0.0003162277660168,0.03,1.0,0.1,,0.5,True,0.1,exemplar_mean,0.680833101392034,231.921437217619,75,187.84729362376908,13.947916666666666,10.583333333333334,8.114583333333334,11.270833333333334,9.635416666666666,9.5625
0,mi_concept,0.001,0.03,1.0,0.1,,0.5,True,0.1,exemplar_mean,0.6052096693773567,255.20975353541243,75,223.23487206985607,10.010416666666666,8.1875,5.520833333333333,7.104166666666667,6.34375,5.916666666666667
0,mi_concept,0.0031622776601683,0.03,1.0,0.1,,0.5,True,0.1,exemplar_mean,0.6604237153244056,231.94563443516827,75,285.7751935599224,7.427083333333333,5.15625,3.6979166666666665,5.447916666666667,4.177083333333333,3.75
0,mi_concept,0.01,0.03,1.0,0.1,,0.5,True,0.1,exemplar_mean,0.6291603431025059,243.64824935443949,75,330.1138047020406,5.635416666666667,3.8020833333333335,2.375,3.8125,2.833333333333333,2.3854166666666665
0,mi_concept,0.0316227766016837,0.03,1.0,0.1,,0.5,True,0.1,exemplar_mean,0.6072824840632359,252.6532514307747,75,401.8522289053921,4.239583333333333,2.7916666666666665,1.6979166666666667,2.739583333333333,1.8958333333333333,1.65625
0,mi_concept,0.1,0.03,1.0,0.1,,0.5,True,0.1,exemplar_mean,0.5957429872403947,257.1455589430862,75,609.6720236673522,2.9479166666666665,2.0729166666666665,1.3229166666666667,2.1354166666666665,1.3958333333333333,1.3229166666666667
0,mi_concept,0.3162277660168379,0.03,1.0,0.1,,0.5,True,0.1,exemplar_mean,0.536901941503118,276.5487726543536,75,1131.555218732192,1.9895833333333333,1.5208333333333333,1.09375,1.5729166666666667,1.1875,1.125
0,mi_concept,1.0,0.03,1.0,0.1,,0.5,True,0.1,exemplar_mean,0.5995253990015608,256.8929466312691,75,2237.285782159669,1.5208333333333333,1.1979166666666667,1.0416666666666667,1.2708333333333333,1.0520833333333333,1.03125
0,mi_concept,3.1622776601683795,0.03,1.0,0.1,,0.5,True,0.1,exemplar_mean,0.4490024538375118,305.13426548477105,75,5224.261697363113,1.1875,1.1041666666666667,1.0520833333333333,1.09375,1.0416666666666667,1.0208333333333333
1,mi_concept,3.1622776601683795e-05,0.03,1.0,0.1,,0.5,True,0.2,exemplar_mean,0.5840405646102239,263.87310250090655,75,66.10256032950791,42.90625,37.052083333333336,27.635416666666668,37.44791666666666,30.916666666666668,33.458333333333336
1,mi_concept,0.0001,0.03,1.0,0.1,,0.5,True,0.2,exemplar_mean,0.6371280945552201,239.4651591181533,75,97.74530994384808,29.40625,25.02083333333333,18.166666666666668,25.260416666666668,21.072916666666668,21.27083333333333
1,mi_concept,0.0003162277660168,0.03,1.0,0.1,,0.5,True,0.2,exemplar_mean,0.6708468697732198,229.6215528349277,75,131.8548222413562,20.30208333333333,14.895833333333334,12.739583333333334,16.239583333333332,13.427083333333334,11.875
1,mi_concept,0.001,0.03,1.0,0.1,,0.5,True,0.2,exemplar_mean,0.5966119778216279,257.53629628656523,75,174.2265481079642,13.6875,10.854166666666666,7.854166666666667,11.635416666666666,9.21875,8.4375
1,mi_concept,0.0031622776601683,0.03,1.0,0.1,,0.5,True,0.2,exemplar_mean,0.6454618301363605,237.16553422858811,75,236.34255569343293,9.645833333333334,6.979166666666667,4.708333333333333,7.885416666666667,5.708333333333333,4.84375
1,mi_concept,0.01,0.03,1.0,0.1,,0.5,True,0.2,exemplar_mean,0.6607356164007065,233.33823362950463,75,278.35033555726284,7.208333333333333,4.604166666666667,3.0416666666666665,5.3125,4.072916666666667,3.270833333333333
1,mi_concept,0.0316227766016837,0.03,1.0,0.1,,0.5,True,0.2,exemplar_mean,0.4896377017644879,289.99251643644914,75,413.28834580107554,4.197916666666667,3.4166666666666665,2.0625,3.4375,2.40625,2.114583333333333
1,mi_concept,0.1,0.03,1.0,0.1,,0.5,True,0.2,exemplar_mean,0.5118275421446226,285.1086348404857,75,624.0351552559588,2.96875,2.333333333333333,1.4375,2.1666666666666665,1.5416666666666667,1.5208333333333333
1,mi_concept,0.3162277660168379,0.03,1.0,0.1,,0.5,True,0.2,exemplar_mean,0.5868208304658101,261.7542780777826,75,1111.9838368915848,2.125,1.46875,1.2083333333333333,1.8020833333333333,1.25,1.1979166666666667
1,mi_concept,1.0,0.03,1.0,0.1,,0.5,True,0.2,exemplar_mean,0.5111402986913053,282.0925587524089,75,2236.064763013144,1.4479166666666667,1.3125,1.0104166666666667,1.3020833333333333,1.1041666666666667,1.0625
1,mi_concept,3.1622776601683795,0.03,1.0,0.1,,0.5,True,0.2,exemplar_mean,0.1727694571648228,376.93056345411406,75,4431.60672935359,1.125,1.1145833333333333,1.0208333333333333,1.09375,1.0,1.03125
2,mi_concept,3.1622776601683795e-05,0.03,1.0,0.1,,1.0,True,0.1,exemplar_mean,0.7123832336033954,217.64367728705733,75,95.17430685821934,30.36458333333333,22.197916666666668,17.958333333333332,22.635416666666668,21.46875,20.65625
2,mi_concept,0.0001,0.03,1.0,0.1,,1.0,True,0.1,exemplar_mean,0.6633075667524873,234.6681716660401,75,158.02213428766515,19.010416666666668,16.166666666666668,12.375,15.40625,15.59375,14.916666666666666
2,mi_concept,0.0003162277660168,0.03,1.0,0.1,,1.0,True,0.1,exemplar_mean,0.718115253989481,210.18091005407337,75,184.510192742039,14.291666666666666,11.083333333333334,7.75,11.354166666666666,10.291666666666666,8.760416666666666
2,mi_concept,0.001,0.03,1.0,0.1,,1.0,True,0.1,exemplar_mean,0.6574865705967402,236.8414696349367,75,211.9242556454628,10.625,7.666666666666667,5.072916666666667,7.34375,6.5,6.354166666666667
2,mi_concept,0.0031622776601683,0.03,1.0,0.1,,1.0,True,0.1,exemplar_mean,0.6423062681592574,241.76498975783988,75,288.5387827046982,7.416666666666667,5.25,3.53125,5.5,3.6979166666666665,3.6979166666666665
2,mi_concept,0.01,0.03,1.0,0.1,,1.0,True,0.1,exemplar_mean,0.6469238693865933,237.23092224240463,75,310.25482726324026,5.864583333333333,3.8020833333333335,2.302083333333333,3.7395833333333335,2.75,2.333333333333333
2,mi_concept,0.0316227766016837,0.03,1.0,0.1,,1.0,True,0.1,exemplar_mean,0.6561822533130597,235.6280488312119,75,376.39615858058215,4.552083333333333,2.5625,1.78125,2.708333333333333,1.8541666666666667,1.7291666666666667
2,mi_concept,0.1,0.03,1.0,0.1,,1.0,True,0.1,exemplar_mean,0.5712641804737552,263.3045970597571,75,542.311658652679,3.0104166666666665,2.21875,1.3125,2.25,1.4791666666666667,1.2708333333333333
2,mi_concept,0.3162277660168379,0.03,1.0,0.1,,1.0,True,0.1,exemplar_mean,0.5704208820735308,266.14477915560803,75,993.281338700624,2.1354166666666665,1.5,1.1770833333333333,1.6979166666666667,1.2708333333333333,1.0833333333333333
2,mi_concept,1.0,0.03,1.0,0.1,,1.0,True,0.1,exemplar_mean,0.2733870136360283,356.681779027013,75,1841.1960671336135,1.3854166666666667,1.3645833333333333,1.03125,1.3125,1.1458333333333333,1.0
2,mi_concept,3.1622776601683795,0.03,1.0,0.1,,1.0,True,0.1,exemplar_mean,0.323987470020619,338.62775194205125,75,5127.592902487014,1.1458333333333333,1.125,1.0208333333333333,1.1354166666666667,1.0833333333333333,1.03125
3,mi_concept,3.1622776601683795e-05,0.03,1.0,0.1,,1.0,True,0.2,exemplar_mean,0.7020223456368766,221.8349311258621,75,79.6538109038747,42.51041666666666,35.28125,26.90625,34.572916666666664,34.927083333333336,32.0625
3,mi_concept,0.0001,0.03,1.0,0.1,,1.0,True,0.2,exemplar_mean,0.5809994269515679,260.12159913052545,75,81.58051857135511,30.979166666666668,25.197916666666668,16.4375,24.635416666666668,21.64583333333333,19.08333333333333
3,mi_concept,0.0003162277660168,0.03,1.0,0.1,,1.0,True,0.2,exemplar_mean,0.5923331137030351,257.49752315494555,75,128.144849988717,20.510416666666668,16.864583333333332,11.65625,17.989583333333332,14.489583333333334,13.239583333333334
3,mi_concept,0.001,0.03,1.0,0.1,,1.0,True,0.2,exemplar_mean,0.6182521948562039,244.3321263980876,75,171.40949901014872,13.895833333333334,11.0,7.59375,11.604166666666666,9.229166666666666,7.65625
3,mi_concept,0.0031622776601683,0.03,1.0,0.1,,1.0,True,0.2,exemplar_mean,0.6253631534275905,244.51432977527884,75,188.0553560388844,10.770833333333334,7.427083333333333,5.010416666666667,7.541666666666667,5.96875,5.0625
3,mi_concept,0.01,0.03,1.0,0.1,,1.0,True,0.2,exemplar_mean,0.5658012187512658,264.83912575776225,75,252.1715673655879,7.166666666666667,5.354166666666667,3.270833333333333,5.291666666666667,3.46875,3.59375
3,mi_concept,0.0316227766016837,0.03,1.0,0.1,,1.0,True,0.2,exemplar_mean,0.6297965794320165,243.2472095865556,75,389.9033988857767,4.802083333333333,3.21875,2.1666666666666665,3.6458333333333335,2.53125,1.8958333333333333
3,mi_concept,0.1,0.03,1.0,0.1,,1.0,True,0.2,exemplar_mean,0.6088455614391398,250.9112677738095,75,459.2404818773491,3.7291666666666665,2.3854166666666665,1.46875,2.364583333333333,1.7395833333333333,1.5
3,mi_concept,0.3162277660168379,0.03,1.0,0.1,,1.0,True,0.2,exemplar_mean,0.4682031722393276,297.54602919759066,75,923.4987927579206,2.114583333333333,1.7708333333333333,1.2395833333333333,1.75,1.1979166666666667,1.1770833333333333
3,mi_concept,1.0,0.03,1.0,0.1,,1.0,True,0.2,exemplar_mean,0.5710977077487284,262.278509578632,75,2346.1289170445466,1.4791666666666667,1.28125,1.0729166666666667,1.375,1.1666666666666667,1.0520833333333333
3,mi_concept,3.1622776601683795,0.03,1.0,0.1,,1.0,True,0.2,exemplar_mean,0.3855811767402807,321.377672897612,75,5484.094642646033,1.15625,1.1145833333333333,1.03125,1.1458333333333333,1.0208333333333333,1.0104166666666667
4,mi_concept,3.1622776601683795e-05,0.03,1.0,1.0,,0.5,True,0.1,exemplar_mean,0.6013282627581084,254.92432015611763,75,170.58285510082342,14.458333333333334,11.072916666666666,8.0,11.375,9.770833333333334,8.375
4,mi_concept,0.0001,0.03,1.0,1.0,,0.5,True,0.1,exemplar_mean,0.5368626011086607,276.01704977365773,75,235.75838500819324,9.770833333333334,8.135416666666666,5.979166666666667,8.072916666666666,5.90625,6.041666666666667
4,mi_concept,0.0003162277660168,0.03,1.0,1.0,,0.5,True,0.1,exemplar_mean,0.6181375751624384,248.77970158365903,75,254.61689261498032,7.9375,5.510416666666667,3.9895833333333335,5.208333333333333,4.072916666666667,3.9166666666666665
4,mi_concept,0.001,0.03,1.0,1.0,,0.5,True,0.1,exemplar_mean,0.6699146252973939,230.5569559153811,75,317.4803805948798,6.104166666666667,3.96875,2.833333333333333,4.135416666666667,3.09375,3.0625
4,mi_concept,0.0031622776601683,0.03,1.0,1.0,,0.5,True,0.1,exemplar_mean,0.6107272514311619,250.24444075435636,75,364.2832883247897,4.802083333333333,3.21875,1.8854166666666667,2.927083333333333,2.239583333333333,1.9479166666666667
4,mi_concept,0.01,0.03,1.0,1.0,,0.5,True,0.1,exemplar_mean,0.6063848848232211,249.6575248003633,75,460.11895159310353,3.7395833333333335,2.4375,1.5208333333333333,2.3229166666666665,1.6979166666666667,1.4375
4,mi_concept,0.0316227766016837,0.03,1.0,1.0,,0.5,True,0.1,exemplar_mean,0.5773634028844903,260.444414683679,75,680.2408829869494,2.7291666666666665,2.0104166666666665,1.2395833333333333,2.0104166666666665,1.375,1.2604166666666667
4,mi_concept,0.1,0.03,1.0,1.0,,0.5,True,0.1,exemplar_mean,0.5251334408159002,279.3928595446015,75,988.1269587704406,2.083333333333333,1.625,1.2291666666666667,1.65625,1.2083333333333333,1.125
4,mi_concept,0.3162277660168379,0.03,1.0,1.0,,0.5,True,0.1,exemplar_mean,0.5107943811694075,284.31381345045895,75,3114.343862356208,1.4270833333333333,1.2604166666666667,1.1458333333333333,1.2916666666666667,1.2395833333333333,1.0520833333333333
4,mi_concept,1.0,0.03,1.0,1.0,,0.5,True,0.1,exemplar_mean,0.2289254493848247,374.5757723936694,75,7374.288555446869,1.125,1.0729166666666667,1.0416666666666667,1.1979166666666667,1.1145833333333333,1.0416666666666667
4,mi_concept,3.1622776601683795,0.03,1.0,1.0,,0.5,True,0.1,exemplar_mean,0.0192578639200131,412.36595054648495,75,4245.103996174119,1.0416666666666667,1.0416666666666667,1.0104166666666667,1.03125,1.0625,1.0729166666666667
5,mi_concept,3.1622776601683795e-05,0.03,1.0,1.0,,0.5,True,0.2,exemplar_mean,0.6331102565668432,239.57736085421124,75,132.99191416177044,21.55208333333333,16.947916666666668,14.0625,17.135416666666668,13.541666666666666,13.53125
5,mi_concept,0.0001,0.03,1.0,1.0,,0.5,True,0.2,exemplar_mean,0.5551964509533811,270.143379675507,75,168.44852915475582,15.15625,12.166666666666666,8.822916666666666,12.104166666666666,9.96875,10.020833333333334
5,mi_concept,0.0003162277660168,0.03,1.0,1.0,,0.5,True,0.2,exemplar_mean,0.6119497943006897,253.63773136727343,75,202.4157397497341,11.3125,8.104166666666666,6.270833333333333,8.041666666666666,6.364583333333333,6.895833333333333
5,mi_concept,0.001,0.03,1.0,1.0,,0.5,True,0.2,exemplar_mean,0.596959271785488,254.40609853895688,75,272.9900428626175,8.0,5.958333333333333,3.8333333333333335,5.864583333333333,4.416666666666667,4.479166666666667
5,mi_concept,0.0031622776601683,0.03,1.0,1.0,,0.5,True,0.2,exemplar_mean,0.6172958581353091,245.34591134941792,75,424.56850358134074,5.34375,3.8541666666666665,2.9166666666666665,4.0,3.1354166666666665,2.8854166666666665
5,mi_concept,0.01,0.03,1.0,1.0,,0.5,True,0.2,exemplar_mean,0.5778207772019506,260.8506841307002,75,437.83320568685224,4.25,3.1354166666666665,2.1666666666666665,2.8541666666666665,2.21875,1.9270833333333333
5,mi_concept,0.0316227766016837,0.03,1.0,1.0,,0.5,True,0.2,exemplar_mean,0.5516871983034625,268.7528276370249,75,744.4120557450693,2.84375,2.114583333333333,1.3854166666666667,2.145833333333333,1.6145833333333333,1.5
5,mi_concept,0.1,0.03,1.0,1.0,,0.5,True,0.2,exemplar_mean,0.423015967937259,310.5053712145219,75,1040.416054477815,2.020833333333333,1.7708333333333333,1.2291666666666667,1.6979166666666667,1.28125,1.2395833333333333
5,mi_concept,0.3162277660168379,0.03,1.0,1.0,,0.5,True,0.2,exemplar_mean,0.3659019352680429,326.7972400830643,75,1807.1299011044932,1.5104166666666667,1.4270833333333333,1.0729166666666667,1.2604166666666667,1.1041666666666667,1.09375
5,mi_concept,1.0,0.03,1.0,1.0,,0.5,True,0.2,exemplar_mean,0.5503237836045375,275.85250027490235,75,4114.778931973539,1.28125,1.15625,1.0520833333333333,1.15625,1.0625,1.1041666666666667
5,mi_concept,3.1622776601683795,0.03,1.0,1.0,,0.5,True,0.2,exemplar_mean,0.5355226735035102,274.8190964007054,75,11550.021613867846,1.1041666666666667,1.03125,1.0104166666666667,1.0208333333333333,1.0104166666666667,1.0104166666666667
6,mi_concept,3.1622776601683795e-05,0.03,1.0,1.0,,1.0,True,0.1,exemplar_mean,0.6334179047108581,242.2989226052768,75,173.17050134411338,14.645833333333334,10.572916666666666,8.645833333333334,11.125,8.947916666666666,7.90625
6,mi_concept,0.0001,0.03,1.0,1.0,,1.0,True,0.1,exemplar_mean,0.6144199043749403,249.75476763518995,75,226.4928214924678,10.104166666666666,7.895833333333333,5.458333333333333,7.979166666666667,6.364583333333333,6.125
6,mi_concept,0.0003162277660168,0.03,1.0,1.0,,1.0,True,0.1,exemplar_mean,0.6625412490613269,231.8739309623897,75,275.7702147746116,7.9375,5.322916666666667,3.9270833333333335,5.302083333333333,4.583333333333333,4.135416666666667
6,mi_concept,0.001,0.03,1.0,1.0,,1.0,True,0.1,exemplar_mean,0.6412929929039982,241.2964083574181,75,288.00768836016675,6.354166666666667,3.9166666666666665,2.75,3.9791666666666665,3.0,2.7604166666666665
6,mi_concept,0.0031622776601683,0.03,1.0,1.0,,1.0,True,0.1,exemplar_mean,0.6319117360459797,243.0451433493754,75,324.66637460266486,5.0,3.239583333333333,1.9583333333333333,3.177083333333333,2.1354166666666665,1.9479166666666667
6,mi_concept,0.01,0.03,1.0,1.0,,1.0,True,0.1,exemplar_mean,0.6094378906135713,250.0717502704305,75,397.0255577638415,4.010416666666667,2.5416666666666665,1.5416666666666667,2.4479166666666665,1.71875,1.4479166666666667
6,mi_concept,0.0316227766016837,0.03,1.0,1.0,,1.0,True,0.1,exemplar_mean,0.6055678926455991,251.71029423097065,75,551.1439476036844,3.145833333333333,2.0416666666666665,1.3020833333333333,2.114583333333333,1.2708333333333333,1.1875
6,mi_concept,0.1,0.03,1.0,1.0,,1.0,True,0.1,exemplar_mean,0.5509064873792953,270.4595598569109,75,900.8965384124232,2.239583333333333,1.71875,1.0729166666666667,1.7916666666666667,1.2395833333333333,1.1770833333333333
6,mi_concept,0.3162277660168379,0.03,1.0,1.0,,1.0,True,0.1,exemplar_mean,0.4595722906455372,300.6925477275587,75,1418.1535042230826,1.71875,1.4791666666666667,1.125,1.4270833333333333,1.25,1.0729166666666667
6,mi_concept,1.0,0.03,1.0,1.0,,1.0,True,0.1,exemplar_mean,0.5367303559889584,272.21130163332435,75,4376.135743749199,1.2916666666666667,1.1666666666666667,1.0729166666666667,1.1145833333333333,1.1666666666666667,1.0520833333333333
6,mi_concept,3.1622776601683795,0.03,1.0,1.0,,1.0,True,0.1,exemplar_mean,0.0172889026251497,409.33297587620166,75,2106.160399043596,1.0729166666666667,1.0625,1.03125,1.0104166666666667,1.0520833333333333,1.0208333333333333
7,mi_concept,3.1622776601683795e-05,0.03,1.0,1.0,,1.0,True,0.2,exemplar_mean,0.557277396173945,269.67914135189005,75,116.58515307319657,22.229166666666668,17.625,14.0625,17.354166666666668,13.760416666666666,13.6875
7,mi_concept,0.0001,0.03,1.0,1.0,,1.0,True,0.2,exemplar_mean,0.5345593101877348,275.24334067284906,75,165.4914747775839,14.552083333333334,12.541666666666666,9.854166666666666,11.947916666666666,9.416666666666666,9.604166666666666
7,mi_concept,0.0003162277660168,0.03,1.0,1.0,,1.0,True,0.2,exemplar_mean,0.5803022938212086,260.42331847251836,75,227.1088143701387,10.78125,8.125,5.895833333333333,8.4375,6.65625,6.364583333333333
7,mi_concept,0.001,0.03,1.0,1.0,,1.0,True,0.2,exemplar_mean,0.5866127154412173,259.4227971430638,75,256.04415921614003,7.916666666666667,6.0,4.28125,6.291666666666667,4.354166666666667,4.21875
7,mi_concept,0.0031622776601683,0.03,1.0,1.0,,1.0,True,0.2,exemplar_mean,0.6075594990745443,250.39810779746512,75,327.19760888516424,5.958333333333333,4.166666666666667,2.989583333333333,4.15625,3.1979166666666665,2.6666666666666665
7,mi_concept,0.01,0.03,1.0,1.0,,1.0,True,0.2,exemplar_mean,0.5486684889796196,271.25092823919533,75,426.0419273446995,4.25,3.21875,1.9583333333333333,3.15625,2.208333333333333,2.0104166666666665
7,mi_concept,0.0316227766016837,0.03,1.0,1.0,,1.0,True,0.2,exemplar_mean,0.5823697771661325,259.3997573820992,75,560.0144545195514,3.302083333333333,2.34375,1.53125,2.4479166666666665,1.6979166666666667,1.46875
7,mi_concept,0.1,0.03,1.0,1.0,,1.0,True,0.2,exemplar_mean,0.499633625048256,287.5016116618386,75,913.7740128137202,2.2291666666666665,1.7708333333333333,1.1666666666666667,1.8541666666666667,1.3541666666666667,1.1875
7,mi_concept,0.3162277660168379,0.03,1.0,1.0,,1.0,True,0.2,exemplar_mean,0.4051253968503695,320.039076122547,75,1775.0620425504846,1.5833333333333333,1.4270833333333333,1.0625,1.40625,1.1979166666666667,1.09375
7,mi_concept,1.0,0.03,1.0,1.0,,1.0,True,0.2,exemplar_mean,0.680027498936877,228.10136573508444,75,3781.167191894571,1.3333333333333333,1.0833333333333333,1.0416666666666667,1.2395833333333333,1.0625,1.03125
7,mi_concept,3.1622776601683795,0.03,1.0,1.0,,1.0,True,0.2,exemplar_mean,0.1018678677393757,391.11004950598254,75,5616.84580606664,1.0625,1.0833333333333333,1.0520833333333333,1.0520833333333333,1.0416666666666667,1.0104166666666667
8,mi_concept,3.1622776601683795e-05,0.03,10.0,0.1,,0.5,True,0.1,exemplar_mean,0.5669038603111792,266.9553085189715,75,44.59703156685711,47.71875,37.583333333333336,24.98958333333333,36.239583333333336,29.135416666666668,28.385416666666668
8,mi_concept,0.0001,0.03,10.0,0.1,,0.5,True,0.1,exemplar_mean,0.6182568482015124,247.66898831500703,75,66.79055755282963,32.229166666666664,24.5,15.40625,28.55208333333333,20.05208333333333,18.09375
8,mi_concept,0.0003162277660168,0.03,10.0,0.1,,0.5,True,0.1,exemplar_mean,0.5750380995407002,266.2549458809871,75,88.66389010879656,22.197916666666668,16.010416666666668,10.177083333333334,17.572916666666668,12.864583333333334,11.708333333333334
8,mi_concept,0.001,0.03,10.0,0.1,,0.5,True,0.1,exemplar_mean,0.6012758700420747,253.5068611077539,75,109.84970831509489,16.614583333333332,11.21875,6.666666666666667,11.989583333333334,8.177083333333334,7.083333333333333
8,mi_concept,0.0031622776601683,0.03,10.0,0.1,,0.5,True,0.1,exemplar_mean,0.5270101791167878,277.5047134435103,75,142.39705995070463,11.09375,8.697916666666666,4.510416666666667,8.145833333333334,5.708333333333333,5.0
8,mi_concept,0.01,0.03,10.0,0.1,,0.5,True,0.1,exemplar_mean,0.4673189780046774,297.42577265810274,75,181.77689219764156,7.666666666666667,5.979166666666667,2.583333333333333,5.364583333333333,3.239583333333333,2.770833333333333
8,mi_concept,0.0316227766016837,0.03,10.0,0.1,,0.5,True,0.1,exemplar_mean,0.4780594239153655,292.7449568098849,75,314.4937113824887,4.770833333333333,3.6979166666666665,1.8958333333333333,3.458333333333333,2.5104166666666665,1.7604166666666667
8,mi_concept,0.1,0.03,10.0,0.1,,0.5,True,0.1,exemplar_mean,0.5936305231028233,256.09618442469963,75,526.6069549738389,3.2916666666666665,2.40625,1.3958333333333333,2.3854166666666665,1.5520833333333333,1.4895833333333333
8,mi_concept,0.3162277660168379,0.03,10.0,0.1,,0.5,True,0.1,exemplar_mean,0.6012710398500049,251.81377859388655,75,929.203839817632,2.270833333333333,1.65625,1.1458333333333333,1.7083333333333333,1.25,1.1458333333333333
8,mi_concept,1.0,0.03,10.0,0.1,,0.5,True,0.1,exemplar_mean,0.3759793700351811,327.28542030184246,75,2245.8219641419905,1.3958333333333333,1.1979166666666667,1.0416666666666667,1.2604166666666667,1.125,1.0208333333333333
8,mi_concept,3.1622776601683795,0.03,10.0,0.1,,0.5,True,0.1,exemplar_mean,0.0282899698718734,407.2202493825829,75,2448.9900975708188,1.0729166666666667,1.1041666666666667,1.0208333333333333,1.1145833333333333,1.0208333333333333,1.03125
9,mi_concept,3.1622776601683795e-05,0.03,10.0,0.1,,0.5,True,0.2,exemplar_mean,0.4927931109859,290.95119811284627,75,31.64238274056543,66.73958333333333,53.88541666666666,32.489583333333336,49.72916666666666,39.739583333333336,43.22916666666666
9,mi_concept,0.0001,0.03,10.0,0.1,,0.5,True,0.2,exemplar_mean,0.5734585367190089,262.52580058323906,75,35.51188594216833,52.21875,40.333333333333336,21.90625,36.875,28.80208333333333,27.11458333333333
9,mi_concept,0.0003162277660168,0.03,10.0,0.1,,0.5,True,0.2,exemplar_mean,0.5568468627936357,269.1623389435501,75,46.22954316399924,36.458333333333336,26.40625,12.958333333333334,26.17708333333333,18.36458333333333,15.9375
9,mi_concept,0.001,0.03,10.0,0.1,,0.5,True,0.2,exemplar_mean,0.5724811409845053,263.5688370170732,75,75.49600658703513,22.6875,16.416666666666668,8.541666666666666,17.885416666666668,12.34375,9.291666666666666
9,mi_concept,0.0031622776601683,0.03,10.0,0.1,,0.5,True,0.2,exemplar_mean,0.5776704006020978,259.7846619764885,75,102.55316631393588,15.71875,10.895833333333334,5.166666666666667,9.71875,7.114583333333333,6.177083333333333
9,mi_concept,0.01,0.03,10.0,0.1,,0.5,True,0.2,exemplar_mean,0.5599493447081086,266.29207302442876,75,152.61600708586758,10.020833333333334,6.854166666666667,3.7395833333333335,6.895833333333333,4.447916666666667,3.177083333333333
9,mi_concept,0.0316227766016837,0.03,10.0,0.1,,0.5,True,0.2,exemplar_mean,0.5371401729147919,275.1594442209877,75,284.3359461405002,5.78125,3.8333333333333335,2.21875,4.083333333333333,2.8854166666666665,2.03125
9,mi_concept,0.1,0.03,10.0,0.1,,0.5,True,0.2,exemplar_mean,0.5865670379368658,258.22375826742626,75,456.8810921931032,3.84375,2.53125,1.5729166666666667,2.552083333333333,1.8333333333333333,1.5104166666666667
9,mi_concept,0.3162277660168379,0.03,10.0,0.1,,0.5,True,0.2,exemplar_mean,0.5233990002335124,280.84467068821766,75,945.3126494011618,2.302083333333333,1.65625,1.1770833333333333,1.84375,1.3645833333333333,1.2708333333333333
9,mi_concept,1.0,0.03,10.0,0.1,,0.5,True,0.2,exemplar_mean,0.396262048544007,320.407485298487,75,2395.7745453306748,1.3854166666666667,1.3229166666666667,1.0833333333333333,1.2708333333333333,1.1354166666666667,1.1041666666666667
9,mi_concept,3.1622776601683795,0.03,10.0,0.1,,0.5,True,0.2,exemplar_mean,0.5133202065166301,285.7431577700999,75,6882.894601975726,1.1666666666666667,1.0833333333333333,1.0416666666666667,1.0729166666666667,1.0625,1.03125
10,mi_concept,3.1622776601683795e-05,0.03,10.0,0.1,,1.0,True,0.1,exemplar_mean,0.5280076534282873,279.18974258978284,75,41.85742272043078,45.895833333333336,39.489583333333336,23.197916666666668,35.666666666666664,29.36458333333333,30.20833333333333
10,mi_concept,0.0001,0.03,10.0,0.1,,1.0,True,0.1,exemplar_mean,0.5540204979202934,271.07518052816295,75,59.33241206185585,32.510416666666664,25.229166666666668,15.541666666666666,26.27083333333333,19.6875,18.416666666666668
10,mi_concept,0.0003162277660168,0.03,10.0,0.1,,1.0,True,0.1,exemplar_mean,0.5383687187226193,275.4793708653847,75,85.28034089553341,22.010416666666668,18.125,10.208333333333334,18.11458333333333,14.3125,11.989583333333334
10,mi_concept,0.001,0.03,10.0,0.1,,1.0,True,0.1,exemplar_mean,0.6048866946220911,253.7801474090626,75,118.76184954053896,16.020833333333332,11.572916666666666,6.614583333333333,11.65625,8.84375,8.25
10,mi_concept,0.0031622776601683,0.03,10.0,0.1,,1.0,True,0.1,exemplar_mean,0.5680305955701638,265.2979853523409,75,150.91809985912934,11.177083333333334,7.802083333333333,4.177083333333333,8.177083333333334,5.75,4.447916666666667
10,mi_concept,0.01,0.03,10.0,0.1,,1.0,True,0.1,exemplar_mean,0.5643634352934013,267.0483846650003,75,223.34061643287737,7.40625,5.322916666666667,3.1041666666666665,5.25,3.625,2.9479166666666665
10,mi_concept,0.0316227766016837,0.03,10.0,0.1,,1.0,True,0.1,exemplar_mean,0.5442842324526084,272.7660233484436,75,297.5116422470704,5.25,3.6145833333333335,2.09375,3.583333333333333,2.4375,1.9791666666666667
10,mi_concept,0.1,0.03,10.0,0.1,,1.0,True,0.1,exemplar_mean,0.5726005639217745,266.16684935365,75,554.0790634971167,3.1979166666666665,2.270833333333333,1.4270833333333333,2.677083333333333,1.6666666666666667,1.5625
10,mi_concept,0.3162277660168379,0.03,10.0,0.1,,1.0,True,0.1,exemplar_mean,0.4695238682695981,298.2435761938605,75,1035.649591145959,1.9895833333333333,1.65625,1.0833333333333333,1.5208333333333333,1.2916666666666667,1.1770833333333333
10,mi_concept,1.0,0.03,10.0,0.1,,1.0,True,0.1,exemplar_mean,0.3077151882245666,343.68920288604784,75,2334.5715612944755,1.3333333333333333,1.2083333333333333,1.0833333333333333,1.3020833333333333,1.1145833333333333,1.09375
10,mi_concept,3.1622776601683795,0.03,10.0,0.1,,1.0,True,0.1,exemplar_mean,0.2648230015663004,351.178192917858,75,5258.016719027166,1.125,1.1041666666666667,1.0104166666666667,1.1041666666666667,1.0208333333333333,1.0208333333333333
11,mi_concept,3.1622776601683795e-05,0.03,10.0,0.1,,1.0,True,0.2,exemplar_mean,0.5186390873450243,281.5436625931897,75,33.248588802390294,65.13541666666667,53.54166666666666,37.51041666666666,57.29166666666666,45.71875,40.15625
11,mi_concept,0.0001,0.03,10.0,0.1,,1.0,True,0.2,exemplar_mean,0.5296285218503035,277.67008236733335,75,36.603597643698855,50.5,40.28125,22.20833333333333,38.90625,27.510416666666668,27.229166666666668
11,mi_concept,0.0003162277660168,0.03,10.0,0.1,,1.0,True,0.2,exemplar_mean,0.520134954304361,278.71195839797144,75,52.5212571940283,33.5,25.80208333333333,13.770833333333334,26.33333333333333,18.65625,17.135416666666668
11,mi_concept,0.001,0.03,10.0,0.1,,1.0,True,0.2,exemplar_mean,0.5639953614611558,266.8280664334467,75,79.33910469192597,22.4375,15.572916666666666,9.864583333333334,16.739583333333332,12.5625,9.552083333333334
11,mi_concept,0.0031622776601683,0.03,10.0,0.1,,1.0,True,0.2,exemplar_mean,0.5451734114610419,272.2905533124361,75,109.68051822077464,14.75,10.3125,5.510416666666667,10.614583333333334,7.239583333333333,5.625
11,mi_concept,0.01,0.03,10.0,0.1,,1.0,True,0.2,exemplar_mean,0.5107807009591916,283.07003170615894,75,170.60480413583275,9.177083333333334,6.729166666666667,3.333333333333333,7.114583333333333,4.708333333333333,3.625
11,mi_concept,0.0316227766016837,0.03,10.0,0.1,,1.0,True,0.2,exemplar_mean,0.5758794695874228,261.5583486949333,75,292.3989619833732,5.822916666666667,3.8125,2.020833333333333,4.625,2.6666666666666665,2.302083333333333
11,mi_concept,0.1,0.03,10.0,0.1,,1.0,True,0.2,exemplar_mean,0.4558961344337862,300.2314410032426,75,444.09279267169467,3.5,2.770833333333333,1.5208333333333333,2.739583333333333,1.8854166666666667,1.34375
11,mi_concept,0.3162277660168379,0.03,10.0,0.1,,1.0,True,0.2,exemplar_mean,0.4674632156922019,296.2791657806239,75,911.2393707639362,2.177083333333333,1.8229166666666667,1.125,1.7395833333333333,1.2916666666666667,1.25
11,mi_concept,1.0,0.03,10.0,0.1,,1.0,True,0.2,exemplar_mean,0.2292738775505348,362.51040173187937,75,2189.2470819546197,1.3333333333333333,1.3229166666666667,1.0729166666666667,1.25,1.1666666666666667,1.0729166666666667
11,mi_concept,3.1622776601683795,0.03,10.0,0.1,,1.0,True,0.2,exemplar_mean,0.1701013254999501,377.8167618418678,75,3672.5233129007697,1.1354166666666667,1.1458333333333333,1.03125,1.09375,1.0625,1.0208333333333333
12,mi_concept,3.1622776601683795e-05,0.03,10.0,1.0,,0.5,True,0.1,exemplar_mean,0.4669579284632703,297.0586616525811,75,77.54005653210788,23.03125,18.98958333333333,11.385416666666666,17.364583333333332,13.239583333333334,11.65625
12,mi_concept,0.0001,0.03,10.0,1.0,,0.5,True,0.1,exemplar_mean,0.502612420960808,285.06222286663456,75,109.04727506800955,16.395833333333332,12.635416666666666,7.197916666666667,12.666666666666666,8.8125,7.25
12,mi_concept,0.0003162277660168,0.03,10.0,1.0,,0.5,True,0.1,exemplar_mean,0.5773351713687893,263.5518182649906,75,146.7015538702889,12.0,8.520833333333334,5.104166666666667,8.5,6.052083333333333,5.333333333333333
12,mi_concept,0.001,0.03,10.0,1.0,,0.5,True,0.1,exemplar_mean,0.5853839957276417,257.0870237355376,75,197.2367185157052,8.75,5.979166666666667,3.25,6.010416666666667,4.125,3.5625
12,mi_concept,0.0031622776601683,0.03,10.0,1.0,,0.5,True,0.1,exemplar_mean,0.5763823364246875,261.6856709326934,75,254.0612260193041,6.489583333333333,4.104166666666667,2.614583333333333,4.208333333333333,2.7291666666666665,2.3854166666666665
12,mi_concept,0.01,0.03,10.0,1.0,,0.5,True,0.1,exemplar_mean,0.6368740307811976,242.93321268359733,75,281.3199680513547,5.447916666666667,3.114583333333333,1.625,3.1354166666666665,1.9479166666666667,1.84375
12,mi_concept,0.0316227766016837,0.03,10.0,1.0,,0.5,True,0.1,exemplar_mean,0.6404117743398214,239.64239010931837,75,388.5884283033962,4.03125,2.28125,1.3020833333333333,2.375,1.4791666666666667,1.375
12,mi_concept,0.1,0.03,10.0,1.0,,0.5,True,0.1,exemplar_mean,0.604833703744853,252.2387291494336,75,682.2389297144523,2.6354166666666665,1.71875,1.1041666666666667,2.0,1.25,1.1458333333333333
12,mi_concept,0.3162277660168379,0.03,10.0,1.0,,0.5,True,0.1,exemplar_mean,0.5860162867404419,259.3764572790568,75,958.3452555526771,2.1041666666666665,1.4791666666666667,1.0416666666666667,1.4895833333333333,1.15625,1.03125
12,mi_concept,1.0,0.03,10.0,1.0,,0.5,True,0.1,exemplar_mean,0.5244484264702794,279.34643272369544,75,3363.0864457115804,1.3020833333333333,1.1875,1.0416666666666667,1.2395833333333333,1.0416666666666667,1.03125
12,mi_concept,3.1622776601683795,0.03,10.0,1.0,,0.5,True,0.1,exemplar_mean,0.6419082864561654,237.5129898279235,75,7766.554526607661,1.1354166666666667,1.0625,1.0,1.0833333333333333,1.0208333333333333,1.0104166666666667
13,mi_concept,3.1622776601683795e-05,0.03,10.0,1.0,,0.5,True,0.2,exemplar_mean,0.4843151673710993,290.70903301668494,75,56.31105340967429,34.90625,27.5625,18.166666666666668,27.11458333333333,21.61458333333333,18.0
13,mi_concept,0.0001,0.03,10.0,1.0,,0.5,True,0.2,exemplar_mean,0.5085375339113332,284.3582488430943,75,70.93321627055485,25.166666666666668,20.28125,12.46875,18.322916666666668,13.677083333333334,12.854166666666666
13,mi_concept,0.0003162277660168,0.03,10.0,1.0,,0.5,True,0.2,exemplar_mean,0.5666354434066064,263.9781718185352,75,121.59002846951212,16.479166666666668,12.177083333333334,7.822916666666667,12.395833333333334,10.020833333333334,8.135416666666666
13,mi_concept,0.001,0.03,10.0,1.0,,0.5,True,0.2,exemplar_mean,0.5048700573969309,285.6062534048534,75,130.32028895125683,12.395833333333334,9.6875,5.135416666666667,9.28125,6.729166666666667,5.729166666666667
13,mi_concept,0.0031622776601683,0.03,10.0,1.0,,0.5,True,0.2,exemplar_mean,0.5855027368236179,257.55546906157304,75,178.51806777169608,9.3125,6.104166666666667,3.5416666666666665,5.5625,4.375,3.5104166666666665
13,mi_concept,0.01,0.03,10.0,1.0,,0.5,True,0.2,exemplar_mean,0.5847095001437739,260.01294774341534,75,255.19906613633324,6.385416666666667,4.114583333333333,2.4166666666666665,4.666666666666667,2.75,2.2604166666666665
13,mi_concept,0.0316227766016837,0.03,10.0,1.0,,0.5,True,0.2,exemplar_mean,0.590385361712504,257.0817464738151,75,346.94055846741134,4.572916666666667,3.0104166666666665,1.6770833333333333,2.802083333333333,1.8854166666666667,1.7916666666666667
13,mi_concept,0.1,0.03,10.0,1.0,,0.5,True,0.2,exemplar_mean,0.5971529187658802,255.1641050889547,75,587.4052306488733,3.052083333333333,1.9791666666666667,1.2916666666666667,2.15625,1.4270833333333333,1.3229166666666667
13,mi_concept,0.3162277660168379,0.03,10.0,1.0,,0.5,True,0.2,exemplar_mean,0.5580935331288265,266.3642640373732,75,1095.37013115764,2.0,1.5625,1.0729166666666667,1.5729166666666667,1.2083333333333333,1.1041666666666667
13,mi_concept,1.0,0.03,10.0,1.0,,0.5,True,0.2,exemplar_mean,0.4817377203750654,293.38559694295105,75,2602.154044949672,1.3541666666666667,1.2291666666666667,1.03125,1.34375,1.0729166666666667,1.03125
13,mi_concept,3.1622776601683795,0.03,10.0,1.0,,0.5,True,0.2,exemplar_mean,0.3157297737616619,342.95401932478796,75,5587.86996668392,1.125,1.0520833333333333,1.0104166666666667,1.0416666666666667,1.0416666666666667,1.03125
14,mi_concept,3.1622776601683795e-05,0.03,10.0,1.0,,1.0,True,0.1,exemplar_mean,0.4935544449028697,288.5808907469869,75,80.71791610383161,22.95833333333333,18.90625,10.6875,17.333333333333332,13.447916666666666,11.697916666666666
14,mi_concept,0.0001,0.03,10.0,1.0,,1.0,True,0.1,exemplar_mean,0.4668356364387456,297.25426345787673,75,118.3737837065043,15.510416666666666,12.6875,7.916666666666667,12.322916666666666,8.708333333333334,7.864583333333333
14,mi_concept,0.0003162277660168,0.03,10.0,1.0,,1.0,True,0.1,exemplar_mean,0.5800530724786289,260.1141181492995,75,144.63821349769327,12.40625,8.489583333333334,5.291666666666667,8.552083333333334,5.864583333333333,5.3125
14,mi_concept,0.001,0.03,10.0,1.0,,1.0,True,0.1,exemplar_mean,0.5360167115299087,274.3712148441032,75,178.57369756367953,8.947916666666666,6.447916666666667,3.5,5.666666666666667,3.8854166666666665,3.489583333333333
14,mi_concept,0.0031622776601683,0.03,10.0,1.0,,1.0,True,0.1,exemplar_mean,0.6217219584343832,245.1533734908011,75,236.6506898217489,6.84375,4.28125,2.5,4.291666666666667,2.645833333333333,2.1875
14,mi_concept,0.01,0.03,10.0,1.0,,1.0,True,0.1,exemplar_mean,0.626378748087017,244.09731678787023,75,265.4631968227071,5.614583333333333,3.239583333333333,1.7708333333333333,3.28125,1.9583333333333333,1.6666666666666667
14,mi_concept,0.0316227766016837,0.03,10.0,1.0,,1.0,True,0.1,exemplar_mean,0.6206497579490333,245.8138961111644,75,341.52182767413734,4.291666666666667,2.59375,1.3958333333333333,2.552083333333333,1.4791666666666667,1.375
14,mi_concept,0.1,0.03,10.0,1.0,,1.0,True,0.1,exemplar_mean,0.5796548909636452,261.32911502353636,75,591.0979151675705,2.864583333333333,1.875,1.09375,2.0,1.1666666666666667,1.1875
14,mi_concept,0.3162277660168379,0.03,10.0,1.0,,1.0,True,0.1,exemplar_mean,0.5651062229154674,265.8496028839314,75,937.2407275028172,2.114583333333333,1.53125,1.0729166666666667,1.5625,1.1145833333333333,1.0625
14,mi_concept,1.0,0.03,10.0,1.0,,1.0,True,0.1,exemplar_mean,0.6260071371451937,248.58997674377764,75,1775.010129393532,1.625,1.1979166666666667,1.0520833333333333,1.1666666666666667,1.09375,1.0520833333333333
14,mi_concept,3.1622776601683795,0.03,10.0,1.0,,1.0,True,0.1,exemplar_mean,0.4750184976673501,300.2522466196326,75,4808.018124835651,1.1979166666666667,1.0833333333333333,1.0,1.0625,1.0520833333333333,1.0104166666666667
15,mi_concept,3.1622776601683795e-05,0.03,10.0,1.0,,1.0,True,0.2,exemplar_mean,0.4670766476067027,296.1298151397825,75,43.62680460044122,37.44791666666666,31.666666666666668,17.302083333333332,28.375,19.36458333333333,19.666666666666668
15,mi_concept,0.0001,0.03,10.0,1.0,,1.0,True,0.2,exemplar_mean,0.5316387133489652,277.1160531471924,75,74.18983692104557,25.135416666666668,19.072916666666668,10.916666666666666,20.072916666666668,14.041666666666666,12.197916666666666
15,mi_concept,0.0003162277660168,0.03,10.0,1.0,,1.0,True,0.2,exemplar_mean,0.5358739495149348,276.12037755561636,75,92.7672742120388,18.291666666666668,13.5625,7.708333333333333,13.125,9.385416666666666,8.145833333333334
15,mi_concept,0.001,0.03,10.0,1.0,,1.0,True,0.2,exemplar_mean,0.4846236753159816,291.45040703526695,75,134.17260176392753,11.958333333333334,9.302083333333334,5.416666666666667,8.635416666666666,6.145833333333333,4.958333333333333
15,mi_concept,0.0031622776601683,0.03,10.0,1.0,,1.0,True,0.2,exemplar_mean,0.5097607606136366,283.7234338239887,75,193.907599611038,8.5,6.447916666666667,3.5729166666666665,5.958333333333333,4.375,3.5
15,mi_concept,0.01,0.03,10.0,1.0,,1.0,True,0.2,exemplar_mean,0.5983378699634365,253.214802929083,75,247.74814861148275,6.5,4.354166666666667,2.4375,4.15625,2.864583333333333,2.40625
15,mi_concept,0.0316227766016837,0.03,10.0,1.0,,1.0,True,0.2,exemplar_mean,0.5772607381712079,261.92682956985317,75,364.0269417370413,4.427083333333333,2.895833333333333,1.625,3.0,1.8333333333333333,1.59375
15,mi_concept,0.1,0.03,10.0,1.0,,1.0,True,0.2,exemplar_mean,0.5483468006250078,270.78837699540287,75,554.9455640953959,3.0104166666666665,2.1875,1.2708333333333333,2.2291666666666665,1.4166666666666667,1.2395833333333333
15,mi_concept,0.3162277660168379,0.03,10.0,1.0,,1.0,True,0.2,exemplar_mean,0.604118348725007,253.24910050439675,75,811.0365371246857,2.3541666666666665,1.625,1.1145833333333333,1.4479166666666667,1.2604166666666667,1.0625
15,mi_concept,1.0,0.03,10.0,1.0,,1.0,True,0.2,exemplar_mean,0.4393747881085513,307.1976971854798,75,2698.498536504037,1.3541666666666667,1.1979166666666667,1.0208333333333333,1.25,1.1145833333333333,1.0520833333333333
15,mi_concept,3.1622776601683795,0.03,10.0,1.0,,1.0,True,0.2,exemplar_mean,0.582078847517192,261.135146427346,75,4188.667043011495,1.25,1.1041666666666667,1.0,1.1145833333333333,1.0104166666666667,1.0104166666666667
16,mi_concept,3.1622776601683795e-05,0.1,1.0,0.1,,0.5,True,0.1,exemplar_mean,0.668385930562102,229.94140916473697,75,105.76532198933424,28.041666666666668,23.875,18.135416666666668,21.67708333333333,20.729166666666668,20.916666666666668
16,mi_concept,0.0001,0.1,1.0,0.1,,0.5,True,0.1,exemplar_mean,0.77478417013766,191.48960560945153,75,167.42570322205705,19.30208333333333,14.625,12.041666666666666,15.28125,13.166666666666666,14.395833333333334
16,mi_concept,0.0003162277660168,0.1,1.0,0.1,,0.5,True,0.1,exemplar_mean,0.663409545467223,236.07912123441665,75,186.4844405721525,14.21875,10.427083333333334,7.927083333333333,10.395833333333334,9.09375,9.541666666666666
16,mi_concept,0.001,0.1,1.0,0.1,,0.5,True,0.1,exemplar_mean,0.6587157799991873,237.84435850317385,75,246.8293357526771,9.90625,7.302083333333333,5.802083333333333,7.739583333333333,5.875,6.46875
16,mi_concept,0.0031622776601683,0.1,1.0,0.1,,0.5,True,0.1,exemplar_mean,0.5926642154265407,254.47443507260468,75,290.845574112088,7.072916666666667,5.541666666666667,3.40625,5.427083333333333,4.09375,3.7916666666666665
16,mi_concept,0.01,0.1,1.0,0.1,,0.5,True,0.1,exemplar_mean,0.5993097196058572,255.51216511561228,75,359.3002342944481,5.260416666666667,3.8645833333333335,2.4166666666666665,3.7291666666666665,3.0625,2.7604166666666665
16,mi_concept,0.0316227766016837,0.1,1.0,0.1,,0.5,True,0.1,exemplar_mean,0.6380693967723906,241.81920504461377,75,485.05085903943825,3.8958333333333335,2.6354166666666665,1.8125,2.6979166666666665,2.020833333333333,1.75
16,mi_concept,0.1,0.1,1.0,0.1,,0.5,True,0.1,exemplar_mean,0.620063096444248,244.9506170679987,75,677.8692459484349,2.8541666666666665,1.9375,1.4583333333333333,2.0625,1.375,1.3229166666666667
16,mi_concept,0.3162277660168379,0.1,1.0,0.1,,0.5,True,0.1,exemplar_mean,0.4617341251024259,300.095497450884,75,1265.2835306352292,1.7916666666666667,1.53125,1.1041666666666667,1.4895833333333333,1.1145833333333333,1.1458333333333333
16,mi_concept,1.0,0.1,1.0,0.1,,0.5,True,0.1,exemplar_mean,0.3540427058848929,329.4149878104856,75,2492.6486181173264,1.3229166666666667,1.28125,1.0208333333333333,1.1770833333333333,1.1041666666666667,1.0208333333333333
16,mi_concept,3.1622776601683795,0.1,1.0,0.1,,0.5,True,0.1,exemplar_mean,0.3835561543595393,321.49269578503583,75,8406.045829149289,1.1145833333333333,1.09375,1.0,1.0833333333333333,1.0625,1.0520833333333333
17,mi_concept,3.1622776601683795e-05,0.1,1.0,0.1,,0.5,True,0.2,exemplar_mean,0.6547483316991581,239.72402928375692,75,68.29426613120764,43.677083333333336,37.47916666666666,27.072916666666668,37.19791666666666,34.260416666666664,31.15625
17,mi_concept,0.0001,0.1,1.0,0.1,,0.5,True,0.2,exemplar_mean,0.6690933180241476,231.80119975751495,75,91.61016269478772,30.572916666666668,24.64583333333333,17.479166666666668,25.541666666666668,22.39583333333333,20.70833333333333
17,mi_concept,0.0003162277660168,0.1,1.0,0.1,,0.5,True,0.2,exemplar_mean,0.6194791514002692,252.04335931649675,75,125.7625028876766,20.59375,16.385416666666668,11.708333333333334,16.979166666666668,13.46875,14.177083333333334
17,mi_concept,0.001,0.1,1.0,0.1,,0.5,True,0.2,exemplar_mean,0.4289469397691374,309.560892159744,75,162.6697304785235,13.125,11.46875,7.34375,11.166666666666666,8.802083333333334,8.5
17,mi_concept,0.0031622776601683,0.1,1.0,0.1,,0.5,True,0.2,exemplar_mean,0.5425730882187112,271.1416963698785,75,222.0263208501053,9.416666666666666,7.760416666666667,4.854166666666667,7.260416666666667,6.208333333333333,5.010416666666667
17,mi_concept,0.01,0.1,1.0,0.1,,0.5,True,0.2,exemplar_mean,0.4917391516579199,289.89616498983696,75,278.80317188468507,6.333333333333333,5.322916666666667,3.333333333333333,5.09375,3.6145833333333335,3.375
17,mi_concept,0.0316227766016837,0.1,1.0,0.1,,0.5,True,0.2,exemplar_mean,0.5512839973888526,268.9666383951813,75,468.1263905137821,4.21875,3.15625,2.1875,3.177083333333333,2.427083333333333,2.125
17,mi_concept,0.1,0.1,1.0,0.1,,0.5,True,0.2,exemplar_mean,0.5754723939842438,260.5240779961124,75,787.4002042919859,2.8125,2.0729166666666665,1.40625,2.25,1.6354166666666667,1.4270833333333333
17,mi_concept,0.3162277660168379,0.1,1.0,0.1,,0.5,True,0.2,exemplar_mean,0.4977601828026278,287.71787757707824,75,1381.6962038824838,1.875,1.53125,1.1666666666666667,1.5,1.2916666666666667,1.1979166666666667
17,mi_concept,1.0,0.1,1.0,0.1,,0.5,True,0.2,exemplar_mean,0.4628510046738883,301.2474774205599,75,2909.1903322019025,1.3645833333333333,1.2083333333333333,1.09375,1.1875,1.0729166666666667,1.0625
17,mi_concept,3.1622776601683795,0.1,1.0,0.1,,0.5,True,0.2,exemplar_mean,0.1585128321921824,381.06120780952693,75,2989.29316157353,1.1458333333333333,1.1666666666666667,1.0208333333333333,1.0833333333333333,1.0416666666666667,1.0104166666666667
18,mi_concept,3.1622776601683795e-05,0.1,1.0,0.1,,1.0,True,0.1,exemplar_mean,0.7607869130322357,195.58833994404387,75,133.8513120152724,27.072916666666668,21.95833333333333,17.833333333333332,23.510416666666668,21.67708333333333,21.1875
18,mi_concept,0.0001,0.1,1.0,0.1,,1.0,True,0.1,exemplar_mean,0.6861968358398799,226.3224765229605,75,140.66742593644324,19.822916666666668,16.479166666666668,12.21875,15.125,14.322916666666666,14.552083333333334
18,mi_concept,0.0003162277660168,0.1,1.0,0.1,,1.0,True,0.1,exemplar_mean,0.7283578470612222,208.83800900036613,75,183.9315925332523,14.270833333333334,10.989583333333334,7.90625,10.635416666666666,9.25,9.145833333333334
18,mi_concept,0.001,0.1,1.0,0.1,,1.0,True,0.1,exemplar_mean,0.6406732681428202,240.59313706185313,75,237.26473875611472,9.947916666666666,7.354166666666667,5.5625,7.854166666666667,5.8125,5.822916666666667
18,mi_concept,0.0031622776601683,0.1,1.0,0.1,,1.0,True,0.1,exemplar_mean,0.6354135186136656,241.3207476527728,75,310.1203134221985,7.1875,5.21875,3.6458333333333335,5.40625,4.416666666666667,4.010416666666667
18,mi_concept,0.01,0.1,1.0,0.1,,1.0,True,0.1,exemplar_mean,0.6432430482386398,239.2200485008233,75,323.27798953052377,5.822916666666667,3.552083333333333,2.333333333333333,3.8958333333333335,2.677083333333333,2.46875
18,mi_concept,0.0316227766016837,0.1,1.0,0.1,,1.0,True,0.1,exemplar_mean,0.5177484407320836,283.1848577897887,75,441.8833294756771,3.78125,2.875,1.5729166666666667,2.53125,1.8645833333333333,1.8020833333333333
18,mi_concept,0.1,0.1,1.0,0.1,,1.0,True,0.1,exemplar_mean,0.5586900288335043,265.49369412800286,75,658.3509609115184,2.78125,2.145833333333333,1.3333333333333333,2.03125,1.5625,1.2916666666666667
18,mi_concept,0.3162277660168379,0.1,1.0,0.1,,1.0,True,0.1,exemplar_mean,0.4857162674072516,288.26417123048554,75,1603.939013280256,1.7395833333333333,1.4791666666666667,1.2083333333333333,1.5104166666666667,1.21875,1.1145833333333333
18,mi_concept,1.0,0.1,1.0,0.1,,1.0,True,0.1,exemplar_mean,0.1082833315883101,389.173803821044,75,1462.2839022569076,1.28125,1.2604166666666667,1.0520833333333333,1.2083333333333333,1.1145833333333333,1.0208333333333333
18,mi_concept,3.1622776601683795,0.1,1.0,0.1,,1.0,True,0.1,exemplar_mean,0.0875178991130927,390.8162339480301,75,4636.807887222971,1.0729166666666667,1.09375,1.0104166666666667,1.1041666666666667,1.03125,1.03125
19,mi_concept,3.1622776601683795e-05,0.1,1.0,0.1,,1.0,True,0.2,exemplar_mean,0.5521271651898022,272.69981968917966,75,76.46857876975646,42.489583333333336,36.6875,28.541666666666668,34.3125,32.229166666666664,29.58333333333333
19,mi_concept,0.0001,0.1,1.0,0.1,,1.0,True,0.2,exemplar_mean,0.4959489676269093,287.6181730444765,75,104.3771225339688,27.135416666666668,25.1875,18.67708333333333,25.17708333333333,21.46875,20.78125
19,mi_concept,0.0003162277660168,0.1,1.0,0.1,,1.0,True,0.2,exemplar_mean,0.5530956242472208,270.0381895233676,75,141.8048405763425,19.0625,17.09375,11.708333333333334,16.270833333333332,14.833333333333334,13.65625
19,mi_concept,0.001,0.1,1.0,0.1,,1.0,True,0.2,exemplar_mean,0.6446504113527357,238.4724432512804,75,166.10336164428597,14.53125,10.604166666666666,7.625,11.458333333333334,10.052083333333334,7.833333333333333
19,mi_concept,0.0031622776601683,0.1,1.0,0.1,,1.0,True,0.2,exemplar_mean,0.5886318070737132,257.0981484326058,75,247.37868047756788,9.385416666666666,7.239583333333333,4.958333333333333,7.25,5.979166666666667,5.072916666666667
19,mi_concept,0.01,0.1,1.0,0.1,,1.0,True,0.2,exemplar_mean,0.4776738388291104,294.16866422763127,75,287.41328768680023,6.395833333333333,5.197916666666667,3.1041666666666665,5.46875,3.96875,3.2916666666666665
19,mi_concept,0.0316227766016837,0.1,1.0,0.1,,1.0,True,0.2,exemplar_mean,0.4613589051947125,300.3117825793187,75,394.37546261831113,4.302083333333333,3.520833333333333,1.875,3.4791666666666665,2.2916666666666665,2.2291666666666665
19,mi_concept,0.1,0.1,1.0,0.1,,1.0,True,0.2,exemplar_mean,0.4144345218320049,315.77591263857016,75,721.4506986627874,2.6354166666666665,2.239583333333333,1.3541666666666667,2.40625,1.65625,1.4895833333333333
19,mi_concept,0.3162277660168379,0.1,1.0,0.1,,1.0,True,0.2,exemplar_mean,0.4629461594163546,298.27245780449425,75,1214.8059097115267,1.90625,1.625,1.1666666666666667,1.5729166666666667,1.3645833333333333,1.15625
19,mi_concept,1.0,0.1,1.0,0.1,,1.0,True,0.2,exemplar_mean,0.3047280838386642,343.2126878418693,75,2097.758821414488,1.375,1.3020833333333333,1.0625,1.125,1.2083333333333333,1.0520833333333333
19,mi_concept,3.1622776601683795,0.1,1.0,0.1,,1.0,True,0.2,exemplar_mean,0.4621541168846461,303.27200809474317,75,6193.22819361195,1.15625,1.0520833333333333,1.0208333333333333,1.03125,1.0729166666666667,1.0
20,mi_concept,3.1622776601683795e-05,0.1,1.0,1.0,,0.5,True,0.1,exemplar_mean,0.6151572815070029,250.18039048329828,75,186.7476495432898,14.09375,11.270833333333334,8.34375,11.510416666666666,9.416666666666666,9.0625
20,mi_concept,0.0001,0.1,1.0,1.0,,0.5,True,0.1,exemplar_mean,0.5913524824388721,256.395399770862,75,193.785731250734,10.84375,8.260416666666666,6.145833333333333,7.489583333333333,6.25,5.822916666666667
20,mi_concept,0.0003162277660168,0.1,1.0,1.0,,0.5,True,0.1,exemplar_mean,0.6195674219668514,249.3643231970478,75,270.34230103548794,7.802083333333333,5.3125,3.8854166666666665,5.25,4.53125,4.010416666666667
20,mi_concept,0.001,0.1,1.0,1.0,,0.5,True,0.1,exemplar_mean,0.6233771274811477,249.498278156997,75,338.72719355407315,5.697916666666667,3.6666666666666665,2.59375,3.9270833333333335,2.90625,2.833333333333333
20,mi_concept,0.0031622776601683,0.1,1.0,1.0,,0.5,True,0.1,exemplar_mean,0.6637020530466515,231.46790553046372,75,341.04478151180984,5.020833333333333,3.0625,2.0104166666666665,3.1979166666666665,2.270833333333333,2.083333333333333
20,mi_concept,0.01,0.1,1.0,1.0,,0.5,True,0.1,exemplar_mean,0.6318525933457725,243.06225507841924,75,481.24129388869454,3.6875,2.3125,1.59375,2.28125,1.65625,1.5416666666666667
20,mi_concept,0.0316227766016837,0.1,1.0,1.0,,0.5,True,0.1,exemplar_mean,0.5343039411349588,276.4794823801681,75,727.4811940642368,2.552083333333333,2.0416666666666665,1.21875,2.1041666666666665,1.375,1.2604166666666667
20,mi_concept,0.1,0.1,1.0,1.0,,0.5,True,0.1,exemplar_mean,0.4824202055650954,292.8251789666129,75,1182.2994472517307,1.9375,1.5833333333333333,1.125,1.6041666666666667,1.28125,1.1458333333333333
20,mi_concept,0.3162277660168379,0.1,1.0,1.0,,0.5,True,0.1,exemplar_mean,0.3202475206071785,348.43118986400486,75,2285.457193168219,1.4166666666666667,1.3020833333333333,1.0833333333333333,1.1979166666666667,1.21875,1.1770833333333333
20,mi_concept,1.0,0.1,1.0,1.0,,0.5,True,0.1,exemplar_mean,0.2490325828124518,369.513069332882,75,5812.497049703029,1.1770833333333333,1.1041666666666667,1.0625,1.1145833333333333,1.0625,1.09375
20,mi_concept,3.1622776601683795,0.1,1.0,1.0,,0.5,True,0.1,exemplar_mean,0.2211674894654488,370.26797605008215,75,10358.048258603045,1.0729166666666667,1.0625,1.0625,1.0520833333333333,1.03125,1.0104166666666667
21,mi_concept,3.1622776601683795e-05,0.1,1.0,1.0,,0.5,True,0.2,exemplar_mean,0.5801747479092955,261.48831782708277,75,129.04765844608136,21.27083333333333,16.635416666666668,13.40625,17.166666666666668,14.78125,13.791666666666666
21,mi_concept,0.0001,0.1,1.0,1.0,,0.5,True,0.2,exemplar_mean,0.4953236026103235,291.8133038109593,75,161.3799950769539,14.822916666666666,11.885416666666666,8.770833333333334,11.71875,9.229166666666666,8.78125
21,mi_concept,0.0003162277660168,0.1,1.0,1.0,,0.5,True,0.2,exemplar_mean,0.5521692659356121,272.21281053356927,75,221.72629365009712,10.75,8.125,5.770833333333333,8.71875,6.729166666666667,6.833333333333333
21,mi_concept,0.001,0.1,1.0,1.0,,0.5,True,0.2,exemplar_mean,0.5763685555471868,263.2896448444406,75,252.64343770853185,8.09375,6.0625,4.166666666666667,6.1875,4.5,3.96875
21,mi_concept,0.0031622776601683,0.1,1.0,1.0,,0.5,True,0.2,exemplar_mean,0.5464918801644603,272.59164854606996,75,352.9722471321752,5.625,4.197916666666667,2.875,4.114583333333333,2.958333333333333,2.802083333333333
21,mi_concept,0.01,0.1,1.0,1.0,,0.5,True,0.2,exemplar_mean,0.6350322248893403,242.43194420236895,75,471.5817786868291,4.260416666666667,2.8125,1.84375,2.770833333333333,2.03125,1.9583333333333333
21,mi_concept,0.0316227766016837,0.1,1.0,1.0,,0.5,True,0.2,exemplar_mean,0.5059704579667278,285.22948979131513,75,651.8059090443322,2.8854166666666665,2.239583333333333,1.4583333333333333,2.25,1.71875,1.5208333333333333
21,mi_concept,0.1,0.1,1.0,1.0,,0.5,True,0.2,exemplar_mean,0.4709118312143644,295.92955090233073,75,1087.4624323912635,2.052083333333333,1.6666666666666667,1.2291666666666667,1.6666666666666667,1.3645833333333333,1.1770833333333333
21,mi_concept,0.3162277660168379,0.1,1.0,1.0,,0.5,True,0.2,exemplar_mean,0.4826141598203242,292.65660285702955,75,2668.6651438443387,1.4583333333333333,1.3020833333333333,1.1041666666666667,1.2708333333333333,1.1145833333333333,1.0833333333333333
21,mi_concept,1.0,0.1,1.0,1.0,,0.5,True,0.2,exemplar_mean,0.2821690478726041,353.74242760703,75,5905.292556080919,1.15625,1.09375,1.0520833333333333,1.1666666666666667,1.0833333333333333,1.03125
21,mi_concept,3.1622776601683795,0.1,1.0,1.0,,0.5,True,0.2,exemplar_mean,0.0158764245946512,410.6271287537028,75,3420.4529730179765,1.03125,1.03125,1.0,1.0520833333333333,1.0,1.0104166666666667
22,mi_concept,3.1622776601683795e-05,0.1,1.0,1.0,,1.0,True,0.1,exemplar_mean,0.5622366030265856,268.89743159536164,75,172.91391378437,14.520833333333334,11.302083333333334,8.15625,11.302083333333334,9.260416666666666,8.625
22,mi_concept,0.0001,0.1,1.0,1.0,,1.0,True,0.1,exemplar_mean,0.6218209130899028,245.1671610305608,75,235.07506665849468,10.25,7.6875,5.854166666666667,7.09375,5.927083333333333,5.739583333333333
22,mi_concept,0.0003162277660168,0.1,1.0,1.0,,1.0,True,0.1,exemplar_mean,0.6542899646132895,236.577624600398,75,273.22993303525845,7.927083333333333,5.416666666666667,3.9895833333333335,5.427083333333333,4.03125,4.3125
22,mi_concept,0.001,0.1,1.0,1.0,,1.0,True,0.1,exemplar_mean,0.6313826445825359,242.5360850737959,75,297.39256623603234,6.208333333333333,4.114583333333333,2.9375,4.166666666666667,3.0729166666666665,2.6875
22,mi_concept,0.0031622776601683,0.1,1.0,1.0,,1.0,True,0.1,exemplar_mean,0.6227008259873779,247.88072152551635,75,355.64231002318417,4.84375,3.21875,2.1354166666666665,2.875,2.1041666666666665,2.0729166666666665
22,mi_concept,0.01,0.1,1.0,1.0,,1.0,True,0.1,exemplar_mean,0.6048758745351555,252.77201842803893,75,397.6663404418635,4.041666666666667,2.53125,1.59375,2.34375,1.6145833333333333,1.4791666666666667
22,mi_concept,0.0316227766016837,0.1,1.0,1.0,,1.0,True,0.1,exemplar_mean,0.5201035916191373,281.43360183956673,75,549.6918721813878,2.90625,2.145833333333333,1.2708333333333333,2.083333333333333,1.34375,1.2604166666666667
22,mi_concept,0.1,0.1,1.0,1.0,,1.0,True,0.1,exemplar_mean,0.5089258979532354,285.6170221337576,75,944.6300198201614,2.125,1.7083333333333333,1.1354166666666667,1.75,1.2916666666666667,1.1041666666666667
22,mi_concept,0.3162277660168379,0.1,1.0,1.0,,1.0,True,0.1,exemplar_mean,0.4883383566041641,294.26455992419244,75,2241.125768616999,1.5520833333333333,1.2916666666666667,1.09375,1.3958333333333333,1.2083333333333333,1.125
22,mi_concept,1.0,0.1,1.0,1.0,,1.0,True,0.1,exemplar_mean,0.5346500648723632,277.12965642521795,75,4568.873145893643,1.28125,1.125,1.0625,1.1145833333333333,1.1354166666666667,1.0520833333333333
22,mi_concept,3.1622776601683795,0.1,1.0,1.0,,1.0,True,0.1,exemplar_mean,0.2110297750942228,368.96592075429135,75,7673.994983329919,1.09375,1.0833333333333333,1.0104166666666667,1.0625,1.0520833333333333,1.0104166666666667
23,mi_concept,3.1622776601683795e-05,0.1,1.0,1.0,,1.0,True,0.2,exemplar_mean,0.5445724479686531,274.5184550287712,75,120.57064646053564,21.385416666666668,17.635416666666668,13.4375,17.59375,14.375,14.416666666666666
23,mi_concept,0.0001,0.1,1.0,1.0,,1.0,True,0.2,exemplar_mean,0.6735221873615614,227.82714799779896,75,183.6094458014927,14.916666666666666,11.739583333333334,9.083333333333334,12.364583333333334,9.458333333333334,10.166666666666666
23,mi_concept,0.0003162277660168,0.1,1.0,1.0,,1.0,True,0.2,exemplar_mean,0.578000080072231,261.12874011759357,75,211.41260373756023,10.645833333333334,8.53125,6.239583333333333,7.885416666666667,6.770833333333333,5.854166666666667
23,mi_concept,0.001,0.1,1.0,1.0,,1.0,True,0.2,exemplar_mean,0.5837533818511121,257.13432403697675,75,276.5811259632236,7.833333333333333,5.90625,4.041666666666667,5.666666666666667,4.03125,4.427083333333333
23,mi_concept,0.0031622776601683,0.1,1.0,1.0,,1.0,True,0.2,exemplar_mean,0.6220475955849245,248.9836643632102,75,299.68212912709816,6.291666666666667,3.8541666666666665,2.833333333333333,3.8125,2.8854166666666665,2.84375
23,mi_concept,0.01,0.1,1.0,1.0,,1.0,True,0.2,exemplar_mean,0.5821105861293202,259.09853564407456,75,384.85096610347233,4.614583333333333,3.125,1.9583333333333333,3.052083333333333,2.020833333333333,1.9270833333333333
23,mi_concept,0.0316227766016837,0.1,1.0,1.0,,1.0,True,0.2,exemplar_mean,0.5005199850047721,287.1008550344028,75,587.9975915820604,3.0625,2.302083333333333,1.375,2.40625,1.5104166666666667,1.5416666666666667
23,mi_concept,0.1,0.1,1.0,1.0,,1.0,True,0.2,exemplar_mean,0.4585235145017242,300.57895646473634,75,1130.129974653049,2.0416666666666665,1.7395833333333333,1.2291666666666667,1.6979166666666667,1.3541666666666667,1.21875
23,mi_concept,0.3162277660168379,0.1,1.0,1.0,,1.0,True,0.2,exemplar_mean,0.3333442821873527,335.79101814355454,75,1602.1685292089774,1.53125,1.5,1.1354166666666667,1.4270833333333333,1.1458333333333333,1.15625
23,mi_concept,1.0,0.1,1.0,1.0,,1.0,True,0.2,exemplar_mean,0.4399622998201712,308.80603148865845,75,4334.8127295669,1.2708333333333333,1.15625,1.03125,1.1145833333333333,1.0520833333333333,1.0729166666666667
23,mi_concept,3.1622776601683795,0.1,1.0,1.0,,1.0,True,0.2,exemplar_mean,0.2798350582760252,352.7073664505221,75,7263.227758521674,1.0833333333333333,1.0729166666666667,1.0208333333333333,1.0833333333333333,1.0208333333333333,1.0208333333333333
24,mi_concept,3.1622776601683795e-05,0.1,10.0,0.1,,0.5,True,0.1,exemplar_mean,0.5517295024042266,269.92023572650567,75,43.262354664646246,47.958333333333336,38.72916666666666,24.510416666666668,38.375,30.02083333333333,27.010416666666668
24,mi_concept,0.0001,0.1,10.0,0.1,,0.5,True,0.1,exemplar_mean,0.5677823022875715,266.0094597484073,75,61.81376576137594,31.9375,26.46875,16.427083333333332,25.90625,20.635416666666668,19.416666666666668
24,mi_concept,0.0003162277660168,0.1,10.0,0.1,,0.5,True,0.1,exemplar_mean,0.6635127480332906,232.89549984711593,75,81.76933872204081,24.28125,16.333333333333332,10.541666666666666,16.5625,13.34375,11.15625
24,mi_concept,0.001,0.1,10.0,0.1,,0.5,True,0.1,exemplar_mean,0.5782401381168324,261.9556113322621,75,141.45565030896913,14.385416666666666,10.71875,6.291666666666667,11.53125,9.041666666666666,7.71875
24,mi_concept,0.0031622776601683,0.1,10.0,0.1,,0.5,True,0.1,exemplar_mean,0.4899299986749497,290.0112371351994,75,160.65972685228272,10.010416666666666,8.072916666666666,4.385416666666667,7.729166666666667,5.802083333333333,4.625
24,mi_concept,0.01,0.1,10.0,0.1,,0.5,True,0.1,exemplar_mean,0.6021815580107763,253.38107051666492,75,241.4316636203086,7.260416666666667,4.78125,2.7604166666666665,5.427083333333333,3.395833333333333,3.0625
24,mi_concept,0.0316227766016837,0.1,10.0,0.1,,0.5,True,0.1,exemplar_mean,0.5706981958358134,264.3372261865065,75,371.6685061366546,4.760416666666667,3.239583333333333,1.9895833333333333,3.239583333333333,2.6875,2.03125
24,mi_concept,0.1,0.1,10.0,0.1,,0.5,True,0.1,exemplar_mean,0.5940940935412409,255.89140034432344,75,649.5827997972738,2.9791666666666665,2.145833333333333,1.3958333333333333,2.270833333333333,1.71875,1.46875
24,mi_concept,0.3162277660168379,0.1,10.0,0.1,,0.5,True,0.1,exemplar_mean,0.2971288516873682,349.49789151473567,75,1332.7252597934664,1.65625,1.59375,1.1458333333333333,1.5833333333333333,1.3125,1.2083333333333333
24,mi_concept,1.0,0.1,10.0,0.1,,0.5,True,0.1,exemplar_mean,0.4221207074492819,309.3592969343745,75,3511.851535925714,1.28125,1.2083333333333333,1.0208333333333333,1.2291666666666667,1.09375,1.03125
24,mi_concept,3.1622776601683795,0.1,10.0,0.1,,0.5,True,0.1,exemplar_mean,0.5233821785095711,285.997181305782,75,8473.279340897132,1.125,1.03125,1.0,1.0520833333333333,1.0208333333333333,1.0208333333333333
25,mi_concept,3.1622776601683795e-05,0.1,10.0,0.1,,0.5,True,0.2,exemplar_mean,0.3963092271015973,317.3588876379287,75,29.08578201044606,63.69791666666666,59.65625,35.145833333333336,56.458333333333336,46.44791666666666,38.97916666666666
25,mi_concept,0.0001,0.1,10.0,0.1,,0.5,True,0.2,exemplar_mean,0.5450770277975032,272.8544565998583,75,37.855336069786816,49.25,38.10416666666666,21.072916666666668,39.114583333333336,28.666666666666668,22.67708333333333
25,mi_concept,0.0003162277660168,0.1,10.0,0.1,,0.5,True,0.2,exemplar_mean,0.5274548778051118,278.8201655449169,75,54.05888814945627,32.927083333333336,25.125,13.614583333333334,24.5,18.979166666666668,16.3125
25,mi_concept,0.001,0.1,10.0,0.1,,0.5,True,0.2,exemplar_mean,0.5524460534806902,268.4321294705404,75,77.57983484127645,21.70833333333333,16.052083333333332,9.708333333333334,17.03125,10.5,9.34375
25,mi_concept,0.0031622776601683,0.1,10.0,0.1,,0.5,True,0.2,exemplar_mean,0.5295660280688433,277.979308149951,75,119.29516872212744,13.9375,10.604166666666666,5.6875,11.208333333333334,6.677083333333333,6.333333333333333
25,mi_concept,0.01,0.1,10.0,0.1,,0.5,True,0.2,exemplar_mean,0.3885456476460488,320.1643603983674,75,170.39360093368973,8.052083333333334,7.010416666666667,3.3541666666666665,6.864583333333333,4.322916666666667,3.1354166666666665
25,mi_concept,0.0316227766016837,0.1,10.0,0.1,,0.5,True,0.2,exemplar_mean,0.4658436869401811,298.84099438472947,75,296.3070689151375,5.25,3.6770833333333335,2.1354166666666665,4.09375,2.5104166666666665,2.114583333333333
25,mi_concept,0.1,0.1,10.0,0.1,,0.5,True,0.2,exemplar_mean,0.3383850804444639,334.76747271075607,75,531.3771885595183,2.8854166666666665,2.625,1.4479166666666667,2.583333333333333,1.8854166666666667,1.4791666666666667
25,mi_concept,0.3162277660168379,0.1,10.0,0.1,,0.5,True,0.2,exemplar_mean,0.204706868921253,371.3839030219,75,1130.128243707859,1.6770833333333333,1.5833333333333333,1.25,1.8333333333333333,1.2395833333333333,1.2395833333333333
25,mi_concept,1.0,0.1,10.0,0.1,,0.5,True,0.2,exemplar_mean,0.4799943110848382,293.2767744558486,75,3538.6097344843183,1.3229166666666667,1.1979166666666667,1.0625,1.2604166666666667,1.1145833333333333,1.09375
25,mi_concept,3.1622776601683795,0.1,10.0,0.1,,0.5,True,0.2,exemplar_mean,0.4318846879306966,314.8074001195773,75,11257.541225762558,1.09375,1.0416666666666667,1.0104166666666667,1.03125,1.0104166666666667,1.0625
26,mi_concept,3.1622776601683795e-05,0.1,10.0,0.1,,1.0,True,0.1,exemplar_mean,0.5936950945660145,258.2798292118213,75,39.85649682229579,50.26041666666666,37.34375,24.135416666666668,38.6875,30.875,26.80208333333333
26,mi_concept,0.0001,0.1,10.0,0.1,,1.0,True,0.1,exemplar_mean,0.5929124980471319,256.95965665113994,75,74.37513880130736,30.479166666666668,24.1875,15.145833333333334,27.3125,19.979166666666668,18.02083333333333
26,mi_concept,0.0003162277660168,0.1,10.0,0.1,,1.0,True,0.1,exemplar_mean,0.6342200483755164,242.314076553243,75,84.32552183800438,23.40625,17.145833333333332,10.677083333333334,19.1875,12.479166666666666,12.729166666666666
26,mi_concept,0.001,0.1,10.0,0.1,,1.0,True,0.1,exemplar_mean,0.6078707655927924,249.7137872189199,75,130.75863682641128,15.197916666666666,11.229166666666666,6.177083333333333,11.28125,8.739583333333334,8.21875
26,mi_concept,0.0031622776601683,0.1,10.0,0.1,,1.0,True,0.1,exemplar_mean,0.5593829780710605,266.15699685066227,75,166.21017104578596,10.479166666666666,7.53125,4.208333333333333,8.197916666666666,5.875,4.510416666666667
26,mi_concept,0.01,0.1,10.0,0.1,,1.0,True,0.1,exemplar_mean,0.5435663928716165,272.9765986869303,75,219.5960097589956,7.229166666666667,5.333333333333333,3.0,5.260416666666667,3.5416666666666665,2.927083333333333
26,mi_concept,0.0316227766016837,0.1,10.0,0.1,,1.0,True,0.1,exemplar_mean,0.5449791947361299,272.0535889847751,75,379.1347783329331,4.552083333333333,3.34375,1.9166666666666667,3.395833333333333,2.302083333333333,1.9895833333333333
26,mi_concept,0.1,0.1,10.0,0.1,,1.0,True,0.1,exemplar_mean,0.3373326123200595,334.67700033696053,75,605.9688450618347,2.5625,2.333333333333333,1.5625,2.114583333333333,1.6979166666666667,1.3854166666666667
26,mi_concept,0.3162277660168379,0.1,10.0,0.1,,1.0,True,0.1,exemplar_mean,0.3477094058308714,331.42323593512566,75,1535.1631127350145,1.625,1.3645833333333333,1.1458333333333333,1.5833333333333333,1.25,1.15625
26,mi_concept,1.0,0.1,10.0,0.1,,1.0,True,0.1,exemplar_mean,0.2837444738448939,348.9102546408546,75,3653.058423757264,1.21875,1.1979166666666667,1.0416666666666667,1.1666666666666667,1.0729166666666667,1.0416666666666667
26,mi_concept,3.1622776601683795,0.1,10.0,0.1,,1.0,True,0.1,exemplar_mean,0.0003964178302869,409.6112413628598,75,314.29057024066003,1.0416666666666667,1.0416666666666667,1.0208333333333333,1.0833333333333333,1.0208333333333333,1.0208333333333333
27,mi_concept,3.1622776601683795e-05,0.1,10.0,0.1,,1.0,True,0.2,exemplar_mean,0.4991743969236322,289.8529171531163,75,36.65127427818859,61.97916666666666,53.40625,34.53125,55.958333333333336,42.833333333333336,40.145833333333336
27,mi_concept,0.0001,0.1,10.0,0.1,,1.0,True,0.2,exemplar_mean,0.4437178461021375,302.02324539463166,75,35.00466177448998,47.427083333333336,40.25,22.40625,39.19791666666666,27.42708333333333,24.666666666666668
27,mi_concept,0.0003162277660168,0.1,10.0,0.1,,1.0,True,0.2,exemplar_mean,0.5655983724918767,265.1866604132257,75,53.25126115979541,34.6875,25.03125,12.364583333333334,25.635416666666668,18.625,16.9375
27,mi_concept,0.001,0.1,10.0,0.1,,1.0,True,0.2,exemplar_mean,0.5751103049373053,262.4451661768206,75,75.4338200919837,22.65625,15.708333333333334,9.03125,16.229166666666668,12.541666666666666,9.885416666666666
27,mi_concept,0.0031622776601683,0.1,10.0,0.1,,1.0,True,0.2,exemplar_mean,0.5800561058587578,257.03125136278345,75,119.57539254466404,14.333333333333334,10.15625,6.09375,11.447916666666666,6.541666666666667,5.229166666666667
27,mi_concept,0.01,0.1,10.0,0.1,,1.0,True,0.2,exemplar_mean,0.4442394924151426,304.6467262856229,75,182.52103055502565,8.166666666666666,6.677083333333333,3.7916666666666665,7.229166666666667,4.15625,3.6458333333333335
27,mi_concept,0.0316227766016837,0.1,10.0,0.1,,1.0,True,0.2,exemplar_mean,0.4474694931898207,304.5353811081034,75,306.45814731186624,5.0625,3.90625,2.1875,3.9895833333333335,2.8125,2.2604166666666665
27,mi_concept,0.1,0.1,10.0,0.1,,1.0,True,0.2,exemplar_mean,0.0566903574360758,402.1735666628194,75,241.94613492935505,2.3541666666666665,2.770833333333333,1.5,2.583333333333333,1.875,1.5729166666666667
27,mi_concept,0.3162277660168379,0.1,10.0,0.1,,1.0,True,0.2,exemplar_mean,0.1307990816296285,386.7372568836349,75,925.571521800818,1.625,1.71875,1.2604166666666667,1.59375,1.34375,1.21875
27,mi_concept,1.0,0.1,10.0,0.1,,1.0,True,0.2,exemplar_mean,0.1607840303728488,376.8888012463421,75,2839.504804034889,1.2395833333333333,1.25,1.0625,1.2083333333333333,1.0833333333333333,1.0729166666666667
27,mi_concept,3.1622776601683795,0.1,10.0,0.1,,1.0,True,0.2,exemplar_mean,0.2210716313789254,371.84453227410864,75,10275.877701472691,1.0729166666666667,1.0416666666666667,1.0416666666666667,1.0833333333333333,1.03125,1.03125
28,mi_concept,3.1622776601683795e-05,0.1,10.0,1.0,,0.5,True,0.1,exemplar_mean,0.4912749744489978,289.9092918660658,75,84.33500720591637,22.791666666666668,17.75,11.052083333333334,17.572916666666668,13.145833333333334,10.958333333333334
28,mi_concept,0.0001,0.1,10.0,1.0,,0.5,True,0.1,exemplar_mean,0.555750926213336,266.7906393760485,75,124.64591722849234,15.697916666666666,12.104166666666666,7.4375,12.427083333333334,9.322916666666666,7.760416666666667
28,mi_concept,0.0003162277660168,0.1,10.0,1.0,,0.5,True,0.1,exemplar_mean,0.6180048786988636,245.60303855269277,75,160.02925893969336,11.770833333333334,8.020833333333334,5.3125,8.822916666666666,6.083333333333333,5.114583333333333
28,mi_concept,0.001,0.1,10.0,1.0,,0.5,True,0.1,exemplar_mean,0.5750030983905161,261.87022506412734,75,185.5854081244775,9.09375,5.979166666666667,3.333333333333333,5.729166666666667,4.333333333333333,3.6875
28,mi_concept,0.0031622776601683,0.1,10.0,1.0,,0.5,True,0.1,exemplar_mean,0.6203201249864935,247.24435818067977,75,268.7915044463822,6.364583333333333,3.90625,2.427083333333333,4.145833333333333,2.625,2.3854166666666665
28,mi_concept,0.01,0.1,10.0,1.0,,0.5,True,0.1,exemplar_mean,0.5911130103936821,255.9798033387499,75,331.24999408217786,4.708333333333333,3.21875,1.53125,3.375,2.03125,1.6875
28,mi_concept,0.0316227766016837,0.1,10.0,1.0,,0.5,True,0.1,exemplar_mean,0.6006392455268076,254.40505374158448,75,434.3254538367634,3.6145833333333335,2.4166666666666665,1.3229166666666667,2.4479166666666665,1.6458333333333333,1.34375
28,mi_concept,0.1,0.1,10.0,1.0,,0.5,True,0.1,exemplar_mean,0.5331524262235986,273.80462422337865,75,645.9894778727942,2.552083333333333,1.9791666666666667,1.1458333333333333,1.8333333333333333,1.2916666666666667,1.125
28,mi_concept,0.3162277660168379,0.1,10.0,1.0,,0.5,True,0.1,exemplar_mean,0.581503770461431,257.9194177237821,75,1611.4056858250865,1.6979166666666667,1.3854166666666667,1.0520833333333333,1.4375,1.1875,1.03125
28,mi_concept,1.0,0.1,10.0,1.0,,0.5,True,0.1,exemplar_mean,0.4479887405516813,304.06657934745095,75,2755.4483522461405,1.3125,1.2395833333333333,1.03125,1.1145833333333333,1.0416666666666667,1.0208333333333333
28,mi_concept,3.1622776601683795,0.1,10.0,1.0,,0.5,True,0.1,exemplar_mean,0.4133144540121189,313.0957692356143,75,9666.874204715348,1.09375,1.0416666666666667,1.0104166666666667,1.0625,1.0416666666666667,1.0
29,mi_concept,3.1622776601683795e-05,0.1,10.0,1.0,,0.5,True,0.2,exemplar_mean,0.5776631683666607,260.5989539184483,75,50.744223345072534,37.63541666666666,28.17708333333333,16.96875,27.510416666666668,20.979166666666668,18.541666666666668
29,mi_concept,0.0001,0.1,10.0,1.0,,0.5,True,0.2,exemplar_mean,0.5420623064598465,273.8755865101547,75,74.63900017749005,25.322916666666668,19.322916666666668,11.739583333333334,19.17708333333333,13.989583333333334,12.15625
29,mi_concept,0.0003162277660168,0.1,10.0,1.0,,0.5,True,0.2,exemplar_mean,0.5860890369330269,257.87149081417044,75,106.15040483932296,17.604166666666668,12.46875,8.645833333333334,12.177083333333334,9.104166666666666,7.875
29,mi_concept,0.001,0.1,10.0,1.0,,0.5,True,0.2,exemplar_mean,0.5461155086300564,271.16367645632215,75,141.69512723862414,12.333333333333334,9.010416666666666,5.239583333333333,9.0,6.520833333333333,5.125
29,mi_concept,0.0031622776601683,0.1,10.0,1.0,,0.5,True,0.2,exemplar_mean,0.5522983367779147,270.14992790207776,75,213.51375599479871,8.333333333333334,5.947916666666667,3.395833333333333,6.0,4.135416666666667,3.5625
29,mi_concept,0.01,0.1,10.0,1.0,,0.5,True,0.2,exemplar_mean,0.5206651663092674,280.0355709953138,75,257.79845294360376,6.052083333333333,4.333333333333333,2.302083333333333,4.208333333333333,2.9479166666666665,2.125
29,mi_concept,0.0316227766016837,0.1,10.0,1.0,,0.5,True,0.2,exemplar_mean,0.5470882852154547,271.84913859594235,75,434.5992907486548,4.0,2.7916666666666665,1.5625,2.875,1.90625,1.6875
29,mi_concept,0.1,0.1,10.0,1.0,,0.5,True,0.2,exemplar_mean,0.5357562490681864,274.74156584918603,75,635.7124559931441,2.7604166666666665,2.0625,1.2916666666666667,1.9583333333333333,1.4375,1.1875
29,mi_concept,0.3162277660168379,0.1,10.0,1.0,,0.5,True,0.2,exemplar_mean,0.6561670794376057,231.2280830395353,75,1265.9923625356305,1.9375,1.4375,1.1041666666666667,1.5104166666666667,1.2083333333333333,1.1041666666666667
29,mi_concept,1.0,0.1,10.0,1.0,,0.5,True,0.2,exemplar_mean,0.5355691559729767,275.0982151500452,75,3796.879384815008,1.2708333333333333,1.1666666666666667,1.0416666666666667,1.1458333333333333,1.0625,1.0208333333333333
29,mi_concept,3.1622776601683795,0.1,10.0,1.0,,0.5,True,0.2,exemplar_mean,0.6295227446202096,244.98299642357463,75,5433.345209963556,1.1979166666666667,1.03125,1.03125,1.0729166666666667,1.0104166666666667,1.0
30,mi_concept,3.1622776601683795e-05,0.1,10.0,1.0,,1.0,True,0.1,exemplar_mean,0.5721726773637652,260.3894669820023,75,79.8326812308657,24.479166666666668,17.6875,11.322916666666666,17.354166666666668,12.770833333333334,11.447916666666666
30,mi_concept,0.0001,0.1,10.0,1.0,,1.0,True,0.1,exemplar_mean,0.5130535496096851,283.28482222668265,75,102.027886741638,16.927083333333332,13.010416666666666,6.958333333333333,11.75,9.302083333333334,7.927083333333333
30,mi_concept,0.0003162277660168,0.1,10.0,1.0,,1.0,True,0.1,exemplar_mean,0.5275684606296978,277.0067462518421,75,149.11866262876225,11.770833333333334,8.84375,5.104166666666667,9.15625,6.552083333333333,5.010416666666667
30,mi_concept,0.001,0.1,10.0,1.0,,1.0,True,0.1,exemplar_mean,0.5850160615828843,259.1918816496583,75,181.89226493011017,9.28125,6.09375,3.5104166666666665,5.979166666666667,3.9166666666666665,3.583333333333333
30,mi_concept,0.0031622776601683,0.1,10.0,1.0,,1.0,True,0.1,exemplar_mean,0.5941772033830415,254.88689290567487,75,246.00087442058887,6.5,4.21875,2.4375,4.552083333333333,2.958333333333333,2.489583333333333
30,mi_concept,0.01,0.1,10.0,1.0,,1.0,True,0.1,exemplar_mean,0.6133366167908532,248.78329517746937,75,289.85757225268816,5.270833333333333,3.15625,1.7916666666666667,3.40625,1.9895833333333333,1.6666666666666667
30,mi_concept,0.0316227766016837,0.1,10.0,1.0,,1.0,True,0.1,exemplar_mean,0.6098601376080958,249.22631075831796,75,408.8687541380587,3.8645833333333335,2.395833333333333,1.34375,2.333333333333333,1.46875,1.4166666666666667
30,mi_concept,0.1,0.1,10.0,1.0,,1.0,True,0.1,exemplar_mean,0.5763819769103179,263.1811988686282,75,575.4183469317516,2.875,1.8854166666666667,1.0833333333333333,1.8645833333333333,1.21875,1.1041666666666667
30,mi_concept,0.3162277660168379,0.1,10.0,1.0,,1.0,True,0.1,exemplar_mean,0.610121063400261,248.0509329233811,75,1206.7330685741083,1.9166666666666667,1.4583333333333333,1.0625,1.5416666666666667,1.1979166666666667,1.09375
30,mi_concept,1.0,0.1,10.0,1.0,,1.0,True,0.1,exemplar_mean,0.3949688177339718,319.7413344586263,75,2073.1453633873016,1.375,1.3020833333333333,1.0,1.2708333333333333,1.0625,1.0208333333333333
30,mi_concept,3.1622776601683795,0.1,10.0,1.0,,1.0,True,0.1,exemplar_mean,0.4083983887339772,316.9067242540868,75,4747.942058528009,1.1666666666666667,1.1354166666666667,1.0,1.0833333333333333,1.03125,1.0104166666666667
31,mi_concept,3.1622776601683795e-05,0.1,10.0,1.0,,1.0,True,0.2,exemplar_mean,0.4156817034778783,312.11825969910615,75,52.34067192403165,33.322916666666664,29.375,18.416666666666668,26.604166666666668,21.53125,18.05208333333333
31,mi_concept,0.0001,0.1,10.0,1.0,,1.0,True,0.2,exemplar_mean,0.5690943862292799,263.5626690492744,75,80.66376349469466,25.0,18.197916666666668,10.71875,19.322916666666668,13.177083333333334,12.041666666666666
31,mi_concept,0.0003162277660168,0.1,10.0,1.0,,1.0,True,0.2,exemplar_mean,0.447011121782655,303.4533319067417,75,107.93715998971857,15.947916666666666,13.229166666666666,7.46875,12.4375,9.71875,8.010416666666666
31,mi_concept,0.001,0.1,10.0,1.0,,1.0,True,0.2,exemplar_mean,0.5486652004059325,271.24127098123597,75,147.37646889791003,12.114583333333334,8.90625,5.552083333333333,9.5625,6.385416666666667,5.458333333333333
31,mi_concept,0.0031622776601683,0.1,10.0,1.0,,1.0,True,0.2,exemplar_mean,0.583252657652101,261.37400467446946,75,190.41563339009636,8.958333333333334,5.78125,3.7395833333333335,5.802083333333333,4.125,3.364583333333333
31,mi_concept,0.01,0.1,10.0,1.0,,1.0,True,0.2,exemplar_mean,0.4630936909367411,298.21610280027073,75,249.99200391921215,5.927083333333333,4.489583333333333,2.3541666666666665,4.416666666666667,2.770833333333333,2.09375
31,mi_concept,0.0316227766016837,0.1,10.0,1.0,,1.0,True,0.2,exemplar_mean,0.6134906058055216,247.06723295810116,75,367.1028472195204,4.489583333333333,2.927083333333333,1.5,3.03125,1.90625,1.5520833333333333
31,mi_concept,0.1,0.1,10.0,1.0,,1.0,True,0.2,exemplar_mean,0.5709642161547301,261.94281806058416,75,605.8658933063784,2.90625,2.125,1.2395833333333333,2.208333333333333,1.4791666666666667,1.2708333333333333
31,mi_concept,0.3162277660168379,0.1,10.0,1.0,,1.0,True,0.2,exemplar_mean,0.4641538916047124,297.46410689201446,75,1012.5950716040204,1.9166666666666667,1.6354166666666667,1.0729166666666667,1.4479166666666667,1.28125,1.1145833333333333
31,mi_concept,1.0,0.1,10.0,1.0,,1.0,True,0.2,exemplar_mean,0.641238658498468,237.9061951764466,75,2754.103558900267,1.4270833333333333,1.1875,1.0104166666666667,1.1979166666666667,1.1145833333333333,1.0416666666666667
31,mi_concept,3.1622776601683795,0.1,10.0,1.0,,1.0,True,0.2,exemplar_mean,0.3895759262385207,323.9685491598188,75,7403.413801749101,1.1041666666666667,1.0729166666666667,1.0,1.09375,1.0,1.0104166666666667
32,mi_concept,3.1622776601683795e-05,0.3,1.0,0.1,,0.5,True,0.1,exemplar_mean,0.8194254186375252,174.6681671871525,75,166.59379461521706,25.20833333333333,20.42708333333333,18.36458333333333,20.05208333333333,21.03125,20.25
32,mi_concept,0.0001,0.3,1.0,0.1,,0.5,True,0.1,exemplar_mean,0.773218726692152,196.90845266983263,75,200.3998459582784,18.05208333333333,14.416666666666666,11.802083333333334,15.947916666666666,14.447916666666666,15.09375
32,mi_concept,0.0003162277660168,0.3,1.0,0.1,,0.5,True,0.1,exemplar_mean,0.6489346436621956,237.12324547175277,75,215.7307694398821,13.052083333333334,10.90625,7.666666666666667,9.979166666666666,8.6875,9.4375
32,mi_concept,0.001,0.3,1.0,0.1,,0.5,True,0.1,exemplar_mean,0.7057859034746814,219.10544266444884,75,283.09790122673775,9.375,7.114583333333333,5.302083333333333,7.520833333333333,6.322916666666667,6.0
32,mi_concept,0.0031622776601683,0.3,1.0,0.1,,0.5,True,0.1,exemplar_mean,0.5551916426663079,267.9760091162962,75,281.43020967727085,7.010416666666667,5.645833333333333,3.3541666666666665,5.177083333333333,4.010416666666667,3.5104166666666665
32,mi_concept,0.01,0.3,1.0,0.1,,0.5,True,0.1,exemplar_mean,0.5680197475307693,265.1891938939264,75,373.5422830006006,4.989583333333333,3.8541666666666665,2.2916666666666665,3.6666666666666665,2.802083333333333,2.583333333333333
32,mi_concept,0.0316227766016837,0.3,1.0,0.1,,0.5,True,0.1,exemplar_mean,0.6024868363776128,250.64582282311116,75,579.1594177458223,3.458333333333333,2.59375,1.7291666666666667,2.6875,2.114583333333333,1.7916666666666667
32,mi_concept,0.1,0.3,1.0,0.1,,0.5,True,0.1,exemplar_mean,0.5286217978505344,276.95624796516495,75,811.8766041132476,2.458333333333333,2.020833333333333,1.3229166666666667,1.8958333333333333,1.3854166666666667,1.2604166666666667
32,mi_concept,0.3162277660168379,0.3,1.0,0.1,,0.5,True,0.1,exemplar_mean,0.3608561528641447,329.8667967420632,75,1487.4992042892952,1.6354166666666667,1.4270833333333333,1.1354166666666667,1.46875,1.09375,1.1041666666666667
32,mi_concept,1.0,0.3,1.0,0.1,,0.5,True,0.1,exemplar_mean,0.3583149098315198,331.4743803480163,75,3590.4520109648925,1.2604166666666667,1.21875,1.0416666666666667,1.1770833333333333,1.1354166666666667,1.0208333333333333
32,mi_concept,3.1622776601683795,0.3,1.0,0.1,,0.5,True,0.1,exemplar_mean,0.0115282349051557,408.0923247303252,75,1604.8899853007235,1.0729166666666667,1.1041666666666667,1.0104166666666667,1.0729166666666667,1.0520833333333333,1.0208333333333333
33,mi_concept,3.1622776601683795e-05,0.3,1.0,0.1,,0.5,True,0.2,exemplar_mean,0.5718338558556372,264.4752622174002,75,77.6670685754102,38.85416666666666,36.07291666666666,27.09375,35.354166666666664,29.52083333333333,31.6875
33,mi_concept,0.0001,0.3,1.0,0.1,,0.5,True,0.2,exemplar_mean,0.646311895066555,239.91991671536988,75,118.8406317459916,27.416666666666668,23.86458333333333,18.041666666666668,24.05208333333333,22.64583333333333,19.25
33,mi_concept,0.0003162277660168,0.3,1.0,0.1,,0.5,True,0.2,exemplar_mean,0.5942379991188217,257.20739239187037,75,162.73614593665073,18.86458333333333,15.90625,12.177083333333334,16.6875,13.833333333333334,12.260416666666666
33,mi_concept,0.001,0.3,1.0,0.1,,0.5,True,0.2,exemplar_mean,0.5474946254541341,272.44771909664746,75,187.6305494553289,13.447916666666666,10.666666666666666,8.46875,10.15625,9.552083333333334,8.46875
33,mi_concept,0.0031622776601683,0.3,1.0,0.1,,0.5,True,0.2,exemplar_mean,0.5939360938192918,254.99223453662543,75,255.0487822169972,9.052083333333334,6.989583333333333,4.96875,6.84375,5.552083333333333,4.947916666666667
33,mi_concept,0.01,0.3,1.0,0.1,,0.5,True,0.2,exemplar_mean,0.5502801986390293,272.5431161908572,75,434.77976805657903,5.4375,4.489583333333333,3.427083333333333,5.09375,3.875,3.177083333333333
33,mi_concept,0.0316227766016837,0.3,1.0,0.1,,0.5,True,0.2,exemplar_mean,0.4061181216354865,316.07602934607064,75,412.05931528871395,4.0,3.4375,1.9895833333333333,3.25,2.34375,1.9270833333333333
33,mi_concept,0.1,0.3,1.0,0.1,,0.5,True,0.2,exemplar_mean,0.3799225830726892,324.37728054727165,75,688.5393582112883,2.5729166666666665,2.2916666666666665,1.3229166666666667,2.0625,1.5833333333333333,1.46875
33,mi_concept,0.3162277660168379,0.3,1.0,0.1,,0.5,True,0.2,exemplar_mean,0.1415161323277244,387.0324228591148,75,1168.3744497580851,1.46875,1.5416666666666667,1.21875,1.6041666666666667,1.2916666666666667,1.15625
33,mi_concept,1.0,0.3,1.0,0.1,,0.5,True,0.2,exemplar_mean,0.3081561845904236,345.27324671444427,75,3937.4604137050414,1.2291666666666667,1.1979166666666667,1.0416666666666667,1.1666666666666667,1.0416666666666667,1.1041666666666667
33,mi_concept,3.1622776601683795,0.3,1.0,0.1,,0.5,True,0.2,exemplar_mean,0.0537579871265573,399.07090370884896,75,3642.632299885575,1.0729166666666667,1.0729166666666667,1.0208333333333333,1.0833333333333333,1.0208333333333333,1.0104166666666667
34,mi_concept,3.1622776601683795e-05,0.3,1.0,0.1,,1.0,True,0.1,exemplar_mean,0.751285526795151,200.12141146502265,75,107.77398413869813,28.510416666666668,21.625,18.635416666666668,21.53125,21.197916666666668,20.20833333333333
34,mi_concept,0.0001,0.3,1.0,0.1,,1.0,True,0.1,exemplar_mean,0.6885024341973921,224.2802197712956,75,160.59892612702396,19.010416666666668,15.645833333333334,12.09375,15.15625,14.072916666666666,13.770833333333334
34,mi_concept,0.0003162277660168,0.3,1.0,0.1,,1.0,True,0.1,exemplar_mean,0.6225053868102961,247.54347677506476,75,239.89080024353103,12.854166666666666,10.46875,7.78125,10.40625,9.604166666666666,9.385416666666666
34,mi_concept,0.001,0.3,1.0,0.1,,1.0,True,0.1,exemplar_mean,0.6671149792898707,232.08865257831567,75,243.34231598728556,10.041666666666666,7.197916666666667,4.895833333333333,7.0625,6.510416666666667,6.083333333333333
34,mi_concept,0.0031622776601683,0.3,1.0,0.1,,1.0,True,0.1,exemplar_mean,0.631677439182777,244.0417209976169,75,288.268338454127,7.291666666666667,5.010416666666667,3.03125,4.947916666666667,4.010416666666667,3.8333333333333335
34,mi_concept,0.01,0.3,1.0,0.1,,1.0,True,0.1,exemplar_mean,0.6030206401099093,253.27924117347223,75,400.7457724885506,4.958333333333333,3.552083333333333,2.1979166666666665,3.9479166666666665,2.7916666666666665,2.4166666666666665
34,mi_concept,0.0316227766016837,0.3,1.0,0.1,,1.0,True,0.1,exemplar_mean,0.5407170393368443,274.0233046265372,75,457.0025609466144,3.71875,2.8854166666666665,1.6770833333333333,2.802083333333333,1.9166666666666667,1.7916666666666667
34,mi_concept,0.1,0.3,1.0,0.1,,1.0,True,0.1,exemplar_mean,0.3309706719214796,340.27758851412125,75,765.1307081173246,2.1875,1.9375,1.2083333333333333,2.239583333333333,1.4270833333333333,1.3125
34,mi_concept,0.3162277660168379,0.3,1.0,0.1,,1.0,True,0.1,exemplar_mean,0.3215282537993219,341.34149085236214,75,1495.8685217362645,1.59375,1.5104166666666667,1.1145833333333333,1.5,1.3333333333333333,1.09375
34,mi_concept,1.0,0.3,1.0,0.1,,1.0,True,0.1,exemplar_mean,0.0866487878824965,401.7763042534798,75,1935.394180040604,1.1979166666666667,1.2395833333333333,1.0625,1.15625,1.125,1.0416666666666667
34,mi_concept,3.1622776601683795,0.3,1.0,0.1,,1.0,True,0.1,exemplar_mean,0.0123901105445675,408.90866337477974,75,1851.3958248081672,1.0729166666666667,1.03125,1.0104166666666667,1.0833333333333333,1.0416666666666667,1.0625
35,mi_concept,3.1622776601683795e-05,0.3,1.0,0.1,,1.0,True,0.2,exemplar_mean,0.3705636362399627,323.8941618546761,75,67.14096079669766,37.645833333333336,37.69791666666666,25.65625,34.729166666666664,29.70833333333333,28.90625
35,mi_concept,0.0001,0.3,1.0,0.1,,1.0,True,0.2,exemplar_mean,0.6029402385349524,256.02575937292266,75,113.85603133795075,27.08333333333333,23.125,18.77083333333333,22.635416666666668,23.28125,21.4375
35,mi_concept,0.0003162277660168,0.3,1.0,0.1,,1.0,True,0.2,exemplar_mean,0.6239074076223922,248.3123463497453,75,174.52760975365442,18.20833333333333,15.260416666666666,12.78125,15.958333333333334,14.6875,13.177083333333334
35,mi_concept,0.001,0.3,1.0,0.1,,1.0,True,0.2,exemplar_mean,0.5665258190970238,268.6375552212454,75,187.9271847939416,13.4375,10.739583333333334,7.958333333333333,10.239583333333334,8.666666666666666,8.760416666666666
35,mi_concept,0.0031622776601683,0.3,1.0,0.1,,1.0,True,0.2,exemplar_mean,0.5114972614381305,282.85674938862246,75,235.90209920044447,8.84375,7.114583333333333,5.0625,7.354166666666667,5.510416666666667,4.697916666666667
35,mi_concept,0.01,0.3,1.0,0.1,,1.0,True,0.2,exemplar_mean,0.5243653647898106,279.43617298796596,75,362.61129781328384,5.802083333333333,4.739583333333333,3.15625,4.604166666666667,3.1875,3.0
35,mi_concept,0.0316227766016837,0.3,1.0,0.1,,1.0,True,0.2,exemplar_mean,0.5178127782871232,282.54634401852655,75,466.19821204660303,4.052083333333333,3.208333333333333,2.03125,3.09375,2.3229166666666665,2.125
35,mi_concept,0.1,0.3,1.0,0.1,,1.0,True,0.2,exemplar_mean,0.5202230045985814,281.62841952551514,75,951.0374892586652,2.4479166666666665,1.96875,1.5,2.083333333333333,1.7395833333333333,1.5104166666666667
35,mi_concept,0.3162277660168379,0.3,1.0,0.1,,1.0,True,0.2,exemplar_mean,0.3366102712939827,337.9157525102083,75,2152.3472483844607,1.5104166666666667,1.4375,1.25,1.5104166666666667,1.2604166666666667,1.1666666666666667
35,mi_concept,1.0,0.3,1.0,0.1,,1.0,True,0.2,exemplar_mean,0.3029805605534569,343.5414183017857,75,3308.100797911064,1.28125,1.1770833333333333,1.125,1.2604166666666667,1.0416666666666667,1.0104166666666667
35,mi_concept,3.1622776601683795,0.3,1.0,0.1,,1.0,True,0.2,exemplar_mean,0.1638139660368411,381.23313086638433,75,7860.199709400037,1.0729166666666667,1.0104166666666667,1.0,1.0729166666666667,1.0416666666666667,1.0208333333333333
36,mi_concept,3.1622776601683795e-05,0.3,1.0,1.0,,0.5,True,0.1,exemplar_mean,0.4927240866020467,290.18678843178105,75,181.30282492707,13.541666666666666,11.1875,8.104166666666666,10.46875,9.28125,8.520833333333334
36,mi_concept,0.0001,0.3,1.0,1.0,,0.5,True,0.1,exemplar_mean,0.658144103895611,233.77108344197944,75,258.6761687589041,9.885416666666666,7.447916666666667,5.729166666666667,7.46875,6.427083333333333,6.208333333333333
36,mi_concept,0.0003162277660168,0.3,1.0,1.0,,0.5,True,0.1,exemplar_mean,0.5416346642802196,275.8222764816918,75,296.63368283003285,7.114583333333333,5.510416666666667,3.75,5.427083333333333,4.28125,3.75
36,mi_concept,0.001,0.3,1.0,1.0,,0.5,True,0.1,exemplar_mean,0.6196107856551264,247.3564309107838,75,349.8959997316124,5.583333333333333,3.9895833333333335,2.84375,3.6979166666666665,3.2291666666666665,2.78125
36,mi_concept,0.0031622776601683,0.3,1.0,1.0,,0.5,True,0.1,exemplar_mean,0.5719099322856777,264.1177935270174,75,397.799373604068,4.302083333333333,3.208333333333333,1.8020833333333333,2.8854166666666665,2.1979166666666665,1.8958333333333333
36,mi_concept,0.01,0.3,1.0,1.0,,0.5,True,0.1,exemplar_mean,0.5977949216835109,254.80284345474303,75,520.615812360344,3.4166666666666665,2.34375,1.46875,2.302083333333333,1.6458333333333333,1.3541666666666667
36,mi_concept,0.0316227766016837,0.3,1.0,1.0,,0.5,True,0.1,exemplar_mean,0.4444898539370593,303.8287780207295,75,708.0760503209466,2.4166666666666665,2.09375,1.21875,1.9479166666666667,1.4166666666666667,1.2291666666666667
36,mi_concept,0.1,0.3,1.0,1.0,,0.5,True,0.1,exemplar_mean,0.4918208801260001,290.15907944162143,75,1529.5017454561284,1.8020833333333333,1.4270833333333333,1.1770833333333333,1.625,1.3541666666666667,1.125
36,mi_concept,0.3162277660168379,0.3,1.0,1.0,,0.5,True,0.1,exemplar_mean,0.3850754708828642,321.7849986615493,75,3379.210630743203,1.3541666666666667,1.28125,1.0729166666666667,1.3125,1.1666666666666667,1.0729166666666667
36,mi_concept,1.0,0.3,1.0,1.0,,0.5,True,0.1,exemplar_mean,0.3189952498568635,342.8528257273484,75,6912.879798140428,1.1458333333333333,1.1041666666666667,1.0729166666666667,1.1041666666666667,1.1041666666666667,1.0520833333333333
36,mi_concept,3.1622776601683795,0.3,1.0,1.0,,0.5,True,0.1,exemplar_mean,0.0204389049695217,411.24994935000205,75,3947.30056036452,1.0416666666666667,1.0208333333333333,1.03125,1.0520833333333333,1.0416666666666667,1.0
37,mi_concept,3.1622776601683795e-05,0.3,1.0,1.0,,0.5,True,0.2,exemplar_mean,0.6172977181359278,248.5315933337683,75,150.70032910987672,20.14583333333333,16.427083333333332,13.822916666666666,15.583333333333334,14.416666666666666,13.53125
37,mi_concept,0.0001,0.3,1.0,1.0,,0.5,True,0.2,exemplar_mean,0.5425037942587878,273.4787800392497,75,201.86222345837336,13.84375,11.28125,8.697916666666666,11.40625,9.177083333333334,9.21875
37,mi_concept,0.0003162277660168,0.3,1.0,1.0,,0.5,True,0.2,exemplar_mean,0.4201674709432103,313.22681710425553,75,257.7571604278987,9.239583333333334,8.15625,6.395833333333333,7.28125,6.229166666666667,5.854166666666667
37,mi_concept,0.001,0.3,1.0,1.0,,0.5,True,0.2,exemplar_mean,0.5340780740675151,275.9799615988819,75,355.93299581214217,6.802083333333333,5.729166666666667,4.5,5.635416666666667,4.25,4.510416666666667
37,mi_concept,0.0031622776601683,0.3,1.0,1.0,,0.5,True,0.2,exemplar_mean,0.5345398545452094,274.50662445625096,75,381.49376542432543,5.270833333333333,4.15625,2.9375,4.197916666666667,3.145833333333333,2.739583333333333
37,mi_concept,0.01,0.3,1.0,1.0,,0.5,True,0.2,exemplar_mean,0.5990742066576007,256.1778048073658,75,560.482184936176,3.8020833333333335,2.802083333333333,2.0104166666666665,2.833333333333333,2.177083333333333,2.0104166666666665
37,mi_concept,0.0316227766016837,0.3,1.0,1.0,,0.5,True,0.2,exemplar_mean,0.5258026255488041,279.63748712325236,75,655.7885770007489,2.8854166666666665,2.239583333333333,1.5,2.03125,1.6145833333333333,1.4791666666666667
37,mi_concept,0.1,0.3,1.0,1.0,,0.5,True,0.2,exemplar_mean,0.347240811744366,334.4015574210439,75,1474.044811402203,1.7604166666666667,1.6041666666666667,1.2083333333333333,1.59375,1.2916666666666667,1.2395833333333333
37,mi_concept,0.3162277660168379,0.3,1.0,1.0,,0.5,True,0.2,exemplar_mean,0.2050528794851059,372.0745217827131,75,1778.0959800840312,1.375,1.40625,1.1041666666666667,1.2916666666666667,1.1875,1.0729166666666667
37,mi_concept,1.0,0.3,1.0,1.0,,0.5,True,0.2,exemplar_mean,0.3701888204838438,326.6591160037816,75,6247.77349414078,1.1770833333333333,1.09375,1.0520833333333333,1.0729166666666667,1.0416666666666667,1.0520833333333333
37,mi_concept,3.1622776601683795,0.3,1.0,1.0,,0.5,True,0.2,exemplar_mean,0.2679994407334087,356.09651043683016,75,8198.129525873763,1.0729166666666667,1.0625,1.0,1.0416666666666667,1.03125,1.0208333333333333
38,mi_concept,3.1622776601683795e-05,0.3,1.0,1.0,,1.0,True,0.1,exemplar_mean,0.5471945957028882,278.0143588875893,75,176.12318880463098,13.510416666666666,10.895833333333334,8.458333333333334,11.645833333333334,9.239583333333334,9.083333333333334
38,mi_concept,0.0001,0.3,1.0,1.0,,1.0,True,0.1,exemplar_mean,0.6974863756281731,221.8692806527825,75,213.0510052626864,10.833333333333334,7.427083333333333,5.96875,7.40625,6.28125,6.364583333333333
38,mi_concept,0.0003162277660168,0.3,1.0,1.0,,1.0,True,0.1,exemplar_mean,0.686374784674608,225.26552164933156,75,275.6100190406851,7.90625,5.239583333333333,3.7604166666666665,5.333333333333333,4.291666666666667,4.15625
38,mi_concept,0.001,0.3,1.0,1.0,,1.0,True,0.1,exemplar_mean,0.6771048094520077,228.1797938985098,75,321.3171814408648,6.104166666666667,3.75,2.645833333333333,3.84375,2.9479166666666665,3.020833333333333
38,mi_concept,0.0031622776601683,0.3,1.0,1.0,,1.0,True,0.1,exemplar_mean,0.6992106533270264,219.9117926047692,75,373.12786615235507,4.895833333333333,2.770833333333333,2.0625,3.145833333333333,2.020833333333333,2.1875
38,mi_concept,0.01,0.3,1.0,1.0,,1.0,True,0.1,exemplar_mean,0.6103455642646161,251.18184162336303,75,453.69131113908094,3.7708333333333335,2.375,1.5208333333333333,2.6041666666666665,1.59375,1.5
38,mi_concept,0.0316227766016837,0.3,1.0,1.0,,1.0,True,0.1,exemplar_mean,0.5722091345856873,265.22942212026487,75,647.0882681148639,2.84375,1.8854166666666667,1.2083333333333333,1.9895833333333333,1.4270833333333333,1.1875
38,mi_concept,0.1,0.3,1.0,1.0,,1.0,True,0.1,exemplar_mean,0.5093784199710583,282.84313312099994,75,1070.672778549302,2.0729166666666665,1.6354166666666667,1.1145833333333333,1.65625,1.2291666666666667,1.1145833333333333
38,mi_concept,0.3162277660168379,0.3,1.0,1.0,,1.0,True,0.1,exemplar_mean,0.3658000220889823,329.3905083457854,75,2010.626308982046,1.5104166666666667,1.3333333333333333,1.1041666666666667,1.28125,1.2083333333333333,1.09375
38,mi_concept,1.0,0.3,1.0,1.0,,1.0,True,0.1,exemplar_mean,0.2481817746535646,365.90093123708095,75,4689.77106868903,1.1875,1.15625,1.0833333333333333,1.1979166666666667,1.09375,1.0833333333333333
38,mi_concept,3.1622776601683795,0.3,1.0,1.0,,1.0,True,0.1,exemplar_mean,0.1832140736799344,388.18658860812417,75,6710.17977521919,1.0833333333333333,1.03125,1.0208333333333333,1.0625,1.0416666666666667,1.0104166666666667
39,mi_concept,3.1622776601683795e-05,0.3,1.0,1.0,,1.0,True,0.2,exemplar_mean,0.6103496828572419,250.3299067528565,75,127.81741332321,21.33333333333333,17.21875,13.927083333333334,16.552083333333332,14.0,13.083333333333334
39,mi_concept,0.0001,0.3,1.0,1.0,,1.0,True,0.2,exemplar_mean,0.5085414165106776,284.43330774554204,75,187.72807120246517,14.09375,11.75,9.479166666666666,11.46875,9.666666666666666,8.604166666666666
39,mi_concept,0.0003162277660168,0.3,1.0,1.0,,1.0,True,0.2,exemplar_mean,0.6439575049576199,240.09839164750187,75,234.1593954065835,10.739583333333334,7.8125,5.791666666666667,7.572916666666667,6.729166666666667,5.9375
39,mi_concept,0.001,0.3,1.0,1.0,,1.0,True,0.2,exemplar_mean,0.5660659598402205,265.7212446849382,75,277.2129186122221,7.5625,5.822916666666667,4.072916666666667,5.541666666666667,4.46875,3.875
39,mi_concept,0.0031622776601683,0.3,1.0,1.0,,1.0,True,0.2,exemplar_mean,0.6181795360293977,247.4101138012583,75,374.7106290420883,5.5625,4.072916666666667,3.03125,3.9791666666666665,3.208333333333333,2.708333333333333
39,mi_concept,0.01,0.3,1.0,1.0,,1.0,True,0.2,exemplar_mean,0.6058023670932239,251.02475226722217,75,437.1304051869492,4.291666666666667,3.114583333333333,1.8854166666666667,3.1354166666666665,2.375,1.96875
39,mi_concept,0.0316227766016837,0.3,1.0,1.0,,1.0,True,0.2,exemplar_mean,0.4468823706990174,302.9094462452161,75,559.2413945717243,2.9791666666666665,2.4479166666666665,1.3854166666666667,2.208333333333333,1.5520833333333333,1.4375
39,mi_concept,0.1,0.3,1.0,1.0,,1.0,True,0.2,exemplar_mean,0.2526362352840252,357.80655302209374,75,915.0897946090688,1.8645833333333333,1.6875,1.2604166666666667,1.6354166666666667,1.3854166666666667,1.2708333333333333
39,mi_concept,0.3162277660168379,0.3,1.0,1.0,,1.0,True,0.2,exemplar_mean,0.2776608459075935,354.6580486835215,75,1554.4453606798563,1.53125,1.4895833333333333,1.125,1.2916666666666667,1.1875,1.09375
39,mi_concept,1.0,0.3,1.0,1.0,,1.0,True,0.2,exemplar_mean,0.1800907202324757,378.2804847922078,75,3418.8355765568135,1.1979166666666667,1.1770833333333333,1.0833333333333333,1.1041666666666667,1.1458333333333333,1.0104166666666667
39,mi_concept,3.1622776601683795,0.3,1.0,1.0,,1.0,True,0.2,exemplar_mean,0.0022600458261306,410.6473144434508,75,1530.1187161015573,1.0416666666666667,1.0416666666666667,1.0520833333333333,1.0729166666666667,1.0520833333333333,1.0520833333333333
40,mi_concept,3.1622776601683795e-05,0.3,10.0,0.1,,0.5,True,0.1,exemplar_mean,0.5811075673111842,262.6900515162685,75,50.61357106847542,44.895833333333336,34.583333333333336,22.572916666666668,35.833333333333336,29.291666666666668,26.572916666666668
40,mi_concept,0.0001,0.3,10.0,0.1,,0.5,True,0.1,exemplar_mean,0.5481419751072785,274.9506850594475,75,76.95866340430756,29.17708333333333,23.041666666666668,16.479166666666668,25.53125,18.8125,19.010416666666668
40,mi_concept,0.0003162277660168,0.3,10.0,0.1,,0.5,True,0.1,exemplar_mean,0.5848310499870802,261.70951885372205,75,98.4112687607304,21.3125,15.583333333333334,10.3125,16.90625,12.427083333333334,11.604166666666666
40,mi_concept,0.001,0.3,10.0,0.1,,0.5,True,0.1,exemplar_mean,0.5153814117165195,284.51572422494485,75,143.66859621205262,13.260416666666666,10.822916666666666,6.260416666666667,11.052083333333334,8.552083333333334,7.25
40,mi_concept,0.0031622776601683,0.3,10.0,0.1,,0.5,True,0.1,exemplar_mean,0.4804834692069067,294.3828688621493,75,199.36395968004092,8.9375,7.395833333333333,3.8854166666666665,8.020833333333334,5.583333333333333,4.822916666666667
40,mi_concept,0.01,0.3,10.0,0.1,,0.5,True,0.1,exemplar_mean,0.5944428167807523,257.96490450105927,75,265.09581224141755,6.875,4.552083333333333,2.7291666666666665,4.760416666666667,3.09375,3.1354166666666665
40,mi_concept,0.0316227766016837,0.3,10.0,0.1,,0.5,True,0.1,exemplar_mean,0.3052170252185568,345.46466215158625,75,382.6838030054713,3.6458333333333335,3.583333333333333,1.9479166666666667,3.28125,2.333333333333333,1.9270833333333333
40,mi_concept,0.1,0.3,10.0,0.1,,0.5,True,0.1,exemplar_mean,0.1519012329891228,381.4275339130118,75,715.2676915081603,1.96875,1.9375,1.4270833333333333,2.0625,1.53125,1.3854166666666667
40,mi_concept,0.3162277660168379,0.3,10.0,0.1,,0.5,True,0.1,exemplar_mean,0.0956082426348209,391.1538371311829,75,1121.3187785960097,1.4270833333333333,1.4583333333333333,1.1354166666666667,1.3854166666666667,1.21875,1.1770833333333333
40,mi_concept,1.0,0.3,10.0,0.1,,0.5,True,0.1,exemplar_mean,0.0884625231357941,407.29263902803655,75,-5271.3049068661485,1.0625,1.1041666666666667,1.0729166666666667,1.125,1.1145833333333333,1.0833333333333333
40,mi_concept,3.1622776601683795,0.3,10.0,0.1,,0.5,True,0.1,exemplar_mean,0.0282127990861654,405.59574002390406,75,3704.3349769021434,1.0416666666666667,1.0416666666666667,1.0104166666666667,1.0833333333333333,1.0104166666666667,1.0416666666666667
41,mi_concept,3.1622776601683795e-05,0.3,10.0,0.1,,0.5,True,0.2,exemplar_mean,0.3753880261121593,323.58323795304466,75,29.33990371959762,62.4375,56.96875,32.427083333333336,52.71875,43.46875,38.03125
41,mi_concept,0.0001,0.3,10.0,0.1,,0.5,True,0.2,exemplar_mean,0.4219649126931791,311.5226896762752,75,44.126216161481125,43.22916666666666,36.97916666666666,23.1875,36.552083333333336,27.666666666666668,25.34375
41,mi_concept,0.0003162277660168,0.3,10.0,0.1,,0.5,True,0.2,exemplar_mean,0.4833099489078951,292.82249797531716,75,58.23257685989465,30.17708333333333,25.197916666666668,13.177083333333334,25.15625,17.8125,16.395833333333332
41,mi_concept,0.001,0.3,10.0,0.1,,0.5,True,0.2,exemplar_mean,0.4068341686512614,315.2346147102418,75,83.30032241946158,18.5625,16.479166666666668,8.375,16.552083333333332,11.78125,10.5625
41,mi_concept,0.0031622776601683,0.3,10.0,0.1,,0.5,True,0.2,exemplar_mean,0.5172661628453809,283.0918849574963,75,134.24292431407466,12.947916666666666,9.9375,5.53125,9.895833333333334,6.416666666666667,6.520833333333333
41,mi_concept,0.01,0.3,10.0,0.1,,0.5,True,0.2,exemplar_mean,0.447690865903054,305.36072782883565,75,234.09018302915808,7.354166666666667,5.895833333333333,3.4791666666666665,5.635416666666667,4.104166666666667,3.114583333333333
41,mi_concept,0.0316227766016837,0.3,10.0,0.1,,0.5,True,0.2,exemplar_mean,0.4585868020539564,301.1328237649709,75,445.90731501715373,4.40625,3.395833333333333,2.1979166666666665,3.78125,2.3229166666666665,2.25
41,mi_concept,0.1,0.3,10.0,0.1,,0.5,True,0.2,exemplar_mean,0.4569445523075627,305.83310901010157,75,1283.797789039943,2.28125,2.0104166666666665,1.46875,2.333333333333333,1.78125,1.6041666666666667
41,mi_concept,0.3162277660168379,0.3,10.0,0.1,,0.5,True,0.2,exemplar_mean,0.1187960447364835,389.53748865227874,75,1774.0184658928258,1.4375,1.3541666666666667,1.2708333333333333,1.3541666666666667,1.4375,1.15625
41,mi_concept,1.0,0.3,10.0,0.1,,0.5,True,0.2,exemplar_mean,0.2802768761338872,359.06786147139894,75,5862.5064049175135,1.1770833333333333,1.1145833333333333,1.09375,1.1145833333333333,1.0520833333333333,1.0625
41,mi_concept,3.1622776601683795,0.3,10.0,0.1,,0.5,True,0.2,exemplar_mean,0.0339627459074924,405.80099069976154,75,4528.40136931484,1.0520833333333333,1.0520833333333333,1.0104166666666667,1.0104166666666667,1.0416666666666667,1.0416666666666667
42,mi_concept,3.1622776601683795e-05,0.3,10.0,0.1,,1.0,True,0.1,exemplar_mean,0.4410398001427439,303.3492251991023,75,47.769429893836666,42.0,38.270833333333336,22.28125,35.625,30.08333333333333,26.36458333333333
42,mi_concept,0.0001,0.3,10.0,0.1,,1.0,True,0.1,exemplar_mean,0.6038539273010183,254.65865187478303,75,75.95294721045242,29.59375,22.9375,15.875,24.28125,17.96875,17.229166666666668
42,mi_concept,0.0003162277660168,0.3,10.0,0.1,,1.0,True,0.1,exemplar_mean,0.5555032796495923,267.77647853438987,75,92.17156570837908,21.46875,16.635416666666668,10.135416666666666,16.864583333333332,12.708333333333334,11.739583333333334
42,mi_concept,0.001,0.3,10.0,0.1,,1.0,True,0.1,exemplar_mean,0.5769015891655581,259.29656345631645,75,123.9883473607655,15.104166666666666,11.34375,6.46875,11.072916666666666,8.572916666666666,6.90625
42,mi_concept,0.0031622776601683,0.3,10.0,0.1,,1.0,True,0.1,exemplar_mean,0.5980399788067937,253.83276897239665,75,191.86938125600608,9.75,7.34375,4.03125,6.958333333333333,5.520833333333333,4.854166666666667
42,mi_concept,0.01,0.3,10.0,0.1,,1.0,True,0.1,exemplar_mean,0.2130612606431718,367.87615767520566,75,212.3533069175698,5.208333333333333,5.53125,2.739583333333333,4.958333333333333,3.4479166666666665,3.15625
42,mi_concept,0.0316227766016837,0.3,10.0,0.1,,1.0,True,0.1,exemplar_mean,0.4218132277731553,311.7008395235655,75,445.6882802918714,3.8125,3.34375,1.8125,3.25,2.3125,2.21875
42,mi_concept,0.1,0.3,10.0,0.1,,1.0,True,0.1,exemplar_mean,0.0407235438359396,403.90282189957213,75,384.18949723012247,1.8020833333333333,1.9479166666666667,1.2916666666666667,2.020833333333333,1.5625,1.3645833333333333
42,mi_concept,0.3162277660168379,0.3,10.0,0.1,,1.0,True,0.1,exemplar_mean,0.0192205445683683,409.0996543008473,75,911.0824886940244,1.3125,1.3125,1.125,1.375,1.3125,1.1458333333333333
42,mi_concept,1.0,0.3,10.0,0.1,,1.0,True,0.1,exemplar_mean,0.0911125116964109,407.29263902803655,75,-3608.7464645144737,1.0416666666666667,1.09375,1.0833333333333333,1.125,1.125,1.0416666666666667
42,mi_concept,3.1622776601683795,0.3,10.0,0.1,,1.0,True,0.1,exemplar_mean,0.0080336295561689,407.29263902803655,75,-2377.5622651344006,1.0104166666666667,1.0104166666666667,1.0,1.0208333333333333,1.0416666666666667,1.0104166666666667
43,mi_concept,3.1622776601683795e-05,0.3,10.0,0.1,,1.0,True,0.2,exemplar_mean,0.5932105398428207,255.37454598411625,75,35.64402283012783,65.0,52.76041666666666,33.229166666666664,50.65625,44.82291666666666,40.82291666666666
43,mi_concept,0.0001,0.3,10.0,0.1,,1.0,True,0.2,exemplar_mean,0.443569799969934,303.9369406659904,75,49.971102065190934,40.5,35.302083333333336,21.947916666666668,38.208333333333336,28.39583333333333,24.23958333333333
43,mi_concept,0.0003162277660168,0.3,10.0,0.1,,1.0,True,0.2,exemplar_mean,0.4489569280818661,302.25296784339406,75,63.90105746003196,28.55208333333333,24.53125,14.895833333333334,23.375,17.635416666666668,15.135416666666666
43,mi_concept,0.001,0.3,10.0,0.1,,1.0,True,0.2,exemplar_mean,0.4393421136206229,306.47096223120013,75,92.93803513515512,18.46875,15.78125,8.71875,15.71875,12.229166666666666,10.302083333333334
43,mi_concept,0.0031622776601683,0.3,10.0,0.1,,1.0,True,0.2,exemplar_mean,0.5047561988575751,284.28833504551983,75,137.78146459529717,12.625,9.666666666666666,4.989583333333333,10.083333333333334,6.927083333333333,5.354166666666667
43,mi_concept,0.01,0.3,10.0,0.1,,1.0,True,0.2,exemplar_mean,0.286800803317205,350.0072877677838,75,238.0516048926116,6.333333333333333,5.770833333333333,3.395833333333333,6.114583333333333,4.625,3.1666666666666665
43,mi_concept,0.0316227766016837,0.3,10.0,0.1,,1.0,True,0.2,exemplar_mean,0.3042752551279734,343.73936148250823,75,466.8221521516706,3.7708333333333335,3.5104166666666665,2.3229166666666665,3.8333333333333335,2.59375,2.34375
43,mi_concept,0.1,0.3,10.0,0.1,,1.0,True,0.2,exemplar_mean,0.003100905610888,407.29263902803655,75,-119.96843558388238,1.84375,2.052083333333333,1.4895833333333333,2.03125,1.71875,1.4479166666666667
43,mi_concept,0.3162277660168379,0.3,10.0,0.1,,1.0,True,0.2,exemplar_mean,0.0083139971982764,407.29263902803655,75,-511.1114297471848,1.3229166666666667,1.4583333333333333,1.1666666666666667,1.3854166666666667,1.34375,1.3541666666666667
43,mi_concept,1.0,0.3,10.0,0.1,,1.0,True,0.2,exemplar_mean,0.1822312703491065,407.29263902803655,75,-4758.602953403147,1.0520833333333333,1.0520833333333333,1.0833333333333333,1.1354166666666667,1.1145833333333333,1.1145833333333333
43,mi_concept,3.1622776601683795,0.3,10.0,0.1,,1.0,True,0.2,exemplar_mean,0.0596158843852634,398.7549395697044,75,4544.082438165272,1.0625,1.0520833333333333,1.0104166666666667,1.0208333333333333,1.0208333333333333,1.0416666666666667
44,mi_concept,3.1622776601683795e-05,0.3,10.0,1.0,,0.5,True,0.1,exemplar_mean,0.5805671089734489,259.1134539322847,75,84.28601454570446,23.02083333333333,17.875,11.770833333333334,17.302083333333332,14.21875,11.291666666666666
44,mi_concept,0.0001,0.3,10.0,1.0,,0.5,True,0.1,exemplar_mean,0.5435354767768986,273.7788865684102,75,111.73610524412612,16.427083333333332,12.041666666666666,7.489583333333333,12.177083333333334,9.166666666666666,7.802083333333333
44,mi_concept,0.0003162277660168,0.3,10.0,1.0,,0.5,True,0.1,exemplar_mean,0.6373328171101852,239.5653113991537,75,154.3616262127909,12.104166666666666,8.052083333333334,4.8125,8.354166666666666,5.989583333333333,4.979166666666667
44,mi_concept,0.001,0.3,10.0,1.0,,0.5,True,0.1,exemplar_mean,0.5687874474977559,263.7723152641694,75,201.74743369874295,8.4375,5.729166666666667,3.0104166666666665,5.072916666666667,3.7083333333333335,3.3541666666666665
44,mi_concept,0.0031622776601683,0.3,10.0,1.0,,0.5,True,0.1,exemplar_mean,0.5894514620886206,258.8135335144688,75,278.99516865752287,6.145833333333333,4.020833333333333,2.270833333333333,4.0625,2.833333333333333,2.6354166666666665
44,mi_concept,0.01,0.3,10.0,1.0,,0.5,True,0.1,exemplar_mean,0.6242147920654815,245.98876490949527,75,369.9288304741016,4.458333333333333,2.9375,1.6354166666666667,3.145833333333333,1.9270833333333333,1.8333333333333333
44,mi_concept,0.0316227766016837,0.3,10.0,1.0,,0.5,True,0.1,exemplar_mean,0.4975956504085224,286.171617664103,75,501.61514620167105,3.145833333333333,2.395833333333333,1.2083333333333333,2.15625,1.5,1.2395833333333333
44,mi_concept,0.1,0.3,10.0,1.0,,0.5,True,0.1,exemplar_mean,0.4955892907416808,289.1197091203862,75,846.5837040769685,2.208333333333333,1.78125,1.1979166666666667,1.8229166666666667,1.2708333333333333,1.1041666666666667
44,mi_concept,0.3162277660168379,0.3,10.0,1.0,,0.5,True,0.1,exemplar_mean,0.4458169326439597,305.04717178029125,75,1481.937267561379,1.6458333333333333,1.4270833333333333,1.09375,1.25,1.1354166666666667,1.0729166666666667
44,mi_concept,1.0,0.3,10.0,1.0,,0.5,True,0.1,exemplar_mean,0.2922445512359785,347.3621508765217,75,3025.4230759571888,1.21875,1.21875,1.03125,1.1145833333333333,1.09375,1.0520833333333333
44,mi_concept,3.1622776601683795,0.3,10.0,1.0,,0.5,True,0.1,exemplar_mean,0.3212190600718466,342.3249620777378,75,7625.616590170631,1.09375,1.0520833333333333,1.0,1.0729166666666667,1.03125,1.0208333333333333
45,mi_concept,3.1622776601683795e-05,0.3,10.0,1.0,,0.5,True,0.2,exemplar_mean,0.458202400222684,300.34589776034466,75,58.791915818191654,33.083333333333336,27.53125,18.33333333333333,25.40625,20.48958333333333,17.729166666666668
45,mi_concept,0.0001,0.3,10.0,1.0,,0.5,True,0.2,exemplar_mean,0.4947915442103371,288.0623696845263,75,91.62834412088829,21.86458333333333,18.125,11.083333333333334,19.45833333333333,13.125,12.510416666666666
45,mi_concept,0.0003162277660168,0.3,10.0,1.0,,0.5,True,0.2,exemplar_mean,0.5092919914905119,284.4062912827289,75,117.85728503378505,15.854166666666666,12.75,7.802083333333333,13.541666666666666,9.09375,8.416666666666666
45,mi_concept,0.001,0.3,10.0,1.0,,0.5,True,0.2,exemplar_mean,0.476302327541961,295.21158146219466,75,174.29052345398077,10.625,8.739583333333334,5.03125,8.072916666666666,6.072916666666667,5.760416666666667
45,mi_concept,0.0031622776601683,0.3,10.0,1.0,,0.5,True,0.2,exemplar_mean,0.4693449793071513,295.8741631561739,75,200.89493182241333,7.916666666666667,6.416666666666667,3.3854166666666665,5.666666666666667,3.520833333333333,3.6145833333333335
45,mi_concept,0.01,0.3,10.0,1.0,,0.5,True,0.2,exemplar_mean,0.4956611822973619,288.15366078512363,75,288.553979277696,5.489583333333333,4.239583333333333,2.34375,4.447916666666667,2.645833333333333,2.427083333333333
45,mi_concept,0.0316227766016837,0.3,10.0,1.0,,0.5,True,0.2,exemplar_mean,0.5251008431990531,280.1916254028792,75,510.8891858651527,3.5729166666666665,2.645833333333333,1.6666666666666667,2.8229166666666665,1.9583333333333333,1.71875
45,mi_concept,0.1,0.3,10.0,1.0,,0.5,True,0.2,exemplar_mean,0.5541711338820928,266.8512153905834,75,821.1254452338322,2.489583333333333,1.84375,1.2604166666666667,2.09375,1.375,1.28125
45,mi_concept,0.3162277660168379,0.3,10.0,1.0,,0.5,True,0.2,exemplar_mean,0.5723087036143099,264.5471924673203,75,1424.2642007402503,1.8020833333333333,1.40625,1.0833333333333333,1.3229166666666667,1.1979166666666667,1.1354166666666667
45,mi_concept,1.0,0.3,10.0,1.0,,0.5,True,0.2,exemplar_mean,0.4349725888149788,306.0039263231621,75,3866.694004429539,1.25,1.1770833333333333,1.0416666666666667,1.15625,1.1041666666666667,1.0208333333333333
45,mi_concept,3.1622776601683795,0.3,10.0,1.0,,0.5,True,0.2,exemplar_mean,0.1990468521102378,369.7670628963634,75,8848.44357607964,1.0520833333333333,1.0625,1.0,1.0625,1.0104166666666667,1.0104166666666667
46,mi_concept,3.1622776601683795e-05,0.3,10.0,1.0,,1.0,True,0.1,exemplar_mean,0.5533994732265493,268.9031646155136,75,87.83806698240477,22.40625,17.395833333333332,11.34375,18.11458333333333,14.104166666666666,12.197916666666666
46,mi_concept,0.0001,0.3,10.0,1.0,,1.0,True,0.1,exemplar_mean,0.5212724709387246,280.6782936653851,75,128.83722404042803,15.34375,11.291666666666666,7.822916666666667,11.65625,8.260416666666666,7.864583333333333
46,mi_concept,0.0003162277660168,0.3,10.0,1.0,,1.0,True,0.1,exemplar_mean,0.5593816100354122,267.2662729721396,75,159.26082733624887,11.229166666666666,8.635416666666666,4.739583333333333,9.0625,6.166666666666667,5.020833333333333
46,mi_concept,0.001,0.3,10.0,1.0,,1.0,True,0.1,exemplar_mean,0.5748101090901304,262.2613141782448,75,206.54242587640204,8.4375,5.729166666666667,3.552083333333333,5.645833333333333,3.9479166666666665,3.59375
46,mi_concept,0.0031622776601683,0.3,10.0,1.0,,1.0,True,0.1,exemplar_mean,0.5571327024334519,269.64559832845066,75,275.0550797593499,6.09375,4.145833333333333,2.333333333333333,4.104166666666667,2.5625,2.4375
46,mi_concept,0.01,0.3,10.0,1.0,,1.0,True,0.1,exemplar_mean,0.5782199359523922,262.61917537210024,75,335.47379879879423,4.760416666666667,3.1041666666666665,1.7083333333333333,3.083333333333333,2.1979166666666665,1.7604166666666667
46,mi_concept,0.0316227766016837,0.3,10.0,1.0,,1.0,True,0.1,exemplar_mean,0.5105236077668958,285.1566022568802,75,412.9668817553756,3.5,2.583333333333333,1.3333333333333333,2.2916666666666665,1.6041666666666667,1.3333333333333333
46,mi_concept,0.1,0.3,10.0,1.0,,1.0,True,0.1,exemplar_mean,0.3883113357554376,321.52879331981524,75,865.3530070828622,2.0416666666666665,1.8645833333333333,1.15625,1.75,1.3333333333333333,1.1354166666666667
46,mi_concept,0.3162277660168379,0.3,10.0,1.0,,1.0,True,0.1,exemplar_mean,0.4537638065088927,301.16386240628356,75,1781.6874949257378,1.5729166666666667,1.3958333333333333,1.0833333333333333,1.3958333333333333,1.1145833333333333,1.0833333333333333
46,mi_concept,1.0,0.3,10.0,1.0,,1.0,True,0.1,exemplar_mean,0.5012463557234952,292.18480558920066,75,3400.64485585344,1.3125,1.15625,1.03125,1.125,1.0625,1.0625
46,mi_concept,3.1622776601683795,0.3,10.0,1.0,,1.0,True,0.1,exemplar_mean,0.003383015051609,408.87527634613906,75,1341.5368925785776,1.0416666666666667,1.03125,1.0,1.0520833333333333,1.03125,1.0104166666666667
47,mi_concept,3.1622776601683795e-05,0.3,10.0,1.0,,1.0,True,0.2,exemplar_mean,0.4113425431560764,314.5168300857816,75,63.427551290116725,32.104166666666664,25.78125,18.59375,27.39583333333333,20.4375,17.145833333333332
47,mi_concept,0.0001,0.3,10.0,1.0,,1.0,True,0.2,exemplar_mean,0.5419596017754331,273.87763404311954,75,85.53712861240925,23.729166666666668,17.78125,12.78125,18.166666666666668,13.895833333333334,11.28125
47,mi_concept,0.0003162277660168,0.3,10.0,1.0,,1.0,True,0.2,exemplar_mean,0.5184137181464352,281.38061945639026,75,120.3363142159615,16.208333333333332,12.385416666666666,7.9375,11.854166666666666,8.875,7.895833333333333
47,mi_concept,0.001,0.3,10.0,1.0,,1.0,True,0.2,exemplar_mean,0.4412855417635674,306.3347161634823,75,133.57959363364992,11.583333333333334,9.427083333333334,4.9375,8.583333333333334,6.1875,5.083333333333333
47,mi_concept,0.0031622776601683,0.3,10.0,1.0,,1.0,True,0.2,exemplar_mean,0.6120013298786586,249.50382751081105,75,201.96633517734392,8.739583333333334,5.833333333333333,3.6979166666666665,5.729166666666667,4.3125,3.7395833333333335
47,mi_concept,0.01,0.3,10.0,1.0,,1.0,True,0.2,exemplar_mean,0.533607253029572,277.3710590931236,75,302.4745634686247,5.541666666666667,3.9895833333333335,2.3854166666666665,4.541666666666667,2.75,2.302083333333333
47,mi_concept,0.0316227766016837,0.3,10.0,1.0,,1.0,True,0.2,exemplar_mean,0.5253404303175605,277.70706331760664,75,442.5157210078416,3.8020833333333335,2.875,1.53125,2.9375,1.7916666666666667,1.6458333333333333
47,mi_concept,0.1,0.3,10.0,1.0,,1.0,True,0.2,exemplar_mean,0.4238129096245033,311.0020217195025,75,736.682577314776,2.3854166666666665,1.9270833333333333,1.21875,2.0625,1.46875,1.21875
47,mi_concept,0.3162277660168379,0.3,10.0,1.0,,1.0,True,0.2,exemplar_mean,0.3910644113572815,320.90677618039496,75,1768.9390469420744,1.5833333333333333,1.3541666666666667,1.0625,1.3958333333333333,1.1979166666666667,1.0520833333333333
47,mi_concept,1.0,0.3,10.0,1.0,,1.0,True,0.2,exemplar_mean,0.2148715017704329,370.15707897800394,75,2304.691973571062,1.2708333333333333,1.2604166666666667,1.0104166666666667,1.15625,1.1041666666666667,1.0625
47,mi_concept,3.1622776601683795,0.3,10.0,1.0,,1.0,True,0.2,exemplar_mean,0.4231512430085404,312.49532199079925,75,7767.064596602261,1.1041666666666667,1.0833333333333333,1.0208333333333333,1.0729166666666667,1.0104166666666667,1.0
