setting,metric,world_EIGs,V_prior,alpha_prior,beta_prior,eps_fixed,sd_epsilon,infer_eps,sigma_true,window,r2_21,rmse21_full,rmse21_cv,b21,bg1,bg2,bg11,dev
0,eig_code,3.162277660168379e-06,1.0,1.0,0.1,,0.5,True,0.1,exemplar_mean,0.26365878280492155,312.430744836953,330.71336201571296,88.8314908210012,80.0,79.38541666666667,75.20833333333333,77.18229166666666
0,eig_code,1e-05,1.0,1.0,0.1,,0.5,True,0.1,exemplar_mean,0.08016668430028456,349.19561087763793,385.685469297734,22.092786304304315,79.55208333333333,78.51041666666667,60.90625,71.19895833333335
0,eig_code,3.1622776601683795e-05,1.0,1.0,0.1,,0.5,True,0.1,exemplar_mean,0.046497049371642625,355.52916208726424,385.0939296007124,10.260284330796322,78.86458333333333,74.5625,52.59375,60.567708333333336
0,eig_code,0.0001,1.0,1.0,0.1,,0.5,True,0.1,exemplar_mean,0.07442650032264608,350.2834871089192,392.97308143736643,10.505881554232927,77.64583333333333,71.15625,41.427083333333336,51.952083333333334
0,eig_code,0.0003162277660168,1.0,1.0,0.1,,0.5,True,0.1,exemplar_mean,0.10554144813839829,344.345426341353,390.2317945623463,11.351806579251795,69.45833333333333,59.79166666666666,28.760416666666668,38.21666666666666
0,eig_code,0.001,1.0,1.0,0.1,,0.5,True,0.1,exemplar_mean,0.1385933328883869,337.9234442441788,385.11358015168963,17.731604349771963,52.864583333333336,37.770833333333336,24.291666666666668,26.407291666666662
0,eig_code,0.0031622776601683,1.0,1.0,0.1,,0.5,True,0.1,exemplar_mean,0.1961553819695319,326.43766510013415,380.4294986677393,30.06033630400123,36.333333333333336,20.39583333333333,13.40625,16.489583333333332
0,eig_code,0.01,1.0,1.0,0.1,,0.5,True,0.1,exemplar_mean,0.18439907711231437,328.8160916116155,378.6959826844686,48.679234438289086,22.80208333333333,13.385416666666666,8.427083333333334,9.446874999999999
0,eig_code,0.0316227766016837,1.0,1.0,0.1,,0.5,True,0.1,exemplar_mean,0.2150518250984098,322.57796710166224,374.57316232684997,92.65845688037335,12.770833333333334,7.34375,4.635416666666667,5.386458333333333
0,eig_code,0.0999999999999999,1.0,1.0,0.1,,0.5,True,0.1,exemplar_mean,0.22676991501465646,320.16111242783256,376.4333281390751,128.4086991988417,8.614583333333334,5.114583333333333,2.489583333333333,3.209375
0,eig_code,0.3162277660168379,1.0,1.0,0.1,,0.5,True,0.1,exemplar_mean,0.2133734485840275,322.92265112095,376.67874186638636,223.24077953429187,5.21875,3.1041666666666665,1.7291666666666667,2.1604166666666664
0,kl,3.162277660168379e-06,1.0,1.0,0.1,,0.5,True,0.1,exemplar_mean,0.18245992060764601,329.2067528365195,365.1126703967383,21.971536267304725,79.41666666666667,74.125,52.71875,65.12916666666666
0,kl,1e-05,1.0,1.0,0.1,,0.5,True,0.1,exemplar_mean,0.11123942549182625,343.2468806449045,386.84142462980265,11.723528714867943,76.71875,69.86458333333333,43.03125,51.753125
0,kl,3.1622776601683795e-05,1.0,1.0,0.1,,0.5,True,0.1,exemplar_mean,0.1828372867303297,329.1307652377223,383.9651551049372,14.156503715440518,71.80208333333333,59.71875,28.229166666666668,39.452083333333334
0,kl,0.0001,1.0,1.0,0.1,,0.5,True,0.1,exemplar_mean,0.22834728336810023,319.8343857314162,376.9242139525109,18.266702942873028,64.80208333333333,39.625,21.65625,28.682291666666668
0,kl,0.0003162277660168,1.0,1.0,0.1,,0.5,True,0.1,exemplar_mean,0.21070189000092707,323.470544866686,375.9964200955269,27.06080225934377,42.270833333333336,27.65625,15.135416666666666,19.398958333333333
0,kl,0.001,1.0,1.0,0.1,,0.5,True,0.1,exemplar_mean,0.23848983372774746,317.7254924119497,368.5777539734327,42.41426137810585,28.65625,16.552083333333332,8.208333333333334,12.186458333333333
0,kl,0.0031622776601683,1.0,1.0,0.1,,0.5,True,0.1,exemplar_mean,0.2547480948015772,314.31546959453215,359.58559475309494,63.16216225853372,19.447916666666668,10.791666666666666,5.71875,7.571875
0,kl,0.01,1.0,1.0,0.1,,0.5,True,0.1,exemplar_mean,0.24172498043980126,317.0498726662324,373.08554643683976,100.26325500981885,11.697916666666666,6.96875,3.53125,4.638541666666667
0,kl,0.0316227766016837,1.0,1.0,0.1,,0.5,True,0.1,exemplar_mean,0.1740148131001058,330.90272076096636,387.4605315620524,125.55336506422505,7.239583333333333,5.447916666666667,2.145833333333333,3.091666666666667
0,kl,0.0999999999999999,1.0,1.0,0.1,,0.5,True,0.1,exemplar_mean,0.1402482862841762,337.59867521177034,392.83025493598194,207.31854576158008,4.1875,3.6145833333333335,1.7083333333333333,2.1374999999999997
0,kl,0.3162277660168379,1.0,1.0,0.1,,0.5,True,0.1,exemplar_mean,0.17912821783892005,329.87687524898627,369.65753806717476,431.96886238886,2.364583333333333,2.1354166666666665,1.3541666666666667,1.6270833333333332
0,mi,3.1622776601683795e-05,1.0,1.0,0.1,,0.5,True,0.1,exemplar_mean,0.11755236411203705,342.02565291000013,383.21804868119114,10.365329386928009,78.40625,68.05208333333333,39.302083333333336,52.37083333333332
0,mi,0.0001,1.0,1.0,0.1,,0.5,True,0.1,exemplar_mean,0.19790718339843447,326.08177177661554,372.4818744465077,13.462697007874256,75.17708333333333,55.9375,24.64583333333333,40.93020833333333
0,mi,0.0003162277660168,1.0,1.0,0.1,,0.5,True,0.1,exemplar_mean,0.22612594225075436,320.2944053059212,374.4599612187805,17.055815045156123,64.21875,44.583333333333336,24.59375,30.98645833333333
0,mi,0.001,1.0,1.0,0.1,,0.5,True,0.1,exemplar_mean,0.16787885749490536,332.1295269956592,385.91340996504294,17.743658941243993,48.5625,33.895833333333336,15.947916666666666,18.661458333333336
0,mi,0.0031622776601683,1.0,1.0,0.1,,0.5,True,0.1,exemplar_mean,0.188021246588929,328.08512571194393,381.55156240846605,28.943715618308783,32.864583333333336,18.09375,8.385416666666666,11.13125
0,mi,0.01,1.0,1.0,0.1,,0.5,True,0.1,exemplar_mean,0.1995943036908634,325.7386514058826,376.8445041058812,57.79369009157027,18.229166666666668,10.21875,4.71875,6.515625
0,mi,0.0316227766016837,1.0,1.0,0.1,,0.5,True,0.1,exemplar_mean,0.22609444669627912,320.3009229990465,372.56521210636,102.64673662406621,10.8125,5.489583333333333,3.1875,3.775
0,mi,0.0999999999999999,1.0,1.0,0.1,,0.5,True,0.1,exemplar_mean,0.26687170392806253,311.74837590709683,367.19699298147617,161.7373328757587,7.239583333333333,3.5416666666666665,1.9583333333333333,2.527083333333333
0,mi,0.3162277660168379,1.0,1.0,0.1,,0.5,True,0.1,exemplar_mean,0.15652382921401856,334.38794899926665,386.04597340891644,219.54929018006823,4.166666666666667,2.71875,1.3645833333333333,1.7145833333333331
0,mi,1.0,1.0,1.0,0.1,,0.5,True,0.1,exemplar_mean,0.14554337128834122,336.55745914009844,386.5315516424468,434.9220678984706,2.4375,1.8645833333333333,1.1875,1.4416666666666667
0,mi,3.162277660168379,1.0,1.0,0.1,,0.5,True,0.1,exemplar_mean,0.09519685313710896,346.3309146316625,393.07902987898314,562.7665012871179,1.6875,1.71875,1.125,1.2354166666666666
0,mi_concept,3.1622776601683795e-05,1.0,1.0,0.1,,0.5,True,0.1,exemplar_mean,0.6920780408006815,202.03868785739965,192.18559648347195,194.37352722786684,24.21875,19.67708333333333,17.53125,20.666666666666664
0,mi_concept,0.0001,1.0,1.0,0.1,,0.5,True,0.1,exemplar_mean,0.5726614194230883,238.01277082873608,236.70522450283642,290.651612536093,15.28125,13.447916666666666,11.635416666666666,13.657291666666666
0,mi_concept,0.0003162277660168,1.0,1.0,0.1,,0.5,True,0.1,exemplar_mean,0.5943759687354389,231.88681051215838,243.11747650004713,308.07512968221636,11.270833333333334,9.958333333333334,7.864583333333333,9.394791666666666
0,mi_concept,0.001,1.0,1.0,0.1,,0.5,True,0.1,exemplar_mean,0.32012221043649497,300.21309755593995,328.31820171687775,329.60371255201215,7.96875,6.28125,5.395833333333333,5.913541666666666
0,mi_concept,0.0031622776601683,1.0,1.0,0.1,,0.5,True,0.1,exemplar_mean,0.29678954101283905,305.3211358522547,336.58365768359215,370.29076961318407,5.947916666666667,4.604166666666667,3.6979166666666665,4.009375
0,mi_concept,0.01,1.0,1.0,0.1,,0.5,True,0.1,exemplar_mean,0.23421010873053685,318.6170580386699,363.1165736671658,408.49570517287367,3.8854166666666665,3.6770833333333335,2.1979166666666665,2.7927083333333336
0,mi_concept,0.0316227766016837,1.0,1.0,0.1,,0.5,True,0.1,exemplar_mean,0.08016983294407674,349.1950132185215,387.1944059891907,351.5908700114595,2.4166666666666665,2.6041666666666665,1.71875,1.915625
0,mi_concept,0.0999999999999999,1.0,1.0,0.1,,0.5,True,0.1,exemplar_mean,0.025770643348571085,359.37247836445044,385.91405686499326,261.65762275968183,1.8645833333333333,2.0,1.25,1.4395833333333337
0,mi_concept,0.3162277660168379,1.0,1.0,0.1,,0.5,True,0.1,exemplar_mean,0.04492711313111792,355.8217299045957,378.6429814518815,780.5678181424444,1.3541666666666667,1.2604166666666667,1.09375,1.228125
0,mi_concept,1.0,1.0,1.0,0.1,,0.5,True,0.1,exemplar_mean,0.005070248332614743,364.09457553176964,366.433817409494,-628.0267006951364,1.09375,1.1354166666666667,1.0729166666666667,1.0989583333333335
0,mi_concept,3.162277660168379,1.0,1.0,0.1,,0.5,True,0.1,exemplar_mean,0.00020825990527753655,364.09457553176964,371.6328479738136,-167.56944447745087,1.0625,1.09375,1.0104166666666667,1.0322916666666668
0,surprisal_b,0.01,1.0,1.0,0.1,,0.5,True,0.1,exemplar_mean,,,,,80.0,80.0,80.0,80.0
0,surprisal_b,0.0251188643150957,1.0,1.0,0.1,,0.5,True,0.1,exemplar_mean,0.014683286891906708,361.41163797185266,380.50416931746594,17.98683328446797,70.27083333333333,69.45833333333333,69.125,67.24166666666667
0,surprisal_b,0.0630957344480193,1.0,1.0,0.1,,0.5,True,0.1,exemplar_mean,0.3519579904992003,293.09997990328264,302.3814863164021,72.1786260295562,54.927083333333336,58.052083333333336,49.8125,53.33645833333334
0,surprisal_b,0.1584893192461114,1.0,1.0,0.1,,0.5,True,0.1,exemplar_mean,0.21449766068761184,322.6918151842988,346.26681614512916,55.5900649419109,35.239583333333336,30.42708333333333,28.104166666666668,32.506249999999994
0,surprisal_b,0.3981071705534973,1.0,1.0,0.1,,0.5,True,0.1,exemplar_mean,0.00010959447002148811,364.074623609078,368.53508354107316,2.569185918902379,14.354166666666666,17.791666666666668,12.666666666666666,14.6125
0,surprisal_b,1.0,1.0,1.0,0.1,,0.5,True,0.1,exemplar_mean,0.07236928629706339,350.67254758582845,393.47039835085945,123.85900784501689,8.052083333333334,7.364583333333333,5.583333333333333,6.496875
0,surprisal_b,2.511886431509582,1.0,1.0,0.1,,0.5,True,0.1,exemplar_mean,0.005974989385054494,363.00521525280686,377.93602350162547,83.16998979935873,3.8854166666666665,3.8333333333333335,2.78125,3.120833333333333
0,surprisal_b,6.309573444801936,1.0,1.0,0.1,,0.5,True,0.1,exemplar_mean,0.10699995600189215,344.0645662540316,380.5150535070065,786.937707056162,2.2291666666666665,2.114583333333333,1.5520833333333333,1.925
0,surprisal_b,15.848931924611142,1.0,1.0,0.1,,0.5,True,0.1,exemplar_mean,0.2600026341975794,313.2054392046774,311.38999248319254,2748.179317321448,1.4270833333333333,1.40625,1.34375,1.4135416666666667
0,surprisal_b,39.81071705534973,1.0,1.0,0.1,,0.5,True,0.1,exemplar_mean,2.509692841281679e-05,364.0900066753546,368.0807107533965,46.28406845588134,1.1458333333333333,1.2083333333333333,1.1666666666666667,1.1427083333333332
0,surprisal_b,100.0,1.0,1.0,0.1,,0.5,True,0.1,exemplar_mean,0.0020319584250011297,363.7244749087725,371.42277703615275,597.5525032224367,1.0729166666666667,1.0208333333333333,1.0520833333333333,1.0666666666666667
1,eig_code,3.162277660168379e-06,1.0,1.0,0.1,,0.5,True,0.2,exemplar_mean,0.11903398975557132,341.73840251368534,382.0922897942401,42.31394480890631,80.0,79.55208333333333,69.22916666666667,74.26458333333332
1,eig_code,1e-05,1.0,1.0,0.1,,0.5,True,0.2,exemplar_mean,0.21448147414111288,322.69513996062454,361.8901447685858,24.289359600645568,79.86458333333333,78.63541666666667,56.46875,65.91770833333332
1,eig_code,3.1622776601683795e-05,1.0,1.0,0.1,,0.5,True,0.2,exemplar_mean,0.1728015618055899,331.14565540699675,376.8480565505692,12.802576640991948,77.71875,75.03125,41.22916666666666,52.695833333333326
1,eig_code,0.0001,1.0,1.0,0.1,,0.5,True,0.2,exemplar_mean,0.1560978460255994,334.4723767931249,386.1762445003008,11.181358247989994,76.3125,59.3125,30.42708333333333,38.74479166666667
1,eig_code,0.0003162277660168,1.0,1.0,0.1,,0.5,True,0.2,exemplar_mean,0.1578688579285307,334.1212308321529,386.95240535314275,11.525968749357228,68.73958333333333,50.0,19.36458333333333,28.18333333333333
1,eig_code,0.001,1.0,1.0,0.1,,0.5,True,0.2,exemplar_mean,0.18085965733479362,329.52879204977626,381.4035248986144,18.6291750349593,51.34375,31.9375,14.15625,19.569791666666667
1,eig_code,0.0031622776601683,1.0,1.0,0.1,,0.5,True,0.2,exemplar_mean,0.2361116407012425,318.2212333485385,371.22032414014996,33.73000610528691,33.833333333333336,18.34375,10.4375,12.865625
1,eig_code,0.01,1.0,1.0,0.1,,0.5,True,0.2,exemplar_mean,0.18813518313338456,328.0621065154665,381.25899882034884,53.81035533560265,18.92708333333333,11.645833333333334,6.583333333333333,7.689583333333334
1,eig_code,0.0316227766016837,1.0,1.0,0.1,,0.5,True,0.2,exemplar_mean,0.2085811664666738,323.9048113483694,379.4242612629996,89.0328165879141,11.1875,6.875,3.375,4.823958333333334
1,eig_code,0.0999999999999999,1.0,1.0,0.1,,0.5,True,0.2,exemplar_mean,0.22408020892852787,320.717474456245,374.2738624466854,155.74938174345573,7.552083333333333,3.7916666666666665,2.25,2.902083333333333
1,eig_code,0.3162277660168379,1.0,1.0,0.1,,0.5,True,0.2,exemplar_mean,0.1606878582020844,333.56153332838284,383.8062566307149,211.40699355887932,4.666666666666667,2.7916666666666665,1.5833333333333333,1.9416666666666664
1,kl,3.162277660168379e-06,1.0,1.0,0.1,,0.5,True,0.2,exemplar_mean,0.14120252146830536,337.41127345009744,375.0786756179328,12.224978305273963,79.5625,77.72916666666667,44.47916666666666,59.796875
1,kl,1e-05,1.0,1.0,0.1,,0.5,True,0.2,exemplar_mean,0.12170966635382434,341.2190426385019,387.32093962922175,8.752270073136867,77.52083333333333,75.17708333333333,32.614583333333336,45.07291666666667
1,kl,3.1622776601683795e-05,1.0,1.0,0.1,,0.5,True,0.2,exemplar_mean,0.1579524206355691,334.104653386089,385.46136355804975,9.946449165081372,74.45833333333333,62.25,23.61458333333333,34.78125
1,kl,0.0001,1.0,1.0,0.1,,0.5,True,0.2,exemplar_mean,0.1743048309822174,330.8446227870271,387.6321469573649,12.005093074917125,68.16666666666667,49.125,16.71875,25.24791666666666
1,kl,0.0003162277660168,1.0,1.0,0.1,,0.5,True,0.2,exemplar_mean,0.26584383186489796,311.96684054045494,366.1254206990437,22.43233075943826,49.79166666666666,27.041666666666668,12.34375,18.601041666666667
1,kl,0.001,1.0,1.0,0.1,,0.5,True,0.2,exemplar_mean,0.25409101576937343,314.45400302158566,366.7489799390578,34.886932703624474,32.114583333333336,17.052083333333332,8.802083333333334,13.048958333333335
1,kl,0.0031622776601683,1.0,1.0,0.1,,0.5,True,0.2,exemplar_mean,0.23922557833233885,317.5719676671143,374.2517059902164,57.4955807472357,19.90625,12.0,6.510416666666667,7.758333333333335
1,kl,0.01,1.0,1.0,0.1,,0.5,True,0.2,exemplar_mean,0.2138353111984206,322.82783624433324,378.7036513019969,98.24434185260047,11.0625,7.28125,3.8541666666666665,5.113541666666667
1,kl,0.0316227766016837,1.0,1.0,0.1,,0.5,True,0.2,exemplar_mean,0.22194466242701477,321.1585229204463,379.6248019150641,144.79458828436174,7.572916666666667,5.166666666666667,2.145833333333333,3.257291666666667
1,kl,0.0999999999999999,1.0,1.0,0.1,,0.5,True,0.2,exemplar_mean,0.2128118935464269,323.0378941732474,376.7120541025685,258.7475439267954,4.4375,3.375,1.7395833333333333,2.1625
1,kl,0.3162277660168379,1.0,1.0,0.1,,0.5,True,0.2,exemplar_mean,0.16821159060743912,332.06311747001155,385.30664737788214,441.23794424452063,2.84375,2.114583333333333,1.3229166666666667,1.540625
1,mi,3.1622776601683795e-05,1.0,1.0,0.1,,0.5,True,0.2,exemplar_mean,0.1674555324615903,332.2139983897538,382.61897841328766,9.772917249837992,78.63541666666667,74.35416666666667,28.65625,43.158333333333324
1,mi,0.0001,1.0,1.0,0.1,,0.5,True,0.2,exemplar_mean,0.13437764757881715,338.74932605457343,387.35006972878836,8.778586559109396,74.96875,62.29166666666666,20.010416666666668,33.463541666666664
1,mi,0.0003162277660168,1.0,1.0,0.1,,0.5,True,0.2,exemplar_mean,0.2196947498157262,321.6225368263499,379.19930079377707,13.825724711434038,66.125,44.458333333333336,14.125,25.161458333333332
1,mi,0.001,1.0,1.0,0.1,,0.5,True,0.2,exemplar_mean,0.21437058876689755,322.71791530423025,377.39619332362616,19.04456682106849,50.958333333333336,26.697916666666668,9.510416666666666,15.709375
1,mi,0.0031622776601683,1.0,1.0,0.1,,0.5,True,0.2,exemplar_mean,0.2406149378314691,317.28185324812677,372.89060786724605,34.98541711300875,30.89583333333333,16.291666666666668,6.9375,10.311458333333333
1,mi,0.01,1.0,1.0,0.1,,0.5,True,0.2,exemplar_mean,0.2290187813666221,319.6951942993105,374.44826446655264,58.30625380567595,18.15625,8.833333333333334,4.260416666666667,6.0947916666666675
1,mi,0.0316227766016837,1.0,1.0,0.1,,0.5,True,0.2,exemplar_mean,0.2552329963618706,314.2131975570255,358.46084665781973,107.1545498239251,10.697916666666666,5.833333333333333,2.489583333333333,3.9
1,mi,0.0999999999999999,1.0,1.0,0.1,,0.5,True,0.2,exemplar_mean,0.22336366323815532,320.86552822120217,377.8283979866712,153.1488113707713,6.927083333333333,3.78125,1.84375,2.4875
1,mi,0.3162277660168379,1.0,1.0,0.1,,0.5,True,0.2,exemplar_mean,0.14533608896997136,336.59827933954153,388.6530475952655,254.53024535360439,3.5729166666666665,2.770833333333333,1.40625,1.7458333333333331
1,mi,1.0,1.0,1.0,0.1,,0.5,True,0.2,exemplar_mean,0.17255644008907758,331.1947155691726,384.9791234755836,459.1701837864142,2.4479166666666665,1.8645833333333333,1.15625,1.4166666666666665
1,mi,3.162277660168379,1.0,1.0,0.1,,0.5,True,0.2,exemplar_mean,0.0796069644414826,349.3018377290475,389.9935344496066,613.5982219570034,1.6875,1.5625,1.15625,1.1958333333333333
1,mi_concept,3.1622776601683795e-05,1.0,1.0,0.1,,0.5,True,0.2,exemplar_mean,0.49911350930186454,257.6818726279728,270.6546294788519,115.97834504458598,34.322916666666664,29.5,26.11458333333333,30.694791666666667
1,mi_concept,0.0001,1.0,1.0,0.1,,0.5,True,0.2,exemplar_mean,0.31285707726827056,301.8128647108383,321.016264556962,139.9308043526239,24.58333333333333,20.885416666666668,18.979166666666668,20.127083333333335
1,mi_concept,0.0003162277660168,1.0,1.0,0.1,,0.5,True,0.2,exemplar_mean,0.3551406004430036,292.379369959454,318.26168485336177,189.46535401660478,16.46875,14.010416666666666,11.9375,13.15
1,mi_concept,0.001,1.0,1.0,0.1,,0.5,True,0.2,exemplar_mean,0.2752261503264885,309.9670044764421,353.73862988354415,232.8086738688924,10.65625,9.989583333333334,7.71875,8.501041666666667
1,mi_concept,0.0031622776601683,1.0,1.0,0.1,,0.5,True,0.2,exemplar_mean,0.24388196754693112,316.5986119109542,362.60092668460805,304.6487887515417,7.145833333333333,6.520833333333333,4.364583333333333,5.4125000000000005
1,mi_concept,0.01,1.0,1.0,0.1,,0.5,True,0.2,exemplar_mean,0.19184005792310535,327.31270907772824,377.3467965584222,354.731437836417,4.604166666666667,4.5,3.083333333333333,3.56875
1,mi_concept,0.0316227766016837,1.0,1.0,0.1,,0.5,True,0.2,exemplar_mean,0.2253379385938391,320.45743502792743,351.2555496801764,654.3869656091557,2.78125,2.6979166666666665,2.15625,2.3635416666666664
1,mi_concept,0.0999999999999999,1.0,1.0,0.1,,0.5,True,0.2,exemplar_mean,0.0558095960106338,353.78873449230593,384.3181107318954,516.807197813227,1.8645833333333333,1.78125,1.46875,1.5760416666666668
1,mi_concept,0.3162277660168379,1.0,1.0,0.1,,0.5,True,0.2,exemplar_mean,0.09087991856433637,347.1561266297595,382.3426853579369,1267.6590868982826,1.3854166666666667,1.3125,1.0833333333333333,1.2395833333333335
1,mi_concept,1.0,1.0,1.0,0.1,,0.5,True,0.2,exemplar_mean,0.0013594926982200255,364.09457553176964,364.21186329018144,-402.5538260111568,1.0833333333333333,1.15625,1.03125,1.0739583333333333
1,mi_concept,3.162277660168379,1.0,1.0,0.1,,0.5,True,0.2,exemplar_mean,0.00011428390330583512,364.09457553176964,371.7853470632768,-234.6801554234209,1.0104166666666667,1.0104166666666667,1.03125,1.0281250000000002
1,surprisal_b,0.01,1.0,1.0,0.1,,0.5,True,0.2,exemplar_mean,0.12765821938413838,340.06156201469764,350.0478955979919,67.61653652658038,74.67708333333333,72.63541666666667,71.47916666666667,74.21354166666666
1,surprisal_b,0.0251188643150957,1.0,1.0,0.1,,0.5,True,0.2,exemplar_mean,0.3545778909186467,292.5069084434859,309.5443045353633,104.8362166030142,68.57291666666667,67.52083333333333,66.54166666666667,66.26770833333333
1,surprisal_b,0.0630957344480193,1.0,1.0,0.1,,0.5,True,0.2,exemplar_mean,0.0016201505206037156,364.09457553176964,362.4113858881115,-7.065671633381631,52.375,48.177083333333336,49.333333333333336,48.41041666666666
1,surprisal_b,0.1584893192461114,1.0,1.0,0.1,,0.5,True,0.2,exemplar_mean,0.014374960152493866,361.46818027666137,381.60368169609967,15.61333952479193,30.73958333333333,32.552083333333336,24.15625,27.20208333333333
1,surprisal_b,0.3981071705534973,1.0,1.0,0.1,,0.5,True,0.2,exemplar_mean,0.002881291999542344,363.5696657606599,379.3677573179462,12.000121654645314,13.875,17.0625,11.625,12.477083333333335
1,surprisal_b,1.0,1.0,1.0,0.1,,0.5,True,0.2,exemplar_mean,0.11075631779685544,343.34015811782496,378.12063754968887,205.4142193597607,6.177083333333333,5.895833333333333,4.854166666666667,5.859375000000001
1,surprisal_b,2.511886431509582,1.0,1.0,0.1,,0.5,True,0.2,exemplar_mean,0.005318208814725527,363.1251193804252,378.5284448958842,101.14509570986851,3.09375,3.1979166666666665,3.0729166666666665,2.9156249999999995
1,surprisal_b,6.309573444801936,1.0,1.0,0.1,,0.5,True,0.2,exemplar_mean,0.1485521220056568,335.9643860373132,353.756250256989,1627.3021419182937,1.90625,1.7916666666666667,1.7708333333333333,1.8083333333333336
1,surprisal_b,15.848931924611142,1.0,1.0,0.1,,0.5,True,0.2,exemplar_mean,0.02645177023315234,359.24682979221575,358.25313124716706,906.8445052829169,1.2708333333333333,1.4166666666666667,1.2916666666666667,1.3208333333333333
1,surprisal_b,39.81071705534973,1.0,1.0,0.1,,0.5,True,0.2,exemplar_mean,0.020640035890492105,360.317521728894,374.3812054199811,1333.0369298519897,1.1145833333333333,1.1354166666666667,1.0833333333333333,1.146875
1,surprisal_b,100.0,1.0,1.0,0.1,,0.5,True,0.2,exemplar_mean,0.02976000865977549,364.09457553176964,363.42442938644996,-3634.22590441383,1.0416666666666667,1.0625,1.0729166666666667,1.0541666666666667
2,eig_code,3.162277660168379e-06,1.0,1.0,0.1,,1.0,True,0.1,exemplar_mean,,,,,80.0,80.0,80.0,80.0
2,eig_code,1e-05,1.0,1.0,0.1,,1.0,True,0.1,exemplar_mean,0.10330063232275474,344.77648712889584,374.70516700954477,22.93587893181362,79.15625,79.91666666666667,61.989583333333336,70.70625
2,eig_code,3.1622776601683795e-05,1.0,1.0,0.1,,1.0,True,0.1,exemplar_mean,0.09423958859863754,346.5140719639881,383.8742429546599,15.180618588408656,78.85416666666667,74.53125,54.239583333333336,62.81875
2,eig_code,0.0001,1.0,1.0,0.1,,1.0,True,0.1,exemplar_mean,0.04582674548879928,355.65410701243565,388.85741177843744,8.495718731489776,74.17708333333333,64.22916666666667,44.375,50.37187499999999
2,eig_code,0.0003162277660168,1.0,1.0,0.1,,1.0,True,0.1,exemplar_mean,0.08270083529920833,348.71426022459815,389.60895075264335,11.582386915036253,68.16666666666667,54.21875,30.67708333333333,37.880208333333336
2,eig_code,0.001,1.0,1.0,0.1,,1.0,True,0.1,exemplar_mean,0.18399538323719866,328.8974577657119,382.58036304537166,21.52532470906415,54.239583333333336,39.07291666666666,22.322916666666668,27.501041666666662
2,eig_code,0.0031622776601683,1.0,1.0,0.1,,1.0,True,0.1,exemplar_mean,0.1406786545011454,337.51416829866696,383.985465226802,29.854370862134676,33.46875,22.61458333333333,13.625,16.546875
2,eig_code,0.01,1.0,1.0,0.1,,1.0,True,0.1,exemplar_mean,0.20387426841671286,324.86658199225167,376.9627901334898,56.792461748055025,20.3125,11.885416666666666,6.604166666666667,9.077083333333333
2,eig_code,0.0316227766016837,1.0,1.0,0.1,,1.0,True,0.1,exemplar_mean,0.18898240973643374,327.89088620362975,380.24612532945594,81.92729048843854,13.114583333333334,7.385416666666667,4.270833333333333,5.157291666666667
2,eig_code,0.0999999999999999,1.0,1.0,0.1,,1.0,True,0.1,exemplar_mean,0.234687676929878,318.5176932475865,370.27417433245745,139.79638038408117,8.395833333333334,4.322916666666667,2.28125,3.3125
2,eig_code,0.3162277660168379,1.0,1.0,0.1,,1.0,True,0.1,exemplar_mean,0.2383447614003685,317.7557552919772,370.99633638255466,191.0737852537999,5.958333333333333,2.770833333333333,1.7083333333333333,2.1541666666666663
2,kl,3.162277660168379e-06,1.0,1.0,0.1,,1.0,True,0.1,exemplar_mean,0.11885030841186513,341.7740268718588,376.24450365306524,20.241950734894715,78.58333333333333,73.36458333333333,57.177083333333336,66.12395833333332
2,kl,1e-05,1.0,1.0,0.1,,1.0,True,0.1,exemplar_mean,0.14316922860236958,337.0247041322974,381.606135885863,13.250808554766044,78.36458333333333,66.84375,39.927083333333336,53.592708333333334
2,kl,3.1622776601683795e-05,1.0,1.0,0.1,,1.0,True,0.1,exemplar_mean,0.17665265935901678,330.37391677790833,385.09291406568127,13.166427330658069,73.05208333333333,58.8125,27.08333333333333,38.56458333333333
2,kl,0.0001,1.0,1.0,0.1,,1.0,True,0.1,exemplar_mean,0.22731247581080705,320.0487672450577,380.56907577475357,18.95497225524449,59.51041666666666,40.90625,19.072916666666668,28.242708333333336
2,kl,0.0003162277660168,1.0,1.0,0.1,,1.0,True,0.1,exemplar_mean,0.24445553002788892,316.478509276685,364.3438379882473,23.719011453742834,47.96875,29.30208333333333,13.072916666666666,19.65416666666666
2,kl,0.001,1.0,1.0,0.1,,1.0,True,0.1,exemplar_mean,0.21723651450210743,322.1287503695467,376.93260044825286,37.58312406891245,29.666666666666668,15.833333333333334,8.291666666666666,11.760416666666668
2,kl,0.0031622776601683,1.0,1.0,0.1,,1.0,True,0.1,exemplar_mean,0.26114596902381276,312.96338623918973,364.0950463987316,72.6440508828676,18.541666666666668,9.510416666666666,6.0625,7.522916666666667
2,kl,0.01,1.0,1.0,0.1,,1.0,True,0.1,exemplar_mean,0.20829591651357787,323.96317836244975,378.0948724691989,92.7919399856888,12.083333333333334,7.104166666666667,3.8645833333333335,4.585416666666666
2,kl,0.0316227766016837,1.0,1.0,0.1,,1.0,True,0.1,exemplar_mean,0.3005512645796071,304.5034049733775,324.21469157130724,159.30438974933273,8.270833333333334,4.010416666666667,2.15625,3.0635416666666666
2,kl,0.0999999999999999,1.0,1.0,0.1,,1.0,True,0.1,exemplar_mean,0.2189164083605586,321.78290340010307,378.23429635734556,269.4307412207416,4.40625,2.78125,1.65625,2.14375
2,kl,0.3162277660168379,1.0,1.0,0.1,,1.0,True,0.1,exemplar_mean,0.15641687509513283,334.40914878891294,374.84048098436426,366.1298779632684,2.3854166666666665,2.364583333333333,1.21875,1.6010416666666667
2,mi,3.1622776601683795e-05,1.0,1.0,0.1,,1.0,True,0.1,exemplar_mean,0.11002493332554078,343.48132417406487,383.705683559257,9.978626184049816,77.59375,70.07291666666667,34.635416666666664,53.709375
2,mi,0.0001,1.0,1.0,0.1,,1.0,True,0.1,exemplar_mean,0.11410781873919162,342.69253409345146,389.2874509813323,10.063384144343631,72.375,65.53125,25.21875,39.209375
2,mi,0.0003162277660168,1.0,1.0,0.1,,1.0,True,0.1,exemplar_mean,0.22057657942762388,321.4407512678378,375.0915937238021,13.46513410603861,70.71875,48.270833333333336,18.25,31.09166666666667
2,mi,0.001,1.0,1.0,0.1,,1.0,True,0.1,exemplar_mean,0.2710230185527271,310.86449047609426,358.1938096461427,24.487171695969884,48.60416666666666,27.98958333333333,14.895833333333334,19.809374999999996
2,mi,0.0031622776601683,1.0,1.0,0.1,,1.0,True,0.1,exemplar_mean,0.16638920446273756,332.4266811612997,386.6944055002124,33.235509179399685,28.416666666666668,17.135416666666668,7.666666666666667,10.978125
2,mi,0.01,1.0,1.0,0.1,,1.0,True,0.1,exemplar_mean,0.21941179833344537,321.68084434456586,374.7857677348907,59.580151210468,18.5,8.979166666666666,4.8125,6.097916666666667
2,mi,0.0316227766016837,1.0,1.0,0.1,,1.0,True,0.1,exemplar_mean,0.23553056612209003,318.34224260072705,375.02378430144114,89.68309782963684,11.78125,5.979166666666667,2.895833333333333,3.619791666666667
2,mi,0.0999999999999999,1.0,1.0,0.1,,1.0,True,0.1,exemplar_mean,0.23824009879859445,317.77758669283,372.35266129836344,143.76767896888933,7.4375,3.9270833333333335,1.8125,2.3625
2,mi,0.3162277660168379,1.0,1.0,0.1,,1.0,True,0.1,exemplar_mean,0.18683393511492283,328.3249084255853,383.3475331380163,215.99361366067376,4.489583333333333,2.96875,1.4270833333333333,1.7624999999999997
2,mi,1.0,1.0,1.0,0.1,,1.0,True,0.1,exemplar_mean,0.1559195909716646,334.5076997527847,385.10385783771784,339.94042213310615,2.927083333333333,2.1041666666666665,1.2291666666666667,1.390625
2,mi,3.162277660168379,1.0,1.0,0.1,,1.0,True,0.1,exemplar_mean,0.046044866842156536,355.6134539189386,384.2497122689248,449.24950212454195,1.65625,1.59375,1.15625,1.2375000000000003
2,mi_concept,3.1622776601683795e-05,1.0,1.0,0.1,,1.0,True,0.1,exemplar_mean,0.6988780440276783,199.79537010606168,203.98675383190135,216.119122699523,23.416666666666668,20.15625,17.3125,20.213541666666664
2,mi_concept,0.0001,1.0,1.0,0.1,,1.0,True,0.1,exemplar_mean,0.5668256394391514,239.63242358607286,250.28769521971512,286.6517397616219,16.260416666666668,14.020833333333334,12.09375,13.308333333333334
2,mi_concept,0.0003162277660168,1.0,1.0,0.1,,1.0,True,0.1,exemplar_mean,0.3968079229093651,282.775658802887,300.3859209601821,279.30267046346125,11.291666666666666,9.03125,7.197916666666667,8.967708333333333
2,mi_concept,0.001,1.0,1.0,0.1,,1.0,True,0.1,exemplar_mean,0.5013379216374816,257.10905968354643,260.8571268336337,363.707047605802,8.260416666666666,6.15625,5.270833333333333,6.132291666666666
2,mi_concept,0.0031622776601683,1.0,1.0,0.1,,1.0,True,0.1,exemplar_mean,0.23892959935085292,317.6337372827171,374.73653990007637,309.44919202854715,6.15625,4.875,3.583333333333333,3.9729166666666673
2,mi_concept,0.01,1.0,1.0,0.1,,1.0,True,0.1,exemplar_mean,0.24516481601842047,316.3299233964541,364.67648105635055,369.21288599084755,4.322916666666667,3.3854166666666665,2.302083333333333,2.7729166666666663
2,mi_concept,0.0316227766016837,1.0,1.0,0.1,,1.0,True,0.1,exemplar_mean,0.13679647008825882,338.2757086095069,385.4824587486358,375.69569917259133,2.9791666666666665,2.458333333333333,1.6041666666666667,1.9447916666666667
2,mi_concept,0.0999999999999999,1.0,1.0,0.1,,1.0,True,0.1,exemplar_mean,0.10263275241185219,344.9048614962996,383.910853717732,546.1878776969558,1.9583333333333333,1.75,1.2291666666666667,1.4677083333333334
2,mi_concept,0.3162277660168379,1.0,1.0,0.1,,1.0,True,0.1,exemplar_mean,0.005078826150407373,363.16881206184746,371.614599721552,226.72105813511965,1.3125,1.3125,1.15625,1.2249999999999999
2,mi_concept,1.0,1.0,1.0,0.1,,1.0,True,0.1,exemplar_mean,0.0006624261982539127,364.09457553176964,368.4494392713644,-214.3201364075997,1.09375,1.1666666666666667,1.0416666666666667,1.1041666666666667
2,mi_concept,3.162277660168379,1.0,1.0,0.1,,1.0,True,0.1,exemplar_mean,0.02362396092710951,364.09457553176964,360.3482044243022,-2302.902087123691,1.0104166666666667,1.0208333333333333,1.0208333333333333,1.0364583333333333
2,surprisal_b,0.01,1.0,1.0,0.1,,1.0,True,0.1,exemplar_mean,0.1740800690949348,330.8896492113282,339.151536274449,99.28306702478592,74.71875,75.52083333333333,73.625,75.09479166666667
2,surprisal_b,0.0251188643150957,1.0,1.0,0.1,,1.0,True,0.1,exemplar_mean,0.00011140868609496909,364.0742933177131,369.2988824869344,1.2427510021523702,67.19791666666667,65.15625,65.26041666666667,67.72187499999998
2,surprisal_b,0.0630957344480193,1.0,1.0,0.1,,1.0,True,0.1,exemplar_mean,0.3330822864421502,297.3379445744168,298.7685557375766,59.540157645241266,60.53125,56.0,49.22916666666666,53.18333333333332
2,surprisal_b,0.1584893192461114,1.0,1.0,0.1,,1.0,True,0.1,exemplar_mean,0.04470135766480886,355.8637811214694,362.9216452187642,24.516023251939668,32.635416666666664,32.729166666666664,29.0625,32.31041666666666
2,surprisal_b,0.3981071705534973,1.0,1.0,0.1,,1.0,True,0.1,exemplar_mean,0.008120092385512102,362.613321627794,375.7632069809942,19.408858540818393,17.760416666666668,14.635416666666666,13.864583333333334,14.076041666666669
2,surprisal_b,1.0,1.0,1.0,0.1,,1.0,True,0.1,exemplar_mean,0.07491343642369902,350.19133445182877,350.20567645512904,136.5343116018905,6.552083333333333,7.041666666666667,5.302083333333333,6.80625
2,surprisal_b,2.511886431509582,1.0,1.0,0.1,,1.0,True,0.1,exemplar_mean,0.22827474527087968,319.84941816250046,347.8803327224642,538.6581455079672,3.8229166666666665,3.65625,2.770833333333333,3.2614583333333336
2,surprisal_b,6.309573444801936,1.0,1.0,0.1,,1.0,True,0.1,exemplar_mean,0.13179875307125302,339.25355811192526,390.89845159168027,1010.5447143371626,2.1354166666666665,1.9791666666666667,1.875,1.94375
2,surprisal_b,15.848931924611142,1.0,1.0,0.1,,1.0,True,0.1,exemplar_mean,0.17308193883667555,331.0895301169694,383.80800446309735,1372.7158896289584,1.75,1.5104166666666667,1.3125,1.3895833333333332
2,surprisal_b,39.81071705534973,1.0,1.0,0.1,,1.0,True,0.1,exemplar_mean,0.00524919363779836,364.09457553176964,360.45904430667355,-738.0464428338796,1.1666666666666667,1.1875,1.1145833333333333,1.1479166666666667
2,surprisal_b,100.0,1.0,1.0,0.1,,1.0,True,0.1,exemplar_mean,0.014062682753008083,361.5254380569141,382.08803358874326,1383.2199151938896,1.09375,1.0833333333333333,1.0520833333333333,1.0635416666666666
3,eig_code,3.162277660168379e-06,1.0,1.0,0.1,,1.0,True,0.2,exemplar_mean,0.17117550991461203,331.47096771225466,370.3782569784989,42.538323373683404,80.0,79.69791666666667,68.79166666666667,74.11041666666665
3,eig_code,1e-05,1.0,1.0,0.1,,1.0,True,0.2,exemplar_mean,0.14002085552025068,337.64332487420256,389.1221412411617,20.700956694036986,79.97916666666667,77.5,60.13541666666666,64.653125
3,eig_code,3.1622776601683795e-05,1.0,1.0,0.1,,1.0,True,0.2,exemplar_mean,0.1402177345410566,337.60467353443096,384.6547468675338,11.315259684072439,79.33333333333333,73.97916666666667,38.958333333333336,52.403125
3,eig_code,0.0001,1.0,1.0,0.1,,1.0,True,0.2,exemplar_mean,0.13052753199234887,339.5018349521377,387.86287982971123,9.740490788931343,76.79166666666667,66.76041666666667,27.666666666666668,39.228125
3,eig_code,0.0003162277660168,1.0,1.0,0.1,,1.0,True,0.2,exemplar_mean,0.1902796168263818,327.6285536689688,381.0918986435341,13.020341086885374,69.52083333333333,45.0,19.260416666666668,29.954166666666662
3,eig_code,0.001,1.0,1.0,0.1,,1.0,True,0.2,exemplar_mean,0.1982522579508401,326.0116211506442,382.30391009410454,18.10334533899512,51.3125,33.9375,15.364583333333334,20.34791666666667
3,eig_code,0.0031622776601683,1.0,1.0,0.1,,1.0,True,0.2,exemplar_mean,0.22635318273860272,320.2473762060062,377.15437084932427,33.0326238784022,31.979166666666668,19.75,9.322916666666666,13.20625
3,eig_code,0.01,1.0,1.0,0.1,,1.0,True,0.2,exemplar_mean,0.1627027868453474,333.16090374324443,385.106377799218,50.34607146985842,18.92708333333333,11.572916666666666,5.864583333333333,7.742708333333333
3,eig_code,0.0316227766016837,1.0,1.0,0.1,,1.0,True,0.2,exemplar_mean,0.23080580038298354,319.32447656337706,369.24856285318634,97.93744487903666,11.4375,7.041666666666667,3.7291666666666665,4.707291666666666
3,eig_code,0.0999999999999999,1.0,1.0,0.1,,1.0,True,0.2,exemplar_mean,0.1973196368589554,326.20118011694274,377.3821853989172,133.9242545422939,7.84375,3.8854166666666665,2.3854166666666665,2.8760416666666666
3,eig_code,0.3162277660168379,1.0,1.0,0.1,,1.0,True,0.2,exemplar_mean,0.15966661568536286,333.76440401511854,387.0159327154276,192.8270841335784,4.802083333333333,3.3125,1.71875,1.9864583333333332
3,kl,3.162277660168379e-06,1.0,1.0,0.1,,1.0,True,0.2,exemplar_mean,0.16511028368057615,332.68158696006515,371.8442450871376,13.560412644787213,79.85416666666667,77.71875,45.895833333333336,59.69270833333333
3,kl,1e-05,1.0,1.0,0.1,,1.0,True,0.2,exemplar_mean,0.15235907450463007,335.21247077135416,382.39591719417734,10.13651160703319,77.91666666666667,72.0625,32.697916666666664,45.70520833333333
3,kl,3.1622776601683795e-05,1.0,1.0,0.1,,1.0,True,0.2,exemplar_mean,0.15838000229319915,334.01981544765516,387.2979680409392,10.709519924704397,75.11458333333333,62.239583333333336,24.33333333333333,35.60104166666667
3,kl,0.0001,1.0,1.0,0.1,,1.0,True,0.2,exemplar_mean,0.1989198838553133,325.87585579597317,381.0194079792595,13.127494095415877,66.91666666666667,44.65625,17.0,26.03229166666667
3,kl,0.0003162277660168,1.0,1.0,0.1,,1.0,True,0.2,exemplar_mean,0.21629285945144403,322.32286191683755,378.58710417876,19.826179572514317,50.84375,28.197916666666668,11.0625,18.151041666666664
3,kl,0.001,1.0,1.0,0.1,,1.0,True,0.2,exemplar_mean,0.22089811955952104,321.3744415056751,375.26974869484576,31.76758168789647,33.21875,18.48958333333333,8.802083333333334,11.992708333333333
3,kl,0.0031622776601683,1.0,1.0,0.1,,1.0,True,0.2,exemplar_mean,0.22879325744860812,319.7419487722508,374.1579963395639,54.11383909921458,20.885416666666668,11.625,6.0625,7.833333333333334
3,kl,0.01,1.0,1.0,0.1,,1.0,True,0.2,exemplar_mean,0.2590013496180528,313.4172654743698,372.25632661664974,94.42174525156457,13.0625,7.677083333333333,3.9479166666666665,4.9854166666666675
3,kl,0.0316227766016837,1.0,1.0,0.1,,1.0,True,0.2,exemplar_mean,0.2847951571398841,307.91399743466644,343.6604299774413,160.21315266422425,7.947916666666667,4.333333333333333,2.46875,3.2677083333333337
3,kl,0.0999999999999999,1.0,1.0,0.1,,1.0,True,0.2,exemplar_mean,0.2334331456024606,318.7786499774766,371.39610669852664,270.9950289720304,4.385416666666667,3.083333333333333,1.7916666666666667,2.2354166666666666
3,kl,0.3162277660168379,1.0,1.0,0.1,,1.0,True,0.2,exemplar_mean,0.22639158662823491,320.23942755473036,376.5380341190745,561.5860976020541,2.625,2.0416666666666665,1.2604166666666667,1.5708333333333333
3,mi,3.1622776601683795e-05,1.0,1.0,0.1,,1.0,True,0.2,exemplar_mean,0.13301917827698273,339.0150309280502,386.3622236666509,8.599456054460763,78.28125,73.51041666666667,28.03125,43.7
3,mi,0.0001,1.0,1.0,0.1,,1.0,True,0.2,exemplar_mean,0.14494741842398443,336.67480706288126,388.33679799982394,8.77905530815099,74.82291666666667,64.4375,19.697916666666668,32.053125
3,mi,0.0003162277660168,1.0,1.0,0.1,,1.0,True,0.2,exemplar_mean,0.18642982732006805,328.4064798171486,383.4101557048286,11.997673310346187,68.61458333333333,44.72916666666666,14.8125,23.597916666666666
3,mi,0.001,1.0,1.0,0.1,,1.0,True,0.2,exemplar_mean,0.22432521225705182,320.66683581197424,377.23934326290527,19.612018824109352,48.583333333333336,28.08333333333333,9.28125,16.14479166666667
3,mi,0.0031622776601683,1.0,1.0,0.1,,1.0,True,0.2,exemplar_mean,0.22433628805879452,320.66454641503003,374.8980271590332,32.71840389708338,30.95833333333333,16.333333333333332,7.78125,10.265624999999998
3,mi,0.01,1.0,1.0,0.1,,1.0,True,0.2,exemplar_mean,0.20705083082810335,324.2178211391198,378.1004028790805,52.72082760364481,18.64583333333333,9.072916666666666,3.9375,5.984374999999999
3,mi,0.0316227766016837,1.0,1.0,0.1,,1.0,True,0.2,exemplar_mean,0.22659274015122208,320.1977905482513,375.9687537462138,96.73476632702614,11.145833333333334,5.75,2.9791666666666665,3.7770833333333336
3,mi,0.0999999999999999,1.0,1.0,0.1,,1.0,True,0.2,exemplar_mean,0.2126104943583432,323.07921556027844,380.231765693401,147.19573373807012,6.916666666666667,4.364583333333333,1.9270833333333333,2.4166666666666665
3,mi,0.3162277660168379,1.0,1.0,0.1,,1.0,True,0.2,exemplar_mean,0.23476876141249012,318.500819400333,377.47011861347426,272.2846497761706,4.114583333333333,2.6875,1.53125,1.8260416666666668
3,mi,1.0,1.0,1.0,0.1,,1.0,True,0.2,exemplar_mean,0.13628837936668436,338.3752502926331,384.07069031897436,458.44277195291124,2.427083333333333,1.8541666666666667,1.2604166666666667,1.4010416666666667
3,mi,3.162277660168379,1.0,1.0,0.1,,1.0,True,0.2,exemplar_mean,0.10445744967942548,344.55402006955035,388.8868049405481,769.2310187586003,1.6666666666666667,1.5104166666666667,1.1145833333333333,1.2270833333333333
3,mi_concept,3.1622776601683795e-05,1.0,1.0,0.1,,1.0,True,0.2,exemplar_mean,0.43726684463728727,273.1275195207521,290.6295572371156,120.60371696258788,33.510416666666664,31.21875,27.08333333333333,30.523958333333333
3,mi_concept,0.0001,1.0,1.0,0.1,,1.0,True,0.2,exemplar_mean,0.4267106548267529,275.6773870726511,271.3144000384977,134.8978189994909,25.197916666666668,19.625,16.78125,20.428125
3,mi_concept,0.0003162277660168,1.0,1.0,0.1,,1.0,True,0.2,exemplar_mean,0.19061796239169745,327.56009593164094,356.70915232975386,121.92388563441182,15.03125,15.322916666666666,10.46875,13.328125
3,mi_concept,0.001,1.0,1.0,0.1,,1.0,True,0.2,exemplar_mean,0.2350551008117618,318.44122442976226,359.2430457448219,185.6040848907024,11.166666666666666,9.697916666666666,7.0625,8.497916666666665
3,mi_concept,0.0031622776601683,1.0,1.0,0.1,,1.0,True,0.2,exemplar_mean,0.18008726490929108,329.6841168201519,377.7836741012028,228.70193142217965,7.40625,6.604166666666667,4.510416666666667,5.460416666666667
3,mi_concept,0.01,1.0,1.0,0.1,,1.0,True,0.2,exemplar_mean,0.12281892978941143,341.0034980864123,389.6061887040223,251.1623945071694,5.09375,4.416666666666667,2.8541666666666665,3.425
3,mi_concept,0.0316227766016837,1.0,1.0,0.1,,1.0,True,0.2,exemplar_mean,0.09311525177912428,346.7290723635078,382.8619800723053,340.41942360067156,2.802083333333333,3.125,2.145833333333333,2.3291666666666666
3,mi_concept,0.0999999999999999,1.0,1.0,0.1,,1.0,True,0.2,exemplar_mean,0.05643908834191075,353.6707792438379,391.7721723726055,478.53677290200585,1.9583333333333333,1.8541666666666667,1.4479166666666667,1.596875
3,mi_concept,0.3162277660168379,1.0,1.0,0.1,,1.0,True,0.2,exemplar_mean,0.023700529920495768,359.7540861511414,376.9469198769883,676.8613222541624,1.3229166666666667,1.3541666666666667,1.1354166666666667,1.2354166666666666
3,mi_concept,1.0,1.0,1.0,0.1,,1.0,True,0.2,exemplar_mean,0.10594933541016832,344.26690390329145,362.73059449130494,3278.119805243686,1.09375,1.1041666666666667,1.0520833333333333,1.1010416666666667
3,mi_concept,3.162277660168379,1.0,1.0,0.1,,1.0,True,0.2,exemplar_mean,0.0016609015639517048,363.7920872537966,365.96121196994073,701.1985178550303,1.0208333333333333,1.0208333333333333,1.0104166666666667,1.0291666666666668
3,surprisal_b,0.01,1.0,1.0,0.1,,1.0,True,0.2,exemplar_mean,4.828271021756803e-07,364.0944876343946,371.29650406683413,0.14454400345310237,74.46875,69.82291666666667,74.21875,73.040625
3,surprisal_b,0.0251188643150957,1.0,1.0,0.1,,1.0,True,0.2,exemplar_mean,0.010748826149174147,362.1324941216467,385.0696354314864,16.123845210642433,63.645833333333336,67.02083333333333,64.75,65.19895833333332
3,surprisal_b,0.0630957344480193,1.0,1.0,0.1,,1.0,True,0.2,exemplar_mean,0.19150893061380592,327.3797571157667,352.9903155718702,59.185772494487274,51.15625,51.0625,45.66666666666666,48.93333333333332
3,surprisal_b,0.1584893192461114,1.0,1.0,0.1,,1.0,True,0.2,exemplar_mean,0.09996910950443337,345.41637038900103,391.180621420197,43.19775387940061,35.010416666666664,32.1875,27.73958333333333,28.094791666666662
3,surprisal_b,0.3981071705534973,1.0,1.0,0.1,,1.0,True,0.2,exemplar_mean,0.008927278909446211,362.46574521388624,383.3542914534547,25.19670054360349,16.34375,14.229166666666666,12.447916666666666,12.691666666666666
3,surprisal_b,1.0,1.0,1.0,0.1,,1.0,True,0.2,exemplar_mean,0.022791759571805143,359.921482432526,382.62959851745103,99.31764895702277,6.614583333333333,5.875,5.791666666666667,5.807291666666666
3,surprisal_b,2.511886431509582,1.0,1.0,0.1,,1.0,True,0.2,exemplar_mean,0.46187107522187976,267.0898454422894,282.3471574588215,1012.4569237099497,3.53125,2.84375,2.78125,2.9979166666666663
3,surprisal_b,6.309573444801936,1.0,1.0,0.1,,1.0,True,0.2,exemplar_mean,0.11608247667993175,342.3103893691575,381.5040266162659,843.3055560411548,1.9583333333333333,2.1354166666666665,1.6458333333333333,1.7895833333333333
3,surprisal_b,15.848931924611142,1.0,1.0,0.1,,1.0,True,0.2,exemplar_mean,0.03092679009372028,358.4202203207147,360.4390661736592,1126.5223091573632,1.28125,1.34375,1.3958333333333333,1.3447916666666666
3,surprisal_b,39.81071705534973,1.0,1.0,0.1,,1.0,True,0.2,exemplar_mean,0.009904862350277443,364.09457553176964,385.4429459018628,-1088.9870161440847,1.0729166666666667,1.1145833333333333,1.1458333333333333,1.1260416666666668
3,surprisal_b,100.0,1.0,1.0,0.1,,1.0,True,0.2,exemplar_mean,0.032920563845763966,358.05132313199823,366.39429827051407,3722.488665648553,1.0729166666666667,1.0520833333333333,1.0625,1.0510416666666667
4,eig_code,3.162277660168379e-06,1.0,1.0,1.0,,0.5,True,0.1,exemplar_mean,0.04517113870525293,355.7762699453747,381.4504157515377,8.443593164541191,79.25,78.34375,51.46875,63.21041666666666
4,eig_code,1e-05,1.0,1.0,1.0,,0.5,True,0.1,exemplar_mean,0.08264395724243744,348.72507124612895,390.00262493343695,10.04572337553136,79.14583333333333,74.22916666666667,44.875,52.673958333333324
4,eig_code,3.1622776601683795e-05,1.0,1.0,1.0,,0.5,True,0.1,exemplar_mean,0.14076663736348394,337.49688941754493,383.6811833563779,10.834428565895905,77.80208333333333,64.73958333333333,29.822916666666668,43.623958333333334
4,eig_code,0.0001,1.0,1.0,1.0,,0.5,True,0.1,exemplar_mean,0.10521565861340708,344.4081312700905,387.57018329266367,9.927166037380836,69.38541666666667,55.53125,22.291666666666668,34.38125
4,eig_code,0.0003162277660168,1.0,1.0,1.0,,0.5,True,0.1,exemplar_mean,0.1514865002728057,335.384962753934,388.07654819559457,14.593626607396496,58.520833333333336,37.16666666666666,18.17708333333333,24.940624999999997
4,eig_code,0.001,1.0,1.0,1.0,,0.5,True,0.1,exemplar_mean,0.10175176970663963,345.0741236788124,387.4059959679106,20.70142685807466,33.427083333333336,23.53125,11.447916666666666,15.992708333333331
4,eig_code,0.0031622776601683,1.0,1.0,1.0,,0.5,True,0.1,exemplar_mean,0.24196169713221494,317.000380823905,358.97443721772925,57.9638293799899,22.0625,12.770833333333334,7.427083333333333,9.976041666666667
4,eig_code,0.01,1.0,1.0,1.0,,0.5,True,0.1,exemplar_mean,0.1814674588615635,329.4065143034092,381.6471816316358,87.39556472033378,12.84375,7.020833333333333,5.53125,5.585416666666666
4,eig_code,0.0316227766016837,1.0,1.0,1.0,,0.5,True,0.1,exemplar_mean,0.17781408496812598,330.1408194452538,379.5705738351694,121.62073952224577,9.083333333333334,4.895833333333333,3.583333333333333,3.4572916666666664
4,eig_code,0.0999999999999999,1.0,1.0,1.0,,0.5,True,0.1,exemplar_mean,0.16263947442854995,333.1734995234165,390.0359430617478,188.71782243466117,5.322916666666667,3.96875,1.90625,2.46875
4,eig_code,0.3162277660168379,1.0,1.0,1.0,,0.5,True,0.1,exemplar_mean,0.13672412814010265,338.289883140907,388.79181412318337,261.26085110228155,3.7083333333333335,2.5,1.53125,1.7583333333333333
4,kl,3.162277660168379e-06,1.0,1.0,1.0,,0.5,True,0.1,exemplar_mean,0.05496854638454799,353.94627032862627,387.0646419077557,7.879712716811556,79.10416666666667,73.36458333333333,44.208333333333336,53.30104166666668
4,kl,1e-05,1.0,1.0,1.0,,0.5,True,0.1,exemplar_mean,0.09161522603420262,347.0157061644734,389.3945039930357,8.937058215177313,78.07291666666667,65.20833333333333,33.416666666666664,42.31770833333333
4,kl,3.1622776601683795e-05,1.0,1.0,1.0,,0.5,True,0.1,exemplar_mean,0.15772188133715256,334.1503865388189,386.01837417844246,11.605492737254592,74.26041666666667,47.708333333333336,23.34375,30.68125
4,kl,0.0001,1.0,1.0,1.0,,0.5,True,0.1,exemplar_mean,0.16596094972851155,332.512059746371,384.96551522514756,13.151588532887663,61.520833333333336,41.35416666666666,17.21875,23.37708333333333
4,kl,0.0003162277660168,1.0,1.0,1.0,,0.5,True,0.1,exemplar_mean,0.2326577670949647,318.93983072783936,376.5884546591628,21.089217938126758,46.53125,25.15625,9.885416666666666,15.121874999999998
4,kl,0.001,1.0,1.0,1.0,,0.5,True,0.1,exemplar_mean,0.1858464153137509,328.5242090269621,380.33408686091843,32.02799773303341,29.875,16.114583333333332,7.260416666666667,10.051041666666666
4,kl,0.0031622776601683,1.0,1.0,1.0,,0.5,True,0.1,exemplar_mean,0.20781510660363392,324.061536491244,372.8163895623479,51.753144526503554,20.03125,9.125,4.739583333333333,6.298958333333332
4,kl,0.01,1.0,1.0,1.0,,0.5,True,0.1,exemplar_mean,0.21521320016814358,322.54480649349375,376.33370548655665,89.67622975633206,12.208333333333334,5.8125,3.4791666666666665,4.030208333333334
4,kl,0.0316227766016837,1.0,1.0,1.0,,0.5,True,0.1,exemplar_mean,0.20254524135226146,325.13762990766355,378.74602230821193,150.08244407984643,7.21875,4.135416666666667,2.5729166666666665,2.8499999999999996
4,kl,0.0999999999999999,1.0,1.0,1.0,,0.5,True,0.1,exemplar_mean,0.11376541928550742,342.75875343893074,387.8879024532681,179.06948521598605,4.364583333333333,3.125,1.5,1.915625
4,kl,0.3162277660168379,1.0,1.0,1.0,,0.5,True,0.1,exemplar_mean,0.11198920785895938,343.10206393721836,388.6867985258708,434.72959623804763,2.239583333333333,1.7604166666666667,1.21875,1.503125
4,mi,3.1622776601683795e-05,1.0,1.0,1.0,,0.5,True,0.1,exemplar_mean,0.07411682462457017,350.34208062509987,384.1693374470613,6.5997439927673645,79.27083333333333,74.96875,33.583333333333336,48.68958333333333
4,mi,0.0001,1.0,1.0,1.0,,0.5,True,0.1,exemplar_mean,0.12310903117608123,340.94710507273703,386.86459257993795,8.848890677059533,75.35416666666667,57.989583333333336,21.1875,36.84166666666666
4,mi,0.0003162277660168,1.0,1.0,1.0,,0.5,True,0.1,exemplar_mean,0.1693592847475745,331.8339495455088,383.99864892306204,11.958481607911596,65.72916666666667,46.3125,13.3125,25.492708333333333
4,mi,0.001,1.0,1.0,1.0,,0.5,True,0.1,exemplar_mean,0.16355993870687066,332.99032953909096,384.9771916044323,15.639280807616558,52.54166666666666,28.52083333333333,12.291666666666666,16.536458333333332
4,mi,0.0031622776601683,1.0,1.0,1.0,,0.5,True,0.1,exemplar_mean,0.1408683066363818,337.47692157182763,386.8501801927281,24.734487522440634,31.65625,15.083333333333334,8.3125,9.407291666666667
4,mi,0.01,1.0,1.0,1.0,,0.5,True,0.1,exemplar_mean,0.20561708293276137,324.51080125801906,379.669122663042,53.1656654394129,18.27083333333333,8.395833333333334,4.59375,5.821875
4,mi,0.0316227766016837,1.0,1.0,1.0,,0.5,True,0.1,exemplar_mean,0.1984205862516688,325.977396007222,378.84144729200347,84.35388919476132,11.604166666666666,5.697916666666667,2.6041666666666665,3.503125
4,mi,0.0999999999999999,1.0,1.0,1.0,,0.5,True,0.1,exemplar_mean,0.20900007893575923,323.8190756299493,378.39898429629744,125.23250566325883,7.739583333333333,3.8541666666666665,1.8020833333333333,2.2802083333333334
4,mi,0.3162277660168379,1.0,1.0,1.0,,0.5,True,0.1,exemplar_mean,0.20839878509358564,323.94213090581525,378.1727217173058,234.46538612891348,4.552083333333333,2.75,1.3854166666666667,1.853125
4,mi,1.0,1.0,1.0,1.0,,0.5,True,0.1,exemplar_mean,0.12632210214185643,340.32188903294417,388.7758940750494,368.2573186450378,2.4166666666666665,2.3229166666666665,1.28125,1.565625
4,mi,3.162277660168379,1.0,1.0,1.0,,0.5,True,0.1,exemplar_mean,0.07082321751319379,350.96465637171144,390.5126126975062,642.7278091170828,1.7291666666666667,1.4166666666666667,1.0833333333333333,1.2916666666666665
4,mi_concept,3.1622776601683795e-05,1.0,1.0,1.0,,0.5,True,0.1,exemplar_mean,0.3136112308980108,301.6471962983733,317.713950701822,230.9570691327509,12.395833333333334,9.833333333333334,7.729166666666667,9.079166666666667
4,mi_concept,0.0001,1.0,1.0,1.0,,0.5,True,0.1,exemplar_mean,0.20080821682144365,325.49154642724363,384.60672181725465,223.4591224853747,8.760416666666666,7.416666666666667,5.614583333333333,6.042708333333333
4,mi_concept,0.0003162277660168,1.0,1.0,1.0,,0.5,True,0.1,exemplar_mean,0.2019987417937047,325.2490200129826,367.015498528301,307.5433320499214,5.96875,4.84375,3.59375,4.19375
4,mi_concept,0.001,1.0,1.0,1.0,,0.5,True,0.1,exemplar_mean,0.25407286243515775,314.4578294628821,371.81525252254244,338.9415610493402,5.135416666666667,3.3541666666666665,2.75,2.955208333333333
4,mi_concept,0.0031622776601683,1.0,1.0,1.0,,0.5,True,0.1,exemplar_mean,0.21048606560079178,323.51476647554193,373.6973371617174,347.6797080504321,3.9166666666666665,3.0729166666666665,1.78125,2.214583333333333
4,mi_concept,0.01,1.0,1.0,1.0,,0.5,True,0.1,exemplar_mean,0.14621090726634142,336.42596732329713,386.72023435059435,383.5544716230463,2.9791666666666665,2.3541666666666665,1.4895833333333333,1.6885416666666668
4,mi_concept,0.0316227766016837,1.0,1.0,1.0,,0.5,True,0.1,exemplar_mean,0.07849877318889073,349.51206139283255,392.01755378401475,425.3472609841378,2.0729166666666665,1.9479166666666667,1.25,1.446875
4,mi_concept,0.0999999999999999,1.0,1.0,1.0,,0.5,True,0.1,exemplar_mean,0.01971001875731113,360.48856300283114,383.8717221557813,378.6047372038922,1.5833333333333333,1.53125,1.15625,1.2552083333333335
4,mi_concept,0.3162277660168379,1.0,1.0,1.0,,0.5,True,0.1,exemplar_mean,0.034925008076644365,357.68006811656005,378.7595228170655,1399.0103747227486,1.21875,1.1458333333333333,1.1354166666666667,1.1854166666666663
4,mi_concept,1.0,1.0,1.0,1.0,,0.5,True,0.1,exemplar_mean,0.0025604716702435255,364.09457553176964,374.6208220245704,-558.0368272242381,1.0520833333333333,1.03125,1.0520833333333333,1.0854166666666667
4,mi_concept,3.162277660168379,1.0,1.0,1.0,,0.5,True,0.1,exemplar_mean,0.027748976465544913,364.09457553176964,360.26577905524965,-3327.8315625839687,1.03125,1.03125,1.0520833333333333,1.0322916666666666
4,surprisal_b,0.01,1.0,1.0,1.0,,0.5,True,0.1,exemplar_mean,0.08038454040632816,364.09457553176964,360.26577905524965,-60.24375500627917,74.34375,77.86458333333333,73.47916666666667,75.52708333333332
4,surprisal_b,0.0251188643150957,1.0,1.0,1.0,,0.5,True,0.1,exemplar_mean,0.00423208058568192,363.32331987033126,373.7476016229123,15.169567040340022,70.71875,70.42708333333333,71.19791666666667,70.21874999999999
4,surprisal_b,0.0630957344480193,1.0,1.0,1.0,,0.5,True,0.1,exemplar_mean,0.0016982541519284507,364.09457553176964,371.4997731744779,-4.2764003233149595,63.79166666666666,66.39583333333333,55.083333333333336,58.925
4,surprisal_b,0.1584893192461114,1.0,1.0,1.0,,0.5,True,0.1,exemplar_mean,0.059705486193583276,353.05808377270654,378.2013354303214,25.273727915059272,46.145833333333336,43.989583333333336,34.53125,40.934375
4,surprisal_b,0.3981071705534973,1.0,1.0,1.0,,0.5,True,0.1,exemplar_mean,0.15586875938861713,334.5177718381879,356.4305527770936,59.51770261977815,26.666666666666668,21.65625,18.03125,20.379166666666663
4,surprisal_b,1.0,1.0,1.0,1.0,,0.5,True,0.1,exemplar_mean,0.11116198066134407,343.2618352447044,373.18403520792066,126.76553605334391,11.0,8.666666666666666,7.885416666666667,8.5875
4,surprisal_b,2.511886431509582,1.0,1.0,1.0,,0.5,True,0.1,exemplar_mean,0.001012210562880075,363.9102586904771,375.6373152796431,30.375823321981244,4.020833333333333,4.541666666666667,3.8229166666666665,4.055208333333333
4,surprisal_b,6.309573444801936,1.0,1.0,1.0,,0.5,True,0.1,exemplar_mean,0.10936416559497901,343.6088104778722,390.50130360768526,689.0755913617973,2.6875,2.083333333333333,2.3125,2.2729166666666667
4,surprisal_b,15.848931924611142,1.0,1.0,1.0,,0.5,True,0.1,exemplar_mean,0.060470152392252174,352.9144976474252,372.18156788606115,915.0966736943845,1.5625,1.3958333333333333,1.4479166666666667,1.5385416666666667
4,surprisal_b,39.81071705534973,1.0,1.0,1.0,,0.5,True,0.1,exemplar_mean,0.3748563640736104,287.87510926398306,296.447299736473,3766.809871448191,1.34375,1.25,1.125,1.2270833333333333
4,surprisal_b,100.0,1.0,1.0,1.0,,0.5,True,0.1,exemplar_mean,0.03492286874280902,364.09457553176964,360.26577905524965,-2037.580340241183,1.0833333333333333,1.0833333333333333,1.0625,1.0583333333333331
5,eig_code,3.162277660168379e-06,1.0,1.0,1.0,,0.5,True,0.2,exemplar_mean,0.057553327337607076,353.46189491167036,383.34353257990335,5.861603819900605,79.60416666666667,78.0,36.802083333333336,51.77916666666666
5,eig_code,1e-05,1.0,1.0,1.0,,0.5,True,0.2,exemplar_mean,0.09905754342587308,345.59124780907626,386.3789612710678,6.589591360554699,79.70833333333333,74.89583333333333,24.885416666666668,40.25625
5,eig_code,3.1622776601683795e-05,1.0,1.0,1.0,,0.5,True,0.2,exemplar_mean,0.11561306489530011,342.4012707008316,389.0385945939762,7.069108518391089,76.1875,71.09375,19.36458333333333,33.22083333333333
5,eig_code,0.0001,1.0,1.0,1.0,,0.5,True,0.2,exemplar_mean,0.14071741125330103,337.50655700137133,386.9216482134836,8.854005838892654,69.64583333333333,52.0625,14.114583333333334,26.213541666666664
5,eig_code,0.0003162277660168,1.0,1.0,1.0,,0.5,True,0.2,exemplar_mean,0.1632613536185266,333.0497582298574,383.7198001153808,14.427778218096137,55.40625,32.020833333333336,11.854166666666666,19.207291666666666
5,eig_code,0.001,1.0,1.0,1.0,,0.5,True,0.2,exemplar_mean,0.18836502725515608,328.01566498805596,382.3770248032092,25.987619444423665,37.958333333333336,23.229166666666668,8.697916666666666,13.307291666666668
5,eig_code,0.0031622776601683,1.0,1.0,1.0,,0.5,True,0.2,exemplar_mean,0.1758466022846355,330.535595254639,382.05510657707146,41.994611046823735,22.55208333333333,13.5,6.447916666666667,8.014583333333333
5,eig_code,0.01,1.0,1.0,1.0,,0.5,True,0.2,exemplar_mean,0.1939020309662915,326.89488273166455,379.6127013038683,79.59126149266636,13.5,7.71875,4.104166666666667,5.1125
5,eig_code,0.0316227766016837,1.0,1.0,1.0,,0.5,True,0.2,exemplar_mean,0.1762057441567612,330.46356854934044,383.8144437792503,128.43626012926364,7.885416666666667,4.947916666666667,2.78125,3.2947916666666672
5,eig_code,0.0999999999999999,1.0,1.0,1.0,,0.5,True,0.2,exemplar_mean,0.17731659378085843,330.2406857332104,384.32811273787996,195.8944536238363,5.25,3.4791666666666665,1.90625,2.279166666666667
5,eig_code,0.3162277660168379,1.0,1.0,1.0,,0.5,True,0.2,exemplar_mean,0.14595185665280744,336.4770014394957,387.9625751084765,308.9480620913811,3.302083333333333,2.395833333333333,1.34375,1.7010416666666663
5,kl,3.162277660168379e-06,1.0,1.0,1.0,,0.5,True,0.2,exemplar_mean,0.09003470560176655,347.3174654326689,384.73008671941534,5.9283667282749315,78.86458333333333,77.30208333333333,26.6875,42.289583333333326
5,kl,1e-05,1.0,1.0,1.0,,0.5,True,0.2,exemplar_mean,0.11727749545013189,342.07891658822956,386.38540971063156,6.924750501889622,76.98958333333333,68.26041666666667,20.09375,34.53854166666666
5,kl,3.1622776601683795e-05,1.0,1.0,1.0,,0.5,True,0.2,exemplar_mean,0.13749407606488281,338.1389906483506,390.7015998834536,7.981543329761802,75.67708333333333,63.0625,14.197916666666666,25.64375
5,kl,0.0001,1.0,1.0,1.0,,0.5,True,0.2,exemplar_mean,0.19580940326016136,326.50790773758354,382.94216353437787,12.5603330250202,66.73958333333333,38.54166666666666,11.604166666666666,19.702083333333334
5,kl,0.0003162277660168,1.0,1.0,1.0,,0.5,True,0.2,exemplar_mean,0.24861312066403657,315.6065531855426,367.4810214918995,20.986731297372955,49.125,24.0,9.010416666666666,15.158333333333331
5,kl,0.001,1.0,1.0,1.0,,0.5,True,0.2,exemplar_mean,0.23913448875560425,317.5909789728666,374.88462599373395,32.11524840272326,32.510416666666664,15.40625,6.875,10.135416666666666
5,kl,0.0031622776601683,1.0,1.0,1.0,,0.5,True,0.2,exemplar_mean,0.19395250124085586,326.8846490297004,380.35582170695295,52.476762708528284,18.48958333333333,10.604166666666666,4.697916666666667,6.553125
5,kl,0.01,1.0,1.0,1.0,,0.5,True,0.2,exemplar_mean,0.19727718371347264,326.20980626733274,375.5274785652468,82.23135576711753,12.520833333333334,5.979166666666667,3.427083333333333,4.163541666666666
5,kl,0.0316227766016837,1.0,1.0,1.0,,0.5,True,0.2,exemplar_mean,0.20378279580411032,324.8852445855393,381.98611995468184,153.41515258789212,7.083333333333333,4.427083333333333,2.177083333333333,2.8989583333333333
5,kl,0.0999999999999999,1.0,1.0,1.0,,0.5,True,0.2,exemplar_mean,0.23758471031159303,317.9142590185273,371.46342750186125,258.3535071850578,4.8125,2.6354166666666665,1.7291666666666667,2.0250000000000004
5,kl,0.3162277660168379,1.0,1.0,1.0,,0.5,True,0.2,exemplar_mean,0.15877453072428563,333.94151659456725,386.17270419035583,433.01814114895006,2.625,1.8958333333333333,1.1666666666666667,1.4697916666666666
5,mi,3.1622776601683795e-05,1.0,1.0,1.0,,0.5,True,0.2,exemplar_mean,0.10706288896019392,344.05244230025835,387.13150901290317,6.228930309699907,79.625,71.4375,16.604166666666668,33.860416666666666
5,mi,0.0001,1.0,1.0,1.0,,0.5,True,0.2,exemplar_mean,0.12345680930610377,340.8794879402196,388.83763590344364,7.313838639017202,74.80208333333333,58.875,10.5625,24.99375
5,mi,0.0003162277660168,1.0,1.0,1.0,,0.5,True,0.2,exemplar_mean,0.20211755164692047,325.22480687649823,383.16921576136394,12.587385487810366,65.41666666666667,40.91666666666666,11.354166666666666,20.347916666666663
5,mi,0.001,1.0,1.0,1.0,,0.5,True,0.2,exemplar_mean,0.1754212399742102,330.62088231907,383.4836948621457,16.6544864083663,47.94791666666666,28.40625,7.541666666666667,13.497916666666669
5,mi,0.0031622776601683,1.0,1.0,1.0,,0.5,True,0.2,exemplar_mean,0.22754611849058934,320.0003759465944,375.77355496090155,34.0166346116264,29.71875,13.427083333333334,6.229166666666667,9.191666666666666
5,mi,0.01,1.0,1.0,1.0,,0.5,True,0.2,exemplar_mean,0.20394635151242566,324.8518745672276,380.5265857005949,53.69987063836185,17.395833333333332,9.385416666666666,3.8333333333333335,5.557291666666666
5,mi,0.0316227766016837,1.0,1.0,1.0,,0.5,True,0.2,exemplar_mean,0.2124573823539677,323.11062625431987,378.28644491009857,91.10285121234803,10.875,5.989583333333333,2.59375,3.4166666666666665
5,mi,0.0999999999999999,1.0,1.0,1.0,,0.5,True,0.2,exemplar_mean,0.22487717082037825,320.5527246492037,373.3460186289489,172.47607193999744,6.427083333333333,3.34375,1.9583333333333333,2.3895833333333334
5,mi,0.3162277660168379,1.0,1.0,1.0,,0.5,True,0.2,exemplar_mean,0.179704289550766,329.7611043744301,386.4061189525978,241.32066362678077,4.0625,3.03125,1.4375,1.7916666666666665
5,mi,1.0,1.0,1.0,1.0,,0.5,True,0.2,exemplar_mean,0.11320391866510655,342.8673188131302,388.5783370818621,378.4292576862983,2.5,1.9270833333333333,1.28125,1.4135416666666667
5,mi,3.162277660168379,1.0,1.0,1.0,,0.5,True,0.2,exemplar_mean,0.14653338956695333,336.3624260651077,385.0793708761226,1014.435404606114,1.6770833333333333,1.3645833333333333,1.1666666666666667,1.2520833333333334
5,mi_concept,3.1622776601683795e-05,1.0,1.0,1.0,,0.5,True,0.2,exemplar_mean,0.05897262164598552,353.1956435226186,394.5746753339308,66.1399677982401,17.46875,16.791666666666668,13.447916666666666,13.634375
5,mi_concept,0.0001,1.0,1.0,1.0,,0.5,True,0.2,exemplar_mean,0.15254035083164155,335.1766246171363,387.1555959709208,151.9566855762457,12.447916666666666,11.229166666666666,9.052083333333334,9.434375000000001
5,mi_concept,0.0003162277660168,1.0,1.0,1.0,,0.5,True,0.2,exemplar_mean,0.19355525205430504,326.96518936125824,376.1517039308818,217.86092312678366,8.895833333333334,7.708333333333333,6.395833333333333,6.577083333333334
5,mi_concept,0.001,1.0,1.0,1.0,,0.5,True,0.2,exemplar_mean,0.2748980889557366,310.03714821576045,347.74094382935283,339.533239976068,6.229166666666667,4.895833333333333,3.96875,4.496875
5,mi_concept,0.0031622776601683,1.0,1.0,1.0,,0.5,True,0.2,exemplar_mean,0.14858301292737588,335.9582915105951,387.5396857928546,352.1942313402091,4.135416666666667,3.7708333333333335,2.614583333333333,3.0041666666666664
5,mi_concept,0.01,1.0,1.0,1.0,,0.5,True,0.2,exemplar_mean,0.1570904230340996,334.2756198192429,383.94988284267777,456.1327486320331,3.1875,2.75,1.90625,2.167708333333333
5,mi_concept,0.0316227766016837,1.0,1.0,1.0,,0.5,True,0.2,exemplar_mean,0.13654019963010533,338.3259190376252,388.3590167309613,582.0966360320346,2.2916666666666665,1.96875,1.3958333333333333,1.6572916666666664
5,mi_concept,0.0999999999999999,1.0,1.0,1.0,,0.5,True,0.2,exemplar_mean,0.06841583950991373,351.4190144968267,388.0241081858499,918.4221476412586,1.5520833333333333,1.4479166666666667,1.1875,1.359375
5,mi_concept,0.3162277660168379,1.0,1.0,1.0,,0.5,True,0.2,exemplar_mean,0.035519206074389825,364.09457553176964,360.26577905524965,-1212.0787140516359,1.2083333333333333,1.1666666666666667,1.1041666666666667,1.1489583333333333
5,mi_concept,1.0,1.0,1.0,1.0,,0.5,True,0.2,exemplar_mean,0.07342849180719345,350.4722844965717,377.7536619116071,3330.783242573495,1.125,1.0729166666666667,1.0416666666666667,1.0760416666666668
5,mi_concept,3.162277660168379,1.0,1.0,1.0,,0.5,True,0.2,exemplar_mean,0.0011767749515710147,363.88028378167655,371.82874757893296,705.4507998324593,1.0520833333333333,1.0208333333333333,1.0520833333333333,1.0260416666666665
5,surprisal_b,0.01,1.0,1.0,1.0,,0.5,True,0.2,exemplar_mean,0.08968924883121063,347.38338650973844,381.5365334582137,58.88560810080741,77.47916666666667,73.64583333333333,72.98958333333333,75.02291666666666
5,surprisal_b,0.0251188643150957,1.0,1.0,1.0,,0.5,True,0.2,exemplar_mean,0.01998012105090777,360.4388963238128,385.65327960046267,24.434959035645928,68.11458333333333,65.9375,65.76041666666667,67.83854166666666
5,surprisal_b,0.0630957344480193,1.0,1.0,1.0,,0.5,True,0.2,exemplar_mean,0.0018265851607829895,364.09457553176964,371.93099908387455,-4.651738801952555,57.97916666666666,59.083333333333336,57.520833333333336,54.896875
5,surprisal_b,0.1584893192461114,1.0,1.0,1.0,,0.5,True,0.2,exemplar_mean,0.0034882259492632615,363.458998715516,366.1686148710333,6.725401127343167,36.489583333333336,39.583333333333336,36.29166666666666,34.454166666666666
5,surprisal_b,0.3981071705534973,1.0,1.0,1.0,,0.5,True,0.2,exemplar_mean,0.0635719982862376,352.33144464164525,387.0824891695286,44.657666010396255,19.52083333333333,17.552083333333332,13.583333333333334,16.713541666666664
5,surprisal_b,1.0,1.0,1.0,1.0,,0.5,True,0.2,exemplar_mean,0.08142630897251253,348.95643379649323,344.87158486494474,112.34053357585665,6.614583333333333,8.083333333333334,6.15625,7.697916666666667
5,surprisal_b,2.511886431509582,1.0,1.0,1.0,,0.5,True,0.2,exemplar_mean,0.11346637739778848,342.81657705684086,376.6265694603708,352.22391922523775,4.010416666666667,4.15625,3.4375,3.604166666666667
5,surprisal_b,6.309573444801936,1.0,1.0,1.0,,0.5,True,0.2,exemplar_mean,0.0002501181159266387,364.0490393596106,370.90208213911546,42.74666003047412,2.1875,2.40625,2.0104166666666665,2.028125
5,surprisal_b,15.848931924611142,1.0,1.0,1.0,,0.5,True,0.2,exemplar_mean,0.0519152512826842,354.5175904197894,381.18593193229384,1114.0239543125765,1.5104166666666667,1.4166666666666667,1.3125,1.4135416666666667
5,surprisal_b,39.81071705534973,1.0,1.0,1.0,,0.5,True,0.2,exemplar_mean,0.05753651503843921,353.46504759966433,398.33063170014174,2300.3918983327617,1.1875,1.2291666666666667,1.1145833333333333,1.1604166666666664
5,surprisal_b,100.0,1.0,1.0,1.0,,0.5,True,0.2,exemplar_mean,0.17632378149278405,364.09457553176964,360.26577905524965,-5566.396095796258,1.0104166666666667,1.09375,1.0729166666666667,1.05625
6,eig_code,3.162277660168379e-06,1.0,1.0,1.0,,1.0,True,0.1,exemplar_mean,0.016016234691262746,361.16709432502245,387.2726416630047,6.739356522530709,79.89583333333333,75.79166666666667,58.177083333333336,65.33645833333334
6,eig_code,1e-05,1.0,1.0,1.0,,1.0,True,0.1,exemplar_mean,0.09884253599568928,345.6324825477214,386.23320884680714,11.292472462875427,76.75,74.20833333333333,42.38541666666666,55.182291666666664
6,eig_code,3.1622776601683795e-05,1.0,1.0,1.0,,1.0,True,0.1,exemplar_mean,0.06310227571558748,352.419800224184,385.41540398208355,6.986551851110879,74.01041666666667,72.04166666666667,31.30208333333333,46.55
6,eig_code,0.0001,1.0,1.0,1.0,,1.0,True,0.1,exemplar_mean,0.1286395878177533,339.87022669091306,386.28231390038883,10.615668286161277,70.27083333333333,54.35416666666666,23.541666666666668,32.90833333333334
6,eig_code,0.0003162277660168,1.0,1.0,1.0,,1.0,True,0.1,exemplar_mean,0.15172519191219222,335.3377865939292,387.2350810294226,14.402916709779783,59.13541666666666,39.34375,17.71875,24.822916666666668
6,eig_code,0.001,1.0,1.0,1.0,,1.0,True,0.1,exemplar_mean,0.14516061230199181,336.6328321691929,384.5768536010977,24.041634263769602,33.364583333333336,22.64583333333333,11.03125,15.027083333333332
6,eig_code,0.0031622776601683,1.0,1.0,1.0,,1.0,True,0.1,exemplar_mean,0.14740825371972485,336.18998412286714,386.09899738191694,49.45455859437464,20.322916666666668,14.375,8.302083333333334,9.434375
6,eig_code,0.01,1.0,1.0,1.0,,1.0,True,0.1,exemplar_mean,0.1987249482295799,325.9155028602949,377.43556743942634,83.57251685082417,13.489583333333334,7.739583333333333,4.885416666666667,5.421875
6,eig_code,0.0316227766016837,1.0,1.0,1.0,,1.0,True,0.1,exemplar_mean,0.19287820466089134,327.1024117106422,376.5603829912081,112.990686705287,9.583333333333334,4.583333333333333,3.1666666666666665,3.325
6,eig_code,0.0999999999999999,1.0,1.0,1.0,,1.0,True,0.1,exemplar_mean,0.19610280627590007,326.44834030132455,382.1603349002495,183.72475341634058,5.864583333333333,3.9270833333333335,2.177083333333333,2.4010416666666665
6,eig_code,0.3162277660168379,1.0,1.0,1.0,,1.0,True,0.1,exemplar_mean,0.18682146986902748,328.3274249072793,383.21355240822413,298.29906072519077,3.90625,2.5729166666666665,1.53125,1.815625
6,kl,3.162277660168379e-06,1.0,1.0,1.0,,1.0,True,0.1,exemplar_mean,0.06843956392124441,351.4145397200518,388.6762978002779,9.604260696244276,79.82291666666667,70.64583333333333,44.6875,52.83229166666668
6,kl,1e-05,1.0,1.0,1.0,,1.0,True,0.1,exemplar_mean,0.11645042660732896,342.2391348742527,388.2023233973106,8.987382558797,77.47916666666667,64.89583333333333,30.14583333333333,42.040625
6,kl,3.1622776601683795e-05,1.0,1.0,1.0,,1.0,True,0.1,exemplar_mean,0.14874439177529328,335.9264509834673,384.631361829166,10.649199571242804,77.11458333333333,55.302083333333336,21.80208333333333,33.84791666666666
6,kl,0.0001,1.0,1.0,1.0,,1.0,True,0.1,exemplar_mean,0.2287523050801937,319.75043807578965,378.34800601369886,16.705491556221517,64.42708333333333,36.833333333333336,18.260416666666668,23.569791666666667
6,kl,0.0003162277660168,1.0,1.0,1.0,,1.0,True,0.1,exemplar_mean,0.18188885691042841,329.3217106298929,380.3642976914347,21.08345878453451,45.19791666666666,24.479166666666668,10.541666666666666,15.528125
6,kl,0.001,1.0,1.0,1.0,,1.0,True,0.1,exemplar_mean,0.23365683443944943,318.7321358164548,374.1109965376223,34.33166245374516,30.760416666666668,16.15625,7.322916666666667,9.848958333333334
6,kl,0.0031622776601683,1.0,1.0,1.0,,1.0,True,0.1,exemplar_mean,0.21123603814015085,323.3610739144273,376.2040425358429,58.72916034160509,18.40625,9.291666666666666,6.1875,6.461458333333333
6,kl,0.01,1.0,1.0,1.0,,1.0,True,0.1,exemplar_mean,0.17862524768327565,329.97792197701347,383.02771532940034,81.72616242584515,11.729166666666666,6.78125,3.7395833333333335,4.102083333333333
6,kl,0.0316227766016837,1.0,1.0,1.0,,1.0,True,0.1,exemplar_mean,0.18958639689028337,327.7687687729737,382.3950306500901,136.14757285330916,7.34375,4.833333333333333,2.125,2.8135416666666666
6,kl,0.0999999999999999,1.0,1.0,1.0,,1.0,True,0.1,exemplar_mean,0.14455919737942932,336.7512289201367,388.5576633688682,196.06891135303312,4.625,3.052083333333333,1.6875,1.9583333333333328
6,kl,0.3162277660168379,1.0,1.0,1.0,,1.0,True,0.1,exemplar_mean,0.18867517185827026,327.95298779197935,378.79155698097486,554.8575126939551,2.427083333333333,1.7291666666666667,1.1458333333333333,1.4802083333333333
6,mi,3.1622776601683795e-05,1.0,1.0,1.0,,1.0,True,0.1,exemplar_mean,0.09318959266254348,346.7148607043849,386.98300755387856,7.260056636700519,78.07291666666667,68.42708333333333,29.875,44.37916666666667
6,mi,0.0001,1.0,1.0,1.0,,1.0,True,0.1,exemplar_mean,0.16523318302348897,332.65709998148014,384.037832230928,10.60491941977589,73.875,61.5625,25.75,35.04687499999999
6,mi,0.0003162277660168,1.0,1.0,1.0,,1.0,True,0.1,exemplar_mean,0.18568866129095088,328.55603564190875,385.072318186635,12.526345664903719,66.5625,44.47916666666666,16.916666666666668,26.413541666666667
6,mi,0.001,1.0,1.0,1.0,,1.0,True,0.1,exemplar_mean,0.15907221621311599,333.88242521934137,387.54723118824296,14.990385888417947,51.84375,34.729166666666664,10.5625,16.315625000000004
6,mi,0.0031622776601683,1.0,1.0,1.0,,1.0,True,0.1,exemplar_mean,0.16377473894124267,332.94757035240485,384.7764747983038,26.390659022718502,29.92708333333333,19.854166666666668,6.947916666666667,9.360416666666666
6,mi,0.01,1.0,1.0,1.0,,1.0,True,0.1,exemplar_mean,0.17648145375636226,330.40826371916256,380.06323762099424,48.45177961359765,18.65625,9.885416666666666,4.125,5.659375
6,mi,0.0316227766016837,1.0,1.0,1.0,,1.0,True,0.1,exemplar_mean,0.22269487263199053,321.0036531469711,373.6653494529899,97.16719599204168,10.989583333333334,5.1875,2.739583333333333,3.4604166666666663
6,mi,0.0999999999999999,1.0,1.0,1.0,,1.0,True,0.1,exemplar_mean,0.19247015251121982,327.1850869507725,380.35819481607456,125.9901763630003,7.520833333333333,4.260416666666667,1.7291666666666667,2.3166666666666673
6,mi,0.3162277660168379,1.0,1.0,1.0,,1.0,True,0.1,exemplar_mean,0.24488511672317417,316.3885249719147,371.9926796380217,244.48349450074497,4.614583333333333,2.708333333333333,1.3958333333333333,1.8645833333333333
6,mi,1.0,1.0,1.0,1.0,,1.0,True,0.1,exemplar_mean,0.11245529913498466,343.0120099256838,392.55071950862447,299.1953908421905,2.8229166666666665,2.3541666666666665,1.2291666666666667,1.4395833333333334
6,mi,3.162277660168379,1.0,1.0,1.0,,1.0,True,0.1,exemplar_mean,0.05366138449390987,354.1909739285933,380.2776177185816,485.0911462240167,1.5625,1.5416666666666667,1.1145833333333333,1.3406249999999997
6,mi_concept,3.1622776601683795e-05,1.0,1.0,1.0,,1.0,True,0.1,exemplar_mean,0.35213970983358134,293.0588825154351,301.27360152155006,239.3246544718407,12.364583333333334,9.552083333333334,8.510416666666666,8.885416666666668
6,mi_concept,0.0001,1.0,1.0,1.0,,1.0,True,0.1,exemplar_mean,0.2239327911463848,320.7479397271843,379.10126440882124,241.97689592315373,8.96875,6.78125,5.604166666666667,5.982291666666666
6,mi_concept,0.0003162277660168,1.0,1.0,1.0,,1.0,True,0.1,exemplar_mean,0.3463760858287871,294.3595804965244,303.6441749210835,347.5232037453107,6.729166666666667,4.697916666666667,3.8229166666666665,4.328125000000001
6,mi_concept,0.001,1.0,1.0,1.0,,1.0,True,0.1,exemplar_mean,0.17850614055103875,330.0018460744878,378.28433601873473,257.92856140419025,5.354166666666667,3.5416666666666665,2.739583333333333,2.9687499999999996
6,mi_concept,0.0031622776601683,1.0,1.0,1.0,,1.0,True,0.1,exemplar_mean,0.2529672835724029,314.69078063647106,372.6877880602265,344.30544734870864,4.15625,2.875,1.9166666666666667,2.2354166666666666
6,mi_concept,0.01,1.0,1.0,1.0,,1.0,True,0.1,exemplar_mean,0.18813305111612286,328.06253727290306,385.6947407460444,363.5095489566387,3.177083333333333,2.552083333333333,1.5416666666666667,1.7322916666666663
6,mi_concept,0.0316227766016837,1.0,1.0,1.0,,1.0,True,0.1,exemplar_mean,0.10096275808777729,345.22564511843444,392.8855911652286,388.01217100710323,2.4166666666666665,1.96875,1.21875,1.4364583333333334
6,mi_concept,0.0999999999999999,1.0,1.0,1.0,,1.0,True,0.1,exemplar_mean,0.1325161598631304,339.1133641729889,379.27523158202155,832.0446809412366,1.6770833333333333,1.53125,1.0833333333333333,1.3520833333333333
6,mi_concept,0.3162277660168379,1.0,1.0,1.0,,1.0,True,0.1,exemplar_mean,0.013268160981074542,361.6710771262372,374.22006172488716,670.7728669628486,1.2291666666666667,1.2291666666666667,1.1458333333333333,1.2145833333333333
6,mi_concept,1.0,1.0,1.0,1.0,,1.0,True,0.1,exemplar_mean,0.003657942845881623,363.4280468685062,368.52890273602026,624.0910230801866,1.0833333333333333,1.125,1.0208333333333333,1.1135416666666667
6,mi_concept,3.162277660168379,1.0,1.0,1.0,,1.0,True,0.1,exemplar_mean,0.024153562657334548,359.67060803065266,360.89179203909407,3740.7084553551413,1.03125,1.0208333333333333,1.0104166666666667,1.0395833333333333
6,surprisal_b,0.01,1.0,1.0,1.0,,1.0,True,0.1,exemplar_mean,,,,,80.0,80.0,80.0,80.0
6,surprisal_b,0.0251188643150957,1.0,1.0,1.0,,1.0,True,0.1,exemplar_mean,0.01289756000434318,364.09457553176964,364.6256281924239,-22.938558728889745,68.91666666666667,71.25,71.15625,70.76666666666668
6,surprisal_b,0.0630957344480193,1.0,1.0,1.0,,1.0,True,0.1,exemplar_mean,0.06344548080947343,352.35524496572333,374.82028161387854,22.858585625732015,61.989583333333336,66.75,55.239583333333336,59.20625
6,surprisal_b,0.1584893192461114,1.0,1.0,1.0,,1.0,True,0.1,exemplar_mean,2.179755379055058e-05,364.0906073245977,363.0412058900869,0.4813631021400668,40.6875,48.239583333333336,37.41666666666666,40.984375
6,surprisal_b,0.3981071705534973,1.0,1.0,1.0,,1.0,True,0.1,exemplar_mean,0.01492168295966984,361.3679137944682,370.69991961137157,15.033310920104082,21.541666666666668,23.73958333333333,20.09375,20.976041666666664
6,surprisal_b,1.0,1.0,1.0,1.0,,1.0,True,0.1,exemplar_mean,0.18482654682086075,328.72991138729645,371.64659035193336,137.6474981619206,10.739583333333334,11.46875,8.28125,9.017708333333333
6,surprisal_b,2.511886431509582,1.0,1.0,1.0,,1.0,True,0.1,exemplar_mean,0.11246153862908226,343.01080422575075,371.3742909957039,226.4369251996035,4.947916666666667,5.260416666666667,3.1875,4.325
6,surprisal_b,6.309573444801936,1.0,1.0,1.0,,1.0,True,0.1,exemplar_mean,0.05551539565530371,353.84384872788655,393.74705861505146,424.0639794421324,2.7604166666666665,2.395833333333333,1.9479166666666667,2.265625
6,surprisal_b,15.848931924611142,1.0,1.0,1.0,,1.0,True,0.1,exemplar_mean,0.20752964632860912,324.1199182932771,342.69059785486576,1809.1970810252908,1.6875,1.6458333333333333,1.40625,1.5510416666666667
6,surprisal_b,39.81071705534973,1.0,1.0,1.0,,1.0,True,0.1,exemplar_mean,0.24546376602002296,316.2672764781673,328.85323925649794,3344.101846284257,1.25,1.25,1.1979166666666667,1.246875
6,surprisal_b,100.0,1.0,1.0,1.0,,1.0,True,0.1,exemplar_mean,0.004298460169962364,363.3112097930734,368.34335785861975,771.7880710459532,1.1041666666666667,1.0520833333333333,1.1041666666666667,1.0916666666666666
7,eig_code,3.162277660168379e-06,1.0,1.0,1.0,,1.0,True,0.2,exemplar_mean,0.0632276596828923,352.3962174626599,385.74976340284644,6.178033646248989,79.41666666666667,78.52083333333333,36.6875,51.26458333333333
7,eig_code,1e-05,1.0,1.0,1.0,,1.0,True,0.2,exemplar_mean,0.08093441719415534,349.04985353480066,386.90346234928717,5.940501205406816,78.9375,75.5,26.34375,42.64895833333334
7,eig_code,3.1622776601683795e-05,1.0,1.0,1.0,,1.0,True,0.2,exemplar_mean,0.12636354717408976,340.31381693968683,387.4830567321495,7.7799358461386054,78.01041666666667,63.60416666666666,22.09375,33.290625
7,eig_code,0.0001,1.0,1.0,1.0,,1.0,True,0.2,exemplar_mean,0.12624516577952052,340.33687313167843,388.24384008530666,9.187811668684812,67.55208333333333,50.94791666666666,15.572916666666666,26.596874999999994
7,eig_code,0.0003162277660168,1.0,1.0,1.0,,1.0,True,0.2,exemplar_mean,0.18323034847947037,329.05159846177537,381.81160386840514,15.15499913464243,58.35416666666666,31.4375,12.041666666666666,18.478125
7,eig_code,0.001,1.0,1.0,1.0,,1.0,True,0.2,exemplar_mean,0.16105766946893715,333.48803957202176,386.86043694915855,25.758083170450593,33.260416666666664,23.197916666666668,8.822916666666666,13.273958333333331
7,eig_code,0.0031622776601683,1.0,1.0,1.0,,1.0,True,0.2,exemplar_mean,0.23044153091522707,319.40007931033017,372.61433195510153,51.38238450613013,21.84375,11.447916666666666,6.5,8.5375
7,eig_code,0.01,1.0,1.0,1.0,,1.0,True,0.2,exemplar_mean,0.15339510304382425,335.00755153048783,382.6104995530109,65.37933965751036,14.333333333333334,6.8125,3.6666666666666665,5.105208333333334
7,eig_code,0.0316227766016837,1.0,1.0,1.0,,1.0,True,0.2,exemplar_mean,0.19804090588993756,326.05458895961107,378.1653723369755,115.0006424441533,9.135416666666666,5.135416666666667,2.7604166666666665,3.265625
7,eig_code,0.0999999999999999,1.0,1.0,1.0,,1.0,True,0.2,exemplar_mean,0.24760982809143298,315.81719040137193,372.28871906168007,216.18359728237166,5.583333333333333,3.3541666666666665,1.9791666666666667,2.380208333333333
7,eig_code,0.3162277660168379,1.0,1.0,1.0,,1.0,True,0.2,exemplar_mean,0.13828016835461887,337.9848647238558,387.2766033666822,280.340314936003,3.46875,2.6979166666666665,1.5416666666666667,1.7197916666666668
7,kl,3.162277660168379e-06,1.0,1.0,1.0,,1.0,True,0.2,exemplar_mean,0.08052493525622843,349.1276029883796,385.53128213286703,5.389028096381666,78.88541666666667,77.73958333333333,23.80208333333333,40.66041666666666
7,kl,1e-05,1.0,1.0,1.0,,1.0,True,0.2,exemplar_mean,0.11684552497755933,342.16260648903193,387.6799327947841,6.892749642251204,78.6875,68.3125,18.135416666666668,32.704166666666666
7,kl,3.1622776601683795e-05,1.0,1.0,1.0,,1.0,True,0.2,exemplar_mean,0.14280466967573183,337.09639407520984,388.11012628338347,8.347256575609347,73.89583333333333,57.97916666666666,15.854166666666666,26.680208333333333
7,kl,0.0001,1.0,1.0,1.0,,1.0,True,0.2,exemplar_mean,0.15791347985547108,334.11237868911417,386.7049039751102,10.94270315638227,66.17708333333333,43.364583333333336,13.510416666666666,20.114583333333336
7,kl,0.0003162277660168,1.0,1.0,1.0,,1.0,True,0.2,exemplar_mean,0.22926222823106557,319.6447164565498,375.50726311527967,18.366506451036397,53.22916666666666,24.729166666666668,9.541666666666666,14.501041666666666
7,kl,0.001,1.0,1.0,1.0,,1.0,True,0.2,exemplar_mean,0.2076782710600238,324.08952315330754,375.4203924292963,31.098037193876287,32.21875,14.5625,7.020833333333333,9.859375
7,kl,0.0031622776601683,1.0,1.0,1.0,,1.0,True,0.2,exemplar_mean,0.19424180660425316,326.82598129018777,379.49877408868116,50.44985228531487,19.291666666666668,11.916666666666666,5.03125,6.475
7,kl,0.01,1.0,1.0,1.0,,1.0,True,0.2,exemplar_mean,0.1962822684991997,326.41190006032974,380.73471353678053,85.59208924282075,12.020833333333334,7.375,3.333333333333333,4.310416666666667
7,kl,0.0316227766016837,1.0,1.0,1.0,,1.0,True,0.2,exemplar_mean,0.2304867132402747,319.39070286226854,372.53971582352557,151.63550010462205,7.34375,4.645833333333333,2.34375,3.0104166666666665
7,kl,0.0999999999999999,1.0,1.0,1.0,,1.0,True,0.2,exemplar_mean,0.17615771859366047,330.47320109263046,385.7378948020796,279.37005863538445,3.90625,2.895833333333333,1.8333333333333333,2.0562499999999995
7,kl,0.3162277660168379,1.0,1.0,1.0,,1.0,True,0.2,exemplar_mean,0.1441426208137276,336.833213316777,388.9798651696283,521.6308970303005,2.21875,1.9791666666666667,1.28125,1.49375
7,mi,3.1622776601683795e-05,1.0,1.0,1.0,,1.0,True,0.2,exemplar_mean,0.1043542900652905,344.5738644846508,386.85363206107655,6.012359565590742,77.89583333333333,70.86458333333333,17.145833333333332,32.94375
7,mi,0.0001,1.0,1.0,1.0,,1.0,True,0.2,exemplar_mean,0.13093141247896176,339.422974437105,389.7694463033739,7.62760106982056,75.04166666666667,58.8125,12.895833333333334,24.57916666666667
7,mi,0.0003162277660168,1.0,1.0,1.0,,1.0,True,0.2,exemplar_mean,0.16319276087553264,333.0634090444846,386.4196662646303,10.931149060670682,66.3125,43.770833333333336,10.875,19.82708333333333
7,mi,0.001,1.0,1.0,1.0,,1.0,True,0.2,exemplar_mean,0.19711922131765192,326.2419009996221,382.486337218619,17.035010832929053,51.4375,26.71875,8.364583333333334,13.322916666666666
7,mi,0.0031622776601683,1.0,1.0,1.0,,1.0,True,0.2,exemplar_mean,0.23327595098485598,318.8113331798721,370.7205055557784,32.12705624876475,30.75,16.010416666666668,6.739583333333333,8.996875000000001
7,mi,0.01,1.0,1.0,1.0,,1.0,True,0.2,exemplar_mean,0.24068391587773333,317.26744291768176,373.0357721769042,55.353008295225145,18.77083333333333,8.822916666666666,3.5104166666666665,5.415625
7,mi,0.0316227766016837,1.0,1.0,1.0,,1.0,True,0.2,exemplar_mean,0.2515977871555331,314.97910171671833,363.3481693945706,91.68592721003621,11.59375,6.302083333333333,2.40625,3.4979166666666663
7,mi,0.0999999999999999,1.0,1.0,1.0,,1.0,True,0.2,exemplar_mean,0.19481485655425584,326.7097423707138,382.32405543754624,138.09598686774433,6.9375,4.364583333333333,1.96875,2.3812499999999996
7,mi,0.3162277660168379,1.0,1.0,1.0,,1.0,True,0.2,exemplar_mean,0.2252552482571227,320.4745379863786,372.11543265374337,281.9611280024553,4.0625,2.5729166666666665,1.59375,1.825
7,mi,1.0,1.0,1.0,1.0,,1.0,True,0.2,exemplar_mean,0.16581109515250866,332.54193017971755,385.0383784520392,433.31241961721815,2.6354166666666665,1.9583333333333333,1.2604166666666667,1.4541666666666668
7,mi,3.162277660168379,1.0,1.0,1.0,,1.0,True,0.2,exemplar_mean,0.06831036349003522,351.4389081529281,388.61056516328875,671.7527082293834,1.5520833333333333,1.46875,1.0729166666666667,1.24375
7,mi_concept,3.1622776601683795e-05,1.0,1.0,1.0,,1.0,True,0.2,exemplar_mean,0.16837638271743546,332.0302220294459,384.9692188102585,108.67314858039897,18.416666666666668,15.9375,12.739583333333334,13.615625
7,mi_concept,0.0001,1.0,1.0,1.0,,1.0,True,0.2,exemplar_mean,0.22772274993952443,319.9637877677318,371.05343952103806,180.91764525320855,13.03125,10.145833333333334,9.6875,9.404166666666665
7,mi_concept,0.0003162277660168,1.0,1.0,1.0,,1.0,True,0.2,exemplar_mean,0.22063165147995423,321.429394979253,376.9984803518737,206.00911258877176,9.3125,8.072916666666666,5.885416666666667,6.48125
7,mi_concept,0.001,1.0,1.0,1.0,,1.0,True,0.2,exemplar_mean,0.1959150504758458,326.486460219754,377.01405089056516,272.14141298366366,6.447916666666667,5.395833333333333,3.8645833333333335,4.5166666666666675
7,mi_concept,0.0031622776601683,1.0,1.0,1.0,,1.0,True,0.2,exemplar_mean,0.3082197396953492,302.8295779985385,326.5563590650927,402.51290392402876,4.916666666666667,3.78125,2.71875,3.151041666666667
7,mi_concept,0.01,1.0,1.0,1.0,,1.0,True,0.2,exemplar_mean,0.23120108531807643,319.2424164180272,369.5304050817346,451.76029834740785,3.489583333333333,2.78125,2.052083333333333,2.223958333333333
7,mi_concept,0.0316227766016837,1.0,1.0,1.0,,1.0,True,0.2,exemplar_mean,0.14269555802015993,337.11784774741164,384.0765149851099,530.6205940764268,2.375,1.8958333333333333,1.5729166666666667,1.728125
7,mi_concept,0.0999999999999999,1.0,1.0,1.0,,1.0,True,0.2,exemplar_mean,0.07440679065883216,350.2872166522883,380.0451447967428,725.0030671309528,1.6458333333333333,1.6354166666666667,1.2291666666666667,1.3864583333333331
7,mi_concept,0.3162277660168379,1.0,1.0,1.0,,1.0,True,0.2,exemplar_mean,0.010238680820344974,362.2258558452523,373.93492104785486,532.8320481664031,1.2604166666666667,1.28125,1.1354166666666667,1.2114583333333333
7,mi_concept,1.0,1.0,1.0,1.0,,1.0,True,0.2,exemplar_mean,0.019350444626127693,364.09457553176964,360.26577905524965,-1450.9748762468641,1.0729166666666667,1.1041666666666667,1.0416666666666667,1.0989583333333335
7,mi_concept,3.162277660168379,1.0,1.0,1.0,,1.0,True,0.2,exemplar_mean,0.009394685645729806,364.09457553176964,373.9107244822926,-2078.174717340803,1.0416666666666667,1.0416666666666667,1.0208333333333333,1.0291666666666666
7,surprisal_b,0.01,1.0,1.0,1.0,,1.0,True,0.2,exemplar_mean,0.02803734100751402,364.09457553176964,360.26577905524965,-35.442430064344826,75.84375,78.95833333333333,73.69791666666667,74.82604166666667
7,surprisal_b,0.0251188643150957,1.0,1.0,1.0,,1.0,True,0.2,exemplar_mean,0.02455060492483022,359.59743106502003,374.9890919555241,27.880284052251852,72.01041666666667,70.3125,65.94791666666667,69.271875
7,surprisal_b,0.0630957344480193,1.0,1.0,1.0,,1.0,True,0.2,exemplar_mean,0.025136879012171594,359.48935044906676,378.3256260192382,17.48197424817411,59.78125,54.65625,53.78125,54.365625
7,surprisal_b,0.1584893192461114,1.0,1.0,1.0,,1.0,True,0.2,exemplar_mean,0.0018906134845013813,364.09457553176964,378.70939318204194,-5.636971140305649,39.864583333333336,36.6875,35.958333333333336,34.371875
7,surprisal_b,0.3981071705534973,1.0,1.0,1.0,,1.0,True,0.2,exemplar_mean,0.1440173540037625,336.8578625628657,362.83001119443236,79.91069806849376,21.166666666666668,16.0,17.21875,16.289583333333336
7,surprisal_b,1.0,1.0,1.0,1.0,,1.0,True,0.2,exemplar_mean,0.06979773288518656,351.15827378574943,367.2361814031441,122.08417359117544,7.791666666666667,7.21875,6.75,7.60625
7,surprisal_b,2.511886431509582,1.0,1.0,1.0,,1.0,True,0.2,exemplar_mean,0.1045048101829032,344.54490913025876,376.8448725200081,336.67030558002074,4.208333333333333,4.177083333333333,3.3541666666666665,3.4760416666666663
7,surprisal_b,6.309573444801936,1.0,1.0,1.0,,1.0,True,0.2,exemplar_mean,0.18478018927181072,328.7392584141669,347.070807093267,937.5825160929148,2.2604166666666665,2.2604166666666665,2.052083333333333,2.1135416666666664
7,surprisal_b,15.848931924611142,1.0,1.0,1.0,,1.0,True,0.2,exemplar_mean,0.010982566832461132,362.0897091852021,395.5038594311149,487.5977183722601,1.4375,1.46875,1.4166666666666667,1.428125
7,surprisal_b,39.81071705534973,1.0,1.0,1.0,,1.0,True,0.2,exemplar_mean,0.07612496378793408,349.9619476026063,376.69191845967623,2021.7676239731095,1.25,1.0416666666666667,1.09375,1.1520833333333331
7,surprisal_b,100.0,1.0,1.0,1.0,,1.0,True,0.2,exemplar_mean,0.05560528699128414,364.09457553176964,360.26577905524965,-4804.248170961267,1.0520833333333333,1.0625,1.0520833333333333,1.05625
8,eig_code,3.162277660168379e-06,1.0,10.0,0.1,,0.5,True,0.1,exemplar_mean,2.102673531871006e-05,364.0907476515123,379.04342252511515,1.1355474678882014,80.0,79.5625,76.9375,77.84791666666666
8,eig_code,1e-05,1.0,10.0,0.1,,0.5,True,0.1,exemplar_mean,0.05485748139478381,353.96706851677084,382.0432399777282,31.82863037657824,79.46875,79.40625,72.625,75.071875
8,eig_code,3.1622776601683795e-05,1.0,10.0,0.1,,0.5,True,0.1,exemplar_mean,0.09344079471418215,346.66683439358746,384.4479245459433,21.611076324216903,78.78125,76.45833333333333,61.770833333333336,69.6875
8,eig_code,0.0001,1.0,10.0,0.1,,0.5,True,0.1,exemplar_mean,0.077882765344836,349.6288633002587,386.8847087828174,10.373860172529,78.54166666666667,72.89583333333333,44.97916666666666,56.63125000000001
8,eig_code,0.0003162277660168,1.0,10.0,0.1,,0.5,True,0.1,exemplar_mean,0.07258870258892924,350.6310721261554,388.9256476034366,9.238364239555107,73.0,60.302083333333336,32.114583333333336,44.24166666666667
8,eig_code,0.001,1.0,10.0,0.1,,0.5,True,0.1,exemplar_mean,0.0921730752971108,346.9091366848497,390.1238656837541,11.83835407405709,60.38541666666666,50.770833333333336,23.64583333333333,30.587500000000006
8,eig_code,0.0031622776601683,1.0,10.0,0.1,,0.5,True,0.1,exemplar_mean,0.14339367655766452,336.9805592073629,387.27098916991287,19.444837458859862,46.13541666666666,31.21875,17.020833333333332,20.176041666666663
8,eig_code,0.01,1.0,10.0,0.1,,0.5,True,0.1,exemplar_mean,0.18750013049227549,328.1903889448671,381.608479475804,35.497214788868554,28.9375,18.135416666666668,9.770833333333334,11.680208333333335
8,eig_code,0.0316227766016837,1.0,10.0,0.1,,0.5,True,0.1,exemplar_mean,0.19842603409445222,325.9762882713001,377.33361178322883,62.326621039990115,17.21875,8.614583333333334,5.010416666666667,6.356250000000001
8,eig_code,0.0999999999999999,1.0,10.0,0.1,,0.5,True,0.1,exemplar_mean,0.26186083823023165,312.8119476459969,364.8871720302212,104.82664201268753,10.916666666666666,5.927083333333333,3.0625,3.8239583333333336
8,eig_code,0.3162277660168379,1.0,10.0,0.1,,0.5,True,0.1,exemplar_mean,0.17157857212253602,331.39035977372873,379.8066787013997,136.41731860580308,7.041666666666667,3.4479166666666665,2.09375,2.339583333333333
8,kl,3.162277660168379e-06,1.0,10.0,0.1,,0.5,True,0.1,exemplar_mean,0.1322843384387017,339.1586725050397,378.44698164607775,21.399368921871954,79.98958333333333,78.90625,60.8125,68.85104166666666
8,kl,1e-05,1.0,10.0,0.1,,0.5,True,0.1,exemplar_mean,0.11217567969536459,343.0660383440844,384.7858154828744,13.489343895072425,79.05208333333333,70.38541666666667,46.333333333333336,58.461458333333326
8,kl,3.1622776601683795e-05,1.0,10.0,0.1,,0.5,True,0.1,exemplar_mean,0.18106473801421816,329.4875389119322,374.6669108250116,14.983951495590661,71.41666666666667,61.44791666666666,37.03125,46.32395833333333
8,kl,0.0001,1.0,10.0,0.1,,0.5,True,0.1,exemplar_mean,0.16417246917077716,332.86838172376895,384.39650438028303,15.248550294934633,64.45833333333333,48.91666666666666,20.03125,32.8375
8,kl,0.0003162277660168,1.0,10.0,0.1,,0.5,True,0.1,exemplar_mean,0.24476242004206866,316.41422850789854,370.7752806451511,24.563833346802415,48.270833333333336,31.729166666666668,15.916666666666666,21.944791666666667
8,kl,0.001,1.0,10.0,0.1,,0.5,True,0.1,exemplar_mean,0.23389516098067337,318.682570401275,374.2749278287053,35.12289440863167,32.895833333333336,19.0,9.833333333333334,14.085416666666665
8,kl,0.0031622776601683,1.0,10.0,0.1,,0.5,True,0.1,exemplar_mean,0.32817301461808823,298.4303104838083,318.1381181439136,74.95208017290547,18.822916666666668,11.3125,5.989583333333333,8.5375
8,kl,0.01,1.0,10.0,0.1,,0.5,True,0.1,exemplar_mean,0.2553947103874776,314.1790825657508,353.2778092680929,96.91375270310243,12.302083333333334,7.833333333333333,3.9375,5.020833333333334
8,kl,0.0316227766016837,1.0,10.0,0.1,,0.5,True,0.1,exemplar_mean,0.32689633004531965,298.7137320697328,315.11832146772485,173.23561256378824,7.833333333333333,4.4375,2.1875,3.2260416666666663
8,kl,0.0999999999999999,1.0,10.0,0.1,,0.5,True,0.1,exemplar_mean,0.2685418474955386,311.3930756016009,353.3278600835069,257.2103944930782,4.895833333333333,3.5,1.7083333333333333,2.1812499999999995
8,kl,0.3162277660168379,1.0,10.0,0.1,,0.5,True,0.1,exemplar_mean,0.24927806037055347,315.46687429047336,356.24420479771703,469.6015926209379,2.8541666666666665,2.0729166666666665,1.2916666666666667,1.6270833333333332
8,mi,3.1622776601683795e-05,1.0,10.0,0.1,,0.5,True,0.1,exemplar_mean,0.12060924309332721,341.4327349779589,387.6728739094819,15.503007666013492,78.82291666666667,71.38541666666667,49.13541666666666,59.02916666666666
8,mi,0.0001,1.0,10.0,0.1,,0.5,True,0.1,exemplar_mean,0.16736564274408808,332.23193245670603,378.85968116192697,13.805237771946052,75.15625,59.88541666666666,31.80208333333333,44.725
8,mi,0.0003162277660168,1.0,10.0,0.1,,0.5,True,0.1,exemplar_mean,0.13290363478564332,339.03762062917474,392.0415152985033,11.452079850429152,63.458333333333336,58.71875,22.40625,32.610416666666666
8,mi,0.001,1.0,10.0,0.1,,0.5,True,0.1,exemplar_mean,0.24551238726492974,316.25708640660804,363.9137615906294,23.578625827960924,49.66666666666666,26.95833333333333,17.010416666666668,22.651041666666664
8,mi,0.0031622776601683,1.0,10.0,0.1,,0.5,True,0.1,exemplar_mean,0.26829778757480716,311.445021314888,363.8936494503279,39.16821510129412,31.71875,16.895833333333332,7.458333333333333,12.709375
8,mi,0.01,1.0,10.0,0.1,,0.5,True,0.1,exemplar_mean,0.2693199776516936,311.22740049273466,348.4476688150844,62.19335895072602,19.197916666666668,9.395833333333334,5.083333333333333,6.635416666666667
8,mi,0.0316227766016837,1.0,10.0,0.1,,0.5,True,0.1,exemplar_mean,0.23384142732780785,318.69374620743554,377.9888185720959,98.46638237910211,10.40625,6.166666666666667,3.0104166666666665,3.998958333333333
8,mi,0.0999999999999999,1.0,10.0,0.1,,0.5,True,0.1,exemplar_mean,0.2298903177273038,319.5144475019788,376.2478976718434,156.4340815104827,6.645833333333333,3.8645833333333335,1.65625,2.4572916666666664
8,mi,0.3162277660168379,1.0,10.0,0.1,,0.5,True,0.1,exemplar_mean,0.2524984061768006,314.7895234658623,372.91503439074705,260.62243382502896,4.458333333333333,2.65625,1.5104166666666667,1.7999999999999996
8,mi,1.0,1.0,10.0,0.1,,0.5,True,0.1,exemplar_mean,0.1162749280150821,342.27312249981935,388.0740029547156,354.71695405441034,2.583333333333333,1.8958333333333333,1.2291666666666667,1.3947916666666667
8,mi,3.162277660168379,1.0,10.0,0.1,,0.5,True,0.1,exemplar_mean,0.1471473093030551,336.2414273770849,390.3559306000199,879.0799687350022,1.6875,1.53125,1.15625,1.221875
8,mi_concept,3.1622776601683795e-05,1.0,10.0,0.1,,0.5,True,0.1,exemplar_mean,0.3478500385281271,294.0274958179183,324.16430582890086,52.80028458403262,37.395833333333336,33.125,22.75,29.444791666666664
8,mi_concept,0.0001,1.0,10.0,0.1,,0.5,True,0.1,exemplar_mean,0.3073432296953519,303.02136514798974,338.2126351818859,68.94103517902249,27.822916666666668,23.20833333333333,15.489583333333334,18.9
8,mi_concept,0.0003162277660168,1.0,10.0,0.1,,0.5,True,0.1,exemplar_mean,0.27904400812924585,309.1495270564669,351.7302946399747,99.19604585881456,18.197916666666668,14.260416666666666,9.666666666666666,12.5
8,mi_concept,0.001,1.0,10.0,0.1,,0.5,True,0.1,exemplar_mean,0.3369547854923584,296.4734321816419,318.1126218502451,162.34658660832486,11.354166666666666,10.166666666666666,6.375,8.621875000000001
8,mi_concept,0.0031622776601683,1.0,10.0,0.1,,0.5,True,0.1,exemplar_mean,0.1855636714785009,328.5812499423963,373.17379880775604,182.08734254433546,7.291666666666667,6.78125,4.46875,5.264583333333334
8,mi_concept,0.01,1.0,10.0,0.1,,0.5,True,0.1,exemplar_mean,0.15755211004145464,334.18406085879775,371.1798862611909,284.75523414817036,4.395833333333333,4.15625,2.677083333333333,3.442708333333333
8,mi_concept,0.0316227766016837,1.0,10.0,0.1,,0.5,True,0.1,exemplar_mean,0.06110189591834553,352.7958271545812,359.07792805587644,295.4250983561937,2.25,2.71875,1.9479166666666667,2.333333333333333
8,mi_concept,0.0999999999999999,1.0,10.0,0.1,,0.5,True,0.1,exemplar_mean,0.0031454165968237465,364.09457553176964,363.7937728273121,-123.724105001625,1.4791666666666667,1.71875,1.4583333333333333,1.5104166666666667
8,mi_concept,0.3162277660168379,1.0,10.0,0.1,,0.5,True,0.1,exemplar_mean,0.10663337251826793,344.1351796020495,350.07631270970467,2196.687960539601,1.21875,1.15625,1.15625,1.2239583333333333
8,mi_concept,1.0,1.0,10.0,0.1,,0.5,True,0.1,exemplar_mean,0.03684720976796147,364.09457553176964,360.26577905524965,-3413.282582292379,1.0625,1.0625,1.0520833333333333,1.0510416666666667
8,mi_concept,3.162277660168379,1.0,10.0,0.1,,0.5,True,0.1,exemplar_mean,0.09148977892495341,347.039666613623,368.33891611765273,7544.528083663128,1.0208333333333333,1.0416666666666667,1.0,1.01875
8,surprisal_b,0.01,1.0,10.0,0.1,,0.5,True,0.1,exemplar_mean,0.020985497087012694,364.09457553176964,361.89140872477856,-39.59619276343565,71.70833333333333,72.70833333333333,73.02083333333333,73.48020833333334
8,surprisal_b,0.0251188643150957,1.0,10.0,0.1,,0.5,True,0.1,exemplar_mean,0.044679187087700606,355.86791054198477,358.1220604467737,25.313395871550824,61.677083333333336,63.9375,66.01041666666667,67.51979166666666
8,surprisal_b,0.0630957344480193,1.0,10.0,0.1,,0.5,True,0.1,exemplar_mean,0.01174309817970309,361.950463138678,377.38000364417803,14.967150705677984,47.09375,50.75,47.15625,52.080208333333324
8,surprisal_b,0.1584893192461114,1.0,10.0,0.1,,0.5,True,0.1,exemplar_mean,0.03173814098733783,358.27014628235753,372.4894001562019,27.73436620766175,31.322916666666668,29.03125,24.0625,29.240625
8,surprisal_b,0.3981071705534973,1.0,10.0,0.1,,0.5,True,0.1,exemplar_mean,0.11702386743615151,342.1280569265329,340.46647833872186,91.6255051339997,13.822916666666666,13.96875,13.489583333333334,13.353125
8,surprisal_b,1.0,1.0,10.0,0.1,,0.5,True,0.1,exemplar_mean,0.26510008350819136,312.1248219759603,324.21126927431516,400.8065886201094,6.541666666666667,6.625,5.416666666666667,6.062499999999999
8,surprisal_b,2.511886431509582,1.0,10.0,0.1,,0.5,True,0.1,exemplar_mean,0.12969085538391892,339.6651437125587,353.2222407879322,459.6423030794023,2.927083333333333,2.989583333333333,2.7291666666666665,3.0864583333333333
8,surprisal_b,6.309573444801936,1.0,10.0,0.1,,0.5,True,0.1,exemplar_mean,0.16800266230501235,332.10481859655346,377.6664357333401,778.3256784886933,2.1354166666666665,2.239583333333333,1.7395833333333333,1.8260416666666668
8,surprisal_b,15.848931924611142,1.0,10.0,0.1,,0.5,True,0.1,exemplar_mean,0.07117755509800267,350.8977305566607,384.3875978574644,1543.4419784181725,1.3854166666666667,1.375,1.375,1.303125
8,surprisal_b,39.81071705534973,1.0,10.0,0.1,,0.5,True,0.1,exemplar_mean,0.07090133282831451,350.9499033712732,377.1369610679394,2490.64650985664,1.15625,1.1041666666666667,1.21875,1.1270833333333334
8,surprisal_b,100.0,1.0,10.0,0.1,,0.5,True,0.1,exemplar_mean,0.0011060041102836772,363.89317478031364,372.7806504275462,623.6683776633436,1.0416666666666667,1.03125,1.0208333333333333,1.0541666666666667
9,eig_code,3.162277660168379e-06,1.0,10.0,0.1,,0.5,True,0.2,exemplar_mean,,,,,80.0,80.0,80.0,80.0
9,eig_code,1e-05,1.0,10.0,0.1,,0.5,True,0.2,exemplar_mean,0.15042358169301392,335.5949625577038,371.2717327329104,28.808196495530865,79.5,78.875,61.88541666666666,72.16354166666665
9,eig_code,3.1622776601683795e-05,1.0,10.0,0.1,,0.5,True,0.2,exemplar_mean,0.1630519405093395,333.0914323071875,373.3724066936534,16.800631387143998,79.15625,77.11458333333333,49.53125,62.804166666666674
9,eig_code,0.0001,1.0,10.0,0.1,,0.5,True,0.2,exemplar_mean,0.14672576165963563,336.3245157416924,386.26988892399095,10.846417970461019,77.82291666666667,70.51041666666667,33.65625,47.45312499999999
9,eig_code,0.0003162277660168,1.0,10.0,0.1,,0.5,True,0.2,exemplar_mean,0.16112525404964692,333.4746065251671,381.67444694915406,11.073781697063797,69.4375,58.802083333333336,21.05208333333333,35.14791666666667
9,eig_code,0.001,1.0,10.0,0.1,,0.5,True,0.2,exemplar_mean,0.16736987441300646,332.23108821017917,384.4783212425026,15.057606886187273,56.82291666666666,39.32291666666666,16.833333333333332,23.42291666666667
9,eig_code,0.0031622776601683,1.0,10.0,0.1,,0.5,True,0.2,exemplar_mean,0.20457268358500472,324.7240532919754,379.8071643102117,23.98853919753675,42.40625,24.40625,9.3125,14.94375
9,eig_code,0.01,1.0,10.0,0.1,,0.5,True,0.2,exemplar_mean,0.18845352210269933,327.99778226458676,383.846164524546,42.27670631141323,22.416666666666668,14.114583333333334,6.447916666666667,9.216666666666665
9,eig_code,0.0316227766016837,1.0,10.0,0.1,,0.5,True,0.2,exemplar_mean,0.20140309482292842,325.37038414191187,377.6224611881002,61.54252292263076,16.28125,8.229166666666666,3.9791666666666665,5.098958333333334
9,eig_code,0.0999999999999999,1.0,10.0,0.1,,0.5,True,0.2,exemplar_mean,0.20206932403551586,325.23463575456753,381.95632558763094,121.68998562254339,8.479166666666666,5.208333333333333,2.46875,3.31875
9,eig_code,0.3162277660168379,1.0,10.0,0.1,,0.5,True,0.2,exemplar_mean,0.23799739971191686,317.8282051277861,374.32719899838014,205.8712535435028,5.614583333333333,2.833333333333333,1.4895833333333333,2.173958333333333
9,kl,3.162277660168379e-06,1.0,10.0,0.1,,0.5,True,0.2,exemplar_mean,0.14966726039734246,335.74430824770593,372.12827672364483,18.88188674297657,79.42708333333333,78.78125,55.71875,67.30833333333334
9,kl,1e-05,1.0,10.0,0.1,,0.5,True,0.2,exemplar_mean,0.1212390749616461,341.3104436449681,381.20186049958386,10.677430923108853,77.25,71.94791666666667,38.38541666666666,53.359375
9,kl,3.1622776601683795e-05,1.0,10.0,0.1,,0.5,True,0.2,exemplar_mean,0.15283595601562014,335.1181624888861,384.0505379853563,9.741700159120025,75.73958333333333,67.9375,26.947916666666668,41.09791666666667
9,kl,0.0001,1.0,10.0,0.1,,0.5,True,0.2,exemplar_mean,0.18357455700726402,328.982255592874,384.11864847300393,12.182962768204513,70.92708333333333,51.85416666666666,17.916666666666668,29.682291666666668
9,kl,0.0003162277660168,1.0,10.0,0.1,,0.5,True,0.2,exemplar_mean,0.21298836696673829,323.00168249970613,379.98754434884216,18.83366624667363,51.63541666666666,31.53125,11.708333333333334,20.378124999999994
9,kl,0.001,1.0,10.0,0.1,,0.5,True,0.2,exemplar_mean,0.23212651023231412,319.05021801636155,370.65081318047,29.26393463129584,34.885416666666664,22.541666666666668,8.1875,13.460416666666669
9,kl,0.0031622776601683,1.0,10.0,0.1,,0.5,True,0.2,exemplar_mean,0.17577081415970336,330.55079272708554,384.88060561710074,46.71958628796995,19.229166666666668,12.166666666666666,6.270833333333333,8.217708333333334
9,kl,0.01,1.0,10.0,0.1,,0.5,True,0.2,exemplar_mean,0.2394839302155909,317.5180408524001,372.9215513081772,90.19263411152794,12.177083333333334,7.947916666666667,4.15625,5.1312500000000005
9,kl,0.0316227766016837,1.0,10.0,0.1,,0.5,True,0.2,exemplar_mean,0.19232772754686145,327.21393868298986,383.24134427643054,149.92911025097035,6.572916666666667,5.145833333333333,2.3229166666666665,3.2020833333333334
9,kl,0.0999999999999999,1.0,10.0,0.1,,0.5,True,0.2,exemplar_mean,0.24843476309918938,315.644008907599,364.47673371386566,310.48087206328523,4.25,3.0416666666666665,1.6979166666666667,2.153125
9,kl,0.3162277660168379,1.0,10.0,0.1,,0.5,True,0.2,exemplar_mean,0.16134992052814937,333.4299481403267,382.75025610553297,428.34200924871595,2.625,2.239583333333333,1.2604166666666667,1.5833333333333335
9,mi,3.1622776601683795e-05,1.0,10.0,0.1,,0.5,True,0.2,exemplar_mean,0.16714655342287682,332.27563932538925,375.5445261806136,11.291531007181792,78.58333333333333,72.66666666666667,32.8125,50.071875
9,mi,0.0001,1.0,10.0,0.1,,0.5,True,0.2,exemplar_mean,0.15463748253606102,334.7616521035259,387.2352889086033,10.287484953618685,73.59375,65.01041666666667,22.572916666666668,38.202083333333334
9,mi,0.0003162277660168,1.0,10.0,0.1,,0.5,True,0.2,exemplar_mean,0.1761846051895659,330.4678084512771,388.3976280481538,11.771530747301137,67.01041666666667,51.96875,17.333333333333332,25.833333333333332
9,mi,0.001,1.0,10.0,0.1,,0.5,True,0.2,exemplar_mean,0.18929645021279917,327.82739745731965,383.3455901419558,16.61361902638599,53.97916666666666,29.73958333333333,12.208333333333334,16.933333333333334
9,mi,0.0031622776601683,1.0,10.0,0.1,,0.5,True,0.2,exemplar_mean,0.18701963473314132,328.28741713442275,385.1563548329359,30.651250829584885,29.98958333333333,18.354166666666668,7.96875,10.795833333333334
9,mi,0.01,1.0,10.0,0.1,,0.5,True,0.2,exemplar_mean,0.1917566266506572,327.329603883834,382.4016317124839,50.181196608002836,17.9375,12.3125,4.270833333333333,6.471875
9,mi,0.0316227766016837,1.0,10.0,0.1,,0.5,True,0.2,exemplar_mean,0.17085284634852105,331.5354826961097,385.20471356890084,82.23904752275622,10.760416666666666,7.020833333333333,2.8854166666666665,3.829166666666667
9,mi,0.0999999999999999,1.0,10.0,0.1,,0.5,True,0.2,exemplar_mean,0.19976883543343132,325.7031351456659,378.9004032524693,144.34120000245588,6.90625,4.135416666666667,2.083333333333333,2.4447916666666667
9,mi,0.3162277660168379,1.0,10.0,0.1,,0.5,True,0.2,exemplar_mean,0.18047349130336846,329.6064575150962,382.994604049747,253.8639760464477,4.125,2.5416666666666665,1.40625,1.6979166666666665
9,mi,1.0,1.0,10.0,0.1,,0.5,True,0.2,exemplar_mean,0.12573305930527068,340.43659400257957,392.1755189137693,451.92315951048374,2.2916666666666665,1.875,1.2083333333333333,1.3375
9,mi,3.162277660168379,1.0,10.0,0.1,,0.5,True,0.2,exemplar_mean,0.15386790505012005,334.91399291566256,385.5723670359609,900.8911618472694,1.71875,1.4479166666666667,1.0833333333333333,1.1677083333333333
9,mi_concept,3.1622776601683795e-05,1.0,10.0,0.1,,0.5,True,0.2,exemplar_mean,0.2138904357101296,322.8165179804536,367.2500099060097,26.212849262213528,59.083333333333336,49.65625,31.92708333333333,42.32083333333333
9,mi_concept,0.0001,1.0,10.0,0.1,,0.5,True,0.2,exemplar_mean,0.19893420691651034,325.8729425039099,367.36066191237285,37.85478236671823,38.052083333333336,33.46875,22.1875,27.87083333333333
9,mi_concept,0.0003162277660168,1.0,10.0,0.1,,0.5,True,0.2,exemplar_mean,0.15889206166839748,333.9181876333419,382.7772121117847,48.85244972327026,24.666666666666668,21.697916666666668,14.0,17.148958333333333
9,mi_concept,0.001,1.0,10.0,0.1,,0.5,True,0.2,exemplar_mean,0.17639207020592523,330.42619425789405,375.2636695020386,83.07462720528996,15.510416666666666,13.239583333333334,8.4375,10.984375
9,mi_concept,0.0031622776601683,1.0,10.0,0.1,,0.5,True,0.2,exemplar_mean,0.14412661624205564,336.83636270021,380.5869324570889,108.9013111300619,9.4375,8.78125,5.0,6.604166666666666
9,mi_concept,0.01,1.0,10.0,0.1,,0.5,True,0.2,exemplar_mean,0.09820585185427594,345.7545588074409,375.93359165572946,154.61125757932626,4.9375,4.979166666666667,3.0104166666666665,4.110416666666667
9,mi_concept,0.0316227766016837,1.0,10.0,0.1,,0.5,True,0.2,exemplar_mean,0.00566287212040467,364.09457553176964,367.39593322966346,-106.52311649823763,2.5416666666666665,2.7916666666666665,2.125,2.4104166666666664
9,mi_concept,0.0999999999999999,1.0,10.0,0.1,,0.5,True,0.2,exemplar_mean,0.04158742066953374,364.09457553176964,360.26577905524965,-606.0175713639057,1.5416666666666667,1.6979166666666667,1.3854166666666667,1.5885416666666667
9,mi_concept,0.3162277660168379,1.0,10.0,0.1,,0.5,True,0.2,exemplar_mean,0.00036267731774611994,364.09457553176964,368.84039870972293,-110.2904950901137,1.1354166666666667,1.1979166666666667,1.1979166666666667,1.2395833333333335
9,mi_concept,1.0,1.0,10.0,0.1,,0.5,True,0.2,exemplar_mean,0.05637644540553547,364.09457553176964,360.51617006494496,-3001.302695480702,1.0520833333333333,1.0520833333333333,1.0625,1.084375
9,mi_concept,3.162277660168379,1.0,10.0,0.1,,0.5,True,0.2,exemplar_mean,0.10388649949031269,364.09457553176964,360.26577905524965,-7519.114452086712,1.0,1.0104166666666667,1.03125,1.0260416666666667
9,surprisal_b,0.01,1.0,10.0,0.1,,0.5,True,0.2,exemplar_mean,0.1464158171152292,364.09457553176964,360.26577905524965,-67.16748860621895,73.6875,72.66666666666667,71.51041666666667,71.778125
9,surprisal_b,0.0251188643150957,1.0,10.0,0.1,,0.5,True,0.2,exemplar_mean,1.2468832833368592e-05,364.0923056074949,385.8984527792766,0.5054980717539118,64.52083333333333,60.03125,64.35416666666667,64.878125
9,surprisal_b,0.0630957344480193,1.0,10.0,0.1,,0.5,True,0.2,exemplar_mean,0.0005540526695464559,364.09457553176964,367.506722800433,-3.2297910952470996,48.864583333333336,50.03125,47.09375,47.37916666666666
9,surprisal_b,0.1584893192461114,1.0,10.0,0.1,,0.5,True,0.2,exemplar_mean,0.15704713310269564,334.28420352932017,348.9120606399055,69.81576697241924,30.447916666666668,25.666666666666668,25.28125,26.81458333333334
9,surprisal_b,0.3981071705534973,1.0,10.0,0.1,,0.5,True,0.2,exemplar_mean,0.012867962027851029,361.74441301536575,378.82176486024457,31.954660003200985,12.385416666666666,9.864583333333334,10.15625,11.708333333333332
9,surprisal_b,1.0,1.0,10.0,0.1,,0.5,True,0.2,exemplar_mean,0.32209953624804033,299.7762165764415,312.58048231580057,379.3563690703869,6.125,5.458333333333333,4.947916666666667,5.295833333333333
9,surprisal_b,2.511886431509582,1.0,10.0,0.1,,0.5,True,0.2,exemplar_mean,0.014221466610856387,364.09457553176964,360.26577905524965,-209.2547270903864,2.7916666666666665,2.53125,2.46875,2.754166666666667
9,surprisal_b,6.309573444801936,1.0,10.0,0.1,,0.5,True,0.2,exemplar_mean,0.0754817360580243,350.0837530702175,366.96708591295794,893.7139515104402,1.7916666666666667,1.9583333333333333,1.7083333333333333,1.7583333333333335
9,surprisal_b,15.848931924611142,1.0,10.0,0.1,,0.5,True,0.2,exemplar_mean,0.00641481923008426,362.92489625118924,363.8835373677374,386.93802874717056,1.2916666666666667,1.3020833333333333,1.4479166666666667,1.303125
9,surprisal_b,39.81071705534973,1.0,10.0,0.1,,0.5,True,0.2,exemplar_mean,0.03690590493172495,357.3127954800027,366.9266592064019,2100.2002801109475,1.125,1.125,1.0833333333333333,1.1208333333333331
9,surprisal_b,100.0,1.0,10.0,0.1,,0.5,True,0.2,exemplar_mean,0.06908430415485649,351.2929103012111,360.64919726962444,5189.677956122652,1.0520833333333333,1.0625,1.0416666666666667,1.0447916666666666
10,eig_code,3.162277660168379e-06,1.0,10.0,0.1,,1.0,True,0.1,exemplar_mean,,,,,80.0,80.0,80.0,80.0
10,eig_code,1e-05,1.0,10.0,0.1,,1.0,True,0.1,exemplar_mean,0.07321406781990734,350.5128346952311,380.03001523836264,30.854096307393533,80.0,79.6875,68.33333333333333,74.715625
10,eig_code,3.1622776601683795e-05,1.0,10.0,0.1,,1.0,True,0.1,exemplar_mean,0.03350772841577539,357.942610773842,383.4718982722076,12.36069977780605,79.13541666666667,77.01041666666667,62.302083333333336,68.14270833333333
10,eig_code,0.0001,1.0,10.0,0.1,,1.0,True,0.1,exemplar_mean,0.026906304066477003,359.1629567505651,383.77660729876294,6.438893077975794,78.28125,74.45833333333333,47.51041666666666,56.73229166666666
10,eig_code,0.0003162277660168,1.0,10.0,0.1,,1.0,True,0.1,exemplar_mean,0.08751402515270687,347.7981820614293,387.3874544692063,9.620612529825765,75.05208333333333,61.333333333333336,33.479166666666664,43.13333333333333
10,eig_code,0.001,1.0,10.0,0.1,,1.0,True,0.1,exemplar_mean,0.1525116853616452,335.18229327300645,386.5986257991155,14.430210302475837,64.8125,50.46875,26.58333333333333,32.170833333333334
10,eig_code,0.0031622776601683,1.0,10.0,0.1,,1.0,True,0.1,exemplar_mean,0.13191160562006532,339.2315085738282,390.9662631681196,19.775662575416813,41.69791666666666,31.166666666666668,13.291666666666666,18.617708333333333
10,eig_code,0.01,1.0,10.0,0.1,,1.0,True,0.1,exemplar_mean,0.16163961433744287,333.37235502904093,385.30884571905443,33.05539375465515,27.90625,18.40625,7.989583333333333,12.114583333333334
10,eig_code,0.0316227766016837,1.0,10.0,0.1,,1.0,True,0.1,exemplar_mean,0.16633882132869554,332.4367268835133,384.5174176115468,63.94416878228652,14.822916666666666,10.041666666666666,5.0,6.402083333333333
10,eig_code,0.0999999999999999,1.0,10.0,0.1,,1.0,True,0.1,exemplar_mean,0.13039775278677307,339.5271713693585,388.4499271166627,81.82211635647681,10.0,6.1875,2.989583333333333,3.5125
10,eig_code,0.3162277660168379,1.0,10.0,0.1,,1.0,True,0.1,exemplar_mean,0.24463475480470057,316.4409706826196,371.8991994191312,152.25641054523845,7.322916666666667,3.583333333333333,1.9479166666666667,2.395833333333333
10,kl,3.162277660168379e-06,1.0,10.0,0.1,,1.0,True,0.1,exemplar_mean,0.1972507193279845,326.2151835100968,359.4916307942307,28.286405809569043,80.0,76.86458333333333,62.239583333333336,69.5625
10,kl,1e-05,1.0,10.0,0.1,,1.0,True,0.1,exemplar_mean,0.17438753129760076,330.8280539364297,375.74368905380646,18.22185006109471,78.92708333333333,73.11458333333333,49.04166666666666,59.00625
10,kl,3.1622776601683795e-05,1.0,10.0,0.1,,1.0,True,0.1,exemplar_mean,0.1741865558349392,330.8683175455496,383.1844665894872,14.367006293742712,73.48958333333333,57.0625,31.52083333333333,45.05520833333334
10,kl,0.0001,1.0,10.0,0.1,,1.0,True,0.1,exemplar_mean,0.16479019676719325,332.7453539557027,383.9188270419376,15.305461485671561,59.19791666666666,47.5,20.71875,31.85625
10,kl,0.0003162277660168,1.0,10.0,0.1,,1.0,True,0.1,exemplar_mean,0.21557754983407482,322.469924541026,381.9378878724193,21.580314912699066,48.052083333333336,35.552083333333336,15.177083333333334,22.041666666666664
10,kl,0.001,1.0,10.0,0.1,,1.0,True,0.1,exemplar_mean,0.2195002917370121,321.6626097366371,379.53324204790204,41.82856277310305,28.072916666666668,18.27083333333333,9.572916666666666,13.367708333333335
10,kl,0.0031622776601683,1.0,10.0,0.1,,1.0,True,0.1,exemplar_mean,0.19729834748205954,326.20550598196894,381.30079481952697,60.11261848036404,17.875,10.614583333333334,6.46875,8.104166666666668
10,kl,0.01,1.0,10.0,0.1,,1.0,True,0.1,exemplar_mean,0.2958908306276765,305.51617537282567,339.21024720197425,99.97331696205522,12.895833333333334,7.5625,4.229166666666667,5.175
10,kl,0.0316227766016837,1.0,10.0,0.1,,1.0,True,0.1,exemplar_mean,0.32434005211876504,299.2804142477557,318.4245868261024,176.02876777625582,7.729166666666667,4.333333333333333,2.5,3.209375
10,kl,0.0999999999999999,1.0,10.0,0.1,,1.0,True,0.1,exemplar_mean,0.2687724596059633,311.34398415660354,345.8821291166585,248.52058569723258,5.25,2.875,1.6666666666666667,2.1447916666666664
10,kl,0.3162277660168379,1.0,10.0,0.1,,1.0,True,0.1,exemplar_mean,0.21334133593356103,322.9292424293499,374.1986803533192,432.97389097280666,2.677083333333333,2.4479166666666665,1.3958333333333333,1.609375
10,mi,3.1622776601683795e-05,1.0,10.0,0.1,,1.0,True,0.1,exemplar_mean,0.19203408936932465,327.27341439889557,366.4564540089495,16.31480692818394,75.63541666666667,69.48958333333333,39.427083333333336,55.014583333333334
10,mi,0.0001,1.0,10.0,0.1,,1.0,True,0.1,exemplar_mean,0.13612913007818137,338.4064433048323,382.27052200610746,10.731136787858084,76.14583333333333,63.5625,31.14583333333333,46.38229166666666
10,mi,0.0003162277660168,1.0,10.0,0.1,,1.0,True,0.1,exemplar_mean,0.1922034747647897,327.2391071083756,379.71251643337666,14.64999207849877,63.65625,52.32291666666666,20.666666666666668,34.375
10,mi,0.001,1.0,10.0,0.1,,1.0,True,0.1,exemplar_mean,0.1787214850463571,329.9585902802213,382.9405272244486,18.20200060909058,46.708333333333336,34.927083333333336,14.833333333333334,21.280208333333334
10,mi,0.0031622776601683,1.0,10.0,0.1,,1.0,True,0.1,exemplar_mean,0.17156403459393044,331.3932674578721,385.6663422134955,32.131052357645125,28.33333333333333,19.33333333333333,8.135416666666666,12.007291666666667
10,mi,0.01,1.0,10.0,0.1,,1.0,True,0.1,exemplar_mean,0.24439872644197286,316.4904058473233,374.4065741140393,63.63968889770871,18.27083333333333,10.895833333333334,5.6875,6.867708333333333
10,mi,0.0316227766016837,1.0,10.0,0.1,,1.0,True,0.1,exemplar_mean,0.22804494908195064,319.89703530743805,375.99811258025267,101.45977445080818,10.791666666666666,5.989583333333333,3.25,3.8875
10,mi,0.0999999999999999,1.0,10.0,0.1,,1.0,True,0.1,exemplar_mean,0.2517132815364355,314.9547967912912,365.05994185647387,151.46637387193357,7.333333333333333,3.8958333333333335,1.8541666666666667,2.494791666666667
10,mi,0.3162277660168379,1.0,10.0,0.1,,1.0,True,0.1,exemplar_mean,0.24652829972700663,316.0440956720417,362.97649789668884,252.06576899977475,4.729166666666667,2.5104166666666665,1.53125,1.7989583333333328
10,mi,1.0,1.0,10.0,0.1,,1.0,True,0.1,exemplar_mean,0.24513627236653776,316.3359042556192,365.48349094267036,443.20800014228126,2.90625,2.03125,1.1458333333333333,1.3989583333333333
10,mi,3.162277660168379,1.0,10.0,0.1,,1.0,True,0.1,exemplar_mean,0.13136666167724487,339.33796844256295,384.23159024376895,764.3635143596321,1.6979166666666667,1.4479166666666667,1.1145833333333333,1.2260416666666667
10,mi_concept,3.1622776601683795e-05,1.0,10.0,0.1,,1.0,True,0.1,exemplar_mean,0.3220149695819463,299.7949142215911,334.6343771299118,51.27762594144634,38.41666666666666,34.0625,22.55208333333333,28.01458333333333
10,mi_concept,0.0001,1.0,10.0,0.1,,1.0,True,0.1,exemplar_mean,0.33115435719859526,297.76740747413737,329.4125392944373,74.12337910590125,25.510416666666668,22.58333333333333,14.125,19.23541666666667
10,mi_concept,0.0003162277660168,1.0,10.0,0.1,,1.0,True,0.1,exemplar_mean,0.1989692449832377,325.86581569681186,370.59224731424325,85.6258501683786,17.395833333333332,15.6875,9.979166666666666,12.313541666666666
10,mi_concept,0.001,1.0,10.0,0.1,,1.0,True,0.1,exemplar_mean,0.24738500438749386,315.86437196340836,354.9189395450744,134.6164503613686,12.052083333333334,10.5625,6.25,8.140625
10,mi_concept,0.0031622776601683,1.0,10.0,0.1,,1.0,True,0.1,exemplar_mean,0.12619798494825335,340.3460617273787,388.019946259204,125.66113963154469,7.90625,7.166666666666667,3.7395833333333335,5.245833333333334
10,mi_concept,0.01,1.0,10.0,0.1,,1.0,True,0.1,exemplar_mean,0.05248894560679955,354.41031335068914,378.36101633949875,157.9201308790583,3.9479166666666665,4.520833333333333,2.5729166666666665,3.4447916666666663
10,mi_concept,0.0316227766016837,1.0,10.0,0.1,,1.0,True,0.1,exemplar_mean,0.010610724785703653,364.09457553176964,360.26577905524965,-143.63768682936063,2.1041666666666665,2.489583333333333,1.7395833333333333,2.1322916666666667
10,mi_concept,0.0999999999999999,1.0,10.0,0.1,,1.0,True,0.1,exemplar_mean,0.00039523230634541965,364.09457553176964,365.41469702526825,-58.07450868905081,1.3854166666666667,1.5,1.3020833333333333,1.4833333333333334
10,mi_concept,0.3162277660168379,1.0,10.0,0.1,,1.0,True,0.1,exemplar_mean,0.12087968837074095,364.09457553176964,360.26577905524965,-2257.9688503956822,1.1145833333333333,1.1770833333333333,1.1458333333333333,1.171875
10,mi_concept,1.0,1.0,10.0,0.1,,1.0,True,0.1,exemplar_mean,0.1378743465805602,364.09457553176964,360.26577905524965,-5026.5823831983,1.0,1.0416666666666667,1.03125,1.0489583333333334
10,mi_concept,3.162277660168379,1.0,10.0,0.1,,1.0,True,0.1,exemplar_mean,0.0007474469503845074,364.09457553176964,372.9993683664358,-671.1601526616382,1.0,1.03125,1.0416666666666667,1.025
10,surprisal_b,0.01,1.0,10.0,0.1,,1.0,True,0.1,exemplar_mean,0.09825534025331958,345.74507156782533,379.5891649876629,59.00449439663529,76.80208333333333,75.55208333333333,68.20833333333333,73.58541666666666
10,surprisal_b,0.0251188643150957,1.0,10.0,0.1,,1.0,True,0.1,exemplar_mean,0.0018803373229082856,363.75210415587134,372.63824732984216,7.505355818489955,63.47916666666666,67.0625,68.1875,66.18020833333333
10,surprisal_b,0.0630957344480193,1.0,10.0,0.1,,1.0,True,0.1,exemplar_mean,0.13510127223945317,338.6077062038716,335.4190704041658,36.7892210554429,52.90625,48.614583333333336,46.54166666666666,50.82395833333332
10,surprisal_b,0.1584893192461114,1.0,10.0,0.1,,1.0,True,0.1,exemplar_mean,0.037643663657421465,357.175913145888,356.5621639592738,28.586918333668702,27.20833333333333,29.0625,26.05208333333333,29.250000000000007
10,surprisal_b,0.3981071705534973,1.0,10.0,0.1,,1.0,True,0.1,exemplar_mean,0.022721042929809258,359.9345052341719,382.5085957452765,50.75017204326391,11.8125,13.375,12.052083333333334,12.797916666666666
10,surprisal_b,1.0,1.0,10.0,0.1,,1.0,True,0.1,exemplar_mean,0.5557649676660723,242.67252592348265,259.6473294957328,443.0837095583436,7.239583333333333,5.791666666666667,6.114583333333333,6.090624999999999
10,surprisal_b,2.511886431509582,1.0,10.0,0.1,,1.0,True,0.1,exemplar_mean,0.06116250527543601,352.78443983082917,367.945409713876,343.0096360110577,2.875,3.520833333333333,2.677083333333333,3.026041666666667
10,surprisal_b,6.309573444801936,1.0,10.0,0.1,,1.0,True,0.1,exemplar_mean,0.01778409222173616,360.8425061398301,368.7201432259739,399.67788273938737,1.9270833333333333,1.9479166666666667,1.6666666666666667,1.7697916666666664
10,surprisal_b,15.848931924611142,1.0,10.0,0.1,,1.0,True,0.1,exemplar_mean,0.16097978308492822,333.50351952442287,343.6800861086218,1712.1136917406973,1.2916666666666667,1.40625,1.2708333333333333,1.3572916666666666
10,surprisal_b,39.81071705534973,1.0,10.0,0.1,,1.0,True,0.1,exemplar_mean,0.12118520556361909,341.32090491256025,366.0288863568089,3285.6677656899674,1.2395833333333333,1.1458333333333333,1.09375,1.1322916666666667
10,surprisal_b,100.0,1.0,10.0,0.1,,1.0,True,0.1,exemplar_mean,0.00013586923191039285,364.06984006638385,362.2770937946343,216.06890319340582,1.0625,1.03125,1.0416666666666667,1.0552083333333333
11,eig_code,3.162277660168379e-06,1.0,10.0,0.1,,1.0,True,0.2,exemplar_mean,,,,,80.0,80.0,80.0,80.0
11,eig_code,1e-05,1.0,10.0,0.1,,1.0,True,0.2,exemplar_mean,0.13614325991487808,338.4036757341802,369.6063261632906,33.429968768529655,79.39583333333333,78.1875,68.3125,72.93958333333333
11,eig_code,3.1622776601683795e-05,1.0,10.0,0.1,,1.0,True,0.2,exemplar_mean,0.11137383782898916,343.2209240705004,384.2065614028146,14.950692085408901,79.61458333333333,76.0,51.895833333333336,61.86875
11,eig_code,0.0001,1.0,10.0,0.1,,1.0,True,0.2,exemplar_mean,0.13712689224761068,338.21095882302694,382.71229042645325,10.986298947016722,76.90625,68.27083333333333,34.40625,47.89791666666666
11,eig_code,0.0003162277660168,1.0,10.0,0.1,,1.0,True,0.2,exemplar_mean,0.15048462563453935,335.5829057215945,386.5879208927367,10.757343724841666,72.89583333333333,55.177083333333336,20.854166666666668,33.996875
11,eig_code,0.001,1.0,10.0,0.1,,1.0,True,0.2,exemplar_mean,0.18514153752182633,328.66639308354377,382.1632208565326,14.341061487196345,59.927083333333336,36.177083333333336,14.3125,22.78020833333333
11,eig_code,0.0031622776601683,1.0,10.0,0.1,,1.0,True,0.2,exemplar_mean,0.17623083730019845,330.4585354765702,384.03859483561797,23.458697248339128,38.3125,24.541666666666668,9.5625,14.66875
11,eig_code,0.01,1.0,10.0,0.1,,1.0,True,0.2,exemplar_mean,0.16209425871493988,333.2819485501537,385.78991794880267,35.35632060424551,24.77083333333333,15.90625,6.760416666666667,8.763541666666667
11,eig_code,0.0316227766016837,1.0,10.0,0.1,,1.0,True,0.2,exemplar_mean,0.24395979786045216,316.58231709830653,372.5557574674638,73.17230499127943,15.604166666666666,7.395833333333333,3.59375,5.491666666666665
11,eig_code,0.0999999999999999,1.0,10.0,0.1,,1.0,True,0.2,exemplar_mean,0.19980334803398914,325.6961115605422,379.0130930882265,121.16813758853394,8.416666666666666,4.822916666666667,2.552083333333333,3.3458333333333337
11,eig_code,0.3162277660168379,1.0,10.0,0.1,,1.0,True,0.2,exemplar_mean,0.1981882244204334,326.0246397456186,381.59788015574844,179.32425701857773,5.729166666666667,3.5104166666666665,1.6979166666666667,2.064583333333333
11,kl,3.162277660168379e-06,1.0,10.0,0.1,,1.0,True,0.2,exemplar_mean,0.11993824160784798,341.5629718404288,377.8556760149641,16.29887821953683,79.8125,77.32291666666667,53.989583333333336,66.28333333333333
11,kl,1e-05,1.0,10.0,0.1,,1.0,True,0.2,exemplar_mean,0.11900168382882077,341.74466840502464,385.1318040869938,10.392278765462342,78.58333333333333,72.67708333333333,35.114583333333336,53.11354166666666
11,kl,3.1622776601683795e-05,1.0,10.0,0.1,,1.0,True,0.2,exemplar_mean,0.13252987458349286,339.1106835101755,386.4708184754938,9.40612901211956,76.0,65.59375,29.27083333333333,40.93125
11,kl,0.0001,1.0,10.0,0.1,,1.0,True,0.2,exemplar_mean,0.20118929585156228,325.41393502329913,378.3234508701509,13.246311355439653,68.02083333333333,49.26041666666666,17.8125,29.915625
11,kl,0.0003162277660168,1.0,10.0,0.1,,1.0,True,0.2,exemplar_mean,0.18866275191532905,327.9554979714206,382.9857936470945,17.602232639875126,49.76041666666666,35.322916666666664,12.40625,20.247916666666665
11,kl,0.001,1.0,10.0,0.1,,1.0,True,0.2,exemplar_mean,0.20378935183650806,324.88390703432685,381.8950541534202,29.027249875457624,33.760416666666664,21.166666666666668,8.1875,12.984375
11,kl,0.0031622776601683,1.0,10.0,0.1,,1.0,True,0.2,exemplar_mean,0.2542379226780995,314.423035610499,360.85068969385117,59.00679223759014,18.916666666666668,13.104166666666666,6.239583333333333,8.867708333333335
11,kl,0.01,1.0,10.0,0.1,,1.0,True,0.2,exemplar_mean,0.2200646695725285,321.54629189880313,377.39155211249306,84.91779725100292,12.927083333333334,8.114583333333334,3.7708333333333335,4.994791666666667
11,kl,0.0316227766016837,1.0,10.0,0.1,,1.0,True,0.2,exemplar_mean,0.1358476558815994,338.4615701341453,389.8117757382036,121.34531002592341,6.96875,5.270833333333333,2.46875,3.0239583333333333
11,kl,0.0999999999999999,1.0,10.0,0.1,,1.0,True,0.2,exemplar_mean,0.2629485839488251,312.581377774261,359.33980758805257,244.60599464075798,5.03125,2.90625,1.7395833333333333,2.2177083333333334
11,kl,0.3162277660168379,1.0,10.0,0.1,,1.0,True,0.2,exemplar_mean,0.1556093216798493,334.5691737131647,383.3977888296467,408.2372670670649,2.4166666666666665,2.177083333333333,1.3333333333333333,1.6208333333333331
11,mi,3.1622776601683795e-05,1.0,10.0,0.1,,1.0,True,0.2,exemplar_mean,0.1152368300338347,342.4740949316543,383.39839110726115,8.770529776370784,78.86458333333333,73.65625,39.29166666666666,50.075
11,mi,0.0001,1.0,10.0,0.1,,1.0,True,0.2,exemplar_mean,0.19010910210291002,327.6630486332777,380.698373990238,10.945803406636667,76.71875,61.083333333333336,22.822916666666668,37.260416666666664
11,mi,0.0003162277660168,1.0,10.0,0.1,,1.0,True,0.2,exemplar_mean,0.1467819952549337,336.3134331099483,388.4283533096246,10.980475495111884,65.80208333333333,50.09375,15.875,25.219791666666662
11,mi,0.001,1.0,10.0,0.1,,1.0,True,0.2,exemplar_mean,0.19728734326967737,326.2077419449537,382.48233230515103,18.192039390923572,50.770833333333336,29.885416666666668,11.645833333333334,16.895833333333336
11,mi,0.0031622776601683,1.0,10.0,0.1,,1.0,True,0.2,exemplar_mean,0.19562505860423401,326.54532830629586,380.1713345325264,30.287807696878897,31.697916666666668,16.958333333333332,7.739583333333333,10.321875
11,mi,0.01,1.0,10.0,0.1,,1.0,True,0.2,exemplar_mean,0.2471196408663873,315.92005215535914,366.1802909725848,61.032198763113264,17.21875,11.458333333333334,4.84375,6.776041666666666
11,mi,0.0316227766016837,1.0,10.0,0.1,,1.0,True,0.2,exemplar_mean,0.20036575174027033,325.5816366398892,381.39517036457136,86.89814745884115,10.833333333333334,6.927083333333333,2.9791666666666665,3.88125
11,mi,0.0999999999999999,1.0,10.0,0.1,,1.0,True,0.2,exemplar_mean,0.17262412348513742,331.18116972591713,386.00768994300967,137.0414694864583,6.479166666666667,4.364583333333333,1.8958333333333333,2.4770833333333333
11,mi,0.3162277660168379,1.0,10.0,0.1,,1.0,True,0.2,exemplar_mean,0.11544792371810593,342.4332374267543,390.88116551231354,218.44760104085614,3.520833333333333,2.6354166666666665,1.34375,1.753125
11,mi,1.0,1.0,10.0,0.1,,1.0,True,0.2,exemplar_mean,0.21514214482570213,322.5594079196009,379.43490202973436,532.4868078267541,2.5104166666666665,1.7708333333333333,1.2395833333333333,1.3635416666666669
11,mi,3.162277660168379,1.0,10.0,0.1,,1.0,True,0.2,exemplar_mean,0.08441700683474734,348.38790341336664,394.0404886499379,682.3023615828431,1.5833333333333333,1.5625,1.0729166666666667,1.1854166666666668
11,mi_concept,3.1622776601683795e-05,1.0,10.0,0.1,,1.0,True,0.2,exemplar_mean,0.2204877895298813,321.45905959544757,363.8200757017272,32.12867624430129,55.65625,49.375,35.28125,42.729166666666664
11,mi_concept,0.0001,1.0,10.0,0.1,,1.0,True,0.2,exemplar_mean,0.285167575983417,307.83381907186043,339.3723989057488,43.35690441776421,40.677083333333336,31.791666666666668,22.46875,28.113541666666663
11,mi_concept,0.0003162277660168,1.0,10.0,0.1,,1.0,True,0.2,exemplar_mean,0.26646989111209946,311.8337956995352,356.7640914478662,59.14884901725969,26.86458333333333,22.4375,13.59375,17.871875
11,mi_concept,0.001,1.0,10.0,0.1,,1.0,True,0.2,exemplar_mean,0.07695921126148263,349.8039063108502,389.77227424406334,54.1457217242564,15.864583333333334,13.677083333333334,8.75,10.527083333333334
11,mi_concept,0.0031622776601683,1.0,10.0,0.1,,1.0,True,0.2,exemplar_mean,0.03205026073602455,358.2123973376902,384.7466426522164,55.01196372393697,8.645833333333334,9.083333333333334,5.427083333333333,6.461458333333333
11,mi_concept,0.01,1.0,10.0,0.1,,1.0,True,0.2,exemplar_mean,0.02851387784379659,358.8661612763011,377.1559475364748,112.65100101151211,4.864583333333333,4.958333333333333,3.395833333333333,4.003125
11,mi_concept,0.0316227766016837,1.0,10.0,0.1,,1.0,True,0.2,exemplar_mean,0.004092669277651924,364.09457553176964,360.26577905524965,-79.46318530911569,2.1875,2.708333333333333,2.25,2.489583333333333
11,mi_concept,0.0999999999999999,1.0,10.0,0.1,,1.0,True,0.2,exemplar_mean,0.10344051771473146,364.09457553176964,360.26577905524965,-892.1141327172812,1.3333333333333333,1.5208333333333333,1.375,1.5520833333333335
11,mi_concept,0.3162277660168379,1.0,10.0,0.1,,1.0,True,0.2,exemplar_mean,0.09661749582260822,364.09457553176964,360.26577905524965,-2253.788022593178,1.0520833333333333,1.125,1.1770833333333333,1.20625
11,mi_concept,1.0,1.0,10.0,0.1,,1.0,True,0.2,exemplar_mean,0.06485476848216366,364.09457553176964,360.26577905524965,-2536.27191386284,1.0208333333333333,1.0520833333333333,1.0520833333333333,1.0770833333333334
11,mi_concept,3.162277660168379,1.0,10.0,0.1,,1.0,True,0.2,exemplar_mean,2.6712881128107642e-05,364.08971249173516,375.2272152329693,115.977358582468,1.0416666666666667,1.0625,1.0416666666666667,1.0208333333333335
11,surprisal_b,0.01,1.0,10.0,0.1,,1.0,True,0.2,exemplar_mean,0.04209317933746531,364.09457553176964,362.76271634024204,-44.20432394931472,70.17708333333333,73.27083333333333,76.16666666666667,73.16354166666667
11,surprisal_b,0.0251188643150957,1.0,10.0,0.1,,1.0,True,0.2,exemplar_mean,0.019896799819113017,360.4542182449118,365.02289080015373,17.88154983943245,63.4375,65.51041666666667,57.96875,64.32812500000001
11,surprisal_b,0.0630957344480193,1.0,10.0,0.1,,1.0,True,0.2,exemplar_mean,0.019235640841625608,360.5757755282427,398.1722193084373,16.751147113976362,49.927083333333336,48.44791666666666,46.364583333333336,46.91770833333334
11,surprisal_b,0.1584893192461114,1.0,10.0,0.1,,1.0,True,0.2,exemplar_mean,0.05126649856122451,354.6388638188209,365.2742254298588,29.17770139922559,24.416666666666668,26.08333333333333,27.104166666666668,27.2
11,surprisal_b,0.3981071705534973,1.0,10.0,0.1,,1.0,True,0.2,exemplar_mean,0.03758720500273023,357.18639022959707,368.83776747223243,53.24523141325264,11.916666666666666,13.125,10.1875,12.467708333333333
11,surprisal_b,1.0,1.0,10.0,0.1,,1.0,True,0.2,exemplar_mean,0.034302978742528356,364.09457553176964,360.26577905524965,-177.47843265133702,5.395833333333333,5.28125,5.583333333333333,5.1625
11,surprisal_b,2.511886431509582,1.0,10.0,0.1,,1.0,True,0.2,exemplar_mean,0.20522887772184265,324.5900838019113,343.7409436498107,717.041266992006,3.270833333333333,2.6666666666666665,2.5416666666666665,2.8343749999999996
11,surprisal_b,6.309573444801936,1.0,10.0,0.1,,1.0,True,0.2,exemplar_mean,0.1436193836741194,336.9361607952293,345.97799818000834,1138.9345330084868,1.78125,1.8125,1.5208333333333333,1.7833333333333337
11,surprisal_b,15.848931924611142,1.0,10.0,0.1,,1.0,True,0.2,exemplar_mean,0.004576657176050238,363.260452037049,367.0223036235511,307.1092588693183,1.25,1.28125,1.25,1.321875
11,surprisal_b,39.81071705534973,1.0,10.0,0.1,,1.0,True,0.2,exemplar_mean,0.013853275684987685,364.09457553176964,361.26577721630304,-994.8044306004191,1.1458333333333333,1.1770833333333333,1.1354166666666667,1.0927083333333334
11,surprisal_b,100.0,1.0,10.0,0.1,,1.0,True,0.2,exemplar_mean,6.630267466399226e-05,364.0825051095968,371.03198633613346,116.67783047975651,1.0625,1.0625,1.0416666666666667,1.0520833333333335
12,eig_code,3.162277660168379e-06,1.0,10.0,1.0,,0.5,True,0.1,exemplar_mean,0.0402570923768638,356.6905999875308,387.0079702307981,13.31086129557917,80.0,78.46875,62.96875,69.61041666666667
12,eig_code,1e-05,1.0,10.0,1.0,,0.5,True,0.1,exemplar_mean,0.038732384733483935,356.97381805203315,385.20506268321725,9.052003197327753,79.59375,75.94791666666667,54.32291666666666,64.17291666666667
12,eig_code,3.1622776601683795e-05,1.0,10.0,1.0,,0.5,True,0.1,exemplar_mean,0.114035494189754,342.70652257749225,386.661903958119,11.788206939538048,78.67708333333333,65.53125,45.489583333333336,52.39375
12,eig_code,0.0001,1.0,10.0,1.0,,0.5,True,0.1,exemplar_mean,0.1267764056668074,340.23339558573605,385.1898055816031,11.466231340696254,74.44791666666667,60.75,28.65625,40.7375
12,eig_code,0.0003162277660168,1.0,10.0,1.0,,0.5,True,0.1,exemplar_mean,0.16891179721593855,331.92332125496046,387.6138069780908,13.495377125870329,67.66666666666667,50.15625,22.77083333333333,31.921874999999993
12,eig_code,0.001,1.0,10.0,1.0,,0.5,True,0.1,exemplar_mean,0.17761450085788272,330.18088755044965,380.2033696556955,18.910956290703183,51.927083333333336,31.0,16.979166666666668,20.52916666666667
12,eig_code,0.0031622776601683,1.0,10.0,1.0,,0.5,True,0.1,exemplar_mean,0.1438770459812914,336.8854693865094,390.3868505020259,27.118576112072446,32.510416666666664,20.260416666666668,8.958333333333334,12.486458333333333
12,eig_code,0.01,1.0,10.0,1.0,,0.5,True,0.1,exemplar_mean,0.15726743429680157,334.2405189863918,385.3591000612051,45.974289351234596,19.55208333333333,10.09375,6.40625,6.8583333333333325
12,eig_code,0.0316227766016837,1.0,10.0,1.0,,0.5,True,0.1,exemplar_mean,0.2698268428240724,311.1194341517169,363.0749222135581,91.93999512847704,12.666666666666666,6.135416666666667,3.395833333333333,4.232291666666667
12,eig_code,0.0999999999999999,1.0,10.0,1.0,,0.5,True,0.1,exemplar_mean,0.1882772383312119,328.0334040977577,377.08376657740115,125.84941432360644,7.958333333333333,3.9791666666666665,2.208333333333333,2.5854166666666667
12,eig_code,0.3162277660168379,1.0,10.0,1.0,,0.5,True,0.1,exemplar_mean,0.19034306314035765,327.6157176136319,376.76265456433447,194.5108137977628,5.375,2.645833333333333,1.8020833333333333,1.86875
12,kl,3.162277660168379e-06,1.0,10.0,1.0,,0.5,True,0.1,exemplar_mean,0.07299730948104244,350.5538215808196,388.37129155632437,9.543199151602854,78.64583333333333,73.77083333333333,46.28125,57.17500000000001
12,kl,1e-05,1.0,10.0,1.0,,0.5,True,0.1,exemplar_mean,0.08718457661528309,347.86096180004665,388.89032230830304,7.921183230530021,78.33333333333333,70.4375,29.041666666666668,44.534375
12,kl,3.1622776601683795e-05,1.0,10.0,1.0,,0.5,True,0.1,exemplar_mean,0.14839433449461437,335.99551450090684,386.45779627222197,11.465679377120889,73.82291666666667,56.22916666666666,24.822916666666668,34.0375
12,kl,0.0001,1.0,10.0,1.0,,0.5,True,0.1,exemplar_mean,0.13700312299893871,338.235214194361,386.2398485299376,12.148013112407934,61.41666666666666,41.46875,17.552083333333332,24.778124999999996
12,kl,0.0003162277660168,1.0,10.0,1.0,,0.5,True,0.1,exemplar_mean,0.16769594434683172,332.16602860348974,383.44052724752635,18.819335601523242,44.29166666666666,26.95833333333333,10.53125,16.56666666666667
12,kl,0.001,1.0,10.0,1.0,,0.5,True,0.1,exemplar_mean,0.21907075370383214,321.7511090140762,378.31492115671557,33.309254093525766,30.40625,18.36458333333333,9.708333333333334,10.456249999999999
12,kl,0.0031622776601683,1.0,10.0,1.0,,0.5,True,0.1,exemplar_mean,0.2340937465528668,318.6412641341377,376.1907358557984,59.601025773207375,18.479166666666668,10.21875,4.90625,6.846875
12,kl,0.01,1.0,10.0,1.0,,0.5,True,0.1,exemplar_mean,0.25177869468045516,314.94103025418735,367.5617017128217,97.20884646056611,12.15625,6.041666666666667,3.09375,4.1625
12,kl,0.0316227766016837,1.0,10.0,1.0,,0.5,True,0.1,exemplar_mean,0.24863244210850496,315.60249534672425,362.2798439053372,158.000294128583,6.854166666666667,4.958333333333333,2.020833333333333,2.8666666666666667
12,kl,0.0999999999999999,1.0,10.0,1.0,,0.5,True,0.1,exemplar_mean,0.15844634873633892,334.00664949180856,385.6697796664124,232.10347537002434,3.6458333333333335,3.15625,1.4479166666666667,1.9104166666666664
12,kl,0.3162277660168379,1.0,10.0,1.0,,0.5,True,0.1,exemplar_mean,0.1531609329475333,335.05387970961846,389.52881176669445,477.0010437734559,2.3229166666666665,1.9895833333333333,1.15625,1.3604166666666666
12,mi,3.1622776601683795e-05,1.0,10.0,1.0,,0.5,True,0.1,exemplar_mean,0.08516144431051477,348.2462418965325,387.7588595052078,8.069588406998522,78.42708333333333,69.09375,35.489583333333336,47.865625
12,mi,0.0001,1.0,10.0,1.0,,0.5,True,0.1,exemplar_mean,0.10633178210605608,344.1932627616154,387.8618543531698,8.095772940724203,73.90625,65.84375,24.9375,39.109375
12,mi,0.0003162277660168,1.0,10.0,1.0,,0.5,True,0.1,exemplar_mean,0.11782104246631048,341.9735807633551,389.1165369177123,10.247981209372547,66.375,45.91666666666666,15.822916666666666,27.53541666666667
12,mi,0.001,1.0,10.0,1.0,,0.5,True,0.1,exemplar_mean,0.1987706253022945,325.90621324229534,383.0547656734461,17.614320220463828,49.46875,32.104166666666664,10.75,17.080208333333335
12,mi,0.0031622776601683,1.0,10.0,1.0,,0.5,True,0.1,exemplar_mean,0.18753412012163775,328.18352421370514,378.97275755163344,32.48424861756346,30.64583333333333,14.958333333333334,8.677083333333334,10.493750000000002
12,mi,0.01,1.0,10.0,1.0,,0.5,True,0.1,exemplar_mean,0.2649394378814351,312.1589346126977,367.17070076168886,55.65247071785685,19.98958333333333,8.71875,4.489583333333333,5.828125
12,mi,0.0316227766016837,1.0,10.0,1.0,,0.5,True,0.1,exemplar_mean,0.2083927881953129,323.94335794051995,377.2965442724012,89.63254481097093,11.083333333333334,5.645833333333333,2.78125,3.536458333333333
12,mi,0.0999999999999999,1.0,10.0,1.0,,0.5,True,0.1,exemplar_mean,0.260909377884528,313.01348980122344,369.4854524453395,141.23249357014117,7.802083333333333,3.875,1.8229166666666667,2.3916666666666666
12,mi,0.3162277660168379,1.0,10.0,1.0,,0.5,True,0.1,exemplar_mean,0.20322695074942643,324.9986271835983,379.8113486852613,243.17332727165643,4.354166666666667,2.739583333333333,1.4583333333333333,1.8166666666666664
12,mi,1.0,1.0,10.0,1.0,,0.5,True,0.1,exemplar_mean,0.14428390193593366,336.80541070643324,387.4394236108325,440.46189194545104,2.4791666666666665,2.0729166666666665,1.2395833333333333,1.4875
12,mi,3.162277660168379,1.0,10.0,1.0,,0.5,True,0.1,exemplar_mean,0.1231668620801997,340.93586216732297,387.52370152769157,684.6169596497567,1.8020833333333333,1.4791666666666667,1.1458333333333333,1.2364583333333332
12,mi_concept,3.1622776601683795e-05,1.0,10.0,1.0,,0.5,True,0.1,exemplar_mean,0.16678634264953704,332.34748649539966,385.3546316778758,77.31841663755736,18.86458333333333,15.322916666666666,11.375,12.920833333333334
12,mi_concept,0.0001,1.0,10.0,1.0,,0.5,True,0.1,exemplar_mean,0.2778319447493677,309.40928733866247,349.9136894788709,126.38122451766185,13.354166666666666,10.614583333333334,7.135416666666667,8.920833333333333
12,mi_concept,0.0003162277660168,1.0,10.0,1.0,,0.5,True,0.1,exemplar_mean,0.22626443505956295,320.26574401654716,379.76869826869,159.65318444613746,9.541666666666666,7.458333333333333,5.28125,5.887500000000001
12,mi_concept,0.001,1.0,10.0,1.0,,0.5,True,0.1,exemplar_mean,0.19234588259066435,327.21026106709525,382.04459925570416,188.4162149770606,6.6875,5.302083333333333,3.520833333333333,4.079166666666667
12,mi_concept,0.0031622776601683,1.0,10.0,1.0,,0.5,True,0.1,exemplar_mean,0.2369669012935833,318.0430408816334,375.2809626123552,268.2368319853495,5.333333333333333,3.5104166666666665,2.302083333333333,2.8197916666666663
12,mi_concept,0.01,1.0,10.0,1.0,,0.5,True,0.1,exemplar_mean,0.15822381725169024,334.05080715339807,385.9778424239375,289.4536332410642,3.71875,2.770833333333333,1.7604166666666667,2.046875
12,mi_concept,0.0316227766016837,1.0,10.0,1.0,,0.5,True,0.1,exemplar_mean,0.15381509753891945,334.92444382433195,387.3681093656368,418.0859539808742,2.71875,2.177083333333333,1.4270833333333333,1.5437499999999997
12,mi_concept,0.0999999999999999,1.0,10.0,1.0,,0.5,True,0.1,exemplar_mean,0.11387195867749551,342.73815031220795,393.9890507591949,707.8377771522402,1.7291666666666667,1.75,1.15625,1.325
12,mi_concept,0.3162277660168379,1.0,10.0,1.0,,0.5,True,0.1,exemplar_mean,0.04695384384054623,355.44399024274486,381.17109701393673,1107.68696327607,1.25,1.25,1.0833333333333333,1.1552083333333334
12,mi_concept,1.0,1.0,10.0,1.0,,0.5,True,0.1,exemplar_mean,0.006091227163712233,362.9839903575501,376.49657300205956,887.1337606734014,1.09375,1.0833333333333333,1.0208333333333333,1.0479166666666668
12,mi_concept,3.162277660168379,1.0,10.0,1.0,,0.5,True,0.1,exemplar_mean,0.20862204200027107,323.89644665423026,338.6181172529467,10644.591422665375,1.0416666666666667,1.0208333333333333,1.0104166666666667,1.03125
12,surprisal_b,0.01,1.0,10.0,1.0,,0.5,True,0.1,exemplar_mean,0.004666276978256496,364.09457553176964,373.12209841887733,-18.62507021673938,77.5625,76.08333333333333,73.14583333333333,75.15729166666667
12,surprisal_b,0.0251188643150957,1.0,10.0,1.0,,0.5,True,0.1,exemplar_mean,0.0008443063445107132,364.09457553176964,368.4068067126769,-4.5115471579659365,68.42708333333333,74.10416666666667,67.83333333333333,67.90416666666667
12,surprisal_b,0.0630957344480193,1.0,10.0,1.0,,0.5,True,0.1,exemplar_mean,0.07743268966296621,364.09457553176964,360.26577905524965,-32.55180114606353,57.177083333333336,59.34375,59.57291666666666,53.885416666666664
12,surprisal_b,0.1584893192461114,1.0,10.0,1.0,,0.5,True,0.1,exemplar_mean,0.10316962158856037,344.80167269978506,370.4612713254063,63.227061491983214,39.59375,34.864583333333336,32.822916666666664,35.39375
12,surprisal_b,0.3981071705534973,1.0,10.0,1.0,,0.5,True,0.1,exemplar_mean,0.05275070253894929,354.36135573491504,380.96975459748177,56.38152772181242,17.90625,17.09375,18.916666666666668,17.15625
12,surprisal_b,1.0,1.0,10.0,1.0,,0.5,True,0.1,exemplar_mean,0.02519665990243823,359.4783279155325,362.2358986651576,87.69822993260989,7.0625,8.75,7.854166666666667,7.658333333333334
12,surprisal_b,2.511886431509582,1.0,10.0,1.0,,0.5,True,0.1,exemplar_mean,0.02614201367915817,359.3039765295541,393.1701659878981,221.45246828712192,4.104166666666667,3.875,4.416666666666667,3.648958333333333
12,surprisal_b,6.309573444801936,1.0,10.0,1.0,,0.5,True,0.1,exemplar_mean,0.1767767556098557,330.34901859255734,343.071947403745,916.5189077346677,2.28125,2.145833333333333,2.0104166666666665,2.086458333333333
12,surprisal_b,15.848931924611142,1.0,10.0,1.0,,0.5,True,0.1,exemplar_mean,0.1158149522643829,342.36218688216695,370.35683149709354,1431.883005147594,1.5208333333333333,1.3229166666666667,1.4166666666666667,1.4302083333333333
12,surprisal_b,39.81071705534973,1.0,10.0,1.0,,0.5,True,0.1,exemplar_mean,0.0990335807801439,345.59584367727723,371.059355953952,3329.223369881583,1.21875,1.125,1.09375,1.15625
12,surprisal_b,100.0,1.0,10.0,1.0,,0.5,True,0.1,exemplar_mean,0.014568398727824042,361.43270769934054,376.1002868033109,2164.081632106425,1.0729166666666667,1.03125,1.0520833333333333,1.05625
13,eig_code,3.162277660168379e-06,1.0,10.0,1.0,,0.5,True,0.2,exemplar_mean,0.04984964416254444,354.90357681433517,382.7771323009111,8.039847825657896,80.0,78.34375,50.35416666666666,62.63437499999999
13,eig_code,1e-05,1.0,10.0,1.0,,0.5,True,0.2,exemplar_mean,0.07821651042480325,349.56558638237294,384.4687130988092,6.722454878364977,79.59375,77.03125,33.104166666666664,50.11875
13,eig_code,3.1622776601683795e-05,1.0,10.0,1.0,,0.5,True,0.2,exemplar_mean,0.088949579741746,347.52449029128144,387.4162864951187,6.156801922147701,78.98958333333333,75.19791666666667,25.010416666666668,38.603125
13,eig_code,0.0001,1.0,10.0,1.0,,0.5,True,0.2,exemplar_mean,0.11162894306381128,343.1716549047811,389.308584200498,7.431015364229903,77.13541666666667,62.895833333333336,17.208333333333332,30.64270833333334
13,eig_code,0.0003162277660168,1.0,10.0,1.0,,0.5,True,0.2,exemplar_mean,0.14069334680081108,337.5112829516868,386.46861449608826,10.033816906144741,65.20833333333333,45.375,11.958333333333334,22.98125
13,eig_code,0.001,1.0,10.0,1.0,,0.5,True,0.2,exemplar_mean,0.19737124247657808,326.1906939479028,379.2864106239286,18.418256453714594,49.04166666666666,25.02083333333333,9.625,16.111458333333335
13,eig_code,0.0031622776601683,1.0,10.0,1.0,,0.5,True,0.2,exemplar_mean,0.17945956280190345,329.81029111510196,382.7218904490489,30.604100464178956,29.96875,16.854166666666668,6.989583333333333,10.247916666666665
13,eig_code,0.01,1.0,10.0,1.0,,0.5,True,0.2,exemplar_mean,0.21637057250435773,322.3068806189007,374.8235142674825,52.95876786543544,19.4375,9.34375,4.40625,6.320833333333333
13,eig_code,0.0316227766016837,1.0,10.0,1.0,,0.5,True,0.2,exemplar_mean,0.23462009190310457,318.531757147339,372.47584880486835,87.88451791054104,12.15625,5.416666666666667,2.9479166666666665,3.8104166666666663
13,eig_code,0.0999999999999999,1.0,10.0,1.0,,0.5,True,0.2,exemplar_mean,0.21991616383890825,321.5769028951656,374.542509062438,138.93074401229032,7.697916666666667,4.114583333333333,1.9166666666666667,2.4625
13,eig_code,0.3162277660168379,1.0,10.0,1.0,,0.5,True,0.2,exemplar_mean,0.16665865111417127,332.3729519535398,386.57889618496375,227.02693750117555,4.177083333333333,2.9479166666666665,1.5520833333333333,1.8687499999999997
13,kl,3.162277660168379e-06,1.0,10.0,1.0,,0.5,True,0.2,exemplar_mean,0.06949077995611046,351.21620751359967,383.848928641879,5.902253241796854,78.77083333333333,77.65625,32.645833333333336,47.28125
13,kl,1e-05,1.0,10.0,1.0,,0.5,True,0.2,exemplar_mean,0.0975309546883363,345.88391489689025,390.2481785151379,6.883342877496524,79.4375,71.30208333333333,23.75,37.061458333333334
13,kl,3.1622776601683795e-05,1.0,10.0,1.0,,0.5,True,0.2,exemplar_mean,0.14891984267280148,335.8918305745093,385.9388254258044,8.917040759118024,74.88541666666667,57.333333333333336,16.385416666666668,29.713541666666664
13,kl,0.0001,1.0,10.0,1.0,,0.5,True,0.2,exemplar_mean,0.16332757850234308,333.03657811795875,386.8051495381904,10.903269448388082,69.41666666666667,44.35416666666666,13.1875,21.06458333333333
13,kl,0.0003162277660168,1.0,10.0,1.0,,0.5,True,0.2,exemplar_mean,0.18812077825598408,328.06501689744397,381.9060377332454,17.009525538194136,50.03125,26.58333333333333,10.229166666666666,15.11875
13,kl,0.001,1.0,10.0,1.0,,0.5,True,0.2,exemplar_mean,0.18307287202629285,329.08331816457576,381.3150961334862,28.43672181393906,32.125,14.989583333333334,7.072916666666667,10.104166666666666
13,kl,0.0031622776601683,1.0,10.0,1.0,,0.5,True,0.2,exemplar_mean,0.2293368367930686,319.6292450402755,373.96755056938133,57.68478932729958,19.25,9.677083333333334,5.479166666666667,7.084375
13,kl,0.01,1.0,10.0,1.0,,0.5,True,0.2,exemplar_mean,0.2007323856697035,325.50698816094166,381.8151778122632,86.81740860139394,11.5,7.427083333333333,3.5729166666666665,4.439583333333333
13,kl,0.0316227766016837,1.0,10.0,1.0,,0.5,True,0.2,exemplar_mean,0.20622358925667725,324.38689663308537,379.75716332136074,148.60672439008076,7.21875,4.25,2.2604166666666665,2.9416666666666673
13,kl,0.0999999999999999,1.0,10.0,1.0,,0.5,True,0.2,exemplar_mean,0.2009248187730528,325.46780097916854,377.7804179654373,225.72181707935252,4.645833333333333,3.177083333333333,1.59375,2.0375
13,kl,0.3162277660168379,1.0,10.0,1.0,,0.5,True,0.2,exemplar_mean,0.1757494916439646,330.555068315125,383.8438506725897,540.1274500973705,2.40625,1.9479166666666667,1.2395833333333333,1.465625
13,mi,3.1622776601683795e-05,1.0,10.0,1.0,,0.5,True,0.2,exemplar_mean,0.10607308830832023,344.2430766733711,386.46355785003374,6.439649750168372,78.85416666666667,70.875,20.92708333333333,35.574999999999996
13,mi,0.0001,1.0,10.0,1.0,,0.5,True,0.2,exemplar_mean,0.1108999349486072,343.31243145095584,388.7707021653572,7.213942213441563,72.17708333333333,61.40625,16.385416666666668,27.84166666666667
13,mi,0.0003162277660168,1.0,10.0,1.0,,0.5,True,0.2,exemplar_mean,0.1854155678587128,328.61112450633823,383.20321835397124,12.505046019219753,63.13541666666666,40.3125,11.916666666666666,21.71770833333333
13,mi,0.001,1.0,10.0,1.0,,0.5,True,0.2,exemplar_mean,0.16582154354071377,332.5398475950412,385.7120909247609,15.784639212108189,49.21875,27.8125,9.3125,14.104166666666668
13,mi,0.0031622776601683,1.0,10.0,1.0,,0.5,True,0.2,exemplar_mean,0.2231864744447173,320.90212870633104,377.1906651786343,31.93550821749578,30.20833333333333,17.34375,6.739583333333333,9.490625000000001
13,mi,0.01,1.0,10.0,1.0,,0.5,True,0.2,exemplar_mean,0.17851269994013544,330.0005285875661,385.01280365370945,50.84933800460477,17.364583333333332,10.6875,4.25,5.535416666666666
13,mi,0.0316227766016837,1.0,10.0,1.0,,0.5,True,0.2,exemplar_mean,0.17748000248132578,330.2078864322474,382.5024318630681,81.545864147731,11.03125,5.46875,2.3125,3.338541666666667
13,mi,0.0999999999999999,1.0,10.0,1.0,,0.5,True,0.2,exemplar_mean,0.25752710822877933,313.72888757764406,359.5275040280732,163.33642887894493,6.71875,3.489583333333333,1.78125,2.4645833333333336
13,mi,0.3162277660168379,1.0,10.0,1.0,,0.5,True,0.2,exemplar_mean,0.1533351175098163,335.0194196705113,384.0750022691273,253.0300638511976,3.7395833333333335,2.5416666666666665,1.6875,1.7458333333333336
13,mi,1.0,1.0,10.0,1.0,,0.5,True,0.2,exemplar_mean,0.09138074079798751,347.0604915966711,391.6235877183518,402.51667183217614,2.25,1.90625,1.3333333333333333,1.4041666666666666
13,mi,3.162277660168379,1.0,10.0,1.0,,0.5,True,0.2,exemplar_mean,0.035191715084587356,357.6306406765454,385.13395418713526,456.93888227261965,1.5416666666666667,1.4479166666666667,1.0833333333333333,1.2
13,mi_concept,3.1622776601683795e-05,1.0,10.0,1.0,,0.5,True,0.2,exemplar_mean,0.15413253799957033,334.8616156277624,389.34165842280316,50.08320405445147,27.947916666666668,25.854166666666668,17.71875,20.54375
13,mi_concept,0.0001,1.0,10.0,1.0,,0.5,True,0.2,exemplar_mean,0.13094824797981217,339.4196867889655,389.4772723324907,56.17613549359962,20.58333333333333,17.166666666666668,11.041666666666666,13.370833333333334
13,mi_concept,0.0003162277660168,1.0,10.0,1.0,,0.5,True,0.2,exemplar_mean,0.12103100122540342,341.35084913740195,387.99247794700904,86.13387351176365,13.145833333333334,11.572916666666666,7.677083333333333,8.99375
13,mi_concept,0.001,1.0,10.0,1.0,,0.5,True,0.2,exemplar_mean,0.1530360184559593,335.0785901554237,388.641026563932,129.95441084997097,9.53125,7.5625,5.072916666666667,6.053125
13,mi_concept,0.0031622776601683,1.0,10.0,1.0,,0.5,True,0.2,exemplar_mean,0.16492847603045355,332.71780777100037,379.53929446815175,176.17710537211593,6.864583333333333,4.927083333333333,3.2916666666666665,3.9822916666666663
13,mi_concept,0.01,1.0,10.0,1.0,,0.5,True,0.2,exemplar_mean,0.15804912848842154,334.08546713568825,387.921851233023,261.3571831660673,4.385416666666667,3.6041666666666665,2.40625,2.7562499999999996
13,mi_concept,0.0316227766016837,1.0,10.0,1.0,,0.5,True,0.2,exemplar_mean,0.19992478530195826,325.6713969191005,381.65480530824345,452.09130599398065,2.9375,2.3854166666666665,1.5625,1.9114583333333333
13,mi_concept,0.0999999999999999,1.0,10.0,1.0,,0.5,True,0.2,exemplar_mean,0.2695756287662593,311.1729494401325,341.9900348010755,1037.5833133057226,1.9479166666666667,1.6145833333333333,1.25,1.4354166666666668
13,mi_concept,0.3162277660168379,1.0,10.0,1.0,,0.5,True,0.2,exemplar_mean,0.10557317810908261,344.3393186423659,384.6736553325163,1372.1190568860409,1.3645833333333333,1.25,1.09375,1.18125
13,mi_concept,1.0,1.0,10.0,1.0,,0.5,True,0.2,exemplar_mean,0.2404362951027613,317.31917078688264,369.2147677855557,4795.085205785489,1.1041666666666667,1.0520833333333333,1.0208333333333333,1.0697916666666667
13,mi_concept,3.162277660168379,1.0,10.0,1.0,,0.5,True,0.2,exemplar_mean,0.15651043575834978,334.39060384154163,384.0864227007307,8116.548757829318,1.0833333333333333,1.03125,1.0208333333333333,1.0177083333333332
13,surprisal_b,0.01,1.0,10.0,1.0,,0.5,True,0.2,exemplar_mean,0.13175293100224839,339.26251058400317,330.6933123721781,72.0059427247617,72.59375,74.77083333333333,71.77083333333333,74.64895833333333
13,surprisal_b,0.0251188643150957,1.0,10.0,1.0,,0.5,True,0.2,exemplar_mean,0.01370561412571723,361.590897444621,391.52713161456956,24.439858737485427,68.60416666666667,65.44791666666667,64.98958333333333,66.64583333333334
13,surprisal_b,0.0630957344480193,1.0,10.0,1.0,,0.5,True,0.2,exemplar_mean,0.17728245064231052,330.2475385130377,326.95390476613335,47.719556906606016,50.90625,48.645833333333336,45.59375,52.536458333333336
13,surprisal_b,0.1584893192461114,1.0,10.0,1.0,,0.5,True,0.2,exemplar_mean,0.06480933930869888,352.0985926469154,397.0310307484947,35.530744454954274,34.958333333333336,29.916666666666668,29.52083333333333,29.41770833333333
13,surprisal_b,0.3981071705534973,1.0,10.0,1.0,,0.5,True,0.2,exemplar_mean,0.002665296752094167,364.09457553176964,362.70937042510195,-14.923191318133085,13.0625,16.010416666666668,14.302083333333334,13.407291666666666
13,surprisal_b,1.0,1.0,10.0,1.0,,0.5,True,0.2,exemplar_mean,0.0007456176461723596,364.09457553176964,361.8990113902907,-17.471529286499493,5.770833333333333,6.625,5.802083333333333,6.151041666666667
13,surprisal_b,2.511886431509582,1.0,10.0,1.0,,0.5,True,0.2,exemplar_mean,0.07538800588063567,350.10149884221556,356.4902717692485,337.98274576494543,3.2604166666666665,3.552083333333333,2.96875,3.190625
13,surprisal_b,6.309573444801936,1.0,10.0,1.0,,0.5,True,0.2,exemplar_mean,0.026896444844609214,364.09457553176964,360.26577905524965,-469.25210612456897,1.8125,1.8125,1.65625,1.7708333333333335
13,surprisal_b,15.848931924611142,1.0,10.0,1.0,,0.5,True,0.2,exemplar_mean,0.132853294063629,364.09457553176964,360.26577905524965,-2365.308142150312,1.2708333333333333,1.3333333333333333,1.3333333333333333,1.3395833333333331
13,surprisal_b,39.81071705534973,1.0,10.0,1.0,,0.5,True,0.2,exemplar_mean,0.10183874063637789,345.0574177489617,351.08746465935616,3533.7125602392484,1.1770833333333333,1.1666666666666667,1.1145833333333333,1.1447916666666667
13,surprisal_b,100.0,1.0,10.0,1.0,,0.5,True,0.2,exemplar_mean,0.040755278237047665,356.5980120257115,386.2614255844657,2763.1357811034404,1.0729166666666667,1.0729166666666667,1.0729166666666667,1.0593750000000002
14,eig_code,3.162277660168379e-06,1.0,10.0,1.0,,1.0,True,0.1,exemplar_mean,,,,,80.0,80.0,80.0,80.0
14,eig_code,1e-05,1.0,10.0,1.0,,1.0,True,0.1,exemplar_mean,,,,,80.0,80.0,80.0,80.0
14,eig_code,3.1622776601683795e-05,1.0,10.0,1.0,,1.0,True,0.1,exemplar_mean,0.06296179879606975,352.4462198594464,387.546805255095,8.218583284983707,78.35416666666667,73.02083333333333,39.72916666666666,52.729166666666664
14,eig_code,0.0001,1.0,10.0,1.0,,1.0,True,0.1,exemplar_mean,0.1323842449568151,339.13914702051255,388.5287868584031,11.26349858705333,76.51041666666667,63.958333333333336,33.864583333333336,43.36145833333333
14,eig_code,0.0003162277660168,1.0,10.0,1.0,,1.0,True,0.1,exemplar_mean,0.15572890838345496,334.54548121966394,386.6724621330195,13.027846143019717,62.96875,45.489583333333336,22.84375,30.838541666666664
14,eig_code,0.001,1.0,10.0,1.0,,1.0,True,0.1,exemplar_mean,0.14263897117360957,337.12897338738765,388.435676984137,14.96388518208631,53.09375,36.71875,14.895833333333334,19.164583333333333
14,eig_code,0.0031622776601683,1.0,10.0,1.0,,1.0,True,0.1,exemplar_mean,0.1749425717063947,330.7168311672646,379.7774144517408,34.62180296673446,28.67708333333333,17.052083333333332,8.625,12.59270833333333
14,eig_code,0.01,1.0,10.0,1.0,,1.0,True,0.1,exemplar_mean,0.165109275166802,332.6817878931075,384.45659614108746,47.765993035415946,19.48958333333333,10.25,6.135416666666667,6.986458333333333
14,eig_code,0.0316227766016837,1.0,10.0,1.0,,1.0,True,0.1,exemplar_mean,0.25761293973667504,313.71075317700564,359.71224074589446,94.98996704593112,12.34375,6.354166666666667,3.40625,4.353125
14,eig_code,0.0999999999999999,1.0,10.0,1.0,,1.0,True,0.1,exemplar_mean,0.17624297860783303,330.45610019876113,383.0659664420994,113.23309253955532,8.385416666666666,4.1875,2.375,2.603125
14,eig_code,0.3162277660168379,1.0,10.0,1.0,,1.0,True,0.1,exemplar_mean,0.23805909174540207,317.81533911844497,371.35257359403687,211.85222532610058,5.416666666666667,2.6979166666666665,1.8854166666666667,1.9802083333333331
14,kl,3.162277660168379e-06,1.0,10.0,1.0,,1.0,True,0.1,exemplar_mean,0.0838275930590516,348.5000241024069,383.3817273559307,10.813139448497617,79.35416666666667,73.98958333333333,45.85416666666666,57.86354166666666
14,kl,1e-05,1.0,10.0,1.0,,1.0,True,0.1,exemplar_mean,0.09299781446003103,346.75152153064164,387.3426789518912,7.840749043197108,78.26041666666667,68.83333333333333,32.833333333333336,44.65208333333334
14,kl,3.1622776601683795e-05,1.0,10.0,1.0,,1.0,True,0.1,exemplar_mean,0.11338363382645908,342.83257487425607,391.35851417186313,9.771389012758005,75.23958333333333,60.01041666666666,28.041666666666668,37.24583333333333
14,kl,0.0001,1.0,10.0,1.0,,1.0,True,0.1,exemplar_mean,0.16751986236962896,332.2011632141868,384.85752738487287,15.186575292028508,60.28125,40.79166666666666,18.15625,25.76875
14,kl,0.0003162277660168,1.0,10.0,1.0,,1.0,True,0.1,exemplar_mean,0.21983120909770607,321.59441302518724,376.40154123396263,21.57804307472824,48.94791666666666,26.6875,9.916666666666666,16.960416666666667
14,kl,0.001,1.0,10.0,1.0,,1.0,True,0.1,exemplar_mean,0.25279598017905147,314.7268597179736,371.51674098547886,36.37581133077812,30.604166666666668,15.46875,7.572916666666667,10.447916666666668
14,kl,0.0031622776601683,1.0,10.0,1.0,,1.0,True,0.1,exemplar_mean,0.2316208220079761,319.15525705354804,369.09447202049586,59.87121996054154,19.0,9.09375,4.927083333333333,6.529166666666666
14,kl,0.01,1.0,10.0,1.0,,1.0,True,0.1,exemplar_mean,0.24748129654788953,315.8441649280274,356.6678282831202,96.23164407890589,11.78125,6.0,2.9791666666666665,4.240625
14,kl,0.0316227766016837,1.0,10.0,1.0,,1.0,True,0.1,exemplar_mean,0.23783647158780735,317.8617645911218,375.52188593153835,136.46160791827398,7.96875,4.3125,2.0729166666666665,2.734375
14,kl,0.0999999999999999,1.0,10.0,1.0,,1.0,True,0.1,exemplar_mean,0.231136043772397,319.25592032695926,373.95017309396604,244.2445692209331,4.552083333333333,2.71875,1.4270833333333333,1.9145833333333333
14,kl,0.3162277660168379,1.0,10.0,1.0,,1.0,True,0.1,exemplar_mean,0.20963600964471402,323.68888098987264,375.3149065088181,583.919770401061,2.21875,1.96875,1.1875,1.4416666666666667
14,mi,3.1622776601683795e-05,1.0,10.0,1.0,,1.0,True,0.1,exemplar_mean,0.05777961914832962,353.41945731999044,386.3527102230367,6.872083319336522,77.72916666666667,71.57291666666667,33.677083333333336,49.85312499999999
14,mi,0.0001,1.0,10.0,1.0,,1.0,True,0.1,exemplar_mean,0.11960930853765508,341.62679739569995,387.74750264628926,10.014494455615209,74.39583333333333,62.645833333333336,31.34375,40.28645833333333
14,mi,0.0003162277660168,1.0,10.0,1.0,,1.0,True,0.1,exemplar_mean,0.1159917513845081,342.3279562877451,388.63661725424333,9.935355232557251,66.14583333333333,47.28125,19.010416666666668,26.58958333333333
14,mi,0.001,1.0,10.0,1.0,,1.0,True,0.1,exemplar_mean,0.19775116834407014,326.1134833134102,381.1302314192148,18.40733352834848,48.44791666666666,27.5625,10.4375,16.760416666666664
14,mi,0.0031622776601683,1.0,10.0,1.0,,1.0,True,0.1,exemplar_mean,0.2221350773227085,321.11922166146695,374.04030014547544,30.49602105882658,32.416666666666664,14.302083333333334,7.822916666666667,10.527083333333334
14,mi,0.01,1.0,10.0,1.0,,1.0,True,0.1,exemplar_mean,0.1844033368862532,328.81523292938044,379.00555815969545,50.88427651843089,19.229166666666668,8.96875,5.03125,5.8875
14,mi,0.0316227766016837,1.0,10.0,1.0,,1.0,True,0.1,exemplar_mean,0.22876686401525298,319.74742007789905,376.861419619269,91.63490430078289,11.354166666666666,5.927083333333333,2.625,3.5833333333333335
14,mi,0.0999999999999999,1.0,10.0,1.0,,1.0,True,0.1,exemplar_mean,0.27932318870713074,309.08966424815014,349.0447326593071,161.00234752986705,7.385416666666667,3.5104166666666665,2.0729166666666665,2.4885416666666664
14,mi,0.3162277660168379,1.0,10.0,1.0,,1.0,True,0.1,exemplar_mean,0.17255146218427383,331.1957118022487,385.4757437477151,211.7059627441234,4.385416666666667,2.9479166666666665,1.59375,1.7906250000000004
14,mi,1.0,1.0,10.0,1.0,,1.0,True,0.1,exemplar_mean,0.18939498922683345,327.80747354666295,380.8827165869253,403.03052362833085,2.739583333333333,2.09375,1.2395833333333333,1.5083333333333333
14,mi,3.162277660168379,1.0,10.0,1.0,,1.0,True,0.1,exemplar_mean,0.09648346147049157,346.0845899142319,394.750102506568,783.3181703685609,1.6145833333333333,1.6458333333333333,1.1458333333333333,1.2812499999999998
14,mi_concept,3.1622776601683795e-05,1.0,10.0,1.0,,1.0,True,0.1,exemplar_mean,0.20064825554019558,325.5241189842032,377.4093351988505,82.549607430018,18.80208333333333,15.770833333333334,10.989583333333334,13.013541666666665
14,mi_concept,0.0001,1.0,10.0,1.0,,1.0,True,0.1,exemplar_mean,0.1454903906432324,336.56789311316817,388.07146417879767,89.6954594120527,13.520833333333334,11.28125,7.458333333333333,8.640625
14,mi_concept,0.0003162277660168,1.0,10.0,1.0,,1.0,True,0.1,exemplar_mean,0.19699602696745017,326.2669293839417,381.89547165126044,116.7481630311574,11.03125,7.927083333333333,5.010416666666667,5.977083333333333
14,mi_concept,0.001,1.0,10.0,1.0,,1.0,True,0.1,exemplar_mean,0.2022003771476881,325.207926190226,379.1546216479548,181.554586903824,7.375,5.28125,3.552083333333333,4.177083333333333
14,mi_concept,0.0031622776601683,1.0,10.0,1.0,,1.0,True,0.1,exemplar_mean,0.1509205510033003,335.496793169619,385.9025141758074,192.79015191649066,5.583333333333333,3.8958333333333335,2.4791666666666665,2.778125
14,mi_concept,0.01,1.0,10.0,1.0,,1.0,True,0.1,exemplar_mean,0.17118613543789138,331.4688429778783,386.32610639760406,261.7032298560683,4.083333333333333,2.9791666666666665,1.5520833333333333,2.0093749999999995
14,mi_concept,0.0316227766016837,1.0,10.0,1.0,,1.0,True,0.1,exemplar_mean,0.097452524691035,345.8989442684176,389.6033289561074,343.443201882116,2.34375,2.364583333333333,1.2916666666666667,1.5968749999999998
14,mi_concept,0.0999999999999999,1.0,10.0,1.0,,1.0,True,0.1,exemplar_mean,0.033737806851110115,357.9000032020686,388.1011198541822,378.2085932576094,1.6979166666666667,1.6666666666666667,1.1770833333333333,1.3
14,mi_concept,0.3162277660168379,1.0,10.0,1.0,,1.0,True,0.1,exemplar_mean,0.009981071117786549,362.2729918679588,376.83586199403317,409.6693788635443,1.25,1.1875,1.09375,1.1541666666666668
14,mi_concept,1.0,1.0,10.0,1.0,,1.0,True,0.1,exemplar_mean,0.024053537284777837,359.6890408820402,392.68176531434705,1811.7807480218592,1.1041666666666667,1.09375,1.0208333333333333,1.059375
14,mi_concept,3.162277660168379,1.0,10.0,1.0,,1.0,True,0.1,exemplar_mean,0.048235574084857236,355.2048955312656,362.55753018607084,9774.71289945075,1.03125,1.03125,1.0208333333333333,1.025
14,surprisal_b,0.01,1.0,10.0,1.0,,1.0,True,0.1,exemplar_mean,,,,,80.0,80.0,80.0,80.0
14,surprisal_b,0.0251188643150957,1.0,10.0,1.0,,1.0,True,0.1,exemplar_mean,0.030288672851932454,358.5382075281897,377.7252534308151,32.01526664853561,72.67708333333333,68.80208333333333,67.86458333333333,68.48125
14,surprisal_b,0.0630957344480193,1.0,10.0,1.0,,1.0,True,0.1,exemplar_mean,0.008553249627602294,362.53413576215945,394.9142430079142,11.485880100673121,58.927083333333336,54.09375,58.645833333333336,54.915625
14,surprisal_b,0.1584893192461114,1.0,10.0,1.0,,1.0,True,0.1,exemplar_mean,0.30432960662040126,303.67984499628704,312.582192633367,69.45508619948794,39.96875,36.0,30.3125,35.75833333333334
14,surprisal_b,0.3981071705534973,1.0,10.0,1.0,,1.0,True,0.1,exemplar_mean,0.0875798170001363,347.78564340437646,364.51861823006345,48.020338912379486,18.08333333333333,17.572916666666668,20.4375,18.018749999999997
14,surprisal_b,1.0,1.0,10.0,1.0,,1.0,True,0.1,exemplar_mean,0.050515607813625504,354.7791784441184,355.76036396239255,112.770425262215,7.552083333333333,8.114583333333334,6.8125,7.552083333333334
14,surprisal_b,2.511886431509582,1.0,10.0,1.0,,1.0,True,0.1,exemplar_mean,0.012135820107223699,361.8785385167094,378.6247793595458,126.3521554920448,3.71875,3.458333333333333,4.0625,3.4885416666666673
14,surprisal_b,6.309573444801936,1.0,10.0,1.0,,1.0,True,0.1,exemplar_mean,0.08655357215513852,364.09457553176964,360.26577905524965,-695.2661654694843,2.03125,2.270833333333333,1.875,2.0072916666666663
14,surprisal_b,15.848931924611142,1.0,10.0,1.0,,1.0,True,0.1,exemplar_mean,0.0009903429023131742,363.91424163328657,365.5682715743433,133.77434808600745,1.3958333333333333,1.5833333333333333,1.4791666666666667,1.4760416666666667
14,surprisal_b,39.81071705534973,1.0,10.0,1.0,,1.0,True,0.1,exemplar_mean,0.036205295599749436,357.44273666098513,378.86701340856104,1636.2369725226508,1.1979166666666667,1.21875,1.0520833333333333,1.153125
14,surprisal_b,100.0,1.0,10.0,1.0,,1.0,True,0.1,exemplar_mean,0.08863427181470071,364.09457553176964,360.26577905524965,-4004.4532718960036,1.0416666666666667,1.0833333333333333,1.1145833333333333,1.0677083333333335
15,eig_code,3.162277660168379e-06,1.0,10.0,1.0,,1.0,True,0.2,exemplar_mean,0.057880489724153175,353.40053893365996,379.88806396033004,8.373759453950816,79.04166666666667,79.02083333333333,49.90625,62.35729166666666
15,eig_code,1e-05,1.0,10.0,1.0,,1.0,True,0.2,exemplar_mean,0.09631688204100608,346.1164918850869,384.25025258979923,7.570142144160774,78.69791666666667,78.27083333333333,34.21875,50.36874999999999
15,eig_code,3.1622776601683795e-05,1.0,10.0,1.0,,1.0,True,0.2,exemplar_mean,0.10055786014498275,345.3033757241774,386.161721990098,7.091062968488221,77.82291666666667,69.14583333333333,25.0,40.25208333333334
15,eig_code,0.0001,1.0,10.0,1.0,,1.0,True,0.2,exemplar_mean,0.1255414196039613,340.47390388433394,388.26794382150723,8.151808657172616,75.23958333333333,58.0,18.229166666666668,30.429166666666664
15,eig_code,0.0003162277660168,1.0,10.0,1.0,,1.0,True,0.2,exemplar_mean,0.16684137440008612,332.33651093959946,385.8113935804923,11.329375787213184,67.5,46.65625,13.229166666666666,22.754166666666663
15,eig_code,0.001,1.0,10.0,1.0,,1.0,True,0.2,exemplar_mean,0.174410163773838,330.823519418319,381.6483599192248,16.690983100439425,51.13541666666666,30.916666666666668,10.46875,15.320833333333335
15,eig_code,0.0031622776601683,1.0,10.0,1.0,,1.0,True,0.2,exemplar_mean,0.1925108003441309,327.1768522507485,383.38474948986106,32.1198840649027,28.65625,16.895833333333332,6.666666666666667,10.647916666666667
15,eig_code,0.01,1.0,10.0,1.0,,1.0,True,0.2,exemplar_mean,0.1844342570526059,328.8089999967779,380.6997397798608,49.388186403383266,18.760416666666668,10.895833333333334,5.4375,6.2125
15,eig_code,0.0316227766016837,1.0,10.0,1.0,,1.0,True,0.2,exemplar_mean,0.2027078393444157,325.1044810548106,379.58362880274535,79.33677634011774,12.260416666666666,6.885416666666667,2.8229166666666665,3.7052083333333337
15,eig_code,0.0999999999999999,1.0,10.0,1.0,,1.0,True,0.2,exemplar_mean,0.18355889488702481,328.9854111381702,382.72222722486794,139.93794725550197,6.708333333333333,4.083333333333333,2.020833333333333,2.5302083333333334
15,eig_code,0.3162277660168379,1.0,10.0,1.0,,1.0,True,0.2,exemplar_mean,0.20696319695374776,324.23573633465736,381.5876469744165,252.98952703807274,4.3125,2.875,1.375,1.8197916666666665
15,kl,3.162277660168379e-06,1.0,10.0,1.0,,1.0,True,0.2,exemplar_mean,0.0737300534053833,350.41524756953874,384.46786920234445,5.9969531524032496,79.73958333333333,77.59375,31.84375,46.375
15,kl,1e-05,1.0,10.0,1.0,,1.0,True,0.2,exemplar_mean,0.09975122459026396,345.45817809951996,388.2802640947997,6.526731855644786,77.95833333333333,74.03125,23.36458333333333,37.28541666666667
15,kl,3.1622776601683795e-05,1.0,10.0,1.0,,1.0,True,0.2,exemplar_mean,0.1359725808663449,338.4371046362474,388.82899228429375,8.459572510425147,74.76041666666667,60.15625,17.583333333333332,29.034375
15,kl,0.0001,1.0,10.0,1.0,,1.0,True,0.2,exemplar_mean,0.1837744476775666,328.9419797111107,385.29975729325736,12.0124689500653,66.71875,45.0,13.40625,21.753125
15,kl,0.0003162277660168,1.0,10.0,1.0,,1.0,True,0.2,exemplar_mean,0.1935080527805442,326.97475746479034,381.96327119200396,16.60328328286076,52.4375,27.52083333333333,10.802083333333334,15.778125
15,kl,0.001,1.0,10.0,1.0,,1.0,True,0.2,exemplar_mean,0.19382602748189195,326.9102931194008,379.2674490670688,29.75903612593365,31.947916666666668,17.645833333333332,7.40625,10.4375
15,kl,0.0031622776601683,1.0,10.0,1.0,,1.0,True,0.2,exemplar_mean,0.18270506315770765,329.15739217789564,382.69883103945256,50.91839319893392,18.447916666666668,11.416666666666666,4.6875,6.915625
15,kl,0.01,1.0,10.0,1.0,,1.0,True,0.2,exemplar_mean,0.2286301592883006,319.77575719471434,376.9230149175711,90.39979376263616,12.104166666666666,7.083333333333333,3.28125,4.480208333333334
15,kl,0.0316227766016837,1.0,10.0,1.0,,1.0,True,0.2,exemplar_mean,0.21298957094267262,323.00143543448814,379.2512273850266,145.28970251220198,6.958333333333333,4.552083333333333,2.114583333333333,3.03125
15,kl,0.0999999999999999,1.0,10.0,1.0,,1.0,True,0.2,exemplar_mean,0.22845458452762024,319.8121478821747,378.85720618054273,249.4623018453075,4.489583333333333,3.020833333333333,1.6979166666666667,2.035416666666667
15,kl,0.3162277660168379,1.0,10.0,1.0,,1.0,True,0.2,exemplar_mean,0.15787422654562336,334.12016581287025,384.2924566968781,515.3499336419583,2.270833333333333,1.96875,1.28125,1.4729166666666669
15,mi,3.1622776601683795e-05,1.0,10.0,1.0,,1.0,True,0.2,exemplar_mean,0.10201614739172765,345.02333782210684,386.31430834293207,6.05884464650486,79.67708333333333,70.07291666666667,21.322916666666668,34.01770833333333
15,mi,0.0001,1.0,10.0,1.0,,1.0,True,0.2,exemplar_mean,0.12899928817300135,339.80006969352104,390.21979089608493,7.634915490611092,73.04166666666667,64.47916666666667,13.375,27.09270833333333
15,mi,0.0003162277660168,1.0,10.0,1.0,,1.0,True,0.2,exemplar_mean,0.17230934221170183,331.24416389794527,384.19100033988383,11.143954886557134,65.97916666666667,44.96875,10.041666666666666,21.116666666666667
15,mi,0.001,1.0,10.0,1.0,,1.0,True,0.2,exemplar_mean,0.17553377024586425,330.5983216317657,384.81503525179636,16.95868469025227,46.72916666666666,29.885416666666668,10.46875,14.545833333333334
15,mi,0.0031622776601683,1.0,10.0,1.0,,1.0,True,0.2,exemplar_mean,0.23629984367884094,318.18203005905417,373.2727994588639,32.0177926701361,31.96875,15.822916666666666,6.791666666666667,9.475
15,mi,0.01,1.0,10.0,1.0,,1.0,True,0.2,exemplar_mean,0.20247133411060278,325.1526962599437,378.72354970298557,48.279348550377364,19.5625,9.145833333333334,3.8229166666666665,5.439583333333333
15,mi,0.0316227766016837,1.0,10.0,1.0,,1.0,True,0.2,exemplar_mean,0.18145664019287483,329.40869120413555,382.75642970666496,77.2293965523801,11.354166666666666,6.46875,2.65625,3.5072916666666663
15,mi,0.0999999999999999,1.0,10.0,1.0,,1.0,True,0.2,exemplar_mean,0.1531816963420736,335.0497721413618,386.57080476902246,126.15865261582464,6.614583333333333,4.458333333333333,1.8333333333333333,2.3416666666666663
15,mi,0.3162277660168379,1.0,10.0,1.0,,1.0,True,0.2,exemplar_mean,0.1827212404297651,329.1541345442111,382.4374494305813,239.2442977418686,4.072916666666667,2.864583333333333,1.4166666666666667,1.8166666666666664
15,mi,1.0,1.0,10.0,1.0,,1.0,True,0.2,exemplar_mean,0.1355896198961526,338.5120986935904,387.88896344532844,437.29768837891106,2.208333333333333,2.0,1.1354166666666667,1.403125
15,mi,3.162277660168379,1.0,10.0,1.0,,1.0,True,0.2,exemplar_mean,0.07493170729735979,350.18787621696003,384.88528741552415,627.9203199666002,1.53125,1.5520833333333333,1.1145833333333333,1.25
15,mi_concept,3.1622776601683795e-05,1.0,10.0,1.0,,1.0,True,0.2,exemplar_mean,0.11294623004770396,342.9171310471039,388.60296143138845,40.558913501124756,29.48958333333333,24.072916666666668,17.416666666666668,20.097916666666666
15,mi_concept,0.0001,1.0,10.0,1.0,,1.0,True,0.2,exemplar_mean,0.12377320035888864,340.8179616199683,391.2917013705133,60.47645652212816,19.42708333333333,17.291666666666668,12.166666666666666,13.330208333333331
15,mi_concept,0.0003162277660168,1.0,10.0,1.0,,1.0,True,0.2,exemplar_mean,0.2214408820594646,321.26247900790327,379.46691051940434,113.88658801322055,14.291666666666666,10.84375,7.625,9.104166666666666
15,mi_concept,0.001,1.0,10.0,1.0,,1.0,True,0.2,exemplar_mean,0.15694020312032717,334.3054051124019,388.3217390209339,118.11064016580629,9.96875,7.885416666666667,4.875,5.96875
15,mi_concept,0.0031622776601683,1.0,10.0,1.0,,1.0,True,0.2,exemplar_mean,0.19280908199199784,327.1164180897047,382.0944227376611,191.89127869139324,6.927083333333333,5.177083333333333,3.3541666666666665,4.071875
15,mi_concept,0.01,1.0,10.0,1.0,,1.0,True,0.2,exemplar_mean,0.12285718707054452,340.99606176033046,386.98283616900335,249.99634874988092,4.322916666666667,3.71875,2.2604166666666665,2.7375
15,mi_concept,0.0316227766016837,1.0,10.0,1.0,,1.0,True,0.2,exemplar_mean,0.06902289395059821,351.3044970720139,390.8423331636213,301.8383331295257,2.59375,2.677083333333333,1.5416666666666667,1.8833333333333335
15,mi_concept,0.0999999999999999,1.0,10.0,1.0,,1.0,True,0.2,exemplar_mean,0.03139706077969399,358.33324289986484,387.7911350315948,409.04741784306304,1.7395833333333333,1.6041666666666667,1.3020833333333333,1.3989583333333333
15,mi_concept,0.3162277660168379,1.0,10.0,1.0,,1.0,True,0.2,exemplar_mean,0.00723106119273327,364.09457553176964,363.2376358871691,-348.38001906535396,1.1979166666666667,1.2708333333333333,1.0625,1.1604166666666669
15,mi_concept,1.0,1.0,10.0,1.0,,1.0,True,0.2,exemplar_mean,0.0026904817496394813,363.60445073646974,371.92714046802485,598.1154808679564,1.09375,1.09375,1.03125,1.0520833333333333
15,mi_concept,3.162277660168379,1.0,10.0,1.0,,1.0,True,0.2,exemplar_mean,0.004934815311808931,364.09457553176964,361.89356562429737,-1772.78066619436,1.0520833333333333,1.03125,1.0,1.0104166666666665
15,surprisal_b,0.01,1.0,10.0,1.0,,1.0,True,0.2,exemplar_mean,0.032080368369571184,364.09457553176964,360.26577905524965,-52.2096447767328,73.36458333333333,71.08333333333333,75.125,73.71770833333333
15,surprisal_b,0.0251188643150957,1.0,10.0,1.0,,1.0,True,0.2,exemplar_mean,0.1358408522978834,338.462902507488,343.06468904149926,52.070691402187755,66.09375,64.59375,63.239583333333336,66.47083333333333
15,surprisal_b,0.0630957344480193,1.0,10.0,1.0,,1.0,True,0.2,exemplar_mean,0.05545683417870465,353.8548183598836,369.82944156100024,27.4931291772555,52.40625,49.989583333333336,48.0,51.463541666666664
15,surprisal_b,0.1584893192461114,1.0,10.0,1.0,,1.0,True,0.2,exemplar_mean,0.053307229295738175,354.2572434640188,377.1508723030057,36.830068911847576,29.53125,30.67708333333333,30.322916666666668,31.745833333333337
15,surprisal_b,0.3981071705534973,1.0,10.0,1.0,,1.0,True,0.2,exemplar_mean,0.044837653274336045,364.09457553176964,360.26577905524965,-57.64952984366711,12.635416666666666,14.927083333333334,13.458333333333334,13.648958333333335
15,surprisal_b,1.0,1.0,10.0,1.0,,1.0,True,0.2,exemplar_mean,0.22179263699146667,321.18989721816024,312.2767181400527,441.259296347658,6.020833333333333,6.458333333333333,5.520833333333333,6.252083333333333
15,surprisal_b,2.511886431509582,1.0,10.0,1.0,,1.0,True,0.2,exemplar_mean,0.0693181631024689,351.24878270146473,376.7308062788615,402.6524817543368,3.40625,3.489583333333333,3.114583333333333,3.040625
15,surprisal_b,6.309573444801936,1.0,10.0,1.0,,1.0,True,0.2,exemplar_mean,0.0062505222264874205,364.09457553176964,362.9487453374039,-204.37892220293304,2.03125,1.9270833333333333,2.0416666666666665,1.8083333333333331
15,surprisal_b,15.848931924611142,1.0,10.0,1.0,,1.0,True,0.2,exemplar_mean,0.06322678111713471,352.3963827126165,373.85916650539184,1598.0021445839711,1.40625,1.3229166666666667,1.3125,1.3354166666666667
15,surprisal_b,39.81071705534973,1.0,10.0,1.0,,1.0,True,0.2,exemplar_mean,0.013676066722806086,364.09457553176964,362.3559273481099,-1214.677740397845,1.1145833333333333,1.1458333333333333,1.15625,1.13125
15,surprisal_b,100.0,1.0,10.0,1.0,,1.0,True,0.2,exemplar_mean,0.008073860338065543,362.6217723287393,392.5257817774985,1082.8253088066226,1.09375,1.0625,1.0,1.0427083333333333
16,eig_code,3.162277660168379e-06,3.0,1.0,0.1,,0.5,True,0.1,exemplar_mean,0.1270904578396185,340.1722081380252,382.2527539150357,58.690423129921086,79.875,79.82291666666667,74.23958333333333,76.29583333333332
16,eig_code,1e-05,3.0,1.0,0.1,,0.5,True,0.1,exemplar_mean,0.24211483289936894,316.9683596527855,352.18600182269114,43.25860559233727,79.59375,76.5625,62.75,71.18645833333333
16,eig_code,3.1622776601683795e-05,3.0,1.0,0.1,,0.5,True,0.1,exemplar_mean,0.12647678596789313,340.29176086884513,384.96971985425165,18.94642657440518,78.51041666666667,74.21875,53.96875,62.797916666666666
16,eig_code,0.0001,3.0,1.0,0.1,,0.5,True,0.1,exemplar_mean,0.1362271631615594,338.38724137925186,382.80606320251223,14.927469131060123,75.45833333333333,65.69791666666667,41.35416666666666,51.42604166666666
16,eig_code,0.0003162277660168,3.0,1.0,0.1,,0.5,True,0.1,exemplar_mean,0.19398814507991002,326.87742144531614,381.70737466465386,14.747229944315297,72.48958333333333,53.96875,27.604166666666668,36.501041666666666
16,eig_code,0.001,3.0,1.0,0.1,,0.5,True,0.1,exemplar_mean,0.20935144508392614,323.74714660923013,381.4354216561219,19.42423788644946,56.09375,39.16666666666666,18.354166666666668,27.04479166666666
16,eig_code,0.0031622776601683,3.0,1.0,0.1,,0.5,True,0.1,exemplar_mean,0.1873110914333411,328.22856568579215,375.93941872286797,30.149850846862552,37.25,21.697916666666668,12.59375,15.638541666666669
16,eig_code,0.01,3.0,1.0,0.1,,0.5,True,0.1,exemplar_mean,0.15116676880676402,335.4481456178723,382.8526294820866,47.33013797061835,20.39583333333333,12.875,7.083333333333333,8.721874999999999
16,eig_code,0.0316227766016837,3.0,1.0,0.1,,0.5,True,0.1,exemplar_mean,0.19281093608405284,327.11604240144646,381.8535369300393,79.2444713345277,13.40625,7.552083333333333,4.302083333333333,4.897916666666667
16,eig_code,0.0999999999999999,3.0,1.0,0.1,,0.5,True,0.1,exemplar_mean,0.22198414995691307,321.1503731674195,374.7175691899756,130.44109549279352,8.53125,4.78125,2.6666666666666665,3.1114583333333337
16,eig_code,0.3162277660168379,3.0,1.0,0.1,,0.5,True,0.1,exemplar_mean,0.21571106587480177,322.4424796739062,376.6972412771199,193.76741064742623,5.375,3.1041666666666665,1.71875,2.146875
16,kl,3.162277660168379e-06,3.0,1.0,0.1,,0.5,True,0.1,exemplar_mean,0.09589656219611556,346.19697514017037,383.7328255728402,15.258855561603673,78.5,75.42708333333333,51.63541666666666,63.15208333333334
16,kl,1e-05,3.0,1.0,0.1,,0.5,True,0.1,exemplar_mean,0.22398422339298316,320.73731109845505,367.2794707479062,18.575303915068897,77.59375,68.09375,42.239583333333336,53.626041666666666
16,kl,3.1622776601683795e-05,3.0,1.0,0.1,,0.5,True,0.1,exemplar_mean,0.18885114264440447,327.9174204873388,381.1990425187708,14.714346984863756,72.05208333333333,57.458333333333336,27.1875,39.7125
16,kl,0.0001,3.0,1.0,0.1,,0.5,True,0.1,exemplar_mean,0.23918135333936644,317.5811980076301,365.781241265894,17.733998298417358,61.51041666666666,41.3125,19.25,27.54583333333333
16,kl,0.0003162277660168,3.0,1.0,0.1,,0.5,True,0.1,exemplar_mean,0.1952033453103048,326.63091678897695,381.12781675105873,22.063244502266848,45.96875,26.979166666666668,11.552083333333334,18.414583333333333
16,kl,0.001,3.0,1.0,0.1,,0.5,True,0.1,exemplar_mean,0.20801595842234133,324.02045234807616,381.29864512039643,35.51315922274029,30.447916666666668,17.270833333333332,10.822916666666666,11.904166666666665
16,kl,0.0031622776601683,3.0,1.0,0.1,,0.5,True,0.1,exemplar_mean,0.23624115034392454,318.1942565889947,375.7009640881843,61.9336389601203,18.572916666666668,10.083333333333334,4.770833333333333,7.275
16,kl,0.01,3.0,1.0,0.1,,0.5,True,0.1,exemplar_mean,0.2535922943354997,314.5591088385867,367.9697493652825,96.00399331074631,12.520833333333334,6.21875,3.65625,4.5
16,kl,0.0316227766016837,3.0,1.0,0.1,,0.5,True,0.1,exemplar_mean,0.16939174933149273,331.82746481861824,383.40755308023466,152.47242700402774,6.697916666666667,4.510416666666667,2.2604166666666665,2.8104166666666663
16,kl,0.0999999999999999,3.0,1.0,0.1,,0.5,True,0.1,exemplar_mean,0.16043093893391788,333.61258217156626,384.3455722389189,218.29536919441696,4.197916666666667,3.0,1.4791666666666667,2.0395833333333337
16,kl,0.3162277660168379,3.0,1.0,0.1,,0.5,True,0.1,exemplar_mean,0.14285304455878856,337.08688210743617,387.6275103364087,471.54412403612884,2.177083333333333,2.1666666666666665,1.3020833333333333,1.5145833333333334
16,mi,3.1622776601683795e-05,3.0,1.0,0.1,,0.5,True,0.1,exemplar_mean,0.08519975154499629,348.2389507247643,386.2404274420136,8.653085552440324,77.69791666666667,73.25,38.96875,50.934374999999996
16,mi,0.0001,3.0,1.0,0.1,,0.5,True,0.1,exemplar_mean,0.17976001098745356,329.74990409974976,382.2467669022117,12.975105797775687,77.10416666666667,61.614583333333336,27.40625,43.709375
16,mi,0.0003162277660168,3.0,1.0,0.1,,0.5,True,0.1,exemplar_mean,0.16772911743631208,332.1594089774575,384.8705030100955,14.424082492871698,65.42708333333333,44.927083333333336,24.58333333333333,28.62916666666667
16,mi,0.001,3.0,1.0,0.1,,0.5,True,0.1,exemplar_mean,0.20955126609913166,323.70623363278963,378.9207944568833,18.823143048800517,53.28125,30.104166666666668,12.739583333333334,18.748958333333327
16,mi,0.0031622776601683,3.0,1.0,0.1,,0.5,True,0.1,exemplar_mean,0.27047477788350954,310.98136421092073,351.2574839431249,38.894665713758805,30.71875,15.197916666666666,7.708333333333333,11.486458333333333
16,mi,0.01,3.0,1.0,0.1,,0.5,True,0.1,exemplar_mean,0.21751422121635944,322.07160331666745,375.14958701568406,52.8952067129484,19.59375,8.833333333333334,4.3125,5.889583333333333
16,mi,0.0316227766016837,3.0,1.0,0.1,,0.5,True,0.1,exemplar_mean,0.23631328042720076,318.17923095613367,373.9492281877243,97.72617225983095,11.0,6.052083333333333,2.489583333333333,3.7458333333333327
16,mi,0.0999999999999999,3.0,1.0,0.1,,0.5,True,0.1,exemplar_mean,0.2446731727721761,316.43292346733017,371.93619328367146,161.21672293392203,6.78125,3.520833333333333,1.8020833333333333,2.4156249999999995
16,mi,0.3162277660168379,3.0,1.0,0.1,,0.5,True,0.1,exemplar_mean,0.21188902091340125,323.22719804066304,379.67094627861127,235.8220305965855,4.510416666666667,2.708333333333333,1.25,1.7677083333333337
16,mi,1.0,3.0,1.0,0.1,,0.5,True,0.1,exemplar_mean,0.11043852578422116,343.4015029524701,387.4499127773832,342.87965716497956,2.5729166666666665,2.052083333333333,1.3333333333333333,1.396875
16,mi,3.162277660168379,3.0,1.0,0.1,,0.5,True,0.1,exemplar_mean,0.21817343627790864,321.9359080790301,366.4876977184522,1034.930824719836,1.6875,1.4895833333333333,1.1145833333333333,1.2635416666666666
16,mi_concept,3.1622776601683795e-05,3.0,1.0,0.1,,0.5,True,0.1,exemplar_mean,0.5691807938578121,238.98009900012153,241.03123272984953,237.3298961656234,19.447916666666668,17.364583333333332,16.854166666666668,18.541666666666664
16,mi_concept,0.0001,3.0,1.0,0.1,,0.5,True,0.1,exemplar_mean,0.6368042597985369,219.4242293539671,221.31231452854385,397.93738241755983,14.145833333333334,12.020833333333334,11.302083333333334,12.326041666666665
16,mi_concept,0.0003162277660168,3.0,1.0,0.1,,0.5,True,0.1,exemplar_mean,0.6235286943938816,223.3984464940703,217.06337617050082,433.58896062567345,10.25,8.125,7.59375,8.419791666666665
16,mi_concept,0.001,3.0,1.0,0.1,,0.5,True,0.1,exemplar_mean,0.4672071158163358,265.7623262699067,280.9630999891237,562.2631831739342,7.052083333333333,5.78125,4.802083333333333,5.5197916666666655
16,mi_concept,0.0031622776601683,3.0,1.0,0.1,,0.5,True,0.1,exemplar_mean,0.42977734212525115,274.93906010427963,285.45486211640554,640.7736637077253,4.78125,3.8645833333333335,3.270833333333333,3.7302083333333336
16,mi_concept,0.01,3.0,1.0,0.1,,0.5,True,0.1,exemplar_mean,0.20758829928984635,324.10792355764704,379.91613682909053,487.0686689912807,3.552083333333333,2.770833333333333,2.2916666666666665,2.55625
16,mi_concept,0.0316227766016837,3.0,1.0,0.1,,0.5,True,0.1,exemplar_mean,0.07888680213334402,349.43846676689185,381.4610346532235,423.7033699455996,2.270833333333333,2.177083333333333,1.6666666666666667,1.865625
16,mi_concept,0.0999999999999999,3.0,1.0,0.1,,0.5,True,0.1,exemplar_mean,0.04340247810647759,356.1056254832088,383.12263597342223,402.4495897663906,1.6041666666666667,1.6666666666666667,1.1979166666666667,1.390625
16,mi_concept,0.3162277660168379,3.0,1.0,0.1,,0.5,True,0.1,exemplar_mean,0.0014314923535635774,363.833882903058,378.94407467076155,161.78515168270079,1.2395833333333333,1.1979166666666667,1.0833333333333333,1.184375
16,mi_concept,1.0,3.0,1.0,0.1,,0.5,True,0.1,exemplar_mean,0.04192776535090122,356.38001008848653,355.7950939830981,1740.8481900157406,1.0520833333333333,1.0729166666666667,1.0208333333333333,1.0927083333333332
16,mi_concept,3.162277660168379,3.0,1.0,0.1,,0.5,True,0.1,exemplar_mean,0.00785191155392891,362.66233934104207,374.0943475687892,2461.867780499235,1.03125,1.0520833333333333,1.0208333333333333,1.0302083333333334
16,surprisal_b,0.01,3.0,1.0,0.1,,0.5,True,0.1,exemplar_mean,0.22122943261154573,321.3061020036026,347.1632482007157,85.85986386209557,76.41666666666667,76.26041666666667,73.625,75.87916666666666
16,surprisal_b,0.0251188643150957,3.0,1.0,0.1,,0.5,True,0.1,exemplar_mean,0.09705922943983439,345.9743007448574,346.37091911272336,53.63897550054898,65.77083333333333,63.47916666666666,65.3125,68.39479166666666
16,surprisal_b,0.0630957344480193,3.0,1.0,0.1,,0.5,True,0.1,exemplar_mean,0.06133433843970786,352.75215371050336,377.75953456776097,29.782550975134306,58.72916666666666,53.958333333333336,53.46875,52.63020833333333
16,surprisal_b,0.1584893192461114,3.0,1.0,0.1,,0.5,True,0.1,exemplar_mean,0.1150470391411846,342.51082508784475,389.2579548977102,42.679314187583984,38.020833333333336,36.32291666666666,27.291666666666668,31.60833333333333
16,surprisal_b,0.3981071705534973,3.0,1.0,0.1,,0.5,True,0.1,exemplar_mean,0.004129155480959507,363.34209639634383,373.2354469159157,15.62090651159225,13.65625,15.947916666666666,12.385416666666666,14.808333333333334
16,surprisal_b,1.0,3.0,1.0,0.1,,0.5,True,0.1,exemplar_mean,0.01812858897987846,360.7792206776649,383.044579037348,75.64503159142674,8.083333333333334,6.6875,6.104166666666667,6.221875
16,surprisal_b,2.511886431509582,3.0,1.0,0.1,,0.5,True,0.1,exemplar_mean,0.1975931567987629,326.1455975131001,365.3871857997927,461.1228426714991,4.28125,3.6875,3.0625,3.378125
16,surprisal_b,6.309573444801936,3.0,1.0,0.1,,0.5,True,0.1,exemplar_mean,0.11543179700940595,342.4363589478312,386.5467820153595,779.7266609702394,2.15625,2.145833333333333,1.8020833333333333,1.8979166666666665
16,surprisal_b,15.848931924611142,3.0,1.0,0.1,,0.5,True,0.1,exemplar_mean,0.2575469739697072,313.7246904557282,338.3156905601033,2360.3748051770526,1.53125,1.3125,1.3333333333333333,1.3895833333333332
16,surprisal_b,39.81071705534973,3.0,1.0,0.1,,0.5,True,0.1,exemplar_mean,0.02096963383544422,360.25688523530766,381.0042699630815,1068.5976306657271,1.1979166666666667,1.1354166666666667,1.1145833333333333,1.1354166666666665
16,surprisal_b,100.0,3.0,1.0,0.1,,0.5,True,0.1,exemplar_mean,0.01931317840960058,360.56152199167855,370.7662563981182,2375.478774565605,1.0729166666666667,1.0520833333333333,1.0520833333333333,1.0656249999999998
17,eig_code,3.162277660168379e-06,3.0,1.0,0.1,,0.5,True,0.2,exemplar_mean,0.2162374489966249,322.3342563139118,354.6648713870996,48.464157466996205,79.46875,79.40625,70.05208333333333,73.465625
17,eig_code,1e-05,3.0,1.0,0.1,,0.5,True,0.2,exemplar_mean,0.2196939582989095,321.6226999481422,359.1926950514607,21.464515892206357,79.5,76.94791666666667,51.53125,63.836458333333326
17,eig_code,3.1622776601683795e-05,3.0,1.0,0.1,,0.5,True,0.2,exemplar_mean,0.1462161491628105,336.42493456660566,382.66930248813156,10.740744015341047,79.26041666666667,73.48958333333333,37.552083333333336,50.89999999999999
17,eig_code,0.0001,3.0,1.0,0.1,,0.5,True,0.2,exemplar_mean,0.17759440471972926,330.1849217413511,383.3302670483637,11.218588294041277,76.92708333333333,60.60416666666666,25.28125,38.72083333333333
17,eig_code,0.0003162277660168,3.0,1.0,0.1,,0.5,True,0.2,exemplar_mean,0.2048295226701954,324.6716232580488,382.0678023086017,13.181203307477155,69.29166666666667,43.8125,16.885416666666668,27.226041666666664
17,eig_code,0.001,3.0,1.0,0.1,,0.5,True,0.2,exemplar_mean,0.20856466276609167,323.9081885741371,377.2086331097409,18.470873509285674,55.10416666666666,28.02083333333333,14.052083333333334,19.07708333333333
17,eig_code,0.0031622776601683,3.0,1.0,0.1,,0.5,True,0.2,exemplar_mean,0.2967363715972201,305.3326782285925,336.8709817934204,39.59431718186215,31.64583333333333,16.895833333333332,9.21875,13.165625
17,eig_code,0.01,3.0,1.0,0.1,,0.5,True,0.2,exemplar_mean,0.22198101990664063,321.1510191798381,373.0025237044712,49.17702903636033,21.23958333333333,10.302083333333334,5.291666666666667,7.535416666666667
17,eig_code,0.0316227766016837,3.0,1.0,0.1,,0.5,True,0.2,exemplar_mean,0.20196918657580445,325.25504300890833,378.9604157012376,90.16870310542608,11.854166666666666,6.604166666666667,3.78125,4.547916666666667
17,eig_code,0.0999999999999999,3.0,1.0,0.1,,0.5,True,0.2,exemplar_mean,0.20180606955799563,325.2882822779589,378.96801932367686,150.39053805511332,7.135416666666667,4.25,2.21875,2.841666666666667
17,eig_code,0.3162277660168379,3.0,1.0,0.1,,0.5,True,0.2,exemplar_mean,0.20402121416671695,324.8365993119641,379.19178918729045,241.2234498663343,4.645833333333333,2.8854166666666665,1.5625,2.0010416666666666
17,kl,3.162277660168379e-06,3.0,1.0,0.1,,0.5,True,0.2,exemplar_mean,0.1678595779293533,332.13337455797375,370.1279922289944,12.83803698430754,79.71875,77.44791666666667,44.85416666666666,58.12812499999999
17,kl,1e-05,3.0,1.0,0.1,,0.5,True,0.2,exemplar_mean,0.1342089113236364,338.7823407447047,385.6925920395441,9.154984518122362,78.6875,71.30208333333333,29.854166666666668,45.103125
17,kl,3.1622776601683795e-05,3.0,1.0,0.1,,0.5,True,0.2,exemplar_mean,0.1529497418636505,335.0956562310547,387.5840254359381,9.663546652636331,76.28125,58.833333333333336,22.83333333333333,33.68958333333333
17,kl,0.0001,3.0,1.0,0.1,,0.5,True,0.2,exemplar_mean,0.19706646037466224,326.25262024214373,384.2550022615248,13.151301530740202,66.40625,47.54166666666666,14.947916666666666,25.296875
17,kl,0.0003162277660168,3.0,1.0,0.1,,0.5,True,0.2,exemplar_mean,0.22976228279017555,319.54100690834906,374.8899262544988,20.803038650821346,50.09375,27.229166666666668,11.65625,17.510416666666664
17,kl,0.001,3.0,1.0,0.1,,0.5,True,0.2,exemplar_mean,0.2180605962898418,321.9591395315288,375.59882529864973,33.056330648644234,32.75,16.239583333333332,8.489583333333334,11.305208333333335
17,kl,0.0031622776601683,3.0,1.0,0.1,,0.5,True,0.2,exemplar_mean,0.24053539148817307,317.2984706083895,371.2802016698178,58.93093549905241,20.135416666666668,10.666666666666666,6.0625,7.578125
17,kl,0.01,3.0,1.0,0.1,,0.5,True,0.2,exemplar_mean,0.23562200354308532,318.3232037334907,377.50405901581235,103.76499202671747,10.9375,7.104166666666667,3.7604166666666665,4.9625
17,kl,0.0316227766016837,3.0,1.0,0.1,,0.5,True,0.2,exemplar_mean,0.14861387737400367,335.9522020967772,387.53096140555414,123.80349868273444,7.385416666666667,4.479166666666667,2.520833333333333,3.0072916666666663
17,kl,0.0999999999999999,3.0,1.0,0.1,,0.5,True,0.2,exemplar_mean,0.129127787613212,339.7750032792716,390.1711261556153,220.85612848292539,3.875,3.3229166666666665,2.020833333333333,2.0541666666666667
17,kl,0.3162277660168379,3.0,1.0,0.1,,0.5,True,0.2,exemplar_mean,0.0840192900258776,348.4635626831327,392.5624420993201,415.81910796666205,2.1875,2.145833333333333,1.2916666666666667,1.5124999999999997
17,mi,3.1622776601683795e-05,3.0,1.0,0.1,,0.5,True,0.2,exemplar_mean,0.12499691542120209,340.57988981582326,388.07768289827885,8.199786455184789,80.0,73.5625,26.65625,41.90833333333334
17,mi,0.0001,3.0,1.0,0.1,,0.5,True,0.2,exemplar_mean,0.1473199084894439,336.207401610392,388.2010785980902,9.14994846411625,73.04166666666667,63.66666666666666,20.947916666666668,31.62708333333333
17,mi,0.0003162277660168,3.0,1.0,0.1,,0.5,True,0.2,exemplar_mean,0.18240637323845538,329.2175338779234,383.8022558695603,11.856829838707709,69.40625,39.79166666666666,12.96875,22.45416666666667
17,mi,0.001,3.0,1.0,0.1,,0.5,True,0.2,exemplar_mean,0.16367191346924742,332.96803997960825,384.6186415668614,17.43647904810411,48.53125,24.635416666666668,10.927083333333334,15.307291666666668
17,mi,0.0031622776601683,3.0,1.0,0.1,,0.5,True,0.2,exemplar_mean,0.2204576736302874,321.4652692064897,378.20636578411813,33.80138203300982,29.05208333333333,15.708333333333334,5.71875,10.358333333333334
17,mi,0.01,3.0,1.0,0.1,,0.5,True,0.2,exemplar_mean,0.2108701076804229,323.4360735032972,378.44434404124377,53.947804263221535,18.83333333333333,9.15625,4.572916666666667,5.688541666666667
17,mi,0.0316227766016837,3.0,1.0,0.1,,0.5,True,0.2,exemplar_mean,0.2214678659167177,321.2569116875873,374.9680012516902,95.06485769413885,10.875,5.895833333333333,2.4479166666666665,3.721875
17,mi,0.0999999999999999,3.0,1.0,0.1,,0.5,True,0.2,exemplar_mean,0.20984063940438508,323.6469758255858,379.0198500979256,161.06469084911356,6.333333333333333,4.041666666666667,1.75,2.4229166666666666
17,mi,0.3162277660168379,3.0,1.0,0.1,,0.5,True,0.2,exemplar_mean,0.17036170014203345,331.63366085880284,384.7371883843426,277.4174968588533,3.6979166666666665,2.625,1.625,1.7552083333333333
17,mi,1.0,3.0,1.0,0.1,,0.5,True,0.2,exemplar_mean,0.18897471531116997,327.8924416112836,381.3972856029321,522.4015275293218,2.46875,1.7395833333333333,1.1875,1.4104166666666667
17,mi,3.162277660168379,3.0,1.0,0.1,,0.5,True,0.2,exemplar_mean,0.042182124873590965,356.3326991116197,379.663265043948,447.0206901660782,1.40625,1.59375,1.0520833333333333,1.2333333333333332
17,mi_concept,3.1622776601683795e-05,3.0,1.0,0.1,,0.5,True,0.2,exemplar_mean,0.6504966042909168,215.24838837448686,208.0653074128547,173.23175712822155,29.09375,27.375,24.98958333333333,28.41770833333333
17,mi_concept,0.0001,3.0,1.0,0.1,,0.5,True,0.2,exemplar_mean,0.3510762294089931,293.29931598065684,304.05659703134285,193.0973310495279,19.02083333333333,18.854166666666668,17.5625,18.347916666666666
17,mi_concept,0.0003162277660168,3.0,1.0,0.1,,0.5,True,0.2,exemplar_mean,0.19079728087818712,327.5238084730653,358.3135738182613,185.56396173805,13.489583333333334,12.65625,9.96875,11.955208333333333
17,mi_concept,0.001,3.0,1.0,0.1,,0.5,True,0.2,exemplar_mean,0.29099081032947294,306.5774028184935,340.38309299935366,296.8340256746975,9.520833333333334,8.177083333333334,6.697916666666667,7.715625
17,mi_concept,0.0031622776601683,3.0,1.0,0.1,,0.5,True,0.2,exemplar_mean,0.13707653313841237,338.2208280343604,369.5293212346313,336.9861503248908,5.916666666666667,5.427083333333333,4.125,4.970833333333333
17,mi_concept,0.01,3.0,1.0,0.1,,0.5,True,0.2,exemplar_mean,0.08436961666847549,348.39691949774067,389.95254301703545,362.4198974350213,3.625,3.552083333333333,2.708333333333333,3.1104166666666666
17,mi_concept,0.0316227766016837,3.0,1.0,0.1,,0.5,True,0.2,exemplar_mean,0.00015163464109271897,364.09457553176964,366.85873256096914,-25.4714192243962,2.083333333333333,2.302083333333333,1.9166666666666667,2.033333333333333
17,mi_concept,0.0999999999999999,3.0,1.0,0.1,,0.5,True,0.2,exemplar_mean,0.0028888623954064297,364.09457553176964,365.38630798810664,-234.2526032485492,1.59375,1.59375,1.4479166666666667,1.4187500000000002
17,mi_concept,0.3162277660168379,3.0,1.0,0.1,,0.5,True,0.2,exemplar_mean,0.0034544721398858127,363.4651541981676,375.344926399869,369.4740480249987,1.2604166666666667,1.3020833333333333,1.1979166666666667,1.1895833333333334
17,mi_concept,1.0,3.0,1.0,0.1,,0.5,True,0.2,exemplar_mean,0.0636810107539207,364.09457553176964,360.26577905524965,-2605.5060839955436,1.0520833333333333,1.1041666666666667,1.0416666666666667,1.0635416666666666
17,mi_concept,3.162277660168379,3.0,1.0,0.1,,0.5,True,0.2,exemplar_mean,0.04879202776485693,364.09457553176964,360.26577905524965,-5227.471023327881,1.0104166666666667,1.0104166666666667,1.0104166666666667,1.0187499999999998
17,surprisal_b,0.01,3.0,1.0,0.1,,0.5,True,0.2,exemplar_mean,0.00016436727624831782,364.09457553176964,368.2671720066959,-2.807177489660216,76.39583333333333,74.61458333333333,72.67708333333333,72.48645833333333
17,surprisal_b,0.0251188643150957,3.0,1.0,0.1,,0.5,True,0.2,exemplar_mean,0.059054236237941565,353.1803269951564,385.578199044826,33.75591585048283,69.32291666666667,66.30208333333333,68.85416666666667,64.43437499999999
17,surprisal_b,0.0630957344480193,3.0,1.0,0.1,,0.5,True,0.2,exemplar_mean,0.0862898937434885,364.09457553176964,360.26577905524965,-35.43773886657953,51.208333333333336,54.66666666666666,53.6875,47.36354166666667
17,surprisal_b,0.1584893192461114,3.0,1.0,0.1,,0.5,True,0.2,exemplar_mean,0.08261267485476309,348.73101706180086,342.0387662451709,42.78054832880915,29.510416666666668,26.5625,26.010416666666668,28.816666666666663
17,surprisal_b,0.3981071705534973,3.0,1.0,0.1,,0.5,True,0.2,exemplar_mean,0.15530957039685597,334.62855300460257,337.1490688462717,85.31768125844681,15.760416666666666,13.520833333333334,10.4375,12.798958333333333
17,surprisal_b,1.0,3.0,1.0,0.1,,0.5,True,0.2,exemplar_mean,0.014575650505347282,364.09457553176964,360.26577905524965,-72.52488692525635,6.114583333333333,6.177083333333333,6.072916666666667,5.538541666666667
17,surprisal_b,2.511886431509582,3.0,1.0,0.1,,0.5,True,0.2,exemplar_mean,0.1876719021440706,328.15569553311536,349.9358762003967,654.6998401556602,3.53125,2.7604166666666665,2.645833333333333,2.8520833333333333
17,surprisal_b,6.309573444801936,3.0,1.0,0.1,,0.5,True,0.2,exemplar_mean,0.12411055035019192,340.7523473263906,397.8408055052831,707.8056141655419,2.125,2.0416666666666665,1.4791666666666667,1.7729166666666665
17,surprisal_b,15.848931924611142,3.0,1.0,0.1,,0.5,True,0.2,exemplar_mean,0.01482667830882471,364.09457553176964,377.7091133497016,-535.54809102586,1.3541666666666667,1.3333333333333333,1.1979166666666667,1.3
17,surprisal_b,39.81071705534973,3.0,1.0,0.1,,0.5,True,0.2,exemplar_mean,0.023131148652480515,359.858975781465,368.3633978824033,1426.0802256791612,1.09375,1.0833333333333333,1.1666666666666667,1.1375
17,surprisal_b,100.0,3.0,1.0,0.1,,0.5,True,0.2,exemplar_mean,0.11247893688228147,343.0074422204245,362.5883617351098,5695.762892947144,1.0625,1.0729166666666667,1.0208333333333333,1.05625
18,eig_code,3.162277660168379e-06,3.0,1.0,0.1,,1.0,True,0.1,exemplar_mean,0.02671365381651939,359.19850800805085,378.66047047796843,24.835621754295374,80.0,79.07291666666667,72.55208333333333,74.975
18,eig_code,1e-05,3.0,1.0,0.1,,1.0,True,0.1,exemplar_mean,0.07046251769468263,351.0327707537172,387.38376216760196,21.839582484220763,79.95833333333333,77.22916666666667,65.44791666666667,69.69166666666666
18,eig_code,3.1622776601683795e-05,3.0,1.0,0.1,,1.0,True,0.1,exemplar_mean,0.0852797737670882,348.22371927716506,389.9650218608658,15.022881311772613,79.45833333333333,69.19791666666667,52.875,59.89270833333334
18,eig_code,0.0001,3.0,1.0,0.1,,1.0,True,0.1,exemplar_mean,0.14371267009508873,336.91780889424547,388.72418959441495,13.013028770418174,77.25,64.88541666666667,42.82291666666666,48.403124999999996
18,eig_code,0.0003162277660168,3.0,1.0,0.1,,1.0,True,0.1,exemplar_mean,0.144715586026987,336.7204456816722,385.7511910844514,13.554746142467689,68.32291666666667,53.239583333333336,24.541666666666668,37.64895833333333
18,eig_code,0.001,3.0,1.0,0.1,,1.0,True,0.1,exemplar_mean,0.18896523904566945,327.894357203075,377.721248942188,19.058377920590818,56.54166666666666,34.65625,21.03125,25.322916666666664
18,eig_code,0.0031622776601683,3.0,1.0,0.1,,1.0,True,0.1,exemplar_mean,0.1391889250119472,337.80660085826105,389.23238587216264,27.794886023701384,33.166666666666664,23.375,15.322916666666666,15.3625
18,eig_code,0.01,3.0,1.0,0.1,,1.0,True,0.1,exemplar_mean,0.16504500348666762,332.69459292574794,384.3160699616238,52.238549180220744,20.65625,11.03125,6.864583333333333,9.141666666666666
18,eig_code,0.0316227766016837,3.0,1.0,0.1,,1.0,True,0.1,exemplar_mean,0.1779050981811482,330.1225462008729,386.329312233072,81.18427772245704,12.40625,8.28125,4.6875,5.197916666666666
18,eig_code,0.0999999999999999,3.0,1.0,0.1,,1.0,True,0.1,exemplar_mean,0.20389831608486583,324.8616755167775,378.140791721854,127.92023801575215,8.302083333333334,4.822916666666667,2.59375,3.0666666666666664
18,eig_code,0.3162277660168379,3.0,1.0,0.1,,1.0,True,0.1,exemplar_mean,0.1953223267662955,326.60677127450947,381.96215402666024,196.9173943782462,5.28125,3.2916666666666665,1.53125,2.111458333333333
18,kl,3.162277660168379e-06,3.0,1.0,0.1,,1.0,True,0.1,exemplar_mean,0.1977142579006404,326.1209852594112,370.8716358569101,22.350083075922207,79.61458333333333,73.6875,50.94791666666666,61.539583333333326
18,kl,1e-05,3.0,1.0,0.1,,1.0,True,0.1,exemplar_mean,0.08260102350936983,348.7332315967725,388.14100368851206,10.614325263180252,76.88541666666667,66.90625,41.10416666666666,51.30937499999999
18,kl,3.1622776601683795e-05,3.0,1.0,0.1,,1.0,True,0.1,exemplar_mean,0.17960005621957856,329.7820547500923,385.57070499762386,13.550134458632941,74.36458333333333,56.583333333333336,31.20833333333333,37.77916666666666
18,kl,0.0001,3.0,1.0,0.1,,1.0,True,0.1,exemplar_mean,0.1629216922452002,333.11734962223994,382.98924001862935,14.86347727666405,64.34375,41.07291666666666,21.55208333333333,28.082291666666663
18,kl,0.0003162277660168,3.0,1.0,0.1,,1.0,True,0.1,exemplar_mean,0.2823252338391828,308.44522180217876,335.6378706120821,26.446336728326425,49.489583333333336,25.09375,14.104166666666666,18.90729166666667
18,kl,0.001,3.0,1.0,0.1,,1.0,True,0.1,exemplar_mean,0.18698644020687935,328.29411916224586,384.45799795107786,40.87682882903452,26.77083333333333,15.729166666666666,9.927083333333334,11.308333333333334
18,kl,0.0031622776601683,3.0,1.0,0.1,,1.0,True,0.1,exemplar_mean,0.2483767359197867,315.65619386314944,370.75371584974556,61.43790266155072,19.39583333333333,10.041666666666666,5.25,7.228124999999999
18,kl,0.01,3.0,1.0,0.1,,1.0,True,0.1,exemplar_mean,0.28803885709170196,307.21495599404454,347.4754292497641,114.4328527173525,11.739583333333334,5.572916666666667,3.75,4.555208333333334
18,kl,0.0316227766016837,3.0,1.0,0.1,,1.0,True,0.1,exemplar_mean,0.2690013928252966,311.29524244734733,353.72380845233425,167.26221295189518,7.3125,4.364583333333333,2.6666666666666665,3.048958333333333
18,kl,0.0999999999999999,3.0,1.0,0.1,,1.0,True,0.1,exemplar_mean,0.21512340575633776,322.5632585703912,375.6252731327205,238.21670550217775,4.5,3.395833333333333,1.5833333333333333,2.0708333333333333
18,kl,0.3162277660168379,3.0,1.0,0.1,,1.0,True,0.1,exemplar_mean,0.18814353269578857,328.060419546148,384.1437108412918,449.11725916290095,2.625,2.1354166666666665,1.21875,1.5041666666666669
18,mi,3.1622776601683795e-05,3.0,1.0,0.1,,1.0,True,0.1,exemplar_mean,0.11148601594109822,343.19925967881846,384.89207111155804,10.79880138947237,76.57291666666667,74.375,37.04166666666666,54.658333333333324
18,mi,0.0001,3.0,1.0,0.1,,1.0,True,0.1,exemplar_mean,0.09641216938741591,346.0982435683679,387.640820811644,9.818080467804934,72.45833333333333,59.625,31.1875,40.915625
18,mi,0.0003162277660168,3.0,1.0,0.1,,1.0,True,0.1,exemplar_mean,0.1253622951988017,340.5087734962478,387.72309986886665,12.079853356709146,65.21875,44.91666666666666,24.80208333333333,28.92604166666667
18,mi,0.001,3.0,1.0,0.1,,1.0,True,0.1,exemplar_mean,0.17889647330993222,329.9234365804595,384.93623322768246,18.7842618787235,48.0,31.84375,13.760416666666666,19.958333333333332
18,mi,0.0031622776601683,3.0,1.0,0.1,,1.0,True,0.1,exemplar_mean,0.2534213251238216,314.59513261162283,371.4753212363379,32.71072053615451,34.375,15.895833333333334,6.96875,10.777083333333334
18,mi,0.01,3.0,1.0,0.1,,1.0,True,0.1,exemplar_mean,0.21681056038281565,322.21638437982466,374.7306923659441,55.489058813379984,18.854166666666668,9.427083333333334,4.65625,5.9385416666666675
18,mi,0.0316227766016837,3.0,1.0,0.1,,1.0,True,0.1,exemplar_mean,0.2483219274742144,315.6677024943803,372.1465450110577,98.3094814580272,11.1875,6.09375,2.78125,3.6520833333333336
18,mi,0.0999999999999999,3.0,1.0,0.1,,1.0,True,0.1,exemplar_mean,0.17570018255216946,330.5649555558849,387.12895801914414,145.84905361921435,6.291666666666667,4.020833333333333,1.5833333333333333,2.379166666666667
18,mi,0.3162277660168379,3.0,1.0,0.1,,1.0,True,0.1,exemplar_mean,0.19186962932515955,327.30672066890145,380.2633880458234,213.3492225539677,4.6875,2.8229166666666665,1.5833333333333333,1.678125
18,mi,1.0,3.0,1.0,0.1,,1.0,True,0.1,exemplar_mean,0.1497914001236883,335.71979976655473,386.90860391842654,328.32030335863357,3.0104166666666665,2.03125,1.1666666666666667,1.3916666666666666
18,mi,3.162277660168379,3.0,1.0,0.1,,1.0,True,0.1,exemplar_mean,0.13172891276576704,339.2672030449095,386.8434979313066,724.836607515929,1.7395833333333333,1.5625,1.125,1.26875
18,mi_concept,3.1622776601683795e-05,3.0,1.0,0.1,,1.0,True,0.1,exemplar_mean,0.46852379800076815,265.4337361283199,271.73740412335917,274.5094094341363,18.42708333333333,18.229166666666668,18.05208333333333,18.285416666666663
18,mi_concept,0.0001,3.0,1.0,0.1,,1.0,True,0.1,exemplar_mean,0.45232328944092004,269.448856785655,281.5169209647584,343.68422536406547,13.270833333333334,12.427083333333334,10.927083333333334,12.347916666666666
18,mi_concept,0.0003162277660168,3.0,1.0,0.1,,1.0,True,0.1,exemplar_mean,0.5562453757640704,242.5412740253958,242.1153289962161,543.5058363972786,9.3125,8.229166666666666,7.708333333333333,8.3
18,mi_concept,0.001,3.0,1.0,0.1,,1.0,True,0.1,exemplar_mean,0.627788745262304,222.13089125398542,227.08037315376836,550.0368203026454,6.59375,5.895833333333333,4.635416666666667,5.723958333333334
18,mi_concept,0.0031622776601683,3.0,1.0,0.1,,1.0,True,0.1,exemplar_mean,0.2611111981857765,312.97075025882884,355.0061556765881,376.3301039337289,5.572916666666667,4.145833333333333,3.46875,3.6
18,mi_concept,0.01,3.0,1.0,0.1,,1.0,True,0.1,exemplar_mean,0.1632852205281578,333.04500828481747,384.99627560921505,397.47216761858687,3.4791666666666665,3.1875,2.3125,2.5697916666666663
18,mi_concept,0.0316227766016837,3.0,1.0,0.1,,1.0,True,0.1,exemplar_mean,0.07715897113855358,349.7660528556283,384.25698234426835,388.2334455429568,2.302083333333333,2.25,1.6979166666666667,1.8239583333333336
18,mi_concept,0.0999999999999999,3.0,1.0,0.1,,1.0,True,0.1,exemplar_mean,0.010795627524084101,362.1239277941392,371.27052427042344,201.4312297507474,1.5,1.6770833333333333,1.2708333333333333,1.4572916666666667
18,mi_concept,0.3162277660168379,3.0,1.0,0.1,,1.0,True,0.1,exemplar_mean,0.003658894279384007,363.4278733449159,372.803590896703,250.9216491131445,1.2083333333333333,1.3020833333333333,1.1458333333333333,1.2208333333333332
18,mi_concept,1.0,3.0,1.0,0.1,,1.0,True,0.1,exemplar_mean,0.0021562770996435996,364.09457553176964,366.3804059878242,-483.5776585663216,1.0833333333333333,1.1458333333333333,1.03125,1.078125
18,mi_concept,3.162277660168379,3.0,1.0,0.1,,1.0,True,0.1,exemplar_mean,0.0074995384966089805,364.09457553176964,363.6984412078492,-2018.2091449637528,1.03125,1.0208333333333333,1.0208333333333333,1.0208333333333333
18,surprisal_b,0.01,3.0,1.0,0.1,,1.0,True,0.1,exemplar_mean,0.11396392251455316,364.09457553176964,360.26577905524965,-85.8648082455855,76.07291666666667,74.32291666666667,75.41666666666667,73.78333333333333
18,surprisal_b,0.0251188643150957,3.0,1.0,0.1,,1.0,True,0.1,exemplar_mean,2.0634843208674233e-05,364.09457553176964,366.1865140568889,-0.6785907618936231,67.17708333333333,70.60416666666667,63.583333333333336,65.95416666666667
18,surprisal_b,0.0630957344480193,3.0,1.0,0.1,,1.0,True,0.1,exemplar_mean,0.07883001781971355,349.449237602515,370.0698929052916,33.8427492520166,60.208333333333336,58.6875,50.16666666666666,53.278125
18,surprisal_b,0.1584893192461114,3.0,1.0,0.1,,1.0,True,0.1,exemplar_mean,0.19141969342041124,327.39782388589794,321.78149664044514,71.69509724773275,33.989583333333336,31.354166666666668,28.20833333333333,31.89166666666667
18,surprisal_b,0.3981071705534973,3.0,1.0,0.1,,1.0,True,0.1,exemplar_mean,0.025562751287404258,359.4108197978699,381.0930746347927,31.99780870655983,17.791666666666668,15.15625,14.760416666666666,15.085416666666669
18,surprisal_b,1.0,3.0,1.0,0.1,,1.0,True,0.1,exemplar_mean,0.16966611507495225,331.7726558226274,353.95778281499963,204.65201014602306,6.864583333333333,7.53125,6.75,6.620833333333333
18,surprisal_b,2.511886431509582,3.0,1.0,0.1,,1.0,True,0.1,exemplar_mean,0.04455469909916473,355.89109638523064,391.3147596709687,300.26974780187135,3.7395833333333335,3.3854166666666665,2.78125,3.1489583333333333
18,surprisal_b,6.309573444801936,3.0,1.0,0.1,,1.0,True,0.1,exemplar_mean,0.20155781857694108,325.33886325472463,360.5581166689234,998.3136931524464,2.2916666666666665,2.15625,1.9583333333333333,1.9770833333333335
18,surprisal_b,15.848931924611142,3.0,1.0,0.1,,1.0,True,0.1,exemplar_mean,0.00844916266466264,362.55316557227667,364.67659116161497,440.5392373109036,1.3125,1.5416666666666667,1.3333333333333333,1.3885416666666668
18,surprisal_b,39.81071705534973,3.0,1.0,0.1,,1.0,True,0.1,exemplar_mean,0.008259847905399527,362.5877746850042,372.2857279896311,683.9980141164068,1.1979166666666667,1.1458333333333333,1.1354166666666667,1.1322916666666665
18,surprisal_b,100.0,3.0,1.0,0.1,,1.0,True,0.1,exemplar_mean,0.0087892997142761,362.49097595131815,374.47044628232896,1343.3833401264637,1.0416666666666667,1.0520833333333333,1.0416666666666667,1.0770833333333332
19,eig_code,3.162277660168379e-06,3.0,1.0,0.1,,1.0,True,0.2,exemplar_mean,0.16596702537694452,332.5108486339817,363.32154774177803,34.525287709202416,80.0,79.375,67.875,72.95833333333334
19,eig_code,1e-05,3.0,1.0,0.1,,1.0,True,0.2,exemplar_mean,0.19095444454697827,327.4920010274473,366.95140455871115,18.395889359376667,79.80208333333333,77.76041666666667,51.51041666666666,63.41041666666668
19,eig_code,3.1622776601683795e-05,3.0,1.0,0.1,,1.0,True,0.2,exemplar_mean,0.17355814884024368,330.9941815812696,379.2843804209528,12.420099649286342,78.5625,72.92708333333333,38.114583333333336,51.18333333333334
19,eig_code,0.0001,3.0,1.0,0.1,,1.0,True,0.2,exemplar_mean,0.16340597201134532,333.0209755255348,385.1722830070435,10.52597607738876,75.98958333333333,61.302083333333336,25.041666666666668,38.66145833333333
19,eig_code,0.0003162277660168,3.0,1.0,0.1,,1.0,True,0.2,exemplar_mean,0.1765996122684419,330.384559365761,382.6209660556657,12.194200827336534,66.25,43.4375,17.46875,28.571875
19,eig_code,0.001,3.0,1.0,0.1,,1.0,True,0.2,exemplar_mean,0.22064318724448903,321.4270161634191,375.74501116611907,19.9924220939491,53.07291666666666,30.322916666666668,12.739583333333334,18.803125
19,eig_code,0.0031622776601683,3.0,1.0,0.1,,1.0,True,0.2,exemplar_mean,0.1585760939634786,333.9809010211232,385.454062236576,27.84524229870396,33.229166666666664,17.833333333333332,9.510416666666666,12.142708333333333
19,eig_code,0.01,3.0,1.0,0.1,,1.0,True,0.2,exemplar_mean,0.2152638503132008,322.5343978036146,377.4341947409594,59.73208225540236,18.77083333333333,10.291666666666666,6.260416666666667,7.4489583333333345
19,eig_code,0.0316227766016837,3.0,1.0,0.1,,1.0,True,0.2,exemplar_mean,0.19245082403430633,327.1890025655191,382.54288758891437,82.69962418202701,12.375,6.71875,3.78125,4.489583333333333
19,eig_code,0.0999999999999999,3.0,1.0,0.1,,1.0,True,0.2,exemplar_mean,0.17377433560540126,330.95088679804485,387.7153577665157,126.680075248697,7.229166666666667,5.083333333333333,2.239583333333333,2.7791666666666663
19,eig_code,0.3162277660168379,3.0,1.0,0.1,,1.0,True,0.2,exemplar_mean,0.19499370401393898,326.6734560252734,380.2452699684758,222.74872016721244,4.78125,2.739583333333333,1.6145833333333333,1.9333333333333331
19,kl,3.162277660168379e-06,3.0,1.0,0.1,,1.0,True,0.2,exemplar_mean,0.18102093049498122,329.4963514758451,372.45437183013036,13.103351370314863,80.0,78.04166666666667,42.35416666666666,57.396875
19,kl,1e-05,3.0,1.0,0.1,,1.0,True,0.2,exemplar_mean,0.12534271157077917,340.512585565974,386.5783557232162,8.678258188798157,79.23958333333333,71.625,32.791666666666664,43.55
19,kl,3.1622776601683795e-05,3.0,1.0,0.1,,1.0,True,0.2,exemplar_mean,0.1418470682461802,337.2846323179994,388.6714594637766,9.56688478478744,75.07291666666667,60.71875,24.96875,33.784375
19,kl,0.0001,3.0,1.0,0.1,,1.0,True,0.2,exemplar_mean,0.19339508797745447,326.99765623389,382.89766641263225,12.854842925032807,67.59375,43.66666666666666,15.84375,24.8
19,kl,0.0003162277660168,3.0,1.0,0.1,,1.0,True,0.2,exemplar_mean,0.18669249289119288,328.3534616251916,380.9999981373148,19.090766730665713,49.78125,29.447916666666668,13.875,17.137500000000003
19,kl,0.001,3.0,1.0,0.1,,1.0,True,0.2,exemplar_mean,0.19959363774319663,325.73878691519417,379.031967690874,32.9779941360324,31.3125,15.552083333333334,8.8125,11.558333333333334
19,kl,0.0031622776601683,3.0,1.0,0.1,,1.0,True,0.2,exemplar_mean,0.22157516918244013,321.23477187978204,375.4972200479895,58.03740805374175,19.05208333333333,10.427083333333334,5.010416666666667,7.35
19,kl,0.01,3.0,1.0,0.1,,1.0,True,0.2,exemplar_mean,0.2172553470685534,322.1248752861421,378.16020853410043,100.67141276426793,11.458333333333334,6.6875,3.552083333333333,4.819791666666666
19,kl,0.0316227766016837,3.0,1.0,0.1,,1.0,True,0.2,exemplar_mean,0.209965003855116,323.62150516468415,382.0592417975602,151.32055593847184,7.28125,4.395833333333333,2.677083333333333,3.022916666666667
19,kl,0.0999999999999999,3.0,1.0,0.1,,1.0,True,0.2,exemplar_mean,0.21998898349884663,321.561893183298,377.7766453283729,258.16816544992207,4.583333333333333,3.0,1.7083333333333333,2.0364583333333335
19,kl,0.3162277660168379,3.0,1.0,0.1,,1.0,True,0.2,exemplar_mean,0.26489734525635295,312.1678722442184,350.15544380958784,640.1555372310264,2.395833333333333,2.03125,1.3645833333333333,1.5822916666666667
19,mi,3.1622776601683795e-05,3.0,1.0,0.1,,1.0,True,0.2,exemplar_mean,0.13087199476816203,339.43457731386354,386.7300049554214,8.301049826422432,78.44791666666667,74.22916666666667,28.34375,41.748958333333334
19,mi,0.0001,3.0,1.0,0.1,,1.0,True,0.2,exemplar_mean,0.14735728395527692,336.2000330520782,388.2552588711855,9.152316030574685,75.41666666666667,61.97916666666666,20.34375,32.521874999999994
19,mi,0.0003162277660168,3.0,1.0,0.1,,1.0,True,0.2,exemplar_mean,0.1686760713491148,331.97039048602136,385.347494620392,11.553895744411276,67.40625,42.739583333333336,12.791666666666666,22.737499999999997
19,mi,0.001,3.0,1.0,0.1,,1.0,True,0.2,exemplar_mean,0.2162794400173919,322.3256214756379,375.7506042740996,19.7690583113243,50.5,23.73958333333333,10.854166666666666,14.942708333333332
19,mi,0.0031622776601683,3.0,1.0,0.1,,1.0,True,0.2,exemplar_mean,0.20364790455337936,324.91276365997817,378.9440746308167,31.001040816276628,31.510416666666668,16.947916666666668,7.78125,9.659375
19,mi,0.01,3.0,1.0,0.1,,1.0,True,0.2,exemplar_mean,0.2373293615651797,317.9674926122186,369.25726446604887,53.08942002594501,20.09375,8.833333333333334,4.197916666666667,5.933333333333333
19,mi,0.0316227766016837,3.0,1.0,0.1,,1.0,True,0.2,exemplar_mean,0.2120363620616467,323.1969821866204,378.183652545159,90.21880022266602,11.177083333333334,6.166666666666667,2.8541666666666665,3.6760416666666664
19,mi,0.0999999999999999,3.0,1.0,0.1,,1.0,True,0.2,exemplar_mean,0.19774197105619845,326.1153526529904,381.6624747730248,158.87051384291118,6.447916666666667,3.8125,1.8645833333333333,2.4322916666666665
19,mi,0.3162277660168379,3.0,1.0,0.1,,1.0,True,0.2,exemplar_mean,0.2362480584158897,318.19281757863513,371.27689044995986,261.948389588483,4.427083333333333,2.583333333333333,1.4479166666666667,1.8260416666666668
19,mi,1.0,3.0,1.0,0.1,,1.0,True,0.2,exemplar_mean,0.13819372058910248,338.0018176257788,382.7875843046403,452.4021982806959,2.333333333333333,1.75,1.1875,1.44375
19,mi,3.162277660168379,3.0,1.0,0.1,,1.0,True,0.2,exemplar_mean,0.0713334520599524,350.8682813405768,382.9482840120778,676.7027168927166,1.5520833333333333,1.375,1.1041666666666667,1.2260416666666667
19,mi_concept,3.1622776601683795e-05,3.0,1.0,0.1,,1.0,True,0.2,exemplar_mean,0.5545041523033808,243.01665508774957,248.05316600092175,189.01781185753916,28.1875,28.125,25.73958333333333,27.881249999999994
19,mi_concept,0.0001,3.0,1.0,0.1,,1.0,True,0.2,exemplar_mean,0.5626016914867169,240.79793500445174,246.41074467278614,305.6194853617499,19.64583333333333,17.791666666666668,16.260416666666668,18.347916666666663
19,mi_concept,0.0003162277660168,3.0,1.0,0.1,,1.0,True,0.2,exemplar_mean,0.265849142415776,311.96571222549505,320.4941559113349,231.9313495205515,12.333333333333334,11.510416666666666,10.385416666666666,12.14375
19,mi_concept,0.001,3.0,1.0,0.1,,1.0,True,0.2,exemplar_mean,0.2670426295761708,311.71203240509084,352.250031245292,277.8359184164324,9.770833333333334,8.28125,7.302083333333333,7.597916666666667
19,mi_concept,0.0031622776601683,3.0,1.0,0.1,,1.0,True,0.2,exemplar_mean,0.04675977793327071,355.48017739319863,385.0904477011751,149.75238459328185,6.052083333333333,5.989583333333333,4.104166666666667,4.822916666666666
19,mi_concept,0.01,3.0,1.0,0.1,,1.0,True,0.2,exemplar_mean,0.28241834975625,308.4252112815874,348.4562079442138,606.9575112522812,4.114583333333333,3.65625,2.6875,3.2260416666666663
19,mi_concept,0.0316227766016837,3.0,1.0,0.1,,1.0,True,0.2,exemplar_mean,0.02996854090673294,358.5973849653707,376.1809592119107,347.5604165046311,2.28125,2.28125,1.8958333333333333,2.103125
19,mi_concept,0.0999999999999999,3.0,1.0,0.1,,1.0,True,0.2,exemplar_mean,0.0011549546664577348,364.09457553176964,362.03503677917524,-103.31960264397817,1.5104166666666667,1.6875,1.3645833333333333,1.4697916666666668
19,mi_concept,0.3162277660168379,3.0,1.0,0.1,,1.0,True,0.2,exemplar_mean,0.007048126718031893,364.09457553176964,362.18537659551515,-499.8270941631999,1.2291666666666667,1.1770833333333333,1.1145833333333333,1.1770833333333333
19,mi_concept,1.0,3.0,1.0,0.1,,1.0,True,0.2,exemplar_mean,0.03355101202057039,357.93459559336696,362.14776349567995,2442.5093476236657,1.0729166666666667,1.1145833333333333,1.03125,1.0802083333333332
19,mi_concept,3.162277660168379,3.0,1.0,0.1,,1.0,True,0.2,exemplar_mean,5.098498420150898e-05,364.0852937353694,373.5635888972166,166.9119471287023,1.0625,1.0104166666666667,1.03125,1.0145833333333332
19,surprisal_b,0.01,3.0,1.0,0.1,,1.0,True,0.2,exemplar_mean,0.01716705621100029,360.9558304413565,376.9537154799963,30.351685252379387,75.375,75.17708333333333,75.45833333333333,73.090625
19,surprisal_b,0.0251188643150957,3.0,1.0,0.1,,1.0,True,0.2,exemplar_mean,0.057100498879275936,364.09457553176964,360.26577905524965,-36.47946567313217,61.54166666666666,61.63541666666666,67.09375,64.47083333333333
19,surprisal_b,0.0630957344480193,3.0,1.0,0.1,,1.0,True,0.2,exemplar_mean,0.3070628548999611,303.08268769698924,306.76042165064564,57.58119147969809,55.90625,44.60416666666666,48.895833333333336,50.543749999999996
19,surprisal_b,0.1584893192461114,3.0,1.0,0.1,,1.0,True,0.2,exemplar_mean,0.012291824542540544,361.84996328986,368.2968419104296,19.574033678240287,33.104166666666664,31.322916666666668,26.510416666666668,26.9
19,surprisal_b,0.3981071705534973,3.0,1.0,0.1,,1.0,True,0.2,exemplar_mean,0.032641772318233286,358.1029292764467,382.89123663826604,52.364285481221955,12.916666666666666,11.5625,13.229166666666666,12.965625
19,surprisal_b,1.0,3.0,1.0,0.1,,1.0,True,0.2,exemplar_mean,0.06712292619940133,351.6627910681379,373.8988646765764,218.81697486274163,6.010416666666667,5.697916666666667,5.364583333333333,5.80625
19,surprisal_b,2.511886431509582,3.0,1.0,0.1,,1.0,True,0.2,exemplar_mean,0.12490704243850044,340.5973801225162,353.79666699122174,485.74656028623934,3.5,3.21875,3.020833333333333,2.9614583333333333
19,surprisal_b,6.309573444801936,3.0,1.0,0.1,,1.0,True,0.2,exemplar_mean,0.06798132280960195,351.5009607318815,372.94470866544543,712.3363166696836,1.75,1.9791666666666667,1.59375,1.7677083333333332
19,surprisal_b,15.848931924611142,3.0,1.0,0.1,,1.0,True,0.2,exemplar_mean,4.963553438067295e-06,364.0936719292073,369.561161621456,11.400413709726672,1.5208333333333333,1.4166666666666667,1.3125,1.2854166666666669
19,surprisal_b,39.81071705534973,3.0,1.0,0.1,,1.0,True,0.2,exemplar_mean,0.057148742272235466,353.53775599937,371.9321507038468,1665.9577919261806,1.125,1.1770833333333333,1.09375,1.1458333333333333
19,surprisal_b,100.0,3.0,1.0,0.1,,1.0,True,0.2,exemplar_mean,0.0155762733530303,361.2478282790884,362.8426603193281,1996.2150846449044,1.0416666666666667,1.03125,1.0416666666666667,1.0489583333333334
20,eig_code,3.162277660168379e-06,3.0,1.0,1.0,,0.5,True,0.1,exemplar_mean,0.1328054826452253,339.0568089961309,383.9018609452518,18.607484765492696,79.6875,75.9375,54.41666666666666,65.06458333333333
20,eig_code,1e-05,3.0,1.0,1.0,,0.5,True,0.1,exemplar_mean,0.0674381830618388,351.60336551293307,386.50506319395527,8.871006559576887,77.76041666666667,72.16666666666667,43.614583333333336,55.41354166666666
20,eig_code,3.1622776601683795e-05,3.0,1.0,1.0,,0.5,True,0.1,exemplar_mean,0.09869428526941348,345.66091162997367,386.7015774564763,9.35689719887737,75.67708333333333,64.16666666666667,33.197916666666664,45.38854166666666
20,eig_code,0.0001,3.0,1.0,1.0,,0.5,True,0.1,exemplar_mean,0.11900839761557347,341.74336624294517,388.6673886336056,10.236870504632348,70.22916666666667,57.54166666666666,22.52083333333333,34.354166666666664
20,eig_code,0.0003162277660168,3.0,1.0,1.0,,0.5,True,0.1,exemplar_mean,0.21608303678627624,322.36600693385634,381.1095731318128,18.087819548225955,59.552083333333336,36.8125,17.90625,23.98229166666666
20,eig_code,0.001,3.0,1.0,1.0,,0.5,True,0.1,exemplar_mean,0.15534137286622757,334.62225358761833,384.5294138696296,23.63183077856257,38.75,25.59375,14.302083333333334,15.998958333333334
20,eig_code,0.0031622776601683,3.0,1.0,1.0,,0.5,True,0.1,exemplar_mean,0.15761805904807705,334.17098020512066,377.28926321713317,42.37416525188332,24.854166666666668,12.28125,9.927083333333334,9.561458333333333
20,eig_code,0.01,3.0,1.0,1.0,,0.5,True,0.1,exemplar_mean,0.26445471728840225,312.2618410501928,340.41205193798953,91.91780841842706,14.6875,6.333333333333333,5.708333333333333,5.676041666666667
20,eig_code,0.0316227766016837,3.0,1.0,1.0,,0.5,True,0.1,exemplar_mean,0.19753584282780387,326.1572451988601,373.21978689817195,113.54011230650612,9.635416666666666,4.6875,3.364583333333333,3.4010416666666665
20,eig_code,0.0999999999999999,3.0,1.0,1.0,,0.5,True,0.1,exemplar_mean,0.2205653998086441,321.4430565438553,373.07024770807027,178.4680405487287,6.4375,3.3541666666666665,2.114583333333333,2.40625
20,eig_code,0.3162277660168379,3.0,1.0,1.0,,0.5,True,0.1,exemplar_mean,0.18605422461321375,328.48227913559543,377.917030560888,315.30566545758404,3.84375,2.427083333333333,1.625,1.8343749999999996
20,kl,3.162277660168379e-06,3.0,1.0,1.0,,0.5,True,0.1,exemplar_mean,0.10552315046980652,344.34894840856157,386.8710978527369,9.937072459664163,78.97916666666667,71.54166666666667,38.10416666666666,52.492708333333326
20,kl,1e-05,3.0,1.0,1.0,,0.5,True,0.1,exemplar_mean,0.15164496252559756,335.3536442550041,385.51408149626866,12.03757799318234,77.28125,63.38541666666666,31.916666666666668,44.11875
20,kl,3.1622776601683795e-05,3.0,1.0,1.0,,0.5,True,0.1,exemplar_mean,0.2178801098025043,321.99629453426314,370.5086694388139,13.751247934464176,70.45833333333333,52.020833333333336,19.96875,34.139583333333334
20,kl,0.0001,3.0,1.0,1.0,,0.5,True,0.1,exemplar_mean,0.15624217208747126,334.44377445762933,387.9548832484643,13.523287465690908,60.375,39.59375,15.34375,22.68333333333333
20,kl,0.0003162277660168,3.0,1.0,1.0,,0.5,True,0.1,exemplar_mean,0.22136303107448707,321.27854071385246,374.8175294038594,20.004640287525987,49.60416666666666,22.072916666666668,10.135416666666666,15.3875
20,kl,0.001,3.0,1.0,1.0,,0.5,True,0.1,exemplar_mean,0.18887198497970234,327.9132075684216,375.27182216625573,30.086037694576547,32.114583333333336,13.78125,7.020833333333333,9.206249999999999
20,kl,0.0031622776601683,3.0,1.0,1.0,,0.5,True,0.1,exemplar_mean,0.1972831759371886,326.2085887077058,380.5896028278993,55.37601503741038,17.614583333333332,10.15625,5.03125,6.084375
20,kl,0.01,3.0,1.0,1.0,,0.5,True,0.1,exemplar_mean,0.2220502697624062,321.1367263687211,375.86105892512177,95.13290510505425,11.635416666666666,5.927083333333333,3.40625,4.114583333333333
20,kl,0.0316227766016837,3.0,1.0,1.0,,0.5,True,0.1,exemplar_mean,0.19200522795113958,327.27925962726437,383.95434572176913,159.88536753272226,6.302083333333333,4.291666666666667,2.25,2.9312499999999995
20,kl,0.0999999999999999,3.0,1.0,1.0,,0.5,True,0.1,exemplar_mean,0.10811182059759493,343.85030402368795,388.21927677800477,207.45492446427693,3.8020833333333335,2.78125,1.5,1.9406249999999996
20,kl,0.3162277660168379,3.0,1.0,1.0,,0.5,True,0.1,exemplar_mean,0.0661036053039958,351.8548631944108,387.9370611907131,383.11008308417144,1.8854166666666667,2.03125,1.2708333333333333,1.4416666666666669
20,mi,3.1622776601683795e-05,3.0,1.0,1.0,,0.5,True,0.1,exemplar_mean,0.09307217182729727,346.7373076405804,386.1559634488204,7.48415834102101,78.28125,70.13541666666667,33.875,46.384375
20,mi,0.0001,3.0,1.0,1.0,,0.5,True,0.1,exemplar_mean,0.11196563772613849,343.1066173208191,388.6226810981017,9.25731293380831,76.0625,56.770833333333336,21.42708333333333,35.967708333333334
20,mi,0.0003162277660168,3.0,1.0,1.0,,0.5,True,0.1,exemplar_mean,0.19718878719019503,326.2277670243559,377.46246819182386,15.123942504682821,61.41666666666666,43.66666666666666,19.6875,27.586458333333336
20,mi,0.001,3.0,1.0,1.0,,0.5,True,0.1,exemplar_mean,0.1701294367323161,331.68007926462496,383.9170507276015,15.118401769924391,51.6875,28.916666666666668,9.125,15.790625
20,mi,0.0031622776601683,3.0,1.0,1.0,,0.5,True,0.1,exemplar_mean,0.2284240156393217,319.81848335173754,374.0783487570399,33.95169129120137,31.09375,14.96875,7.770833333333333,10.229166666666668
20,mi,0.01,3.0,1.0,1.0,,0.5,True,0.1,exemplar_mean,0.1768882926079327,330.3266386450516,384.4277695621135,47.7993595193646,18.34375,10.895833333333334,4.552083333333333,5.574999999999999
20,mi,0.0316227766016837,3.0,1.0,1.0,,0.5,True,0.1,exemplar_mean,0.23250483947715256,318.9716107319549,371.91679682780085,93.33853583526493,11.375,5.28125,2.677083333333333,3.4333333333333336
20,mi,0.0999999999999999,3.0,1.0,1.0,,0.5,True,0.1,exemplar_mean,0.21720683249096884,322.1348577945187,378.80105610416433,153.05437087934033,6.46875,4.104166666666667,1.7083333333333333,2.4104166666666664
20,mi,0.3162277660168379,3.0,1.0,1.0,,0.5,True,0.1,exemplar_mean,0.1725301730375915,331.19997238669293,383.9821885739725,183.56015513939667,4.90625,3.125,1.4895833333333333,1.775
20,mi,1.0,3.0,1.0,1.0,,0.5,True,0.1,exemplar_mean,0.15075163345051748,335.5301637093494,385.86126568868764,414.5412534971517,2.458333333333333,2.1041666666666665,1.2083333333333333,1.5447916666666668
20,mi,3.162277660168379,3.0,1.0,1.0,,0.5,True,0.1,exemplar_mean,0.035921378391223675,357.49538100047505,387.46115673693663,483.81100901190626,1.5625,1.4583333333333333,1.1666666666666667,1.2708333333333335
20,mi_concept,3.1622776601683795e-05,3.0,1.0,1.0,,0.5,True,0.1,exemplar_mean,0.06413741676267716,352.2250591058744,389.3698590710227,214.61342600611852,9.770833333333334,8.78125,8.229166666666666,7.996875
20,mi_concept,0.0001,3.0,1.0,1.0,,0.5,True,0.1,exemplar_mean,0.20722247308528752,324.18272904708584,365.82780973895217,312.04987420446537,7.8125,6.125,5.15625,5.6125
20,mi_concept,0.0003162277660168,3.0,1.0,1.0,,0.5,True,0.1,exemplar_mean,0.3047291405227386,303.59262853562126,329.06962144647497,435.11805376511865,5.645833333333333,4.34375,3.5416666666666665,3.9302083333333337
20,mi_concept,0.001,3.0,1.0,1.0,,0.5,True,0.1,exemplar_mean,0.1971457910069486,326.2365028023491,378.90676200434353,396.112247093831,4.354166666666667,3.427083333333333,2.708333333333333,2.7916666666666665
20,mi_concept,0.0031622776601683,3.0,1.0,1.0,,0.5,True,0.1,exemplar_mean,0.23837743700933794,317.7489392329244,377.5147905213399,458.793839834161,3.489583333333333,2.71875,1.9375,2.1260416666666666
20,mi_concept,0.01,3.0,1.0,1.0,,0.5,True,0.1,exemplar_mean,0.062327906025289814,352.5654120863011,385.3128833444772,351.256429439821,2.333333333333333,2.15625,1.5208333333333333,1.6802083333333333
20,mi_concept,0.0316227766016837,3.0,1.0,1.0,,0.5,True,0.1,exemplar_mean,0.01371731125308478,361.58875326364256,379.46541441897614,238.07863345473785,1.65625,1.7395833333333333,1.2291666666666667,1.4541666666666668
20,mi_concept,0.0999999999999999,3.0,1.0,1.0,,0.5,True,0.1,exemplar_mean,0.006617675222575152,364.09457553176964,363.0128297775895,-325.4234176825625,1.3541666666666667,1.3229166666666667,1.2083333333333333,1.2854166666666667
20,mi_concept,0.3162277660168379,3.0,1.0,1.0,,0.5,True,0.1,exemplar_mean,0.022383472880187546,364.09457553176964,361.2055022330681,-1139.11386303989,1.1354166666666667,1.125,1.125,1.1708333333333336
20,mi_concept,1.0,3.0,1.0,1.0,,0.5,True,0.1,exemplar_mean,0.13236703049457407,364.09457553176964,360.26577905524965,-4903.532703257506,1.0729166666666667,1.0729166666666667,1.0833333333333333,1.08125
20,mi_concept,3.162277660168379,3.0,1.0,1.0,,0.5,True,0.1,exemplar_mean,0.07597582518339202,364.09457553176964,360.26577905524965,-5331.644734763269,1.03125,1.0208333333333333,1.0520833333333333,1.015625
20,surprisal_b,0.01,3.0,1.0,1.0,,0.5,True,0.1,exemplar_mean,0.0002944900353255447,364.09457553176964,367.41610417872005,-3.7686588051191383,74.15625,78.82291666666667,75.63541666666667,76.11145833333333
20,surprisal_b,0.0251188643150957,3.0,1.0,1.0,,0.5,True,0.1,exemplar_mean,0.13708726720964287,338.2187244308027,344.4552360631928,60.14151199917992,71.54166666666667,68.63541666666667,66.26041666666667,70.93854166666668
20,surprisal_b,0.0630957344480193,3.0,1.0,1.0,,0.5,True,0.1,exemplar_mean,0.0029366383125884236,363.5595754275787,382.3939036427708,8.18457241878536,60.489583333333336,62.44791666666666,60.770833333333336,58.723958333333336
20,surprisal_b,0.1584893192461114,3.0,1.0,1.0,,0.5,True,0.1,exemplar_mean,0.06959516504121967,351.1965071381683,354.72702879966084,25.968516173805547,40.520833333333336,43.09375,39.78125,41.670833333333334
20,surprisal_b,0.3981071705534973,3.0,1.0,1.0,,0.5,True,0.1,exemplar_mean,0.0003570306184137637,364.09457553176964,371.60342149320877,-2.6242569588786724,19.625,20.0,17.822916666666668,19.536458333333336
20,surprisal_b,1.0,3.0,1.0,1.0,,0.5,True,0.1,exemplar_mean,0.00023809784105313647,364.0512278851841,376.29775471835046,6.549816777276872,9.4375,9.427083333333334,7.958333333333333,8.916666666666668
20,surprisal_b,2.511886431509582,3.0,1.0,1.0,,0.5,True,0.1,exemplar_mean,0.11743113297128942,342.0491459391537,384.8842316072665,245.5490441127702,5.458333333333333,5.177083333333333,3.6041666666666665,4.054166666666666
20,surprisal_b,6.309573444801936,3.0,1.0,1.0,,0.5,True,0.1,exemplar_mean,0.023394459395602567,359.8104733032441,381.2634999733769,267.5842193242101,2.520833333333333,2.4166666666666665,1.8229166666666667,2.2729166666666663
20,surprisal_b,15.848931924611142,3.0,1.0,1.0,,0.5,True,0.1,exemplar_mean,0.11794792912192585,341.94898629529825,394.7038236414773,1498.8705546601966,1.6458333333333333,1.6041666666666667,1.4895833333333333,1.5114583333333336
20,surprisal_b,39.81071705534973,3.0,1.0,1.0,,0.5,True,0.1,exemplar_mean,0.007620328568471439,362.7046624215724,381.4122152367603,584.487846684864,1.2604166666666667,1.3125,1.15625,1.2125
20,surprisal_b,100.0,3.0,1.0,1.0,,0.5,True,0.1,exemplar_mean,0.0022463444034007303,363.6854047119081,367.4419881239467,642.044132977785,1.0729166666666667,1.1041666666666667,1.0729166666666667,1.0895833333333331
21,eig_code,3.162277660168379e-06,3.0,1.0,1.0,,0.5,True,0.2,exemplar_mean,0.08132893644538228,348.97492870317575,385.32475899966937,6.683098782585388,79.54166666666667,77.29166666666667,36.32291666666666,49.96979166666666
21,eig_code,1e-05,3.0,1.0,1.0,,0.5,True,0.2,exemplar_mean,0.07944238233783783,349.3330669209639,386.4362587650473,5.829944579425027,78.53125,74.35416666666667,26.854166666666668,40.69270833333333
21,eig_code,3.1622776601683795e-05,3.0,1.0,1.0,,0.5,True,0.2,exemplar_mean,0.11596448718590932,342.3332352121434,388.6038798979819,7.081411359947865,78.40625,66.59375,17.604166666666668,31.75208333333333
21,eig_code,0.0001,3.0,1.0,1.0,,0.5,True,0.2,exemplar_mean,0.13155653040033444,339.3008796128358,389.26557199232235,9.176918782578005,71.20833333333333,49.76041666666666,14.541666666666666,25.168749999999996
21,eig_code,0.0003162277660168,3.0,1.0,1.0,,0.5,True,0.2,exemplar_mean,0.1528498335488656,335.1154176648348,389.5440903629397,13.761499588441067,55.60416666666666,39.364583333333336,13.40625,19.491666666666667
21,eig_code,0.001,3.0,1.0,1.0,,0.5,True,0.2,exemplar_mean,0.22056951241126058,321.44220851292425,373.45330996277204,27.073925015288363,39.333333333333336,20.625,11.979166666666666,13.247916666666669
21,eig_code,0.0031622776601683,3.0,1.0,1.0,,0.5,True,0.2,exemplar_mean,0.22475185517604554,320.57863579918484,372.91627316465883,47.140585288965816,23.760416666666668,11.625,6.385416666666667,8.226041666666665
21,eig_code,0.01,3.0,1.0,1.0,,0.5,True,0.2,exemplar_mean,0.22892621961846776,319.71438455792537,376.2480764881924,81.15585988818098,13.541666666666666,7.739583333333333,3.9583333333333335,5.167708333333334
21,eig_code,0.0316227766016837,3.0,1.0,1.0,,0.5,True,0.2,exemplar_mean,0.2657014646847687,311.9970872974399,367.55919583427533,141.56934702673058,8.854166666666666,4.739583333333333,2.739583333333333,3.3322916666666664
21,eig_code,0.0999999999999999,3.0,1.0,1.0,,0.5,True,0.2,exemplar_mean,0.18580414890188776,328.53273650849394,384.1051184742487,214.52191355903793,5.052083333333333,3.375,1.9270833333333333,2.371875
21,eig_code,0.3162277660168379,3.0,1.0,1.0,,0.5,True,0.2,exemplar_mean,0.16827643211184484,332.05017433959205,382.8603892550198,282.9334144519242,3.7916666666666665,2.4166666666666665,1.40625,1.653125
21,kl,3.162277660168379e-06,3.0,1.0,1.0,,0.5,True,0.2,exemplar_mean,0.10111475861805748,345.1964601765684,384.41987073592816,6.025730929891189,80.0,74.5625,21.510416666666668,39.75416666666666
21,kl,1e-05,3.0,1.0,1.0,,0.5,True,0.2,exemplar_mean,0.12742967004819686,340.10610634121633,388.05500100453474,7.248527499069504,78.57291666666667,69.97916666666667,19.46875,33.35625
21,kl,3.1622776601683795e-05,3.0,1.0,1.0,,0.5,True,0.2,exemplar_mean,0.14792057823763988,336.0889602420417,387.8708239254666,8.616917001487524,73.96875,58.625,13.78125,26.322916666666668
21,kl,0.0001,3.0,1.0,1.0,,0.5,True,0.2,exemplar_mean,0.17372409769402858,330.96094823120245,384.59514844422534,11.865402473141808,65.14583333333333,37.614583333333336,12.114583333333334,19.494791666666668
21,kl,0.0003162277660168,3.0,1.0,1.0,,0.5,True,0.2,exemplar_mean,0.19432001246606906,326.8101202490166,380.9720053825426,16.988817324751476,51.13541666666666,27.40625,9.364583333333334,13.36875
21,kl,0.001,3.0,1.0,1.0,,0.5,True,0.2,exemplar_mean,0.23882771272457995,317.65499783023546,374.89106177104,37.359926893835734,29.197916666666668,15.260416666666666,7.333333333333333,10.14375
21,kl,0.0031622776601683,3.0,1.0,1.0,,0.5,True,0.2,exemplar_mean,0.17867314358945324,329.9683010202258,383.3643334352481,47.40301051265089,18.98958333333333,10.114583333333334,4.729166666666667,6.4958333333333345
21,kl,0.01,3.0,1.0,1.0,,0.5,True,0.2,exemplar_mean,0.19624166634169773,326.4201447832484,380.62984624794024,91.14381972874253,11.385416666666666,6.385416666666667,3.46875,4.292708333333334
21,kl,0.0316227766016837,3.0,1.0,1.0,,0.5,True,0.2,exemplar_mean,0.19427782229061838,326.8186769936441,378.9164937966656,151.00300746633917,6.53125,4.552083333333333,2.3125,2.917708333333333
21,kl,0.0999999999999999,3.0,1.0,1.0,,0.5,True,0.2,exemplar_mean,0.1491656206170046,335.84332705585683,390.6411148946036,241.60761438910214,3.8229166666666665,3.2604166666666665,1.4375,1.9770833333333329
21,kl,0.3162277660168379,3.0,1.0,1.0,,0.5,True,0.2,exemplar_mean,0.027021412080044542,359.1417132889366,380.67080184233635,257.9591739714362,1.8229166666666667,1.875,1.1875,1.3979166666666667
21,mi,3.1622776601683795e-05,3.0,1.0,1.0,,0.5,True,0.2,exemplar_mean,0.10037586031809045,345.33830958651555,388.0876273017584,6.041392410046734,77.96875,71.02083333333333,17.947916666666668,32.13645833333333
21,mi,0.0001,3.0,1.0,1.0,,0.5,True,0.2,exemplar_mean,0.12240240139641761,341.08445103118476,388.96576625335575,7.13016188001231,74.84375,57.85416666666666,11.114583333333334,24.65208333333333
21,mi,0.0003162277660168,3.0,1.0,1.0,,0.5,True,0.2,exemplar_mean,0.1716555910599302,331.37495461533246,386.02992961008096,10.855814009829219,67.20833333333333,42.40625,9.604166666666666,19.218750000000004
21,mi,0.001,3.0,1.0,1.0,,0.5,True,0.2,exemplar_mean,0.19942697082326616,325.77269909843284,381.201471600937,17.758205402612372,47.51041666666666,25.14583333333333,8.479166666666666,13.619791666666668
21,mi,0.0031622776601683,3.0,1.0,1.0,,0.5,True,0.2,exemplar_mean,0.2290856959643943,319.68132058941586,374.1026082149942,30.380921552402906,32.854166666666664,14.84375,7.604166666666667,8.667708333333334
21,mi,0.01,3.0,1.0,1.0,,0.5,True,0.2,exemplar_mean,0.21992863176713373,321.5743330343513,378.06253575531935,55.74997436651986,17.28125,9.385416666666666,3.458333333333333,5.428125
21,mi,0.0316227766016837,3.0,1.0,1.0,,0.5,True,0.2,exemplar_mean,0.2683116359648648,311.44207405542164,358.7030233071006,95.89770643390578,11.697916666666666,5.197916666666667,2.3229166666666665,3.6114583333333337
21,mi,0.0999999999999999,3.0,1.0,1.0,,0.5,True,0.2,exemplar_mean,0.20884014372143342,323.851811066605,381.6374305794666,148.41084040317136,6.416666666666667,3.7916666666666665,1.8854166666666667,2.4812499999999997
21,mi,0.3162277660168379,3.0,1.0,1.0,,0.5,True,0.2,exemplar_mean,0.14299637124110648,337.0586981630153,388.1800547500508,248.62081128320102,3.71875,2.6354166666666665,1.4479166666666667,1.7625
21,mi,1.0,3.0,1.0,1.0,,0.5,True,0.2,exemplar_mean,0.15211349927398066,335.2610254811759,386.998025697406,423.49342391410573,2.5625,1.96875,1.2708333333333333,1.4239583333333334
21,mi,3.162277660168379,3.0,1.0,1.0,,0.5,True,0.2,exemplar_mean,0.11697012186485212,342.1384692057534,383.8046930192813,828.7888594037789,1.6041666666666667,1.46875,1.09375,1.2520833333333334
21,mi_concept,3.1622776601683795e-05,3.0,1.0,1.0,,0.5,True,0.2,exemplar_mean,0.3686792713419996,289.2938712909436,287.6507409747711,309.7964565503477,14.822916666666666,12.78125,12.166666666666666,13.116666666666665
21,mi_concept,0.0001,3.0,1.0,1.0,,0.5,True,0.2,exemplar_mean,0.3092449515872539,302.60509949424574,326.51475466453456,648.9568614551345,9.479166666666666,8.895833333333334,8.489583333333334,8.796874999999998
21,mi_concept,0.0003162277660168,3.0,1.0,1.0,,0.5,True,0.2,exemplar_mean,0.0039136226694110035,363.38141269286683,378.38182499719096,61.07646971099562,6.645833333333333,6.28125,6.291666666666667,5.7250000000000005
21,mi_concept,0.001,3.0,1.0,1.0,,0.5,True,0.2,exemplar_mean,0.10995428447528424,343.4949571846835,385.727453345531,332.23038758530834,5.333333333333333,4.604166666666667,3.7291666666666665,4.026041666666667
21,mi_concept,0.0031622776601683,3.0,1.0,1.0,,0.5,True,0.2,exemplar_mean,0.0898778308774603,347.34740227965943,381.69466320051146,324.87018624148607,4.0625,3.177083333333333,2.6979166666666665,2.761458333333333
21,mi_concept,0.01,3.0,1.0,1.0,,0.5,True,0.2,exemplar_mean,0.13122251135998014,339.366123962518,389.9739319327144,536.6685670927185,2.59375,2.6354166666666665,1.71875,2.0479166666666666
21,mi_concept,0.0316227766016837,3.0,1.0,1.0,,0.5,True,0.2,exemplar_mean,0.13452553471413606,338.72038802683323,389.1572869355642,884.1672831755204,1.8645833333333333,1.7395833333333333,1.3854166666666667,1.6
21,mi_concept,0.0999999999999999,3.0,1.0,1.0,,0.5,True,0.2,exemplar_mean,0.06602525425307143,351.8696226582353,377.56730160488223,1028.5423378232654,1.46875,1.3958333333333333,1.2083333333333333,1.3041666666666665
21,mi_concept,0.3162277660168379,3.0,1.0,1.0,,0.5,True,0.2,exemplar_mean,0.005219025141312459,364.09457553176964,361.12268100225043,-531.9244273273702,1.1354166666666667,1.1145833333333333,1.1354166666666667,1.1458333333333335
21,mi_concept,1.0,3.0,1.0,1.0,,0.5,True,0.2,exemplar_mean,0.0005857228117894997,364.09457553176964,366.6404942482581,-304.0318256098001,1.03125,1.03125,1.0416666666666667,1.0697916666666667
21,mi_concept,3.162277660168379,3.0,1.0,1.0,,0.5,True,0.2,exemplar_mean,0.0016544326183797005,364.09457553176964,362.7324604797185,-1395.0717338657566,1.0208333333333333,1.0208333333333333,1.0208333333333333,1.0229166666666667
21,surprisal_b,0.01,3.0,1.0,1.0,,0.5,True,0.2,exemplar_mean,,,,,80.0,80.0,80.0,80.0
21,surprisal_b,0.0251188643150957,3.0,1.0,1.0,,0.5,True,0.2,exemplar_mean,7.659400332419985e-05,364.09457553176964,362.91721065664484,-1.7678252459305421,66.70833333333333,69.70833333333333,66.38541666666667,68.19270833333333
21,surprisal_b,0.0630957344480193,3.0,1.0,1.0,,0.5,True,0.2,exemplar_mean,0.2080003127167094,324.0236528567437,357.91526953704204,57.75547723009996,61.41666666666666,55.802083333333336,50.03125,55.09375
21,surprisal_b,0.1584893192461114,3.0,1.0,1.0,,0.5,True,0.2,exemplar_mean,0.0005876370619178512,364.09457553176964,362.27454224056186,-2.2556280828531983,33.96875,39.625,34.458333333333336,34.25729166666667
21,surprisal_b,0.3981071705534973,3.0,1.0,1.0,,0.5,True,0.2,exemplar_mean,0.17689318404198764,330.3256571419606,338.3071121515468,86.43288222286691,17.21875,15.6875,14.895833333333334,17.497916666666665
21,surprisal_b,1.0,3.0,1.0,1.0,,0.5,True,0.2,exemplar_mean,0.07074998085994123,350.97848741595794,390.42403645443466,144.71406092258147,8.28125,6.96875,6.614583333333333,7.127083333333333
21,surprisal_b,2.511886431509582,3.0,1.0,1.0,,0.5,True,0.2,exemplar_mean,0.09515064880529446,346.3397573198594,359.712098738305,329.0199184375247,3.5729166666666665,3.6354166666666665,2.5625,3.5656249999999994
21,surprisal_b,6.309573444801936,3.0,1.0,1.0,,0.5,True,0.2,exemplar_mean,0.004514796139175943,364.09457553176964,375.9616277585329,-129.22002029164668,2.1979166666666665,2.34375,1.7083333333333333,1.9979166666666663
21,surprisal_b,15.848931924611142,3.0,1.0,1.0,,0.5,True,0.2,exemplar_mean,0.42172296118117436,276.87400501439714,278.336721664082,2334.209961327869,1.6770833333333333,1.3229166666666667,1.5208333333333333,1.4770833333333333
21,surprisal_b,39.81071705534973,3.0,1.0,1.0,,0.5,True,0.2,exemplar_mean,0.4790806679671383,262.78431895116927,292.8854970527329,6995.8259630759,1.2291666666666667,1.1770833333333333,1.1458333333333333,1.1645833333333333
21,surprisal_b,100.0,3.0,1.0,1.0,,0.5,True,0.2,exemplar_mean,0.000142762273323437,364.06858511947013,383.6720473121483,144.02623276124157,1.0520833333333333,1.09375,1.0104166666666667,1.0677083333333335
22,eig_code,3.162277660168379e-06,3.0,1.0,1.0,,1.0,True,0.1,exemplar_mean,0.03836643637431728,357.0417603973255,380.09839974820574,7.494453297855171,79.26041666666667,77.6875,51.47916666666666,62.1125
22,eig_code,1e-05,3.0,1.0,1.0,,1.0,True,0.1,exemplar_mean,0.11207838471891693,343.0848358059995,390.3632430370042,11.956660380414394,79.52083333333333,72.46875,41.85416666666666,54.22812499999999
22,eig_code,3.1622776601683795e-05,3.0,1.0,1.0,,1.0,True,0.1,exemplar_mean,0.11924414513838205,341.69763905201245,385.2314649025647,10.293819085616823,76.32291666666667,68.26041666666667,31.89583333333333,45.80624999999999
22,eig_code,0.0001,3.0,1.0,1.0,,1.0,True,0.1,exemplar_mean,0.11939411077256881,341.66854751414985,390.1542411564478,11.165561718002118,70.4375,54.13541666666666,27.322916666666668,34.48020833333334
22,eig_code,0.0003162277660168,3.0,1.0,1.0,,1.0,True,0.1,exemplar_mean,0.15011636127461686,335.6556353256109,388.6074618871433,14.932227786905209,58.1875,36.38541666666666,18.55208333333333,24.616666666666664
22,eig_code,0.001,3.0,1.0,1.0,,1.0,True,0.1,exemplar_mean,0.19368165497920675,326.9395639380602,384.41719662694516,26.808474005557063,39.21875,25.73958333333333,14.260416666666666,16.522916666666667
22,eig_code,0.0031622776601683,3.0,1.0,1.0,,1.0,True,0.1,exemplar_mean,0.16206573644534542,333.28762095232554,381.959846180335,44.50740627878911,23.760416666666668,11.875,9.802083333333334,9.660416666666666
22,eig_code,0.01,3.0,1.0,1.0,,1.0,True,0.1,exemplar_mean,0.2784919591185078,309.2678650927398,347.0115377607619,93.75302174037274,13.979166666666666,8.21875,4.9375,5.795833333333333
22,eig_code,0.0316227766016837,3.0,1.0,1.0,,1.0,True,0.1,exemplar_mean,0.20921074728763459,323.77595111631814,377.7660114906228,118.3659820839104,9.322916666666666,4.760416666666667,3.125,3.4510416666666663
22,eig_code,0.0999999999999999,3.0,1.0,1.0,,1.0,True,0.1,exemplar_mean,0.19348854663225598,326.97871161434057,376.8316309925732,160.16034059200788,6.59375,3.2604166666666665,2.0729166666666665,2.2572916666666667
22,eig_code,0.3162277660168379,3.0,1.0,1.0,,1.0,True,0.1,exemplar_mean,0.21906713157847257,321.75185519018976,377.62888094098247,298.1154602543315,4.197916666666667,2.4375,1.8125,1.8489583333333333
22,kl,3.162277660168379e-06,3.0,1.0,1.0,,1.0,True,0.1,exemplar_mean,0.09429249253759373,346.50395216477165,388.11723666910365,10.10861445719406,78.76041666666667,72.96875,40.739583333333336,52.955208333333324
22,kl,1e-05,3.0,1.0,1.0,,1.0,True,0.1,exemplar_mean,0.1539141865120697,334.90483328132433,386.79950635760366,11.83349629818248,78.59375,62.88541666666666,33.75,44.016666666666666
22,kl,3.1622776601683795e-05,3.0,1.0,1.0,,1.0,True,0.1,exemplar_mean,0.1591527915324916,333.8664290018122,386.0688919813305,11.007613600393428,73.34375,53.22916666666666,18.947916666666668,29.54479166666667
22,kl,0.0001,3.0,1.0,1.0,,1.0,True,0.1,exemplar_mean,0.14666125103881858,336.3372291767543,387.952039870309,12.466613349207346,60.65625,41.270833333333336,14.770833333333334,22.548958333333335
22,kl,0.0003162277660168,3.0,1.0,1.0,,1.0,True,0.1,exemplar_mean,0.2141074777584024,322.77195065912406,376.9418146614516,23.476325151510387,43.01041666666666,25.48958333333333,11.135416666666666,15.797916666666666
22,kl,0.001,3.0,1.0,1.0,,1.0,True,0.1,exemplar_mean,0.2278635897864399,319.9346106130048,375.1236276883534,36.18871711288105,30.11458333333333,16.333333333333332,7.25,10.065625
22,kl,0.0031622776601683,3.0,1.0,1.0,,1.0,True,0.1,exemplar_mean,0.19992087129640662,325.67219351801594,376.74055802242304,53.48475205332814,19.25,9.59375,5.322916666666667,6.196875
22,kl,0.01,3.0,1.0,1.0,,1.0,True,0.1,exemplar_mean,0.21463722180089562,322.6631473960162,375.31536750340973,101.49389966203623,10.78125,5.729166666666667,3.4166666666666665,4.196875
22,kl,0.0316227766016837,3.0,1.0,1.0,,1.0,True,0.1,exemplar_mean,0.16060286235351667,333.5784225323065,389.1845077625439,139.86323359634872,6.34375,4.958333333333333,2.520833333333333,2.9229166666666666
22,kl,0.0999999999999999,3.0,1.0,1.0,,1.0,True,0.1,exemplar_mean,0.13019009771278056,339.56770733371525,385.6541173170709,230.93085484588602,3.96875,2.9375,1.4895833333333333,1.9447916666666667
22,kl,0.3162277660168379,3.0,1.0,1.0,,1.0,True,0.1,exemplar_mean,0.04227309405345738,356.3157772813113,388.8855896945448,334.29212101260737,1.8541666666666667,1.6354166666666667,1.2395833333333333,1.478125
22,mi,3.1622776601683795e-05,3.0,1.0,1.0,,1.0,True,0.1,exemplar_mean,0.09175172764271186,346.9896324217997,386.5699069934326,7.956380819887887,77.57291666666667,71.34375,30.03125,45.70104166666666
22,mi,0.0001,3.0,1.0,1.0,,1.0,True,0.1,exemplar_mean,0.09319404564062893,346.71400941531743,387.25964277567857,7.377077889817279,71.36458333333333,63.239583333333336,24.375,34.78333333333333
22,mi,0.0003162277660168,3.0,1.0,1.0,,1.0,True,0.1,exemplar_mean,0.18060803687951354,329.57939987231424,382.37343144432674,12.059778757245237,69.76041666666667,43.145833333333336,16.614583333333332,25.797916666666662
22,mi,0.001,3.0,1.0,1.0,,1.0,True,0.1,exemplar_mean,0.1369636373795181,338.2429519246677,389.5809339271204,13.712666165399186,48.22916666666666,35.729166666666664,8.802083333333334,15.75
22,mi,0.0031622776601683,3.0,1.0,1.0,,1.0,True,0.1,exemplar_mean,0.25991341329602297,313.22432010256273,368.77334764533725,31.410714823602966,34.302083333333336,15.510416666666666,6.645833333333333,10.605208333333334
22,mi,0.01,3.0,1.0,1.0,,1.0,True,0.1,exemplar_mean,0.18581273870881637,328.53100348552675,379.7893138492462,48.21339993917903,19.166666666666668,9.447916666666666,4.635416666666667,5.2125
22,mi,0.0316227766016837,3.0,1.0,1.0,,1.0,True,0.1,exemplar_mean,0.19096683779732795,327.48949269780366,380.43716757856265,81.76757905777889,10.833333333333334,6.645833333333333,2.6979166666666665,3.5499999999999994
22,mi,0.0999999999999999,3.0,1.0,1.0,,1.0,True,0.1,exemplar_mean,0.21193106162656378,323.21857686705783,379.3511755644107,132.56092671430446,7.416666666666667,4.302083333333333,1.9895833333333333,2.4302083333333333
22,mi,0.3162277660168379,3.0,1.0,1.0,,1.0,True,0.1,exemplar_mean,0.1921561082093677,327.2487010850797,383.43705678642243,238.5818767500409,4.385416666666667,3.0625,1.4479166666666667,1.8395833333333331
22,mi,1.0,3.0,1.0,1.0,,1.0,True,0.1,exemplar_mean,0.09577056108760888,346.2210983107531,389.1995286641854,312.00968023146584,2.427083333333333,2.25,1.2916666666666667,1.5520833333333333
22,mi,3.162277660168379,3.0,1.0,1.0,,1.0,True,0.1,exemplar_mean,0.007132856327466644,362.79373455408006,374.44960246562556,170.47536253951742,1.5104166666666667,1.75,1.1145833333333333,1.2885416666666667
22,mi_concept,3.1622776601683795e-05,3.0,1.0,1.0,,1.0,True,0.1,exemplar_mean,0.20620694794468786,324.39029695790373,374.2130320887204,297.1778307532493,10.21875,8.65625,8.552083333333334,8.058333333333334
22,mi_concept,0.0001,3.0,1.0,1.0,,1.0,True,0.1,exemplar_mean,0.2449496724652195,316.3750004519982,355.59472220076003,364.1022882174891,7.541666666666667,6.354166666666667,5.510416666666667,5.522916666666667
22,mi_concept,0.0003162277660168,3.0,1.0,1.0,,1.0,True,0.1,exemplar_mean,0.19098513067863288,327.4857902783216,377.05876170673565,320.78405004339214,5.864583333333333,4.541666666666667,3.8645833333333335,3.9020833333333336
22,mi_concept,0.001,3.0,1.0,1.0,,1.0,True,0.1,exemplar_mean,0.2876730015317193,307.29388014974694,348.065105634014,436.2676443585472,4.583333333333333,3.395833333333333,2.708333333333333,2.8135416666666666
22,mi_concept,0.0031622776601683,3.0,1.0,1.0,,1.0,True,0.1,exemplar_mean,0.1386382110454254,337.9146414455089,389.18253196943164,359.0485821448154,3.489583333333333,2.708333333333333,1.8645833333333333,2.090625
22,mi_concept,0.01,3.0,1.0,1.0,,1.0,True,0.1,exemplar_mean,0.10572854507002857,344.309410506993,390.692780437956,348.09397042400605,2.5104166666666665,2.552083333333333,1.5520833333333333,1.7458333333333336
22,mi_concept,0.0316227766016837,3.0,1.0,1.0,,1.0,True,0.1,exemplar_mean,0.05069451137840892,354.74575280259074,383.3531992500175,353.16287897449484,1.8854166666666667,1.9375,1.3020833333333333,1.4739583333333333
22,mi_concept,0.0999999999999999,3.0,1.0,1.0,,1.0,True,0.1,exemplar_mean,0.00255119712126479,363.62984041827616,367.95802404605604,134.89085428579577,1.3541666666666667,1.5,1.15625,1.3302083333333334
22,mi_concept,0.3162277660168379,3.0,1.0,1.0,,1.0,True,0.1,exemplar_mean,0.03824936578925646,364.09457553176964,360.26577905524965,-1218.7538779768279,1.125,1.2604166666666667,1.125,1.1906249999999998
22,mi_concept,1.0,3.0,1.0,1.0,,1.0,True,0.1,exemplar_mean,0.15207806264895607,364.09457553176964,360.26577905524965,-4342.033412550123,1.0729166666666667,1.0625,1.0625,1.084375
22,mi_concept,3.162277660168379,3.0,1.0,1.0,,1.0,True,0.1,exemplar_mean,0.007906107071466502,362.6524340951345,375.544658224505,1767.1723065923604,1.03125,1.0208333333333333,1.0208333333333333,1.0395833333333333
22,surprisal_b,0.01,3.0,1.0,1.0,,1.0,True,0.1,exemplar_mean,,,,,80.0,80.0,80.0,80.0
22,surprisal_b,0.0251188643150957,3.0,1.0,1.0,,1.0,True,0.1,exemplar_mean,0.049144175001832505,355.03530705562883,370.358044086078,40.38370754332805,72.79166666666667,68.01041666666667,72.35416666666667,71.18958333333335
22,surprisal_b,0.0630957344480193,3.0,1.0,1.0,,1.0,True,0.1,exemplar_mean,0.0005563640889661583,363.99327686666777,363.71066939699523,3.6484705889737037,58.26041666666666,61.5,56.78125,58.66041666666668
22,surprisal_b,0.1584893192461114,3.0,1.0,1.0,,1.0,True,0.1,exemplar_mean,0.07394875952672025,350.3738759994527,368.0347806538507,31.60952996491246,44.54166666666666,39.4375,32.333333333333336,39.677083333333336
22,surprisal_b,0.3981071705534973,3.0,1.0,1.0,,1.0,True,0.1,exemplar_mean,0.03441314919736977,357.77490916566927,380.0838305586837,33.26484678766877,23.041666666666668,24.729166666666668,19.92708333333333,20.42395833333333
22,surprisal_b,1.0,3.0,1.0,1.0,,1.0,True,0.1,exemplar_mean,0.042119271215276,356.3443905024785,388.1526262868494,79.3390698869029,11.46875,10.552083333333334,8.322916666666666,8.746875
22,surprisal_b,2.511886431509582,3.0,1.0,1.0,,1.0,True,0.1,exemplar_mean,0.008599587083508877,362.5256637459808,378.02028774812413,81.8031493734391,4.46875,5.15625,3.9270833333333335,4.247916666666667
22,surprisal_b,6.309573444801936,3.0,1.0,1.0,,1.0,True,0.1,exemplar_mean,0.0833498132558573,348.59088285849754,361.8054746104099,389.1734804819631,2.78125,2.59375,2.21875,2.340625
22,surprisal_b,15.848931924611142,3.0,1.0,1.0,,1.0,True,0.1,exemplar_mean,0.08626079860229284,348.0369366135633,387.2120620914212,1153.320531266949,1.5833333333333333,1.5833333333333333,1.3541666666666667,1.4895833333333335
22,surprisal_b,39.81071705534973,3.0,1.0,1.0,,1.0,True,0.1,exemplar_mean,0.007967000593153837,362.64130434073905,369.0229490136293,678.0656430556195,1.1666666666666667,1.2604166666666667,1.1875,1.2197916666666668
22,surprisal_b,100.0,3.0,1.0,1.0,,1.0,True,0.1,exemplar_mean,0.0007679223832771161,364.09457553176964,369.6892705506586,-332.07179124299364,1.1145833333333333,1.09375,1.0625,1.0822916666666667
23,eig_code,3.162277660168379e-06,3.0,1.0,1.0,,1.0,True,0.2,exemplar_mean,0.07469723116310956,350.2322542902625,385.3310914319709,6.603727484799338,79.52083333333333,77.60416666666667,36.114583333333336,50.26770833333333
23,eig_code,1e-05,3.0,1.0,1.0,,1.0,True,0.2,exemplar_mean,0.09718686875313963,345.949846492527,387.5370777094621,6.238311818628795,80.0,75.44791666666667,23.947916666666668,39.37083333333333
23,eig_code,3.1622776601683795e-05,3.0,1.0,1.0,,1.0,True,0.2,exemplar_mean,0.11903797337113609,341.73762986414926,387.2604925185036,7.030815239076055,75.21875,64.6875,17.5625,30.625
23,eig_code,0.0001,3.0,1.0,1.0,,1.0,True,0.2,exemplar_mean,0.14076202835140916,337.49779459954794,387.496867388599,8.934868782537722,71.57291666666667,48.97916666666666,13.90625,24.00208333333333
23,eig_code,0.0003162277660168,3.0,1.0,1.0,,1.0,True,0.2,exemplar_mean,0.19807221611206516,326.04822395837425,382.2559231459282,15.376280036205438,57.85416666666666,34.9375,11.708333333333334,18.777083333333334
23,eig_code,0.001,3.0,1.0,1.0,,1.0,True,0.2,exemplar_mean,0.19968642461127054,325.71990578227263,378.9346046560486,25.490732771763142,37.34375,21.625,8.989583333333334,13.522916666666665
23,eig_code,0.0031622776601683,3.0,1.0,1.0,,1.0,True,0.2,exemplar_mean,0.24676662509656766,315.99410886901774,372.7963492808861,49.60080419411899,23.375,12.4375,6.333333333333333,8.316666666666666
23,eig_code,0.01,3.0,1.0,1.0,,1.0,True,0.2,exemplar_mean,0.19025636654279926,327.63325739278497,379.480324511042,63.21796160641651,15.28125,7.3125,3.8854166666666665,4.915625
23,eig_code,0.0316227766016837,3.0,1.0,1.0,,1.0,True,0.2,exemplar_mean,0.17667933903621236,330.36856403039593,382.7782186140469,104.27306122171692,9.34375,5.0,2.395833333333333,3.16875
23,eig_code,0.0999999999999999,3.0,1.0,1.0,,1.0,True,0.2,exemplar_mean,0.1657717849344268,332.5497654204646,388.30377441341165,175.28328966316158,5.375,4.03125,1.9270833333333333,2.2739583333333333
23,eig_code,0.3162277660168379,3.0,1.0,1.0,,1.0,True,0.2,exemplar_mean,0.17749378717446934,330.2051194275101,385.02338428007323,289.5301813324673,3.8020833333333335,2.59375,1.5,1.6541666666666663
23,kl,3.162277660168379e-06,3.0,1.0,1.0,,1.0,True,0.2,exemplar_mean,0.08378799041531515,348.50755618536886,385.59216631800865,5.729794551217953,79.46875,76.29166666666667,24.822916666666668,41.25833333333333
23,kl,1e-05,3.0,1.0,1.0,,1.0,True,0.2,exemplar_mean,0.12039084587376599,341.4751298577244,387.6056081092606,7.07730178673155,79.25,67.54166666666667,19.947916666666668,33.684374999999996
23,kl,3.1622776601683795e-05,3.0,1.0,1.0,,1.0,True,0.2,exemplar_mean,0.1590804691642758,333.8807868372103,386.4188877042628,8.654445490804873,75.76041666666667,56.88541666666666,14.71875,26.2125
23,kl,0.0001,3.0,1.0,1.0,,1.0,True,0.2,exemplar_mean,0.17965776967726993,329.7704547996346,384.58517690559796,11.744999302765477,64.26041666666667,40.208333333333336,11.114583333333334,18.475
23,kl,0.0003162277660168,3.0,1.0,1.0,,1.0,True,0.2,exemplar_mean,0.21100959711848025,323.4074863781175,378.190510594836,19.026446285601853,48.38541666666666,24.34375,8.791666666666666,14.370833333333334
23,kl,0.001,3.0,1.0,1.0,,1.0,True,0.2,exemplar_mean,0.21746569634288454,322.08158959497234,373.5050787073896,31.53346952017526,32.708333333333336,14.895833333333334,7.510416666666667,9.655208333333334
23,kl,0.0031622776601683,3.0,1.0,1.0,,1.0,True,0.2,exemplar_mean,0.23440679577999401,318.57613828103234,375.9052087057338,60.792497452909366,17.947916666666668,11.052083333333334,5.604166666666667,6.497916666666667
23,kl,0.01,3.0,1.0,1.0,,1.0,True,0.2,exemplar_mean,0.19026404612237421,327.63170375807067,379.5941365521157,81.79660226054634,12.25,5.65625,3.020833333333333,4.148958333333334
23,kl,0.0316227766016837,3.0,1.0,1.0,,1.0,True,0.2,exemplar_mean,0.21242818595370613,323.1166155046347,379.55461447485857,153.74995875821935,7.09375,4.145833333333333,2.177083333333333,2.955208333333333
23,kl,0.0999999999999999,3.0,1.0,1.0,,1.0,True,0.2,exemplar_mean,0.052625933840044846,354.384692648231,386.99770359180957,162.94177290892983,3.239583333333333,3.1354166666666665,1.5416666666666667,1.9885416666666669
23,kl,0.3162277660168379,3.0,1.0,1.0,,1.0,True,0.2,exemplar_mean,0.010295835347906344,362.2153971891379,378.93679533416946,184.0414746336956,1.6979166666666667,1.625,1.3333333333333333,1.446875
23,mi,3.1622776601683795e-05,3.0,1.0,1.0,,1.0,True,0.2,exemplar_mean,0.10362095871800964,344.7148996681493,386.8835343985188,5.833267173491471,78.76041666666667,71.26041666666667,13.854166666666666,31.74895833333333
23,mi,0.0001,3.0,1.0,1.0,,1.0,True,0.2,exemplar_mean,0.1158669299943019,342.3521236771483,389.8516415962604,6.632042873456276,76.0625,62.875,11.65625,24.632291666666667
23,mi,0.0003162277660168,3.0,1.0,1.0,,1.0,True,0.2,exemplar_mean,0.20135305889183408,325.3805769907791,382.13289044588794,11.551976820177396,69.57291666666667,39.26041666666666,9.447916666666666,18.990624999999998
23,mi,0.001,3.0,1.0,1.0,,1.0,True,0.2,exemplar_mean,0.21081056520936473,323.4482754360673,377.82728962866304,17.651187703486045,50.8125,27.041666666666668,8.333333333333334,13.146875
23,mi,0.0031622776601683,3.0,1.0,1.0,,1.0,True,0.2,exemplar_mean,0.2384753029585991,317.72852373967436,373.0038962796228,33.65048392004417,30.447916666666668,15.177083333333334,5.708333333333333,8.832291666666666
23,mi,0.01,3.0,1.0,1.0,,1.0,True,0.2,exemplar_mean,0.17630083362274387,330.4444955157003,383.13668065808537,49.716635813177234,17.916666666666668,9.5625,3.78125,5.168750000000001
23,mi,0.0316227766016837,3.0,1.0,1.0,,1.0,True,0.2,exemplar_mean,0.18627044453282238,328.438646542635,385.52324034748096,83.12595958177364,10.291666666666666,7.135416666666667,2.489583333333333,3.5052083333333335
23,mi,0.0999999999999999,3.0,1.0,1.0,,1.0,True,0.2,exemplar_mean,0.18225274027451377,329.24846384608605,383.19830352597376,129.4332206827527,7.15625,4.229166666666667,2.020833333333333,2.3052083333333333
23,mi,0.3162277660168379,3.0,1.0,1.0,,1.0,True,0.2,exemplar_mean,0.17239226369178823,331.2275707758277,383.8917821554838,217.4791608558473,4.4375,2.6041666666666665,1.46875,1.7520833333333332
23,mi,1.0,3.0,1.0,1.0,,1.0,True,0.2,exemplar_mean,0.09924597163641687,345.555106463349,382.156429313522,337.0888967391012,2.15625,2.145833333333333,1.1770833333333333,1.5072916666666667
23,mi,3.162277660168379,3.0,1.0,1.0,,1.0,True,0.2,exemplar_mean,0.0749358796219546,350.18708649194843,385.7174270753223,712.6780658789049,1.5520833333333333,1.4270833333333333,1.1041666666666667,1.2552083333333335
23,mi_concept,3.1622776601683795e-05,3.0,1.0,1.0,,1.0,True,0.2,exemplar_mean,0.03941861250859056,356.8463774311824,383.0823176703899,140.71242833594914,13.833333333333334,12.15625,12.802083333333334,12.738541666666666
23,mi_concept,0.0001,3.0,1.0,1.0,,1.0,True,0.2,exemplar_mean,0.06660715663639437,351.75999138860266,382.0254576519731,213.46824754430358,9.59375,8.677083333333334,7.645833333333333,8.535416666666666
23,mi_concept,0.0003162277660168,3.0,1.0,1.0,,1.0,True,0.2,exemplar_mean,0.31095929052166654,302.2293584998098,312.57534696987585,570.6188177817137,7.1875,6.302083333333333,5.71875,5.933333333333333
23,mi_concept,0.001,3.0,1.0,1.0,,1.0,True,0.2,exemplar_mean,0.22791644424069663,319.92366030784547,368.1515646106667,410.91773169668954,5.541666666666667,4.510416666666667,3.6875,4.090625
23,mi_concept,0.0031622776601683,3.0,1.0,1.0,,1.0,True,0.2,exemplar_mean,0.21707720029828168,322.16152979485463,381.7573393181092,473.23400532558657,4.145833333333333,3.395833333333333,2.614583333333333,2.8520833333333333
23,mi_concept,0.01,3.0,1.0,1.0,,1.0,True,0.2,exemplar_mean,0.07461359375778082,350.2480825445894,390.2110145717383,318.4027322195069,2.864583333333333,2.6979166666666665,1.875,2.0749999999999997
23,mi_concept,0.0316227766016837,3.0,1.0,1.0,,1.0,True,0.2,exemplar_mean,0.04448071542427093,355.90487510257714,382.2603571673552,417.76915515518476,1.9166666666666667,1.9375,1.3958333333333333,1.64375
23,mi_concept,0.0999999999999999,3.0,1.0,1.0,,1.0,True,0.2,exemplar_mean,0.00044493530939301347,364.0135672536,380.2838660665654,89.45338189044196,1.46875,1.375,1.21875,1.3427083333333332
23,mi_concept,0.3162277660168379,3.0,1.0,1.0,,1.0,True,0.2,exemplar_mean,0.007368933108818733,364.09457553176964,363.2923865088183,-529.6985981911326,1.125,1.2083333333333333,1.0729166666666667,1.2041666666666664
23,mi_concept,1.0,3.0,1.0,1.0,,1.0,True,0.2,exemplar_mean,0.010170972721455028,364.09457553176964,364.192060142333,-1325.2831741160733,1.0625,1.0729166666666667,1.09375,1.0749999999999997
23,mi_concept,3.162277660168379,3.0,1.0,1.0,,1.0,True,0.2,exemplar_mean,0.14304026719262508,364.09457553176964,360.26577905524965,-8876.964137729068,1.0104166666666667,1.03125,1.0416666666666667,1.0260416666666667
23,surprisal_b,0.01,3.0,1.0,1.0,,1.0,True,0.2,exemplar_mean,,,,,80.0,80.0,80.0,80.0
23,surprisal_b,0.0251188643150957,3.0,1.0,1.0,,1.0,True,0.2,exemplar_mean,0.14538110005693158,336.58941570688427,383.1958694951373,65.92850759706214,74.46875,69.41666666666667,68.11458333333333,68.2875
23,surprisal_b,0.0630957344480193,3.0,1.0,1.0,,1.0,True,0.2,exemplar_mean,0.19807611857187707,326.04743062531844,336.6887313650105,40.790422747196075,60.489583333333336,59.083333333333336,51.10416666666666,55.825
23,surprisal_b,0.1584893192461114,3.0,1.0,1.0,,1.0,True,0.2,exemplar_mean,0.01663486400361083,364.09457553176964,365.6492708964167,-15.537153991417608,39.1875,37.78125,33.635416666666664,33.91875
23,surprisal_b,0.3981071705534973,3.0,1.0,1.0,,1.0,True,0.2,exemplar_mean,0.012501312308236347,361.8115880075654,379.78496115518595,25.54403025466965,18.64583333333333,17.822916666666668,12.885416666666666,16.179166666666667
23,surprisal_b,1.0,3.0,1.0,1.0,,1.0,True,0.2,exemplar_mean,0.0731301722537708,350.52869909617993,377.52201179285737,133.26955662527902,7.885416666666667,7.760416666666667,6.822916666666667,7.217708333333334
23,surprisal_b,2.511886431509582,3.0,1.0,1.0,,1.0,True,0.2,exemplar_mean,0.0007650322827510945,363.9552768325436,371.2709669381032,30.21592825987426,3.65625,3.7604166666666665,3.3229166666666665,3.321875
23,surprisal_b,6.309573444801936,3.0,1.0,1.0,,1.0,True,0.2,exemplar_mean,0.001335250115703996,363.8514156727956,385.6293950037728,76.92088335817714,2.0416666666666665,1.84375,2.03125,2.015625
23,surprisal_b,15.848931924611142,3.0,1.0,1.0,,1.0,True,0.2,exemplar_mean,0.01651070074290897,364.09457553176964,363.91812035721915,-520.2207097938533,1.4791666666666667,1.5,1.5208333333333333,1.3729166666666668
23,surprisal_b,39.81071705534973,3.0,1.0,1.0,,1.0,True,0.2,exemplar_mean,0.056569966376086904,353.64625017476834,371.2623587895259,2279.820822377672,1.21875,1.09375,1.1354166666666667,1.1541666666666666
23,surprisal_b,100.0,3.0,1.0,1.0,,1.0,True,0.2,exemplar_mean,0.018701798747242048,360.67389509120466,389.94034744470736,1785.112097669808,1.09375,1.0625,1.09375,1.065625
24,eig_code,3.162277660168379e-06,3.0,10.0,0.1,,0.5,True,0.1,exemplar_mean,,,,,80.0,80.0,80.0,80.0
24,eig_code,1e-05,3.0,10.0,0.1,,0.5,True,0.1,exemplar_mean,0.02145224747801812,360.16807985927454,386.2628883129811,14.734837876048529,80.0,78.69791666666667,69.16666666666667,73.22812499999999
24,eig_code,3.1622776601683795e-05,3.0,10.0,0.1,,0.5,True,0.1,exemplar_mean,0.09710530991670645,345.9654724447671,387.22884344187884,18.050943867184664,79.30208333333333,76.0625,57.29166666666666,65.61875
24,eig_code,0.0001,3.0,10.0,0.1,,0.5,True,0.1,exemplar_mean,0.08631650578735492,348.0263272112737,384.4175930616677,10.942126295643721,78.3125,72.89583333333333,44.97916666666666,57.719791666666666
24,eig_code,0.0003162277660168,3.0,10.0,0.1,,0.5,True,0.1,exemplar_mean,0.09910040923892324,345.58302629286,385.85844087068244,10.628580909101215,73.39583333333333,60.958333333333336,35.010416666666664,43.244791666666664
24,eig_code,0.001,3.0,10.0,0.1,,0.5,True,0.1,exemplar_mean,0.09158779752325676,347.0209451625936,391.2819687917727,10.622852461999736,60.677083333333336,48.864583333333336,23.541666666666668,30.509375
24,eig_code,0.0031622776601683,3.0,10.0,0.1,,0.5,True,0.1,exemplar_mean,0.11319030855935688,342.8699498816818,392.0416692588636,17.41263493177615,44.26041666666666,32.96875,16.895833333333332,19.17395833333333
24,eig_code,0.01,3.0,10.0,0.1,,0.5,True,0.1,exemplar_mean,0.16835650264779733,332.03419061833097,385.1488558984087,35.320196698297266,28.010416666666668,15.427083333333334,9.541666666666666,10.940624999999999
24,eig_code,0.0316227766016837,3.0,10.0,0.1,,0.5,True,0.1,exemplar_mean,0.1688238707875072,331.9408789944273,381.4622253194821,58.143978535584964,15.958333333333334,9.208333333333334,4.635416666666667,6.028125
24,eig_code,0.0999999999999999,3.0,10.0,0.1,,0.5,True,0.1,exemplar_mean,0.15421560444772717,334.84517307073486,382.67606002463674,85.28242348902032,10.697916666666666,5.666666666666667,3.020833333333333,3.4291666666666663
24,eig_code,0.3162277660168379,3.0,10.0,0.1,,0.5,True,0.1,exemplar_mean,0.2228410282310125,320.973472793607,374.6675766273812,185.6887893927043,5.9375,3.4791666666666665,1.7916666666666667,2.403125
24,kl,3.162277660168379e-06,3.0,10.0,0.1,,0.5,True,0.1,exemplar_mean,0.05876314935411028,353.23495193481165,382.4932655363972,13.547946297601735,77.80208333333333,77.8125,56.01041666666666,66.37916666666666
24,kl,1e-05,3.0,10.0,0.1,,0.5,True,0.1,exemplar_mean,0.0822546735202755,348.79905484063426,387.51278187935804,10.839343506915819,78.45833333333333,74.79166666666667,44.44791666666666,56.205208333333324
24,kl,3.1622776601683795e-05,3.0,10.0,0.1,,0.5,True,0.1,exemplar_mean,0.20359928821132692,324.9226812762375,374.630435751222,16.503777395744983,71.92708333333333,60.239583333333336,30.4375,43.767708333333324
24,kl,0.0001,3.0,10.0,0.1,,0.5,True,0.1,exemplar_mean,0.24595915696259293,316.1634367538477,362.72747927600375,18.06213217939377,63.34375,46.0625,23.0,31.46875
24,kl,0.0003162277660168,3.0,10.0,0.1,,0.5,True,0.1,exemplar_mean,0.21175262345111265,323.2551671105991,371.0539541252382,23.99270765292001,46.21875,31.822916666666668,13.958333333333334,20.459375
24,kl,0.001,3.0,10.0,0.1,,0.5,True,0.1,exemplar_mean,0.19503166477184394,326.6657536518661,382.2429213069634,34.29131009557576,30.02083333333333,17.84375,8.927083333333334,12.628125
24,kl,0.0031622776601683,3.0,10.0,0.1,,0.5,True,0.1,exemplar_mean,0.2592111274727364,313.3728978796806,362.02043300887016,69.22709815494197,18.416666666666668,10.916666666666666,5.947916666666667,7.919791666666667
24,kl,0.01,3.0,10.0,0.1,,0.5,True,0.1,exemplar_mean,0.2958935875843846,305.5155772442042,328.3578254405451,116.31357957208833,11.75,6.510416666666667,3.5104166666666665,4.846875
24,kl,0.0316227766016837,3.0,10.0,0.1,,0.5,True,0.1,exemplar_mean,0.2039295835635671,324.85529586361,378.1111522099218,133.1198359414524,8.083333333333334,4.145833333333333,2.427083333333333,2.7656249999999996
24,kl,0.0999999999999999,3.0,10.0,0.1,,0.5,True,0.1,exemplar_mean,0.20657850431510627,324.31436823279313,381.8365665688715,243.53412491423447,4.458333333333333,3.25,1.7916666666666667,2.015625
24,kl,0.3162277660168379,3.0,10.0,0.1,,0.5,True,0.1,exemplar_mean,0.3865736751260375,285.1644697982368,300.5292424881527,642.0826323066009,2.989583333333333,1.65625,1.3958333333333333,1.5729166666666665
24,mi,3.1622776601683795e-05,3.0,10.0,0.1,,0.5,True,0.1,exemplar_mean,0.11953540059162839,341.6411367141778,389.5452216301765,13.401728146808805,79.13541666666667,73.55208333333333,49.19791666666666,57.9375
24,mi,0.0001,3.0,10.0,0.1,,0.5,True,0.1,exemplar_mean,0.12336283739110745,340.8977598520343,386.78724703256484,11.770529446607712,75.72916666666667,60.739583333333336,30.010416666666668,44.813541666666666
24,mi,0.0003162277660168,3.0,10.0,0.1,,0.5,True,0.1,exemplar_mean,0.17410170533788086,330.8853151012905,384.3607621907726,13.995026308086791,64.15625,50.47916666666666,21.92708333333333,32.42604166666667
24,mi,0.001,3.0,10.0,0.1,,0.5,True,0.1,exemplar_mean,0.18966143175131225,327.75359463644156,383.4415191706339,20.20632217980497,47.802083333333336,33.239583333333336,14.78125,20.522916666666667
24,mi,0.0031622776601683,3.0,10.0,0.1,,0.5,True,0.1,exemplar_mean,0.3187814330417506,300.5089747605987,309.9493559376174,45.2105231124286,31.166666666666668,14.916666666666666,7.885416666666667,12.105208333333334
24,mi,0.01,3.0,10.0,0.1,,0.5,True,0.1,exemplar_mean,0.23410571733946586,318.6387740111874,378.0589148746884,63.67474764245343,17.25,9.6875,4.520833333333333,6.398958333333334
24,mi,0.0316227766016837,3.0,10.0,0.1,,0.5,True,0.1,exemplar_mean,0.17775857929970795,330.1519631399198,382.87294026189727,83.3869796149384,10.947916666666666,6.104166666666667,2.5625,3.6749999999999994
24,mi,0.0999999999999999,3.0,10.0,0.1,,0.5,True,0.1,exemplar_mean,0.24370137969608666,316.6364171523794,366.9547278929345,173.6883648107278,6.375,3.6354166666666665,1.75,2.416666666666667
24,mi,0.3162277660168379,3.0,10.0,0.1,,0.5,True,0.1,exemplar_mean,0.1788382828742811,329.93512697500387,385.6402153732634,235.48287437334372,3.9375,2.8541666666666665,1.2916666666666667,1.7260416666666667
24,mi,1.0,3.0,10.0,0.1,,0.5,True,0.1,exemplar_mean,0.2051701368168767,324.6020786784503,380.6716702430126,492.2396057558627,2.6354166666666665,1.875,1.1354166666666667,1.4041666666666666
24,mi,3.162277660168379,3.0,10.0,0.1,,0.5,True,0.1,exemplar_mean,0.15730397449287778,334.23327270982145,391.12108796392835,844.6439496308744,1.7291666666666667,1.59375,1.1145833333333333,1.1958333333333333
24,mi_concept,3.1622776601683795e-05,3.0,10.0,0.1,,0.5,True,0.1,exemplar_mean,0.33796298740281494,296.2479431903623,325.5058986553756,79.61653739470216,32.791666666666664,29.010416666666668,21.89583333333333,26.715625
24,mi_concept,0.0001,3.0,10.0,0.1,,0.5,True,0.1,exemplar_mean,0.3196323783671049,300.32122546333795,322.38322860325263,109.96531660409462,20.61458333333333,18.760416666666668,13.333333333333334,17.739583333333332
24,mi_concept,0.0003162277660168,3.0,10.0,0.1,,0.5,True,0.1,exemplar_mean,0.2677179712908171,311.5683946845448,340.84832980328736,126.0272796641764,15.010416666666666,12.729166666666666,9.552083333333334,11.509374999999999
24,mi_concept,0.001,3.0,10.0,0.1,,0.5,True,0.1,exemplar_mean,0.17444581885925628,330.81637563596894,375.0136757863625,147.27490363884542,9.854166666666666,9.3125,5.916666666666667,7.417708333333333
24,mi_concept,0.0031622776601683,3.0,10.0,0.1,,0.5,True,0.1,exemplar_mean,0.12683250400422896,340.2224666355196,368.5606654317242,211.342477493848,5.458333333333333,5.78125,3.7395833333333335,4.8375
24,mi_concept,0.01,3.0,10.0,0.1,,0.5,True,0.1,exemplar_mean,0.04016934220882321,356.70690588801324,375.49868275960256,186.64308532922806,3.28125,3.625,2.5729166666666665,3.0572916666666665
24,mi_concept,0.0316227766016837,3.0,10.0,0.1,,0.5,True,0.1,exemplar_mean,0.03830667801855779,364.09457553176964,360.26577905524965,-359.5980891393746,1.7395833333333333,2.208333333333333,1.6979166666666667,1.9510416666666663
24,mi_concept,0.0999999999999999,3.0,10.0,0.1,,0.5,True,0.1,exemplar_mean,0.25019428006231403,364.09457553176964,360.26577905524965,-2057.2577468924283,1.34375,1.2708333333333333,1.4166666666666667,1.3583333333333334
24,mi_concept,0.3162277660168379,3.0,10.0,0.1,,0.5,True,0.1,exemplar_mean,0.2056927701315114,364.09457553176964,360.26577905524965,-3629.6489052710535,1.09375,1.0833333333333333,1.0729166666666667,1.1208333333333331
24,mi_concept,1.0,3.0,10.0,0.1,,0.5,True,0.1,exemplar_mean,0.00046826772315365357,364.09457553176964,371.71170569465255,-280.0005138647718,1.0208333333333333,1.0520833333333333,1.0208333333333333,1.059375
24,mi_concept,3.162277660168379,3.0,10.0,0.1,,0.5,True,0.1,exemplar_mean,0.0002175754694707562,364.09457553176964,366.62756381427533,-470.2965211901299,1.0208333333333333,1.0416666666666667,1.0104166666666667,1.0145833333333332
24,surprisal_b,0.01,3.0,10.0,0.1,,0.5,True,0.1,exemplar_mean,0.025614986588595758,364.09457553176964,365.05580558426703,-40.87462557941101,74.80208333333333,73.94791666666667,73.16666666666667,73.09583333333333
24,surprisal_b,0.0251188643150957,3.0,10.0,0.1,,0.5,True,0.1,exemplar_mean,0.018029271004306423,360.79746693443354,360.6865311422556,21.168040992840066,64.29166666666667,66.01041666666667,66.53125,66.99479166666666
24,surprisal_b,0.0630957344480193,3.0,10.0,0.1,,0.5,True,0.1,exemplar_mean,0.0015287367782453422,363.81616670343146,379.78107837441485,4.30481341326677,51.40625,49.270833333333336,51.0,49.42916666666666
24,surprisal_b,0.1584893192461114,3.0,10.0,0.1,,0.5,True,0.1,exemplar_mean,0.09924592283960004,345.55511582327887,351.9505695733232,42.974080554739864,29.92708333333333,29.197916666666668,21.52083333333333,29.748958333333338
24,surprisal_b,0.3981071705534973,3.0,10.0,0.1,,0.5,True,0.1,exemplar_mean,0.2475484415154678,315.83007370397917,332.96080099022555,141.25636867040683,14.385416666666666,14.375,12.145833333333334,13.011458333333334
24,surprisal_b,1.0,3.0,10.0,0.1,,0.5,True,0.1,exemplar_mean,0.03043010484972956,358.5120602497904,370.6377864758251,186.7217157290216,5.770833333333333,5.96875,5.416666666666667,5.672916666666667
24,surprisal_b,2.511886431509582,3.0,10.0,0.1,,0.5,True,0.1,exemplar_mean,0.47172924705571073,264.63208114295594,266.5522944608348,743.6954912190345,3.375,3.0625,2.427083333333333,3.177083333333333
24,surprisal_b,6.309573444801936,3.0,10.0,0.1,,0.5,True,0.1,exemplar_mean,0.010396169828166253,364.09457553176964,361.6229340432822,-345.32747967095474,1.65625,1.8854166666666667,1.8125,1.7895833333333335
24,surprisal_b,15.848931924611142,3.0,10.0,0.1,,0.5,True,0.1,exemplar_mean,0.037578790825752294,364.09457553176964,360.26577905524965,-1277.6010453313554,1.2291666666666667,1.375,1.2708333333333333,1.2885416666666667
24,surprisal_b,39.81071705534973,3.0,10.0,0.1,,0.5,True,0.1,exemplar_mean,0.002097558745088657,364.09457553176964,366.2224486824681,-457.38773305950343,1.0833333333333333,1.1354166666666667,1.15625,1.1239583333333332
24,surprisal_b,100.0,3.0,10.0,0.1,,0.5,True,0.1,exemplar_mean,0.13733421204728208,338.1703259421009,339.5319208028216,7163.272560724509,1.0416666666666667,1.0520833333333333,1.0520833333333333,1.0520833333333333
25,eig_code,3.162277660168379e-06,3.0,10.0,0.1,,0.5,True,0.2,exemplar_mean,,,,,80.0,80.0,80.0,80.0
25,eig_code,1e-05,3.0,10.0,0.1,,0.5,True,0.2,exemplar_mean,,,,,80.0,80.0,80.0,80.0
25,eig_code,3.1622776601683795e-05,3.0,10.0,0.1,,0.5,True,0.2,exemplar_mean,0.09413404954287641,346.5342592575923,382.6661180014303,12.245412981746021,78.96875,75.09375,49.739583333333336,59.696875
25,eig_code,0.0001,3.0,10.0,0.1,,0.5,True,0.2,exemplar_mean,0.1533603013461507,335.01443709880607,382.98789547479436,10.912290603476734,76.375,71.1875,32.145833333333336,46.66458333333333
25,eig_code,0.0003162277660168,3.0,10.0,0.1,,0.5,True,0.2,exemplar_mean,0.18049523589219896,329.6020847435257,382.23342421608174,11.590338162102153,73.3125,54.0625,19.96875,32.98645833333333
25,eig_code,0.001,3.0,10.0,0.1,,0.5,True,0.2,exemplar_mean,0.15880629043519567,333.9352127042779,386.9669972977622,14.287822638101002,55.770833333333336,33.302083333333336,14.947916666666666,22.396874999999998
25,eig_code,0.0031622776601683,3.0,10.0,0.1,,0.5,True,0.2,exemplar_mean,0.14299053383578744,337.0598460839931,389.4807152080015,20.98798960605217,37.1875,25.11458333333333,9.385416666666666,13.448958333333334
25,eig_code,0.01,3.0,10.0,0.1,,0.5,True,0.2,exemplar_mean,0.1696497017004233,331.77593491435607,386.2134625943245,39.882715476765895,22.604166666666668,12.927083333333334,6.854166666666667,8.23125
25,eig_code,0.0316227766016837,3.0,10.0,0.1,,0.5,True,0.2,exemplar_mean,0.20466197270250933,324.7058271528465,378.83181197018354,72.87043902207043,13.895833333333334,7.895833333333333,3.4479166666666665,5.085416666666667
25,eig_code,0.0999999999999999,3.0,10.0,0.1,,0.5,True,0.2,exemplar_mean,0.2601071018740879,313.1833303426144,370.87990046027005,144.47562159733414,8.25,4.875,2.333333333333333,3.175
25,eig_code,0.3162277660168379,3.0,10.0,0.1,,0.5,True,0.2,exemplar_mean,0.20541105635952378,324.55288015506045,375.70752209944004,195.14851585605876,5.604166666666667,2.7604166666666665,1.7083333333333333,2.013541666666667
25,kl,3.162277660168379e-06,3.0,10.0,0.1,,0.5,True,0.2,exemplar_mean,0.14338661267702837,336.9819486353151,376.061528009103,15.646537312107775,79.13541666666667,76.80208333333333,53.03125,64.53958333333333
25,kl,1e-05,3.0,10.0,0.1,,0.5,True,0.2,exemplar_mean,0.1281186426370626,339.97180767799404,384.30923373045795,10.565480261018024,77.61458333333333,72.22916666666667,35.854166666666664,51.55833333333332
25,kl,3.1622776601683795e-05,3.0,10.0,0.1,,0.5,True,0.2,exemplar_mean,0.14788901345317731,336.0951852939993,387.076850338994,9.883371113190378,76.33333333333333,64.11458333333333,24.67708333333333,38.77708333333333
25,kl,0.0001,3.0,10.0,0.1,,0.5,True,0.2,exemplar_mean,0.15870321943335938,333.95567052645293,389.0040248642671,11.537475237315972,65.36458333333333,53.41666666666666,17.791666666666668,27.31145833333333
25,kl,0.0003162277660168,3.0,10.0,0.1,,0.5,True,0.2,exemplar_mean,0.20545604283227925,324.54369257695544,380.72406309040605,18.929643215845203,50.76041666666666,31.40625,10.166666666666666,18.57708333333333
25,kl,0.001,3.0,10.0,0.1,,0.5,True,0.2,exemplar_mean,0.14813826669778055,336.04602565176907,387.14019378691677,28.508131200622437,31.385416666666668,19.6875,9.15625,12.246875
25,kl,0.0031622776601683,3.0,10.0,0.1,,0.5,True,0.2,exemplar_mean,0.2390164550543671,317.61561209426645,372.383787060333,61.74120069230271,18.71875,11.03125,5.479166666666667,7.68125
25,kl,0.01,3.0,10.0,0.1,,0.5,True,0.2,exemplar_mean,0.18726920037118575,328.23702505192705,383.81889246637184,77.82276308190674,12.447916666666666,7.697916666666667,2.875,4.429166666666666
25,kl,0.0316227766016837,3.0,10.0,0.1,,0.5,True,0.2,exemplar_mean,0.20272449594111175,325.1010850835625,379.81050120864836,149.87934926110492,7.03125,4.020833333333333,2.333333333333333,2.965625
25,kl,0.0999999999999999,3.0,10.0,0.1,,0.5,True,0.2,exemplar_mean,0.22233338872007222,321.07828546610233,373.68909103112384,263.61412732003816,4.635416666666667,2.4791666666666665,1.5729166666666667,2.026041666666667
25,kl,0.3162277660168379,3.0,10.0,0.1,,0.5,True,0.2,exemplar_mean,0.14664834469655774,336.33977263735943,388.12524121996364,437.13865960679635,2.65625,2.0104166666666665,1.3645833333333333,1.4697916666666668
25,mi,3.1622776601683795e-05,3.0,10.0,0.1,,0.5,True,0.2,exemplar_mean,0.1619809882061611,333.3044747952208,374.39738117620846,10.658076967075349,79.20833333333333,71.46875,31.42708333333333,48.79166666666666
25,mi,0.0001,3.0,10.0,0.1,,0.5,True,0.2,exemplar_mean,0.17327149167284703,331.051580434075,381.7248361934734,10.358204140148478,73.83333333333333,58.51041666666666,21.447916666666668,36.14895833333333
25,mi,0.0003162277660168,3.0,10.0,0.1,,0.5,True,0.2,exemplar_mean,0.17246284838750586,331.213445668733,385.1459487630065,12.148103895419942,67.27083333333333,42.5,16.708333333333332,25.298958333333335
25,mi,0.001,3.0,10.0,0.1,,0.5,True,0.2,exemplar_mean,0.18831225723654813,328.0263281013917,380.87933404826265,18.157287534810614,49.0625,27.92708333333333,10.114583333333334,16.814583333333335
25,mi,0.0031622776601683,3.0,10.0,0.1,,0.5,True,0.2,exemplar_mean,0.19224272625935054,327.23115660371997,382.8054838588951,32.40767689461094,29.416666666666668,16.46875,7.197916666666667,9.790625
25,mi,0.01,3.0,10.0,0.1,,0.5,True,0.2,exemplar_mean,0.2172977394003495,322.11615225658267,377.2256319759536,57.78893207904607,17.53125,9.916666666666666,4.260416666666667,6.15
25,mi,0.0316227766016837,3.0,10.0,0.1,,0.5,True,0.2,exemplar_mean,0.21937132808968302,321.68918314178444,377.8543214285577,95.24223837871433,10.854166666666666,5.833333333333333,2.6875,3.5489583333333328
25,mi,0.0999999999999999,3.0,10.0,0.1,,0.5,True,0.2,exemplar_mean,0.2195484225058442,321.6526916628485,375.4186012895806,166.59429204099266,6.46875,3.583333333333333,1.9895833333333333,2.28125
25,mi,0.3162277660168379,3.0,10.0,0.1,,0.5,True,0.2,exemplar_mean,0.1528874624367849,335.1079749698897,388.60321099979143,281.23041419238047,3.5416666666666665,2.583333333333333,1.5,1.671875
25,mi,1.0,3.0,10.0,0.1,,0.5,True,0.2,exemplar_mean,0.21713300987734843,322.15004716859676,375.38060240552835,553.7207462334843,2.458333333333333,1.65625,1.21875,1.36875
25,mi,3.162277660168379,3.0,10.0,0.1,,0.5,True,0.2,exemplar_mean,0.10666782510892729,344.1285437694464,391.52038743746436,928.0971471104314,1.5729166666666667,1.3854166666666667,1.1041666666666667,1.1666666666666665
25,mi_concept,3.1622776601683795e-05,3.0,10.0,0.1,,0.5,True,0.2,exemplar_mean,0.4147101669585111,278.54777819356127,292.63008444139285,57.45071851870504,46.802083333333336,40.21875,31.67708333333333,38.91666666666667
25,mi_concept,0.0001,3.0,10.0,0.1,,0.5,True,0.2,exemplar_mean,0.1037222384701762,344.6954248565861,377.66770097815055,42.30814567140746,29.15625,28.8125,20.90625,24.414583333333333
25,mi_concept,0.0003162277660168,3.0,10.0,0.1,,0.5,True,0.2,exemplar_mean,0.17319034287476012,331.0678274718806,375.67832031397273,90.8870888249766,19.447916666666668,18.072916666666668,12.427083333333334,15.502083333333335
25,mi_concept,0.001,3.0,10.0,0.1,,0.5,True,0.2,exemplar_mean,0.03182296729536457,358.2544524908794,383.43634727620076,46.91640668074706,11.927083333333334,12.791666666666666,8.84375,9.393749999999999
25,mi_concept,0.0031622776601683,3.0,10.0,0.1,,0.5,True,0.2,exemplar_mean,0.05521420707415382,353.90026321639925,378.66641650824386,113.71063998866543,6.770833333333333,6.729166666666667,4.510416666666667,5.772916666666667
25,mi_concept,0.01,3.0,10.0,0.1,,0.5,True,0.2,exemplar_mean,0.10668640713388707,364.09457553176964,360.26577905524965,-386.98821868297796,2.708333333333333,4.010416666666667,3.3854166666666665,3.3541666666666665
25,mi_concept,0.0316227766016837,3.0,10.0,0.1,,0.5,True,0.2,exemplar_mean,0.3512570319993627,364.09457553176964,360.26577905524965,-1161.5169809419308,1.5520833333333333,2.21875,2.0,1.9906249999999996
25,mi_concept,0.0999999999999999,3.0,10.0,0.1,,0.5,True,0.2,exemplar_mean,0.28755757301359997,364.09457553176964,360.26577905524965,-2146.4932981417014,1.1875,1.4479166666666667,1.40625,1.3604166666666666
25,mi_concept,0.3162277660168379,3.0,10.0,0.1,,0.5,True,0.2,exemplar_mean,0.009952111619174798,364.09457553176964,364.33421445440035,-700.0897102512877,1.1145833333333333,1.0729166666666667,1.125,1.1541666666666666
25,mi_concept,1.0,3.0,10.0,0.1,,0.5,True,0.2,exemplar_mean,0.001009217067000474,364.09457553176964,368.55743086376515,-565.5520342911731,1.03125,1.0416666666666667,1.0416666666666667,1.0499999999999998
25,mi_concept,3.162277660168379,3.0,10.0,0.1,,0.5,True,0.2,exemplar_mean,0.0011431237367916195,364.09457553176964,372.63785516978896,-887.4583527437763,1.0,1.0104166666666667,1.0104166666666667,1.0166666666666666
25,surprisal_b,0.01,3.0,10.0,0.1,,0.5,True,0.2,exemplar_mean,0.01407266968185541,361.523607038904,367.7549791479619,21.412924804528142,73.42708333333333,70.17708333333333,72.27083333333333,73.40416666666667
25,surprisal_b,0.0251188643150957,3.0,10.0,0.1,,0.5,True,0.2,exemplar_mean,0.009417596719294936,362.3760719772668,378.4466877510521,12.414211987282341,64.52083333333333,66.3125,64.85416666666667,64.44791666666667
25,surprisal_b,0.0630957344480193,3.0,10.0,0.1,,0.5,True,0.2,exemplar_mean,0.002119932990881971,364.09457553176964,381.7118484656972,-4.703320377883015,51.94791666666666,48.41666666666666,48.90625,46.13125
25,surprisal_b,0.1584893192461114,3.0,10.0,0.1,,0.5,True,0.2,exemplar_mean,0.1355993066637489,338.5102019687877,335.8245443094926,73.01944201323097,23.89583333333333,27.14583333333333,24.041666666666668,26.74375
25,surprisal_b,0.3981071705534973,3.0,10.0,0.1,,0.5,True,0.2,exemplar_mean,0.15737231660018358,334.2197193829762,351.1720303670172,145.50602728655676,12.875,12.8125,9.708333333333334,11.647916666666667
25,surprisal_b,1.0,3.0,10.0,0.1,,0.5,True,0.2,exemplar_mean,0.0039622206117670465,364.09457553176964,375.59617134876123,-65.41702893689005,5.25,5.239583333333333,5.260416666666667,5.233333333333333
25,surprisal_b,2.511886431509582,3.0,10.0,0.1,,0.5,True,0.2,exemplar_mean,0.005264774970867021,363.1348727058237,384.0914500756662,127.68356355695846,2.958333333333333,2.6666666666666665,3.020833333333333,2.690625
25,surprisal_b,6.309573444801936,3.0,10.0,0.1,,0.5,True,0.2,exemplar_mean,0.09697012850055294,345.991370455144,342.98271766210894,1026.3409090343903,1.7291666666666667,1.53125,1.6979166666666667,1.7427083333333333
25,surprisal_b,15.848931924611142,3.0,10.0,0.1,,0.5,True,0.2,exemplar_mean,0.014186015268157683,364.09457553176964,360.37760008231817,-897.0545745986902,1.2708333333333333,1.2708333333333333,1.2604166666666667,1.2947916666666666
25,surprisal_b,39.81071705534973,3.0,10.0,0.1,,0.5,True,0.2,exemplar_mean,0.05260252626097601,354.3890706636165,368.4147182213888,2168.670009562135,1.1145833333333333,1.125,1.0729166666666667,1.1239583333333332
25,surprisal_b,100.0,3.0,10.0,0.1,,0.5,True,0.2,exemplar_mean,0.02587767557553795,364.09457553176964,360.26577905524965,-2453.5679547074874,1.0520833333333333,1.0208333333333333,1.0729166666666667,1.0385416666666667
26,eig_code,3.162277660168379e-06,3.0,10.0,0.1,,1.0,True,0.1,exemplar_mean,0.14335329500643598,336.98850196763317,365.35311240125714,127.07374916710823,80.0,79.38541666666667,77.6875,78.51041666666666
26,eig_code,1e-05,3.0,10.0,0.1,,1.0,True,0.1,exemplar_mean,0.05722897203487988,353.5227139376235,386.6971359854134,25.31112329700693,79.97916666666667,79.40625,67.04166666666667,74.55729166666666
26,eig_code,3.1622776601683795e-05,3.0,10.0,0.1,,1.0,True,0.1,exemplar_mean,0.08870137160929961,347.5718271501973,387.36649922092755,17.88433749736833,79.77083333333333,76.42708333333333,60.60416666666666,67.24166666666666
26,eig_code,0.0001,3.0,10.0,0.1,,1.0,True,0.1,exemplar_mean,0.13620178923620646,338.39221152254726,382.6477891285628,13.79730062416978,78.70833333333333,71.59375,40.333333333333336,56.575
26,eig_code,0.0003162277660168,3.0,10.0,0.1,,1.0,True,0.1,exemplar_mean,0.1463450505462792,336.3995374614839,385.2589512434508,14.201441149879193,72.39583333333333,61.78125,33.104166666666664,44.557291666666664
26,eig_code,0.001,3.0,10.0,0.1,,1.0,True,0.1,exemplar_mean,0.10883525708604241,343.71082223349055,388.81380570697104,13.851073743272387,59.1875,46.65625,25.28125,31.95520833333333
26,eig_code,0.0031622776601683,3.0,10.0,0.1,,1.0,True,0.1,exemplar_mean,0.17883968051176058,329.93484619602583,380.90826941255426,24.264503299692667,43.79166666666666,27.33333333333333,15.197916666666666,19.125
26,eig_code,0.01,3.0,10.0,0.1,,1.0,True,0.1,exemplar_mean,0.20776125077418064,324.0725517898019,374.8505954103345,39.40282127329238,28.73958333333333,15.0625,9.958333333333334,11.575
26,eig_code,0.0316227766016837,3.0,10.0,0.1,,1.0,True,0.1,exemplar_mean,0.1968423348578676,326.2981510560632,376.70765981416105,62.255433643096104,16.958333333333332,8.072916666666666,5.239583333333333,6.071875
26,eig_code,0.0999999999999999,3.0,10.0,0.1,,1.0,True,0.1,exemplar_mean,0.17446126709997473,330.81328040913274,379.93366169976156,91.3942132832441,10.197916666666666,5.625,2.7916666666666665,3.5166666666666666
26,eig_code,0.3162277660168379,3.0,10.0,0.1,,1.0,True,0.1,exemplar_mean,0.21887596094704656,321.7912348500296,374.1202731574794,158.09843196393365,6.791666666666667,3.489583333333333,1.90625,2.2958333333333334
26,kl,3.162277660168379e-06,3.0,10.0,0.1,,1.0,True,0.1,exemplar_mean,0.07878140254069968,349.45845867374845,379.52984471868405,20.578149652652524,78.66666666666667,74.26041666666667,61.19791666666666,68.04791666666667
26,kl,1e-05,3.0,10.0,0.1,,1.0,True,0.1,exemplar_mean,0.08984828266734265,347.3530407593449,386.26789967223095,12.163221633531444,76.5,73.47916666666667,46.895833333333336,58.384375
26,kl,3.1622776601683795e-05,3.0,10.0,0.1,,1.0,True,0.1,exemplar_mean,0.14081757966707156,337.4868844965369,386.0484941209803,12.90466196375766,74.25,62.270833333333336,34.729166666666664,44.23229166666667
26,kl,0.0001,3.0,10.0,0.1,,1.0,True,0.1,exemplar_mean,0.11694994025290013,342.1423789638136,388.6880546418585,14.016247714668875,59.47916666666666,44.91666666666666,24.80208333333333,30.77916666666666
26,kl,0.0003162277660168,3.0,10.0,0.1,,1.0,True,0.1,exemplar_mean,0.20230715675429042,325.18616211849286,378.4174128639913,22.503037205427415,48.29166666666666,29.98958333333333,14.875,20.558333333333334
26,kl,0.001,3.0,10.0,0.1,,1.0,True,0.1,exemplar_mean,0.22424208161989287,320.68401860855903,377.7053945011911,39.767868192114705,29.447916666666668,16.979166666666668,8.625,12.6
26,kl,0.0031622776601683,3.0,10.0,0.1,,1.0,True,0.1,exemplar_mean,0.20380259135798526,324.88120591160543,378.12781837925644,56.04881234871875,19.854166666666668,11.78125,6.59375,7.596874999999999
26,kl,0.01,3.0,10.0,0.1,,1.0,True,0.1,exemplar_mean,0.2744483549030538,310.13328135732513,348.7200172063761,117.9431687494034,10.708333333333334,6.885416666666667,3.6458333333333335,4.913541666666666
26,kl,0.0316227766016837,3.0,10.0,0.1,,1.0,True,0.1,exemplar_mean,0.3552683253574461,292.3504132757373,297.1005272649155,188.90264089842805,7.552083333333333,3.8125,2.15625,3.111458333333333
26,kl,0.0999999999999999,3.0,10.0,0.1,,1.0,True,0.1,exemplar_mean,0.23135246414776056,319.2109849724274,371.20332231209915,239.57808271210726,5.072916666666667,2.8541666666666665,1.59375,2.0020833333333337
26,kl,0.3162277660168379,3.0,10.0,0.1,,1.0,True,0.1,exemplar_mean,0.2214856256116618,321.2532474475139,373.3562008729221,534.6916080355846,2.614583333333333,1.8229166666666667,1.15625,1.5166666666666666
26,mi,3.1622776601683795e-05,3.0,10.0,0.1,,1.0,True,0.1,exemplar_mean,0.1401581855406745,337.6163646762171,383.59453739054834,13.750106601808458,79.11458333333333,69.88541666666667,44.66666666666666,55.35624999999999
26,mi,0.0001,3.0,10.0,0.1,,1.0,True,0.1,exemplar_mean,0.12043046726679454,341.4674390142237,386.5011075312981,11.535256336924567,76.77083333333333,60.9375,36.8125,44.93333333333334
26,mi,0.0003162277660168,3.0,10.0,0.1,,1.0,True,0.1,exemplar_mean,0.17757626354150588,330.1885634423038,385.8737558315476,14.055189236097952,69.17708333333333,49.69791666666666,20.96875,32.74270833333334
26,mi,0.001,3.0,10.0,0.1,,1.0,True,0.1,exemplar_mean,0.19911689377844569,325.83578194835013,381.97642333838877,20.97692855900029,49.270833333333336,28.291666666666668,15.458333333333334,20.05
26,mi,0.0031622776601683,3.0,10.0,0.1,,1.0,True,0.1,exemplar_mean,0.16578814852208293,332.5465038825404,384.6863684414353,28.47688408038977,30.71875,19.80208333333333,7.96875,11.023958333333335
26,mi,0.01,3.0,10.0,0.1,,1.0,True,0.1,exemplar_mean,0.2428516254852691,316.81424875631615,369.0352328555691,53.95575199491213,20.75,8.989583333333334,5.302083333333333,6.543750000000001
26,mi,0.0316227766016837,3.0,10.0,0.1,,1.0,True,0.1,exemplar_mean,0.22622483349428824,320.2739398802628,372.6928133659256,89.69362244118759,11.885416666666666,5.104166666666667,2.9166666666666665,3.788541666666667
26,mi,0.0999999999999999,3.0,10.0,0.1,,1.0,True,0.1,exemplar_mean,0.21022980188087315,323.56726610066875,380.61831239374834,143.52802636003594,6.75,3.8125,1.78125,2.396875
26,mi,0.3162277660168379,3.0,10.0,0.1,,1.0,True,0.1,exemplar_mean,0.2169060148147583,322.19674805839776,374.76158260871307,246.94367451963362,4.385416666666667,2.46875,1.4166666666666667,1.79375
26,mi,1.0,3.0,10.0,0.1,,1.0,True,0.1,exemplar_mean,0.17965705924997621,329.7705975924059,385.3370066489463,467.553077651784,2.583333333333333,1.8854166666666667,1.25,1.4104166666666669
26,mi,3.162277660168379,3.0,10.0,0.1,,1.0,True,0.1,exemplar_mean,0.16213909007995916,333.27303246101826,382.5292088723885,764.5100650604633,1.7916666666666667,1.4270833333333333,1.09375,1.2125
26,mi_concept,3.1622776601683795e-05,3.0,10.0,0.1,,1.0,True,0.1,exemplar_mean,0.2800004231604505,308.94440123522065,338.89231410350567,67.33692511252433,29.84375,27.885416666666668,20.27083333333333,26.35
26,mi_concept,0.0001,3.0,10.0,0.1,,1.0,True,0.1,exemplar_mean,0.36035808803339753,291.1941628300121,314.05142402714876,109.34575158026412,22.25,18.98958333333333,14.34375,17.416666666666668
26,mi_concept,0.0003162277660168,3.0,10.0,0.1,,1.0,True,0.1,exemplar_mean,0.16916211962457675,331.87333010937306,357.1864427624602,121.52197151483897,13.28125,12.989583333333334,9.072916666666666,11.513541666666667
26,mi_concept,0.001,3.0,10.0,0.1,,1.0,True,0.1,exemplar_mean,0.22035556511651608,321.4863221146848,344.48335184269627,200.91988804689313,8.979166666666666,8.208333333333334,6.114583333333333,7.313541666666666
26,mi_concept,0.0031622776601683,3.0,10.0,0.1,,1.0,True,0.1,exemplar_mean,0.1214533177384493,341.26883519803954,367.15864984517594,229.92040852875047,5.229166666666667,5.520833333333333,3.9375,4.778124999999999
26,mi_concept,0.01,3.0,10.0,0.1,,1.0,True,0.1,exemplar_mean,0.0192032499938013,364.09457553176964,360.26577905524965,-145.01829474041446,2.4375,3.520833333333333,2.614583333333333,3.0229166666666663
26,mi_concept,0.0316227766016837,3.0,10.0,0.1,,1.0,True,0.1,exemplar_mean,0.03839397815027599,364.09457553176964,366.53265513467005,-320.8108648306831,1.3645833333333333,1.9479166666666667,1.7395833333333333,1.9999999999999996
26,mi_concept,0.0999999999999999,3.0,10.0,0.1,,1.0,True,0.1,exemplar_mean,0.22182393835397374,364.09457553176964,360.26577905524965,-1596.1592746722338,1.15625,1.1354166666666667,1.34375,1.3562499999999997
26,mi_concept,0.3162277660168379,3.0,10.0,0.1,,1.0,True,0.1,exemplar_mean,0.20123405311706363,364.09457553176964,360.26577905524965,-3147.2247055734438,1.0520833333333333,1.0729166666666667,1.15625,1.1354166666666665
26,mi_concept,1.0,3.0,10.0,0.1,,1.0,True,0.1,exemplar_mean,0.09569716224484688,364.09457553176964,360.26577905524965,-4926.9370109547035,1.0,1.0520833333333333,1.03125,1.0468749999999998
26,mi_concept,3.162277660168379,3.0,10.0,0.1,,1.0,True,0.1,exemplar_mean,0.003968373044320128,364.09457553176964,380.1953595835929,-1986.146771315699,1.0,1.0,1.0208333333333333,1.0145833333333336
26,surprisal_b,0.01,3.0,10.0,0.1,,1.0,True,0.1,exemplar_mean,0.0011482992469685406,364.09457553176964,363.41992617149066,-7.984570443982725,74.67708333333333,74.05208333333333,72.96875,72.91979166666667
26,surprisal_b,0.0251188643150957,3.0,10.0,0.1,,1.0,True,0.1,exemplar_mean,0.10843852022051899,343.7873218829193,338.3402505721239,57.93447262272821,65.27083333333333,63.19791666666666,64.16666666666667,65.62395833333333
26,surprisal_b,0.0630957344480193,3.0,10.0,0.1,,1.0,True,0.1,exemplar_mean,0.05175533040558341,354.5474887877879,363.0947269603384,30.275555761070432,48.364583333333336,48.66666666666666,49.38541666666666,50.53958333333332
26,surprisal_b,0.1584893192461114,3.0,10.0,0.1,,1.0,True,0.1,exemplar_mean,0.24802835168589288,315.72934014965847,358.83519798322743,73.100304244601,31.010416666666668,32.072916666666664,27.885416666666668,29.614583333333332
26,surprisal_b,0.3981071705534973,3.0,10.0,0.1,,1.0,True,0.1,exemplar_mean,0.1370239908665923,338.23112478769997,372.8525356418323,114.97510587933512,15.697916666666666,12.864583333333334,14.072916666666666,12.614583333333332
26,surprisal_b,1.0,3.0,10.0,0.1,,1.0,True,0.1,exemplar_mean,0.11651032430879717,342.2275341188543,345.62510927781483,185.8803071209557,6.53125,5.270833333333333,6.541666666666667,5.885416666666667
26,surprisal_b,2.511886431509582,3.0,10.0,0.1,,1.0,True,0.1,exemplar_mean,0.10678472877877164,344.1060262742595,379.95775111162635,509.1771631612914,3.5416666666666665,3.083333333333333,3.177083333333333,2.9604166666666663
26,surprisal_b,6.309573444801936,3.0,10.0,0.1,,1.0,True,0.1,exemplar_mean,0.19190282300334896,327.2999985941499,341.5734306913028,993.5296692217385,1.875,1.9583333333333333,1.625,1.9364583333333336
26,surprisal_b,15.848931924611142,3.0,10.0,0.1,,1.0,True,0.1,exemplar_mean,0.023462029381252282,359.7980256936123,375.1301458257264,814.5917991970704,1.4166666666666667,1.3645833333333333,1.25,1.3375
26,surprisal_b,39.81071705534973,3.0,10.0,0.1,,1.0,True,0.1,exemplar_mean,0.33644093560820987,296.58829111662635,338.6838789849884,3902.884253358269,1.2708333333333333,1.1354166666666667,1.0729166666666667,1.1593750000000003
26,surprisal_b,100.0,3.0,10.0,0.1,,1.0,True,0.1,exemplar_mean,0.14322737961724907,337.01326741586934,345.2096524823801,6591.682474042498,1.0833333333333333,1.0416666666666667,1.0729166666666667,1.0541666666666667
27,eig_code,3.162277660168379e-06,3.0,10.0,0.1,,1.0,True,0.2,exemplar_mean,0.10494401603858693,344.46040577233015,368.1392727157575,58.11112536157026,79.84375,79.83333333333333,74.88541666666667,77.02083333333334
27,eig_code,1e-05,3.0,10.0,0.1,,1.0,True,0.2,exemplar_mean,0.10845652410035264,343.78385070509296,387.03814646407756,24.013553824293073,80.0,79.07291666666667,63.677083333333336,69.97708333333334
27,eig_code,3.1622776601683795e-05,3.0,10.0,0.1,,1.0,True,0.2,exemplar_mean,0.1373721043594559,338.16289885014135,384.17801899290447,13.816632118589665,79.47916666666667,76.39583333333333,46.44791666666666,59.41770833333332
27,eig_code,0.0001,3.0,10.0,0.1,,1.0,True,0.2,exemplar_mean,0.12574520178689255,340.4342298737039,386.82325669040057,9.542640325816675,76.16666666666667,70.42708333333333,30.291666666666668,44.79166666666667
27,eig_code,0.0003162277660168,3.0,10.0,0.1,,1.0,True,0.2,exemplar_mean,0.11222765976965073,343.055995332887,389.4598642368005,9.887389246016296,68.64583333333333,56.020833333333336,22.979166666666668,31.95208333333333
27,eig_code,0.001,3.0,10.0,0.1,,1.0,True,0.2,exemplar_mean,0.22882620136755769,319.73511943275093,376.30553467328804,16.18918805751318,60.88541666666666,34.15625,12.302083333333334,21.79895833333333
27,eig_code,0.0031622776601683,3.0,10.0,0.1,,1.0,True,0.2,exemplar_mean,0.2466361398489837,316.0214780651685,370.78326163573234,26.26517444239322,39.645833333333336,22.34375,10.604166666666666,14.194791666666669
27,eig_code,0.01,3.0,10.0,0.1,,1.0,True,0.2,exemplar_mean,0.1867098787205529,328.34995204996187,381.99353110545263,44.98055116530063,22.260416666666668,13.541666666666666,6.614583333333333,8.433333333333334
27,eig_code,0.0316227766016837,3.0,10.0,0.1,,1.0,True,0.2,exemplar_mean,0.22884885131808325,319.7304239686249,373.55889892162276,77.20289403825923,14.21875,7.114583333333333,3.8229166666666665,4.983333333333333
27,eig_code,0.0999999999999999,3.0,10.0,0.1,,1.0,True,0.2,exemplar_mean,0.12744561394444046,340.102999060888,388.9012672811247,97.21912441627133,8.145833333333334,5.21875,2.520833333333333,2.9437499999999996
27,eig_code,0.3162277660168379,3.0,10.0,0.1,,1.0,True,0.2,exemplar_mean,0.16021806341936923,333.65487377820375,387.29920076518164,194.86704699424533,4.979166666666667,3.4375,1.6354166666666667,2.003125
27,kl,3.162277660168379e-06,3.0,10.0,0.1,,1.0,True,0.2,exemplar_mean,0.11156186572930057,343.18461041768785,385.1262878077891,13.944747873422244,80.0,78.19791666666667,54.864583333333336,63.959375
27,kl,1e-05,3.0,10.0,0.1,,1.0,True,0.2,exemplar_mean,0.14420417744709163,336.8210999133303,377.2320179775243,10.666149782989278,79.09375,73.83333333333333,36.645833333333336,52.37708333333334
27,kl,3.1622776601683795e-05,3.0,10.0,0.1,,1.0,True,0.2,exemplar_mean,0.14259251956897182,337.13810604512855,388.5235334816687,10.377614479523038,75.05208333333333,63.41666666666666,26.6875,38.123958333333334
27,kl,0.0001,3.0,10.0,0.1,,1.0,True,0.2,exemplar_mean,0.19086405218442096,327.51029539213386,385.2234857629805,12.890823060495249,67.70833333333333,48.895833333333336,16.979166666666668,27.54791666666667
27,kl,0.0003162277660168,3.0,10.0,0.1,,1.0,True,0.2,exemplar_mean,0.22244473873744586,321.0552978824604,379.5181758399694,20.40471525783744,51.083333333333336,31.947916666666668,12.958333333333334,19.179166666666664
27,kl,0.001,3.0,10.0,0.1,,1.0,True,0.2,exemplar_mean,0.26016410957147723,313.1712649447131,363.89167222997247,34.64618208436768,33.458333333333336,17.052083333333332,9.59375,12.670833333333333
27,kl,0.0031622776601683,3.0,10.0,0.1,,1.0,True,0.2,exemplar_mean,0.1959210336344402,326.4852455322353,381.0685765607251,52.319883175188,19.08333333333333,10.833333333333334,6.291666666666667,7.401041666666666
27,kl,0.01,3.0,10.0,0.1,,1.0,True,0.2,exemplar_mean,0.2592029468106696,313.3746281909716,360.65937098562546,94.29513362451544,12.46875,6.947916666666667,3.6145833333333335,4.76875
27,kl,0.0316227766016837,3.0,10.0,0.1,,1.0,True,0.2,exemplar_mean,0.20766135225281618,324.0929833505284,378.2375378489778,123.20942773650347,8.333333333333334,4.614583333333333,2.1354166666666665,2.934375
27,kl,0.0999999999999999,3.0,10.0,0.1,,1.0,True,0.2,exemplar_mean,0.21040791287798652,323.53077818420365,376.0760742164061,260.33680462401793,4.322916666666667,2.8854166666666665,1.59375,2.01875
27,kl,0.3162277660168379,3.0,10.0,0.1,,1.0,True,0.2,exemplar_mean,0.29705603897266736,305.26327609687064,344.6030267991004,550.5379080188391,2.7916666666666665,2.09375,1.21875,1.603125
27,mi,3.1622776601683795e-05,3.0,10.0,0.1,,1.0,True,0.2,exemplar_mean,0.12140765984052075,341.2777029198806,384.1703619690274,9.268205820021702,78.38541666666667,72.85416666666667,33.635416666666664,48.915625
27,mi,0.0001,3.0,10.0,0.1,,1.0,True,0.2,exemplar_mean,0.171051482597979,331.4957678462211,386.23491293828465,10.575257120829335,76.34375,63.09375,23.885416666666668,35.075
27,mi,0.0003162277660168,3.0,10.0,0.1,,1.0,True,0.2,exemplar_mean,0.22858578776252936,319.7849542967144,372.0831542816677,13.974752912164048,67.19791666666667,44.0625,15.666666666666666,25.422916666666666
27,mi,0.001,3.0,10.0,0.1,,1.0,True,0.2,exemplar_mean,0.20176513773799537,325.2966226512814,379.5569519717201,16.707977314926172,54.07291666666666,29.03125,10.072916666666666,16.080208333333335
27,mi,0.0031622776601683,3.0,10.0,0.1,,1.0,True,0.2,exemplar_mean,0.21756620389745054,322.0609050880456,376.96698735752915,32.56721258925978,29.729166666666668,16.333333333333332,7.4375,10.442708333333332
27,mi,0.01,3.0,10.0,0.1,,1.0,True,0.2,exemplar_mean,0.2255337053568809,320.4169406744225,376.5600012816115,55.52057571095682,18.572916666666668,10.09375,4.833333333333333,6.08125
27,mi,0.0316227766016837,3.0,10.0,0.1,,1.0,True,0.2,exemplar_mean,0.20462931025493158,324.7124944929012,375.123999840309,88.34962244668347,11.385416666666666,5.416666666666667,2.96875,3.65
27,mi,0.0999999999999999,3.0,10.0,0.1,,1.0,True,0.2,exemplar_mean,0.20747072915413814,324.1319666145595,380.01190984385386,147.74892801633035,6.708333333333333,4.197916666666667,1.5729166666666667,2.40625
27,mi,0.3162277660168379,3.0,10.0,0.1,,1.0,True,0.2,exemplar_mean,0.1770783521400805,330.28849962310323,386.48374186165086,258.26906175914786,3.9479166666666665,2.645833333333333,1.4583333333333333,1.6885416666666668
27,mi,1.0,3.0,10.0,0.1,,1.0,True,0.2,exemplar_mean,0.17227890597813747,331.25025417573363,389.9519739774868,502.09236225434285,2.270833333333333,2.020833333333333,1.1458333333333333,1.3510416666666667
27,mi,3.162277660168379,3.0,10.0,0.1,,1.0,True,0.2,exemplar_mean,0.1241976961470861,340.7353954875927,392.0196149286767,848.0510333561831,1.6458333333333333,1.4583333333333333,1.0208333333333333,1.1666666666666665
27,mi_concept,3.1622776601683795e-05,3.0,10.0,0.1,,1.0,True,0.2,exemplar_mean,0.4620134648196733,267.0545069481112,289.9184663369169,66.77635549894836,44.395833333333336,44.083333333333336,32.4375,39.32395833333334
27,mi_concept,0.0001,3.0,10.0,0.1,,1.0,True,0.2,exemplar_mean,0.28195324978390385,308.5251478676902,339.3415590638601,77.80401788934182,29.77083333333333,26.90625,20.135416666666668,24.717708333333334
27,mi_concept,0.0003162277660168,3.0,10.0,0.1,,1.0,True,0.2,exemplar_mean,0.13812263758035445,338.0157567738943,370.6382493812874,80.39513868028295,18.52083333333333,17.729166666666668,14.145833333333334,15.521875
27,mi_concept,0.001,3.0,10.0,0.1,,1.0,True,0.2,exemplar_mean,0.11341427545344959,342.82665064420286,372.12310912155897,93.78354240049102,11.604166666666666,11.552083333333334,8.104166666666666,9.642708333333335
27,mi_concept,0.0031622776601683,3.0,10.0,0.1,,1.0,True,0.2,exemplar_mean,9.272275478044993e-05,364.09457553176964,367.03286307051064,-5.460480586855069,5.520833333333333,6.46875,5.1875,5.694791666666666
27,mi_concept,0.01,3.0,10.0,0.1,,1.0,True,0.2,exemplar_mean,0.170063242920717,364.09457553176964,360.26577905524965,-406.8694437448695,2.583333333333333,3.302083333333333,2.6875,3.2666666666666666
27,mi_concept,0.0316227766016837,3.0,10.0,0.1,,1.0,True,0.2,exemplar_mean,0.20709594026172018,364.09457553176964,360.26577905524965,-940.0719110485948,1.5520833333333333,1.9166666666666667,2.1041666666666665,1.9614583333333333
27,mi_concept,0.0999999999999999,3.0,10.0,0.1,,1.0,True,0.2,exemplar_mean,0.06388540997822094,364.09457553176964,383.31165737954313,-1096.7718446267602,1.1979166666666667,1.3854166666666667,1.3958333333333333,1.421875
27,mi_concept,0.3162277660168379,3.0,10.0,0.1,,1.0,True,0.2,exemplar_mean,0.12843379280081701,364.09457553176964,360.26577905524965,-2558.8686177501077,1.0416666666666667,1.0520833333333333,1.1666666666666667,1.1250000000000002
27,mi_concept,1.0,3.0,10.0,0.1,,1.0,True,0.2,exemplar_mean,0.004689471264676906,363.23986679645185,382.49804832332705,916.4900618430083,1.0208333333333333,1.0208333333333333,1.0520833333333333,1.0572916666666667
27,mi_concept,3.162277660168379,3.0,10.0,0.1,,1.0,True,0.2,exemplar_mean,0.03173405506165317,364.09457553176964,360.26577905524965,-5467.2572289394975,1.0,1.0104166666666667,1.0104166666666667,1.0166666666666668
27,surprisal_b,0.01,3.0,10.0,0.1,,1.0,True,0.2,exemplar_mean,0.043438964288910746,364.09457553176964,360.26577905524965,-53.18781723445798,71.89583333333333,72.59375,73.45833333333333,72.63854166666667
27,surprisal_b,0.0251188643150957,3.0,10.0,0.1,,1.0,True,0.2,exemplar_mean,0.0412541552766955,356.5052715119448,368.1872823152579,38.01044077051719,63.927083333333336,67.03125,63.833333333333336,64.45
27,surprisal_b,0.0630957344480193,3.0,10.0,0.1,,1.0,True,0.2,exemplar_mean,0.02594853176560111,359.33966724078823,383.0923640001223,19.770558540568537,48.083333333333336,45.44791666666666,45.16666666666666,47.35937499999999
27,surprisal_b,0.1584893192461114,3.0,10.0,0.1,,1.0,True,0.2,exemplar_mean,0.05522988413639031,364.09457553176964,360.26577905524965,-40.39940380649736,26.55208333333333,26.52083333333333,24.58333333333333,26.09166666666666
27,surprisal_b,0.3981071705534973,3.0,10.0,0.1,,1.0,True,0.2,exemplar_mean,0.11819693068492805,341.9007171256883,380.8951843607077,130.17025848994874,13.947916666666666,11.729166666666666,11.895833333333334,11.980208333333334
27,surprisal_b,1.0,3.0,10.0,0.1,,1.0,True,0.2,exemplar_mean,0.0010902414807962004,364.09457553176964,364.7353871248701,-27.282634623622062,5.447916666666667,5.270833333333333,4.635416666666667,5.690625
27,surprisal_b,2.511886431509582,3.0,10.0,0.1,,1.0,True,0.2,exemplar_mean,0.06861963151756226,351.38057443599774,362.44735010584566,345.5673157256312,2.6979166666666665,2.7916666666666665,2.895833333333333,2.7447916666666665
27,surprisal_b,6.309573444801936,3.0,10.0,0.1,,1.0,True,0.2,exemplar_mean,0.2643752145412352,312.27871628818735,340.175394547571,1627.9839229959323,1.9895833333333333,1.8229166666666667,1.625,1.765625
27,surprisal_b,15.848931924611142,3.0,10.0,0.1,,1.0,True,0.2,exemplar_mean,0.012055580922273908,361.89323499521714,377.5617023220658,474.48872713234937,1.3333333333333333,1.5208333333333333,1.3229166666666667,1.3249999999999997
27,surprisal_b,39.81071705534973,3.0,10.0,0.1,,1.0,True,0.2,exemplar_mean,0.002330173095005885,363.6701264356251,385.8148452557968,342.2807505717155,1.2395833333333333,1.2083333333333333,1.1041666666666667,1.0947916666666668
27,surprisal_b,100.0,3.0,10.0,0.1,,1.0,True,0.2,exemplar_mean,0.006936509434842809,364.09457553176964,362.7314101258483,-1564.9409692153113,1.0416666666666667,1.0625,1.03125,1.0479166666666666
28,eig_code,3.162277660168379e-06,3.0,10.0,1.0,,0.5,True,0.1,exemplar_mean,0.05250386075719722,354.40752388247955,383.7036065009973,11.277175988277964,79.91666666666667,77.41666666666667,58.6875,67.99687500000002
28,eig_code,1e-05,3.0,10.0,1.0,,0.5,True,0.1,exemplar_mean,0.04334598796140094,356.1161399164,385.78152669733214,9.451099560534479,78.89583333333333,75.10416666666667,53.145833333333336,61.93645833333333
28,eig_code,3.1622776601683795e-05,3.0,10.0,1.0,,0.5,True,0.1,exemplar_mean,0.07286586827026394,350.57867349656794,387.5074969331575,8.276432246825332,78.80208333333333,71.36458333333333,41.53125,50.46041666666666
28,eig_code,0.0001,3.0,10.0,1.0,,0.5,True,0.1,exemplar_mean,0.16472861489710267,332.757620755842,375.34000679073296,12.143080233261772,72.8125,59.5625,25.86458333333333,42.040625000000006
28,eig_code,0.0003162277660168,3.0,10.0,1.0,,0.5,True,0.1,exemplar_mean,0.13206574229430254,339.2013904786427,387.80888497045873,10.328460057389906,71.72916666666667,49.13541666666666,21.416666666666668,29.93333333333333
28,eig_code,0.001,3.0,10.0,1.0,,0.5,True,0.1,exemplar_mean,0.1532661215063137,335.03307001235913,390.58199938422473,17.36382718476066,48.91666666666666,29.42708333333333,17.010416666666668,20.663541666666667
28,eig_code,0.0031622776601683,3.0,10.0,1.0,,0.5,True,0.1,exemplar_mean,0.22785696294773947,319.9359835248906,372.5557114675785,29.89621338745097,35.416666666666664,17.385416666666668,9.28125,12.087499999999999
28,eig_code,0.01,3.0,10.0,1.0,,0.5,True,0.1,exemplar_mean,0.18979602055556333,327.7263752753582,381.5146563438308,56.16282558048274,18.5625,11.364583333333334,5.677083333333333,7.017708333333333
28,eig_code,0.0316227766016837,3.0,10.0,1.0,,0.5,True,0.1,exemplar_mean,0.2582618211536052,313.5736241853522,363.31349099697684,93.58409168906319,12.645833333333334,5.84375,3.3229166666666665,4.253125
28,eig_code,0.0999999999999999,3.0,10.0,1.0,,0.5,True,0.1,exemplar_mean,0.24490107677183653,316.3851813727824,368.30108540635996,135.80244425977034,8.0,4.604166666666667,1.90625,2.7749999999999995
28,eig_code,0.3162277660168379,3.0,10.0,1.0,,0.5,True,0.1,exemplar_mean,0.23482784540350962,318.4885233374821,374.4410666085976,213.75371120217716,5.28125,2.5729166666666665,1.6770833333333333,1.9385416666666668
28,kl,3.162277660168379e-06,3.0,10.0,1.0,,0.5,True,0.1,exemplar_mean,0.10551351579611878,344.35080294555735,383.69523930287687,11.023202921364557,79.39583333333333,73.41666666666667,44.96875,56.936458333333334
28,kl,1e-05,3.0,10.0,1.0,,0.5,True,0.1,exemplar_mean,0.09449198644653432,346.46578905241205,387.95253172458325,8.373540232853328,77.45833333333333,67.38541666666667,29.1875,45.41979166666666
28,kl,3.1622776601683795e-05,3.0,10.0,1.0,,0.5,True,0.1,exemplar_mean,0.1528936194307036,335.10675714969375,387.5081714994916,12.417833615107122,75.4375,49.520833333333336,25.09375,33.878125
28,kl,0.0001,3.0,10.0,1.0,,0.5,True,0.1,exemplar_mean,0.1508739540351993,335.5059989741579,385.93119805662457,13.535058292149651,60.96875,36.78125,17.84375,23.95208333333333
28,kl,0.0003162277660168,3.0,10.0,1.0,,0.5,True,0.1,exemplar_mean,0.21797833944060618,321.976073483077,377.0921653267238,20.833066480599065,48.552083333333336,26.072916666666668,11.760416666666666,15.428124999999998
28,kl,0.001,3.0,10.0,1.0,,0.5,True,0.1,exemplar_mean,0.15602677142607888,334.48646135826226,386.93950165568305,31.835337140174378,27.291666666666668,17.645833333333332,8.125,10.419791666666667
28,kl,0.0031622776601683,3.0,10.0,1.0,,0.5,True,0.1,exemplar_mean,0.21291049196786666,323.01766265323414,378.1377078891881,55.942809689556334,18.27083333333333,10.854166666666666,4.958333333333333,6.2749999999999995
28,kl,0.01,3.0,10.0,1.0,,0.5,True,0.1,exemplar_mean,0.21545882245971798,322.49432756444986,378.91350818561887,99.48530578658395,10.572916666666666,6.864583333333333,3.0625,4.205208333333333
28,kl,0.0316227766016837,3.0,10.0,1.0,,0.5,True,0.1,exemplar_mean,0.2536477023233444,314.5474333088383,366.01282942595225,159.48619571976252,7.416666666666667,3.53125,1.9375,2.565625
28,kl,0.0999999999999999,3.0,10.0,1.0,,0.5,True,0.1,exemplar_mean,0.22820963187889626,319.86291133324295,370.45292606175246,304.8027892717559,3.65625,2.7604166666666665,1.3333333333333333,1.8802083333333333
28,kl,0.3162277660168379,3.0,10.0,1.0,,0.5,True,0.1,exemplar_mean,0.11493298512870764,342.532896021017,390.96659110172993,469.57371996307955,2.114583333333333,1.8020833333333333,1.3229166666666667,1.3395833333333333
28,mi,3.1622776601683795e-05,3.0,10.0,1.0,,0.5,True,0.1,exemplar_mean,0.06535275500649432,351.99627997760933,384.39446682995293,6.502306601635393,79.05208333333333,67.19791666666667,31.73958333333333,47.391666666666666
28,mi,0.0001,3.0,10.0,1.0,,0.5,True,0.1,exemplar_mean,0.10718359715260248,344.029186825992,388.3648674190094,7.8699077717586805,73.79166666666667,59.833333333333336,19.70833333333333,34.70104166666667
28,mi,0.0003162277660168,3.0,10.0,1.0,,0.5,True,0.1,exemplar_mean,0.18620608232098446,328.45163526820073,383.4360922277014,12.699872822001389,68.0625,46.375,16.333333333333332,27.54479166666667
28,mi,0.001,3.0,10.0,1.0,,0.5,True,0.1,exemplar_mean,0.1761589044960191,330.47296323819006,380.12184707307654,15.895528118464146,48.94791666666666,30.697916666666668,9.395833333333334,18.471875
28,mi,0.0031622776601683,3.0,10.0,1.0,,0.5,True,0.1,exemplar_mean,0.1999192731922842,325.6725187719792,377.758994124789,28.260455375121822,33.979166666666664,17.71875,6.260416666666667,10.616666666666667
28,mi,0.01,3.0,10.0,1.0,,0.5,True,0.1,exemplar_mean,0.29022629802206934,306.74264683261737,339.0246431470742,69.3168725166928,18.03125,9.229166666666666,4.90625,6.548958333333334
28,mi,0.0316227766016837,3.0,10.0,1.0,,0.5,True,0.1,exemplar_mean,0.25380877671853314,314.5134893713485,369.03244996069213,97.71718041874632,11.34375,5.427083333333333,2.78125,3.5968749999999994
28,mi,0.0999999999999999,3.0,10.0,1.0,,0.5,True,0.1,exemplar_mean,0.2362464148539203,318.1931599472132,374.07516388054955,140.02702932159661,7.614583333333333,3.75,1.75,2.3833333333333333
28,mi,0.3162277660168379,3.0,10.0,1.0,,0.5,True,0.1,exemplar_mean,0.14630739917339514,336.40695601201986,390.92745607893494,213.14007500960898,4.072916666666667,3.052083333333333,1.4895833333333333,1.765625
28,mi,1.0,3.0,10.0,1.0,,0.5,True,0.1,exemplar_mean,0.18377667570200237,328.94153075967404,388.2864027239085,465.092729694031,2.614583333333333,2.0104166666666665,1.21875,1.4677083333333332
28,mi,3.162277660168379,3.0,10.0,1.0,,0.5,True,0.1,exemplar_mean,0.05847623818239856,353.2887850012783,384.9246670675856,535.0465075815781,1.6145833333333333,1.5208333333333333,1.0729166666666667,1.2364583333333334
28,mi_concept,3.1622776601683795e-05,3.0,10.0,1.0,,0.5,True,0.1,exemplar_mean,0.12785554729178528,340.02309805870283,386.7732890664455,89.88139518973315,15.6875,14.395833333333334,9.916666666666666,11.685416666666669
28,mi_concept,0.0001,3.0,10.0,1.0,,0.5,True,0.1,exemplar_mean,0.16312792818972074,333.07631104635374,380.1883037078442,157.07129491015402,10.697916666666666,9.479166666666666,7.416666666666667,8.013541666666667
28,mi_concept,0.0003162277660168,3.0,10.0,1.0,,0.5,True,0.1,exemplar_mean,0.208913189586735,323.8368604964817,380.93046958357735,186.3819142781135,8.708333333333334,6.6875,4.854166666666667,5.398958333333333
28,mi_concept,0.001,3.0,10.0,1.0,,0.5,True,0.1,exemplar_mean,0.17885523200855652,329.93172195531724,384.642780207944,209.49096723144183,6.177083333333333,4.677083333333333,3.1979166666666665,3.6885416666666666
28,mi_concept,0.0031622776601683,3.0,10.0,1.0,,0.5,True,0.1,exemplar_mean,0.16746180902458752,332.21274610468015,386.07126856234663,332.59687150559085,3.9895833333333335,3.4166666666666665,2.458333333333333,2.7114583333333333
28,mi_concept,0.01,3.0,10.0,1.0,,0.5,True,0.1,exemplar_mean,0.1174303095528725,342.04930550148987,389.8811712731067,405.4936704023948,2.9375,2.2916666666666665,1.7604166666666667,1.8989583333333333
28,mi_concept,0.0316227766016837,3.0,10.0,1.0,,0.5,True,0.1,exemplar_mean,0.056663499314080545,353.62871925488565,379.6767500206074,447.8464465630623,1.7916666666666667,1.7916666666666667,1.3333333333333333,1.5447916666666668
28,mi_concept,0.0999999999999999,3.0,10.0,1.0,,0.5,True,0.1,exemplar_mean,0.006186919490678662,364.09457553176964,364.97530931585436,-314.0947851705706,1.34375,1.3645833333333333,1.1458333333333333,1.2364583333333332
28,mi_concept,0.3162277660168379,3.0,10.0,1.0,,0.5,True,0.1,exemplar_mean,0.0021214577458401186,363.70816485574153,367.2430232365806,517.8633862266227,1.1458333333333333,1.1979166666666667,1.0833333333333333,1.1145833333333333
28,mi_concept,1.0,3.0,10.0,1.0,,0.5,True,0.1,exemplar_mean,0.02921644494042515,364.09457553176964,360.80807462511206,-3506.819691178438,1.0520833333333333,1.03125,1.0729166666666667,1.0416666666666665
28,mi_concept,3.162277660168379,3.0,10.0,1.0,,0.5,True,0.1,exemplar_mean,0.0009352171235524556,363.9242819662767,374.8630248059532,784.8457476795584,1.0104166666666667,1.0,1.0,1.01875
28,surprisal_b,0.01,3.0,10.0,1.0,,0.5,True,0.1,exemplar_mean,0.002249188743311883,363.68488632460725,374.82335082236085,10.635134851165981,73.85416666666667,75.53125,77.17708333333333,75.23541666666668
28,surprisal_b,0.0251188643150957,3.0,10.0,1.0,,0.5,True,0.1,exemplar_mean,0.001519727546091985,364.09457553176964,364.92807843406314,-5.980658940367236,72.84375,66.9375,69.94791666666667,68.25625
28,surprisal_b,0.0630957344480193,3.0,10.0,1.0,,0.5,True,0.1,exemplar_mean,0.0008179445477835462,364.09457553176964,361.07370998220864,-4.421516538245738,55.270833333333336,56.71875,51.177083333333336,56.221875
28,surprisal_b,0.1584893192461114,3.0,10.0,1.0,,0.5,True,0.1,exemplar_mean,0.39115941471362564,364.09457553176964,360.26577905524965,-98.88764916835825,30.21875,37.51041666666666,37.21875,34.938541666666666
28,surprisal_b,0.3981071705534973,3.0,10.0,1.0,,0.5,True,0.1,exemplar_mean,0.15401405752890393,334.8850668032748,335.91252056979704,111.58649168272612,19.635416666666668,16.270833333333332,18.34375,17.584375
28,surprisal_b,1.0,3.0,10.0,1.0,,0.5,True,0.1,exemplar_mean,0.11041149476861005,343.4067203664098,339.65241635698214,203.34368221318738,7.3125,6.96875,7.395833333333333,7.709375000000001
28,surprisal_b,2.511886431509582,3.0,10.0,1.0,,0.5,True,0.1,exemplar_mean,0.0643362965170739,364.09457553176964,360.26577905524965,-322.9652769023665,3.7916666666666665,3.4791666666666665,3.8645833333333335,3.575
28,surprisal_b,6.309573444801936,3.0,10.0,1.0,,0.5,True,0.1,exemplar_mean,0.26692019918375504,311.7380649101652,338.0344924834889,1878.9112447482717,2.270833333333333,1.9166666666666667,2.0104166666666665,2.078125
28,surprisal_b,15.848931924611142,3.0,10.0,1.0,,0.5,True,0.1,exemplar_mean,0.0018831483788110932,363.75159192860156,365.8679090598334,255.74850797129935,1.4270833333333333,1.46875,1.3333333333333333,1.4041666666666668
28,surprisal_b,39.81071705534973,3.0,10.0,1.0,,0.5,True,0.1,exemplar_mean,0.017491120472405038,360.89631751541515,385.26940034973796,1050.4723281904826,1.1875,1.1354166666666667,1.1041666666666667,1.1760416666666664
28,surprisal_b,100.0,3.0,10.0,1.0,,0.5,True,0.1,exemplar_mean,0.003087513993096629,364.09457553176964,366.7617281716957,-925.0411944195977,1.0833333333333333,1.0729166666666667,1.0520833333333333,1.0604166666666666
29,eig_code,3.162277660168379e-06,3.0,10.0,1.0,,0.5,True,0.2,exemplar_mean,0.07104679185071704,350.92243006307734,382.14668091904156,8.519323657036285,80.0,79.36458333333333,48.28125,61.423958333333324
29,eig_code,1e-05,3.0,10.0,1.0,,0.5,True,0.2,exemplar_mean,0.07567873906408636,350.04645190006465,385.5041974730467,6.312323740210217,79.98958333333333,76.95833333333333,32.604166666666664,48.889583333333334
29,eig_code,3.1622776601683795e-05,3.0,10.0,1.0,,0.5,True,0.2,exemplar_mean,0.09445993240795832,346.47192126180227,388.3707156616291,6.567270202748988,79.875,72.0625,25.0,38.86770833333334
29,eig_code,0.0001,3.0,10.0,1.0,,0.5,True,0.2,exemplar_mean,0.1195059951931404,341.6468416623916,388.40245574061237,7.656726723333462,74.79166666666667,61.28125,18.197916666666668,30.447916666666668
29,eig_code,0.0003162277660168,3.0,10.0,1.0,,0.5,True,0.2,exemplar_mean,0.16039923062247916,333.618881946218,386.02095643724414,10.888164484293227,67.89583333333333,43.145833333333336,13.09375,23.336458333333333
29,eig_code,0.001,3.0,10.0,1.0,,0.5,True,0.2,exemplar_mean,0.1667324131134385,332.35824187344735,384.62936563954224,17.301055664882828,49.09375,27.75,10.625,15.096874999999997
29,eig_code,0.0031622776601683,3.0,10.0,1.0,,0.5,True,0.2,exemplar_mean,0.20393360767773278,324.8544747952579,379.9259988116937,31.58323349367168,30.1875,16.15625,7.5,10.276041666666668
29,eig_code,0.01,3.0,10.0,1.0,,0.5,True,0.2,exemplar_mean,0.22233593127676946,321.07776058796014,375.51652941443433,50.07392907973693,20.27083333333333,10.697916666666666,4.822916666666667,6.122916666666667
29,eig_code,0.0316227766016837,3.0,10.0,1.0,,0.5,True,0.2,exemplar_mean,0.22052086980515567,321.4522386201896,373.45382151931796,96.76870220890686,11.15625,5.708333333333333,3.34375,3.98125
29,eig_code,0.0999999999999999,3.0,10.0,1.0,,0.5,True,0.2,exemplar_mean,0.18908168570108727,327.87081716897706,378.59129526330725,145.2239619796006,7.0,3.5729166666666665,2.1666666666666665,2.5083333333333333
29,eig_code,0.3162277660168379,3.0,10.0,1.0,,0.5,True,0.2,exemplar_mean,0.20432240575145352,324.77513579755197,379.13159398349933,245.77558302613872,4.395833333333333,2.770833333333333,1.3125,1.81875
29,kl,3.162277660168379e-06,3.0,10.0,1.0,,0.5,True,0.2,exemplar_mean,0.10441888658939326,344.561438435465,385.73304635675515,6.9819047480512495,79.63541666666667,77.13541666666667,26.854166666666668,45.153124999999996
29,kl,1e-05,3.0,10.0,1.0,,0.5,True,0.2,exemplar_mean,0.10553171781051053,344.3472993095223,387.52213893113407,6.890890610974688,78.73958333333333,69.8125,24.0625,37.109375
29,kl,3.1622776601683795e-05,3.0,10.0,1.0,,0.5,True,0.2,exemplar_mean,0.17920312084890058,329.8618245826709,381.966077501853,9.796084003267506,75.88541666666667,52.88541666666666,16.802083333333332,30.790625
29,kl,0.0001,3.0,10.0,1.0,,0.5,True,0.2,exemplar_mean,0.19595593140263542,326.4781605750854,381.8299396781331,12.421739564513745,64.52083333333333,40.44791666666666,11.822916666666666,21.53541666666667
29,kl,0.0003162277660168,3.0,10.0,1.0,,0.5,True,0.2,exemplar_mean,0.18315837434693677,329.06609623455194,383.62734942058506,17.376124091503375,49.489583333333336,29.15625,10.75,15.192708333333334
29,kl,0.001,3.0,10.0,1.0,,0.5,True,0.2,exemplar_mean,0.24160698557792876,317.0745397063771,374.7228634287298,37.249167067734355,28.84375,15.8125,7.208333333333333,10.444791666666667
29,kl,0.0031622776601683,3.0,10.0,1.0,,0.5,True,0.2,exemplar_mean,0.22474005204101546,320.58107619104464,373.02015538809485,60.807490393396485,18.229166666666668,9.59375,4.635416666666667,6.661458333333333
29,kl,0.01,3.0,10.0,1.0,,0.5,True,0.2,exemplar_mean,0.1692066597679895,331.86443434030707,378.6199579229381,77.25879520422615,12.197916666666666,6.052083333333333,3.458333333333333,4.010416666666666
29,kl,0.0316227766016837,3.0,10.0,1.0,,0.5,True,0.2,exemplar_mean,0.1902664972360209,327.63120787842985,382.39721487688075,140.9985138738447,7.177083333333333,4.135416666666667,2.1875,2.7208333333333337
29,kl,0.0999999999999999,3.0,10.0,1.0,,0.5,True,0.2,exemplar_mean,0.11264720390233035,342.9749249211289,389.5462888952355,194.40519177676123,4.104166666666667,2.989583333333333,1.6875,1.834375
29,kl,0.3162277660168379,3.0,10.0,1.0,,0.5,True,0.2,exemplar_mean,0.09278683985212141,346.7918475154249,389.38000481110964,537.0857563323609,2.0416666666666665,1.6875,1.28125,1.4041666666666663
29,mi,3.1622776601683795e-05,3.0,10.0,1.0,,0.5,True,0.2,exemplar_mean,0.10390602744357606,344.66008175816745,387.52199907167017,6.347508040959246,79.41666666666667,71.0625,21.697916666666668,35.844791666666666
29,mi,0.0001,3.0,10.0,1.0,,0.5,True,0.2,exemplar_mean,0.12967014214215022,339.66918568110793,387.78693533435455,7.3581440262568885,74.66666666666667,63.03125,14.5,28.430208333333333
29,mi,0.0003162277660168,3.0,10.0,1.0,,0.5,True,0.2,exemplar_mean,0.14481832455202642,336.7002212976442,387.49950266688296,10.236308215485028,69.28125,41.3125,10.0625,19.742708333333333
29,mi,0.001,3.0,10.0,1.0,,0.5,True,0.2,exemplar_mean,0.22561354480189863,320.4004244165583,377.62214191615175,17.964056365300205,50.16666666666666,25.916666666666668,8.364583333333334,14.377083333333331
29,mi,0.0031622776601683,3.0,10.0,1.0,,0.5,True,0.2,exemplar_mean,0.19413147591016228,326.8483563050341,379.7419667972868,31.87826879927579,29.46875,14.84375,6.3125,9.102083333333333
29,mi,0.01,3.0,10.0,1.0,,0.5,True,0.2,exemplar_mean,0.1622690948740681,333.24717567961693,387.1279714481592,48.89584100474156,16.0,10.614583333333334,3.6354166666666665,5.596874999999999
29,mi,0.0316227766016837,3.0,10.0,1.0,,0.5,True,0.2,exemplar_mean,0.22673608004998963,320.168117148443,376.82836602823096,90.76316227505353,11.197916666666666,5.822916666666667,2.5416666666666665,3.532291666666667
29,mi,0.0999999999999999,3.0,10.0,1.0,,0.5,True,0.2,exemplar_mean,0.19704094939888261,326.2578030849154,381.7018739567263,161.85202901652437,6.114583333333333,3.8645833333333335,1.625,2.40625
29,mi,0.3162277660168379,3.0,10.0,1.0,,0.5,True,0.2,exemplar_mean,0.23124878804475732,319.23251202711197,369.7502139994473,293.04304338070364,4.0,2.708333333333333,1.3333333333333333,1.7677083333333332
29,mi,1.0,3.0,10.0,1.0,,0.5,True,0.2,exemplar_mean,0.09185547649408116,346.9698136095787,391.5696303807321,400.3874976760847,2.3125,1.8333333333333333,1.15625,1.321875
29,mi,3.162277660168379,3.0,10.0,1.0,,0.5,True,0.2,exemplar_mean,0.20003841696813532,325.64826915758016,385.67148320225203,1032.398120778896,1.7291666666666667,1.4166666666666667,1.0520833333333333,1.2354166666666668
29,mi_concept,3.1622776601683795e-05,3.0,10.0,1.0,,0.5,True,0.2,exemplar_mean,0.13707628229173321,338.2208771937404,384.9736333886379,76.19684319022525,23.104166666666668,20.45833333333333,16.229166666666668,18.236458333333335
29,mi_concept,0.0001,3.0,10.0,1.0,,0.5,True,0.2,exemplar_mean,0.059006127174262055,353.18935565457485,386.9941613975128,63.59160024251671,15.40625,14.947916666666666,10.520833333333334,12.038541666666667
29,mi_concept,0.0003162277660168,3.0,10.0,1.0,,0.5,True,0.2,exemplar_mean,0.06691464210840012,351.7020468709022,392.42320738972063,100.55970168078409,10.614583333333334,10.40625,7.1875,8.209375
29,mi_concept,0.001,3.0,10.0,1.0,,0.5,True,0.2,exemplar_mean,0.08337402320491605,348.58627945396944,385.89243215046014,159.57665168236502,7.46875,6.0625,5.072916666666667,5.460416666666666
29,mi_concept,0.0031622776601683,3.0,10.0,1.0,,0.5,True,0.2,exemplar_mean,0.1431338462373226,337.03166268724533,385.7492673994578,306.3338242476232,5.0,3.9479166666666665,3.1354166666666665,3.6635416666666663
29,mi_concept,0.01,3.0,10.0,1.0,,0.5,True,0.2,exemplar_mean,0.061685981896208775,352.6860734163481,376.5576827212677,312.026631394411,2.927083333333333,3.03125,2.177083333333333,2.5135416666666663
29,mi_concept,0.0316227766016837,3.0,10.0,1.0,,0.5,True,0.2,exemplar_mean,0.14914151248773114,335.84808503060964,382.09949301119025,715.0853320745416,2.28125,2.0104166666666665,1.4479166666666667,1.7135416666666667
29,mi_concept,0.0999999999999999,3.0,10.0,1.0,,0.5,True,0.2,exemplar_mean,0.0986633047092379,345.6668522761255,384.25929358345445,1205.9435884514105,1.4791666666666667,1.46875,1.2604166666666667,1.3125000000000002
29,mi_concept,0.3162277660168379,3.0,10.0,1.0,,0.5,True,0.2,exemplar_mean,0.026528585699556715,359.23265676189953,365.97371410244506,1196.0120972310174,1.1041666666666667,1.0833333333333333,1.0520833333333333,1.1260416666666668
29,mi_concept,1.0,3.0,10.0,1.0,,0.5,True,0.2,exemplar_mean,0.024282407945226226,359.64686280238453,363.62813917821074,2006.977952600957,1.03125,1.0416666666666667,1.0,1.0447916666666668
29,mi_concept,3.162277660168379,3.0,10.0,1.0,,0.5,True,0.2,exemplar_mean,0.02993849645472464,358.6029382793376,382.5881378897215,5211.065197555553,1.0208333333333333,1.03125,1.0,1.0135416666666666
29,surprisal_b,0.01,3.0,10.0,1.0,,0.5,True,0.2,exemplar_mean,4.658758336215803e-06,364.0937274164624,373.8868711018492,0.4343476543883203,76.41666666666667,73.26041666666667,73.75,73.82708333333332
29,surprisal_b,0.0251188643150957,3.0,10.0,1.0,,0.5,True,0.2,exemplar_mean,0.000576013524797029,363.9896987270739,371.1717241791795,4.785158637559685,65.875,68.02083333333333,62.76041666666666,66.10416666666667
29,surprisal_b,0.0630957344480193,3.0,10.0,1.0,,0.5,True,0.2,exemplar_mean,0.19440603582335533,364.09457553176964,360.26577905524965,-49.27746318804623,42.958333333333336,57.01041666666666,49.47916666666666,49.77604166666667
29,surprisal_b,0.1584893192461114,3.0,10.0,1.0,,0.5,True,0.2,exemplar_mean,0.05412448725526906,364.09457553176964,360.26577905524965,-40.80191257856332,27.40625,30.92708333333333,26.947916666666668,30.973958333333336
29,surprisal_b,0.3981071705534973,3.0,10.0,1.0,,0.5,True,0.2,exemplar_mean,0.19157085746358327,364.09457553176964,360.26577905524965,-97.09479624313182,12.385416666666666,13.489583333333334,13.239583333333334,13.276041666666668
29,surprisal_b,1.0,3.0,10.0,1.0,,0.5,True,0.2,exemplar_mean,0.13329114238512896,338.9618537700724,377.98278971967403,206.77193350860395,7.458333333333333,6.5625,5.614583333333333,5.8375
29,surprisal_b,2.511886431509582,3.0,10.0,1.0,,0.5,True,0.2,exemplar_mean,0.02517042764425867,359.4831647192653,378.4454768290342,228.0304842636929,3.0104166666666665,3.6145833333333335,2.9166666666666665,3.145833333333333
29,surprisal_b,6.309573444801936,3.0,10.0,1.0,,0.5,True,0.2,exemplar_mean,0.061349722442126144,364.09457553176964,360.26577905524965,-873.1249870435371,1.7708333333333333,1.8020833333333333,2.052083333333333,1.7937500000000004
29,surprisal_b,15.848931924611142,3.0,10.0,1.0,,0.5,True,0.2,exemplar_mean,0.3289730172183046,298.252574142822,314.3573170732844,2751.122790278308,1.5104166666666667,1.3958333333333333,1.3020833333333333,1.3385416666666665
29,surprisal_b,39.81071705534973,3.0,10.0,1.0,,0.5,True,0.2,exemplar_mean,0.16067482549941914,333.5641230629956,344.2949076247343,3550.8044487299694,1.1666666666666667,1.1145833333333333,1.0833333333333333,1.13125
29,surprisal_b,100.0,3.0,10.0,1.0,,0.5,True,0.2,exemplar_mean,0.06370276188765477,352.30684385172356,367.603569987198,2719.7242719748624,1.15625,1.09375,1.0416666666666667,1.0510416666666667
30,eig_code,3.162277660168379e-06,3.0,10.0,1.0,,1.0,True,0.1,exemplar_mean,0.03447664440471941,357.76314566376766,385.42577835263756,10.503684465510053,80.0,79.17708333333333,63.375,69.95416666666667
30,eig_code,1e-05,3.0,10.0,1.0,,1.0,True,0.1,exemplar_mean,0.09558858465668081,346.2559351052065,383.8122237799772,13.583822715135742,79.0625,75.9375,53.0,61.30104166666666
30,eig_code,3.1622776601683795e-05,3.0,10.0,1.0,,1.0,True,0.1,exemplar_mean,0.04724283992316064,355.3900947894748,385.9719886311765,7.2609037678616835,77.65625,71.59375,39.13541666666666,53.741666666666674
30,eig_code,0.0001,3.0,10.0,1.0,,1.0,True,0.1,exemplar_mean,0.11124184297487984,343.2464138183456,387.46395117149416,9.582761510350988,72.64583333333333,67.60416666666667,29.885416666666668,43.10104166666666
30,eig_code,0.0003162277660168,3.0,10.0,1.0,,1.0,True,0.1,exemplar_mean,0.13989646546705445,337.6677428806092,386.0377883232555,10.911937911252755,68.65625,46.63541666666666,20.40625,30.633333333333336
30,eig_code,0.001,3.0,10.0,1.0,,1.0,True,0.1,exemplar_mean,0.19977339397189744,325.7022074559868,379.75905019189884,17.93094107768174,50.78125,32.1875,11.645833333333334,19.062499999999996
30,eig_code,0.0031622776601683,3.0,10.0,1.0,,1.0,True,0.1,exemplar_mean,0.18517657864395837,328.6593262347795,380.4772929286719,28.758133351083313,33.197916666666664,19.3125,11.65625,12.417708333333334
30,eig_code,0.01,3.0,10.0,1.0,,1.0,True,0.1,exemplar_mean,0.24080903732429373,317.2413018957127,370.65473916115315,53.20915069736216,20.697916666666668,10.239583333333334,5.364583333333333,7.120833333333333
30,eig_code,0.0316227766016837,3.0,10.0,1.0,,1.0,True,0.1,exemplar_mean,0.17433668081873813,330.8382418312204,381.1380261639523,70.43022988678992,13.135416666666666,6.135416666666667,3.208333333333333,3.8104166666666663
30,eig_code,0.0999999999999999,3.0,10.0,1.0,,1.0,True,0.1,exemplar_mean,0.20920615302571202,323.77689163830803,373.80951782841566,118.89515062884047,8.697916666666666,3.78125,2.270833333333333,2.59375
30,eig_code,0.3162277660168379,3.0,10.0,1.0,,1.0,True,0.1,exemplar_mean,0.21868312024854067,321.83095364879597,376.6700500645784,193.1862342620105,5.5,3.177083333333333,1.5520833333333333,1.9552083333333337
30,kl,3.162277660168379e-06,3.0,10.0,1.0,,1.0,True,0.1,exemplar_mean,0.06914444261589922,351.2815631103206,388.2377628929449,9.691280886659888,79.4375,75.48958333333333,46.21875,56.76666666666667
30,kl,1e-05,3.0,10.0,1.0,,1.0,True,0.1,exemplar_mean,0.09765179107530153,345.8607580019545,388.9840542976758,8.745948644433128,76.28125,67.65625,31.291666666666668,44.142708333333324
30,kl,3.1622776601683795e-05,3.0,10.0,1.0,,1.0,True,0.1,exemplar_mean,0.12577302064127055,340.4288135090327,389.0058907256933,10.381850005930556,71.23958333333333,54.833333333333336,22.447916666666668,34.22083333333333
30,kl,0.0001,3.0,10.0,1.0,,1.0,True,0.1,exemplar_mean,0.2008957372310926,325.47372346282,382.6967442260746,15.596568118213378,60.375,37.72916666666666,16.625,24.59375
30,kl,0.0003162277660168,3.0,10.0,1.0,,1.0,True,0.1,exemplar_mean,0.15280019095521993,335.12523632240817,385.3870709521053,17.838302736186243,46.6875,26.23958333333333,10.552083333333334,15.463541666666666
30,kl,0.001,3.0,10.0,1.0,,1.0,True,0.1,exemplar_mean,0.17722558043657965,330.25895246726805,382.00374447817785,27.97729287333202,32.572916666666664,17.15625,7.979166666666667,9.622916666666665
30,kl,0.0031622776601683,3.0,10.0,1.0,,1.0,True,0.1,exemplar_mean,0.16731040622282511,332.24295231896434,381.61353625464193,56.63772758816744,17.166666666666668,8.479166666666666,5.614583333333333,6.320833333333334
30,kl,0.01,3.0,10.0,1.0,,1.0,True,0.1,exemplar_mean,0.24539460985992273,316.28176970479126,365.9267315413208,93.82135510214522,12.072916666666666,6.25,2.8541666666666665,3.9854166666666666
30,kl,0.0316227766016837,3.0,10.0,1.0,,1.0,True,0.1,exemplar_mean,0.18550295343183876,328.59349794702064,384.48494921137257,128.63302355074808,7.229166666666667,4.822916666666667,2.1041666666666665,2.5864583333333333
30,kl,0.0999999999999999,3.0,10.0,1.0,,1.0,True,0.1,exemplar_mean,0.1876982707681562,328.15036943124744,384.6219562211732,215.76220458477377,4.5,3.09375,1.375,1.7375
30,kl,0.3162277660168379,3.0,10.0,1.0,,1.0,True,0.1,exemplar_mean,0.11713572762476097,342.1063849244706,400.38156245817163,492.58091419784506,2.052083333333333,2.0625,1.15625,1.3614583333333334
30,mi,3.1622776601683795e-05,3.0,10.0,1.0,,1.0,True,0.1,exemplar_mean,0.09150211206808452,347.0373110515682,385.9880519630897,7.828664026507413,77.41666666666667,70.44791666666667,34.666666666666664,48.07604166666667
30,mi,0.0001,3.0,10.0,1.0,,1.0,True,0.1,exemplar_mean,0.08164151956886571,348.9155532867587,387.9480826408111,8.169927182052163,72.36458333333333,56.63541666666666,28.28125,38.577083333333334
30,mi,0.0003162277660168,3.0,10.0,1.0,,1.0,True,0.1,exemplar_mean,0.18143482257996388,329.41308123634235,387.92983772017345,12.629968452765931,65.5,50.4375,15.854166666666666,25.63125
30,mi,0.001,3.0,10.0,1.0,,1.0,True,0.1,exemplar_mean,0.17998130856034916,329.7054184754021,380.83104352831236,16.419599346320183,51.1875,31.885416666666668,12.65625,17.219791666666666
30,mi,0.0031622776601683,3.0,10.0,1.0,,1.0,True,0.1,exemplar_mean,0.19423586067314716,326.82718716137805,377.3088750602778,29.606858254942026,32.614583333333336,16.125,7.541666666666667,10.64375
30,mi,0.01,3.0,10.0,1.0,,1.0,True,0.1,exemplar_mean,0.1351698620933791,338.59427947954015,388.0013401426189,44.98718244614431,18.4375,9.197916666666666,6.010416666666667,5.823958333333334
30,mi,0.0316227766016837,3.0,10.0,1.0,,1.0,True,0.1,exemplar_mean,0.213018147757942,322.99557119444586,376.40333731089225,84.33907813381799,11.9375,5.78125,2.6666666666666665,3.3791666666666664
30,mi,0.0999999999999999,3.0,10.0,1.0,,1.0,True,0.1,exemplar_mean,0.2389855005010909,317.62207185904896,375.60071881952564,141.3063787136221,7.34375,3.8125,1.7395833333333333,2.377083333333333
30,mi,0.3162277660168379,3.0,10.0,1.0,,1.0,True,0.1,exemplar_mean,0.24339494643263088,316.70055722992345,372.26167847135264,246.5685362751153,4.520833333333333,2.5104166666666665,1.3333333333333333,1.8624999999999996
30,mi,1.0,3.0,10.0,1.0,,1.0,True,0.1,exemplar_mean,0.15785263826394916,334.1244484475151,388.89971728594674,412.7807839304417,2.46875,2.28125,1.21875,1.5270833333333333
30,mi,3.162277660168379,3.0,10.0,1.0,,1.0,True,0.1,exemplar_mean,0.0545559006267522,354.023536797525,385.4273617495602,496.1577741333485,1.5104166666666667,1.7395833333333333,1.1458333333333333,1.2958333333333334
30,mi_concept,3.1622776601683795e-05,3.0,10.0,1.0,,1.0,True,0.1,exemplar_mean,0.11491833903923218,342.5357301265734,388.88507147395273,100.32276721333956,15.291666666666666,13.114583333333334,10.083333333333334,11.746875
30,mi_concept,0.0001,3.0,10.0,1.0,,1.0,True,0.1,exemplar_mean,0.08872452172651892,347.56741236266674,389.35498101071596,96.68490882698605,11.4375,9.708333333333334,6.927083333333333,7.740625
30,mi_concept,0.0003162277660168,3.0,10.0,1.0,,1.0,True,0.1,exemplar_mean,0.1623738622538991,333.22633693243506,387.08168058266443,173.6814615100549,8.166666666666666,6.927083333333333,4.479166666666667,5.439583333333333
30,mi_concept,0.001,3.0,10.0,1.0,,1.0,True,0.1,exemplar_mean,0.2244006658465035,320.6512390357265,380.7615016318294,242.94320643649337,6.302083333333333,4.59375,3.0729166666666665,3.725
30,mi_concept,0.0031622776601683,3.0,10.0,1.0,,1.0,True,0.1,exemplar_mean,0.17913633376237362,329.8752445058274,381.2863996154392,324.0967977853297,3.90625,3.6666666666666665,2.21875,2.642708333333333
30,mi_concept,0.01,3.0,10.0,1.0,,1.0,True,0.1,exemplar_mean,0.07315314658540144,350.52435479008534,393.44500764100894,259.3718477487296,2.8541666666666665,2.84375,1.6458333333333333,1.9
30,mi_concept,0.0316227766016837,3.0,10.0,1.0,,1.0,True,0.1,exemplar_mean,0.06504490286913203,352.05424510087164,384.04191864386456,412.0482825327463,1.9479166666666667,1.7708333333333333,1.3229166666666667,1.5052083333333333
30,mi_concept,0.0999999999999999,3.0,10.0,1.0,,1.0,True,0.1,exemplar_mean,0.0035733211513780737,364.09457553176964,363.4413608846631,-190.86508201932102,1.2604166666666667,1.4791666666666667,1.1354166666666667,1.25625
30,mi_concept,0.3162277660168379,3.0,10.0,1.0,,1.0,True,0.1,exemplar_mean,0.05555462040866419,364.09457553176964,360.26577905524965,-2504.462949256678,1.1458333333333333,1.1145833333333333,1.09375,1.1145833333333335
30,mi_concept,1.0,3.0,10.0,1.0,,1.0,True,0.1,exemplar_mean,0.14260945532433264,364.09457553176964,360.26577905524965,-6476.1390105535775,1.03125,1.0625,1.0208333333333333,1.0427083333333331
30,mi_concept,3.162277660168379,3.0,10.0,1.0,,1.0,True,0.1,exemplar_mean,0.000624868403484084,364.09457553176964,361.8414069251302,-445.01490613400773,1.0104166666666667,1.0208333333333333,1.0104166666666667,1.0270833333333333
30,surprisal_b,0.01,3.0,10.0,1.0,,1.0,True,0.1,exemplar_mean,,,,,80.0,80.0,80.0,80.0
30,surprisal_b,0.0251188643150957,3.0,10.0,1.0,,1.0,True,0.1,exemplar_mean,0.11050029813169619,343.38957961391986,353.6558197056007,45.67317271815939,72.6875,71.39583333333333,65.15625,68.26354166666667
30,surprisal_b,0.0630957344480193,3.0,10.0,1.0,,1.0,True,0.1,exemplar_mean,0.274320783162444,310.1605450978363,356.0135122046032,66.41609614353492,59.333333333333336,57.239583333333336,48.645833333333336,55.84270833333333
30,surprisal_b,0.1584893192461114,3.0,10.0,1.0,,1.0,True,0.1,exemplar_mean,0.0002996332173664921,364.04002403055694,383.87253533800293,2.3081384026394955,39.5,38.65625,34.770833333333336,34.63541666666667
30,surprisal_b,0.3981071705534973,3.0,10.0,1.0,,1.0,True,0.1,exemplar_mean,0.01753003170248996,360.8891709852505,377.7775396724678,29.460173557482022,17.666666666666668,16.614583333333332,14.489583333333334,16.624999999999996
30,surprisal_b,1.0,3.0,10.0,1.0,,1.0,True,0.1,exemplar_mean,0.006715550736944844,364.09457553176964,368.0767667720547,-39.42800599971492,8.052083333333334,6.145833333333333,6.302083333333333,7.245833333333333
30,surprisal_b,2.511886431509582,3.0,10.0,1.0,,1.0,True,0.1,exemplar_mean,0.1189501295831165,364.09457553176964,360.26577905524965,-425.7702259274704,3.520833333333333,4.114583333333333,3.9479166666666665,3.602083333333333
30,surprisal_b,6.309573444801936,3.0,10.0,1.0,,1.0,True,0.1,exemplar_mean,0.366495496530407,289.7937814524703,281.7924211973717,1158.8420993234142,2.395833333333333,1.9791666666666667,1.7708333333333333,2.098958333333333
30,surprisal_b,15.848931924611142,3.0,10.0,1.0,,1.0,True,0.1,exemplar_mean,0.028532128817259406,358.8627903132999,372.86226435115196,808.0035235002917,1.4583333333333333,1.5625,1.3645833333333333,1.4906249999999999
30,surprisal_b,39.81071705534973,3.0,10.0,1.0,,1.0,True,0.1,exemplar_mean,3.788579025976445e-05,364.08767846108213,404.13782398774174,70.7314938009427,1.1770833333333333,1.125,1.1875,1.1645833333333333
30,surprisal_b,100.0,3.0,10.0,1.0,,1.0,True,0.1,exemplar_mean,0.002394703728872207,363.6583649075925,406.3757288601958,547.5130818269122,1.0833333333333333,1.09375,1.03125,1.0739583333333331
31,eig_code,3.162277660168379e-06,3.0,10.0,1.0,,1.0,True,0.2,exemplar_mean,0.046898760941086484,355.4542618348189,383.1618926968237,7.249030317684505,80.0,79.88541666666667,48.07291666666666,60.820833333333326
31,eig_code,1e-05,3.0,10.0,1.0,,1.0,True,0.2,exemplar_mean,0.053377711458107234,354.2440558269722,385.30811047743646,5.53740554517328,79.45833333333333,78.82291666666667,37.145833333333336,48.908333333333324
31,eig_code,3.1622776601683795e-05,3.0,10.0,1.0,,1.0,True,0.2,exemplar_mean,0.11624928824403345,342.27808769834235,387.5052946992235,7.037648705116203,79.22916666666667,73.48958333333333,22.885416666666668,38.47083333333334
31,eig_code,0.0001,3.0,10.0,1.0,,1.0,True,0.2,exemplar_mean,0.12457016899701281,340.6629315421732,389.2566897849727,7.842691679371401,74.84375,61.78125,16.416666666666668,30.149999999999995
31,eig_code,0.0003162277660168,3.0,10.0,1.0,,1.0,True,0.2,exemplar_mean,0.16218168244109352,333.2645614453705,384.7432300065355,11.452071867165255,63.94791666666666,42.5625,12.947916666666666,23.018750000000004
31,eig_code,0.001,3.0,10.0,1.0,,1.0,True,0.2,exemplar_mean,0.21570457777572524,322.4438133880114,377.1278396555187,18.293264318721004,51.270833333333336,25.73958333333333,9.34375,15.336458333333335
31,eig_code,0.0031622776601683,3.0,10.0,1.0,,1.0,True,0.2,exemplar_mean,0.15984145876077369,333.7296800402467,382.8122178506406,29.401871940790656,29.83333333333333,14.333333333333334,6.958333333333333,10.4125
31,eig_code,0.01,3.0,10.0,1.0,,1.0,True,0.2,exemplar_mean,0.24634078029494505,316.0834207869884,373.6239328212322,54.58691525993728,19.77083333333333,9.53125,5.0,6.343750000000001
31,eig_code,0.0316227766016837,3.0,10.0,1.0,,1.0,True,0.2,exemplar_mean,0.22813051209876056,319.8793062221274,372.8136107119085,86.14964385927898,12.239583333333334,5.802083333333333,2.5625,3.728125
31,eig_code,0.0999999999999999,3.0,10.0,1.0,,1.0,True,0.2,exemplar_mean,0.20129667023816852,325.39206357381744,376.54352099002,140.87669489784355,7.229166666666667,3.65625,2.145833333333333,2.5
31,eig_code,0.3162277660168379,3.0,10.0,1.0,,1.0,True,0.2,exemplar_mean,0.220770194710815,321.4008245053754,375.5304380797038,263.5261141146197,4.416666666666667,2.3854166666666665,1.34375,1.7989583333333332
31,kl,3.162277660168379e-06,3.0,10.0,1.0,,1.0,True,0.2,exemplar_mean,0.08226851699697971,348.79642414905794,385.3575068980985,6.138438416298628,80.0,77.5625,27.52083333333333,45.645833333333336
31,kl,1e-05,3.0,10.0,1.0,,1.0,True,0.2,exemplar_mean,0.08746370002994795,347.8077727539808,388.19060272502884,5.98318142485287,79.72916666666667,73.0625,22.23958333333333,36.690625
31,kl,3.1622776601683795e-05,3.0,10.0,1.0,,1.0,True,0.2,exemplar_mean,0.1419472678878427,337.2649407312089,386.2854093731617,8.480133893783464,74.14583333333333,55.90625,16.572916666666668,29.148958333333336
31,kl,0.0001,3.0,10.0,1.0,,1.0,True,0.2,exemplar_mean,0.18854202050808508,327.9798978470679,382.7379196029975,12.138992925404366,67.3125,42.3125,11.385416666666666,21.107291666666665
31,kl,0.0003162277660168,3.0,10.0,1.0,,1.0,True,0.2,exemplar_mean,0.21545604790958703,322.49489781870375,379.70868041425587,19.720105009321053,46.69791666666666,29.166666666666668,10.666666666666666,16.06354166666667
31,kl,0.001,3.0,10.0,1.0,,1.0,True,0.2,exemplar_mean,0.1974228299495094,326.1802111288956,377.452149401167,30.104338774658547,31.17708333333333,15.40625,7.927083333333333,10.353125
31,kl,0.0031622776601683,3.0,10.0,1.0,,1.0,True,0.2,exemplar_mean,0.20985636949410694,323.6437543100541,374.85831674188887,51.77235821517146,19.96875,10.09375,4.71875,6.5510416666666655
31,kl,0.01,3.0,10.0,1.0,,1.0,True,0.2,exemplar_mean,0.18162770532314673,329.37426829639844,379.8667550970243,74.856890270181,12.895833333333334,7.041666666666667,3.6875,4.153124999999999
31,kl,0.0316227766016837,3.0,10.0,1.0,,1.0,True,0.2,exemplar_mean,0.1967372476164427,326.31949720794427,378.7387230115968,137.38689524245655,7.614583333333333,4.114583333333333,1.8229166666666667,2.621875
31,kl,0.0999999999999999,3.0,10.0,1.0,,1.0,True,0.2,exemplar_mean,0.18552926530634006,328.5881903889743,382.8874867004189,271.454201276075,3.9791666666666665,2.770833333333333,1.4270833333333333,1.9416666666666664
31,kl,0.3162277660168379,3.0,10.0,1.0,,1.0,True,0.2,exemplar_mean,0.10144223825833125,345.13357388957365,387.5827581845042,447.9156614232694,2.083333333333333,1.9583333333333333,1.2291666666666667,1.421875
31,mi,3.1622776601683795e-05,3.0,10.0,1.0,,1.0,True,0.2,exemplar_mean,0.12254857822409776,341.05604352445937,385.256417724973,6.770271075605216,79.39583333333333,70.72916666666667,19.86458333333333,35.72083333333333
31,mi,0.0001,3.0,10.0,1.0,,1.0,True,0.2,exemplar_mean,0.16445920607390396,332.8112803286579,384.3566187062366,8.625397038393228,74.84375,56.375,13.84375,28.3125
31,mi,0.0003162277660168,3.0,10.0,1.0,,1.0,True,0.2,exemplar_mean,0.2010783774032041,325.43652683114476,379.5858468685509,11.485522713426631,72.125,38.4375,11.177083333333334,20.466666666666665
31,mi,0.001,3.0,10.0,1.0,,1.0,True,0.2,exemplar_mean,0.17992618970373106,329.71649912545655,380.28393854631486,16.95525396152995,49.85416666666666,25.23958333333333,9.208333333333334,13.48541666666667
31,mi,0.0031622776601683,3.0,10.0,1.0,,1.0,True,0.2,exemplar_mean,0.21457967892274843,322.67496780984555,378.8937818551091,32.667071300241744,30.125,16.760416666666668,7.604166666666667,8.9875
31,mi,0.01,3.0,10.0,1.0,,1.0,True,0.2,exemplar_mean,0.16802195489877855,332.1009681031648,383.65274277392336,47.50016682306322,17.46875,9.645833333333334,3.625,5.555208333333334
31,mi,0.0316227766016837,3.0,10.0,1.0,,1.0,True,0.2,exemplar_mean,0.22658662707393296,320.19905598114497,373.8492513482899,89.28580156193684,11.489583333333334,5.802083333333333,2.625,3.5135416666666663
31,mi,0.0999999999999999,3.0,10.0,1.0,,1.0,True,0.2,exemplar_mean,0.14554843639838114,336.55646160374937,386.95715841634063,127.55516670629396,5.947916666666667,4.114583333333333,1.6458333333333333,2.421875
31,mi,0.3162277660168379,3.0,10.0,1.0,,1.0,True,0.2,exemplar_mean,0.1532709204188703,335.0321206014961,388.6051707765041,225.1484759827831,4.010416666666667,2.9375,1.4583333333333333,1.7375
31,mi,1.0,3.0,10.0,1.0,,1.0,True,0.2,exemplar_mean,0.15000378125968228,335.6778659366006,391.13926006735386,486.89287760856996,2.3125,1.9791666666666667,1.21875,1.3916666666666668
31,mi,3.162277660168379,3.0,10.0,1.0,,1.0,True,0.2,exemplar_mean,0.03233066209798051,358.16050904467807,377.2971453690954,441.21375980642244,1.3854166666666667,1.5208333333333333,1.1145833333333333,1.2385416666666669
31,mi_concept,3.1622776601683795e-05,3.0,10.0,1.0,,1.0,True,0.2,exemplar_mean,0.15209665910062825,335.26435483348257,385.0350684788105,65.45031182701966,24.072916666666668,20.604166666666668,14.614583333333334,18.136458333333334
31,mi_concept,0.0001,3.0,10.0,1.0,,1.0,True,0.2,exemplar_mean,0.12211532224900533,341.14023412991116,387.57949312480235,92.31464211258177,16.583333333333332,13.5625,11.416666666666666,12.383333333333335
31,mi_concept,0.0003162277660168,3.0,10.0,1.0,,1.0,True,0.2,exemplar_mean,0.1436620868989443,336.92776006795737,391.5798979366883,138.94677706447703,10.729166666666666,9.979166666666666,7.239583333333333,8.271874999999998
31,mi_concept,0.001,3.0,10.0,1.0,,1.0,True,0.2,exemplar_mean,0.21173608488943127,323.25855827157005,370.8545958938153,298.77614827070045,7.010416666666667,6.0,4.947916666666667,5.605208333333334
31,mi_concept,0.0031622776601683,3.0,10.0,1.0,,1.0,True,0.2,exemplar_mean,0.0820112865206489,348.84530270771097,393.51618280691815,185.75212152691242,5.1875,5.166666666666667,3.208333333333333,3.65
31,mi_concept,0.01,3.0,10.0,1.0,,1.0,True,0.2,exemplar_mean,0.07922554411848882,349.3742073659453,384.6307788604243,359.3194055593743,2.9479166666666665,2.864583333333333,2.375,2.4885416666666664
31,mi_concept,0.0316227766016837,3.0,10.0,1.0,,1.0,True,0.2,exemplar_mean,0.03374158398426634,357.8993036831909,384.1607714200201,361.04608428601944,2.052083333333333,1.8958333333333333,1.5208333333333333,1.7208333333333332
31,mi_concept,0.0999999999999999,3.0,10.0,1.0,,1.0,True,0.2,exemplar_mean,0.010564419164423128,362.1662452312037,371.72510231658833,348.7422956741816,1.3958333333333333,1.4375,1.28125,1.3083333333333333
31,mi_concept,0.3162277660168379,3.0,10.0,1.0,,1.0,True,0.2,exemplar_mean,0.02403611726375661,364.09457553176964,360.26577905524965,-1550.326247896733,1.0729166666666667,1.1666666666666667,1.0729166666666667,1.1145833333333335
31,mi_concept,1.0,3.0,10.0,1.0,,1.0,True,0.2,exemplar_mean,0.0008232607758136706,363.9446722816897,370.49338605520586,486.50650903710437,1.0833333333333333,1.0833333333333333,1.03125,1.0322916666666668
31,mi_concept,3.162277660168379,3.0,10.0,1.0,,1.0,True,0.2,exemplar_mean,0.07405957410127868,364.09457553176964,360.26577905524965,-11419.172361653402,1.0104166666666667,1.0,1.0208333333333333,1.00625
31,surprisal_b,0.01,3.0,10.0,1.0,,1.0,True,0.2,exemplar_mean,0.07319130367312368,364.09457553176964,360.26577905524965,-73.52802626780134,74.09375,75.65625,75.97916666666667,73.99583333333332
31,surprisal_b,0.0251188643150957,3.0,10.0,1.0,,1.0,True,0.2,exemplar_mean,0.13443432428232147,338.7382360513295,361.4524621580355,51.332440819288045,69.67708333333333,65.75,63.5,67.65104166666666
31,surprisal_b,0.0630957344480193,3.0,10.0,1.0,,1.0,True,0.2,exemplar_mean,0.05100511998323576,354.6877124250068,370.5596434383084,32.388140076952325,53.84375,48.145833333333336,46.03125,49.61770833333333
31,surprisal_b,0.1584893192461114,3.0,10.0,1.0,,1.0,True,0.2,exemplar_mean,0.31429656004712375,301.4965679274146,304.01886215353676,77.19416227565128,35.833333333333336,29.697916666666668,31.70833333333333,30.86875
31,surprisal_b,0.3981071705534973,3.0,10.0,1.0,,1.0,True,0.2,exemplar_mean,0.0021931580348378155,363.69509791027326,394.5928374637941,13.582670041196737,13.989583333333334,14.010416666666666,13.0625,12.886458333333334
31,surprisal_b,1.0,3.0,10.0,1.0,,1.0,True,0.2,exemplar_mean,0.038920791997524545,356.93883312421804,367.94597568516343,127.22373649455909,5.854166666666667,5.96875,5.59375,6.522916666666667
31,surprisal_b,2.511886431509582,3.0,10.0,1.0,,1.0,True,0.2,exemplar_mean,0.12011164587817409,341.52931999999385,358.668512024189,649.1950704897816,3.427083333333333,2.677083333333333,2.96875,3.175
31,surprisal_b,6.309573444801936,3.0,10.0,1.0,,1.0,True,0.2,exemplar_mean,0.043953050394839245,356.0031319560244,384.18784821973804,647.3118219797652,2.114583333333333,1.8333333333333333,1.7916666666666667,1.803125
31,surprisal_b,15.848931924611142,3.0,10.0,1.0,,1.0,True,0.2,exemplar_mean,0.5587858731612717,241.8460024979645,233.35174425472414,3980.200359209058,1.5104166666666667,1.3958333333333333,1.3125,1.340625
31,surprisal_b,39.81071705534973,3.0,10.0,1.0,,1.0,True,0.2,exemplar_mean,0.1055456830461535,364.09457553176964,360.26577905524965,-2279.486012614987,1.0729166666666667,1.25,1.0729166666666667,1.115625
31,surprisal_b,100.0,3.0,10.0,1.0,,1.0,True,0.2,exemplar_mean,0.0670684990792084,364.09457553176964,360.26577905524965,-4688.275489660748,1.0520833333333333,1.0729166666666667,1.0729166666666667,1.0479166666666668
