setting,metric,world_EIGs,V_prior,alpha_prior,beta_prior,eps_fixed,sd_epsilon,infer_eps,sigma_true,window,r2_21,rmse21_full,rmse21_cv,b21,bg1,bg2,bg11,dev
0,kl,3.162277660168379e-06,0.03,1.0,0.1,,0.5,True,0.1,exemplar_mean,0.1510986477963043,335.46160562824355,369.5117624731142,20.21962237565498,79.41666666666667,74.95833333333333,52.09375,65.66145833333334
0,kl,1e-05,0.03,1.0,0.1,,0.5,True,0.1,exemplar_mean,0.1532433100101082,335.0375829734712,380.8135032372729,13.837410185973996,76.73958333333333,70.10416666666667,38.79166666666666,52.836458333333326
0,kl,3.1622776601683795e-05,0.03,1.0,0.1,,0.5,True,0.1,exemplar_mean,0.1824488263629119,329.2089865422334,384.36792524890126,14.27649767128452,71.92708333333333,59.63541666666666,27.75,40.82604166666666
0,kl,0.0001,0.03,1.0,0.1,,0.5,True,0.1,exemplar_mean,0.2319014298236028,319.0969748667982,372.1265113618654,18.008262042142302,65.09375,41.19791666666666,20.53125,29.004166666666663
0,kl,0.0003162277660168,0.03,1.0,0.1,,0.5,True,0.1,exemplar_mean,0.1742581930024401,330.8539662514973,378.3571033518371,23.791155594014853,42.97916666666666,28.14583333333333,14.052083333333334,19.585416666666667
0,kl,0.001,0.03,1.0,0.1,,0.5,True,0.1,exemplar_mean,0.2343556436112452,318.58678073978655,363.4911046272676,41.0901270109009,28.979166666666668,16.864583333333332,9.65625,12.346875
0,kl,0.0031622776601683,0.03,1.0,0.1,,0.5,True,0.1,exemplar_mean,0.2737869451250203,310.274607243397,343.7333622054134,64.12852872126506,19.791666666666668,11.34375,5.927083333333333,7.776041666666667
0,kl,0.01,0.03,1.0,0.1,,0.5,True,0.1,exemplar_mean,0.2655931432764016,312.0200988629004,353.1720255474434,102.95711941843332,12.0,7.041666666666667,3.8333333333333335,4.805208333333334
0,kl,0.0316227766016837,0.03,1.0,0.1,,0.5,True,0.1,exemplar_mean,0.2518815387877143,314.91938495890554,368.46007391080184,139.68271299107013,8.083333333333334,4.854166666666667,2.395833333333333,3.2479166666666663
0,kl,0.1,0.03,1.0,0.1,,0.5,True,0.1,exemplar_mean,0.1869375137558838,328.30399724133434,384.79419073062746,199.28726259352223,5.052083333333333,3.5625,1.5833333333333333,2.145833333333333
0,kl,0.3162277660168379,0.03,1.0,0.1,,0.5,True,0.1,exemplar_mean,0.2470121360965343,315.94260666868354,368.46443749665787,371.3878400200845,3.395833333333333,2.28125,1.25,1.5864583333333333
1,kl,3.162277660168379e-06,0.03,1.0,0.1,,0.5,True,0.2,exemplar_mean,0.1581063641503331,334.0741114090804,372.44025372040136,13.65549237954802,79.5625,77.76041666666667,46.114583333333336,61.532291666666666
1,kl,1e-05,0.03,1.0,0.1,,0.5,True,0.2,exemplar_mean,0.1268023834783319,340.22833469135674,387.283359788952,9.15450566045478,77.52083333333333,76.3125,34.166666666666664,46.735416666666666
1,kl,3.1622776601683795e-05,0.03,1.0,0.1,,0.5,True,0.2,exemplar_mean,0.1538136408566927,334.924732105459,386.4790860673872,9.795029653819515,74.45833333333333,64.375,23.15625,35.85729166666666
1,kl,0.0001,0.03,1.0,0.1,,0.5,True,0.2,exemplar_mean,0.1663528655802272,332.43392667834996,388.27390796335254,11.487490332268212,68.86458333333333,51.04166666666666,15.875,25.788541666666667
1,kl,0.0003162277660168,0.03,1.0,0.1,,0.5,True,0.2,exemplar_mean,0.2401802401919031,317.3726516766489,376.7056546124109,20.599031104475877,50.41666666666666,29.479166666666668,12.28125,18.80625
1,kl,0.001,0.03,1.0,0.1,,0.5,True,0.2,exemplar_mean,0.2661945183487074,311.8923225925697,360.3366361200341,34.74734546077796,32.864583333333336,19.08333333333333,8.791666666666666,13.654166666666663
1,kl,0.0031622776601683,0.03,1.0,0.1,,0.5,True,0.2,exemplar_mean,0.248229639811313,315.6870800320889,376.1342131514325,56.521047006637545,20.3125,12.75,6.229166666666667,8.116666666666665
1,kl,0.01,0.03,1.0,0.1,,0.5,True,0.2,exemplar_mean,0.1946973961577071,326.7335717078278,381.73568627235096,86.76344883376765,11.583333333333334,7.791666666666667,3.9479166666666665,5.259375
1,kl,0.0316227766016837,0.03,1.0,0.1,,0.5,True,0.2,exemplar_mean,0.2045828928385799,324.72196938011365,379.300507176542,128.38658318113738,8.010416666666666,5.291666666666667,2.4166666666666665,3.414583333333333
1,kl,0.1,0.03,1.0,0.1,,0.5,True,0.2,exemplar_mean,0.2516003612938755,314.9785600290628,365.51878838207983,244.28775689572564,5.041666666666667,3.333333333333333,1.8958333333333333,2.2968749999999996
1,kl,0.3162277660168379,0.03,1.0,0.1,,0.5,True,0.2,exemplar_mean,0.1942998147186714,326.81421665639243,378.0754752210522,313.9513206525636,3.75,2.208333333333333,1.46875,1.5541666666666667
2,kl,3.162277660168379e-06,0.03,1.0,0.1,,1.0,True,0.1,exemplar_mean,0.0912611920880544,347.0833225398626,382.7668334494401,18.21590071703252,78.58333333333333,74.03125,58.625,66.21875
2,kl,1e-05,0.03,1.0,0.1,,1.0,True,0.1,exemplar_mean,0.1107795269322361,343.3356775236039,384.699188873358,11.679418464111828,78.36458333333333,67.45833333333333,41.82291666666666,54.22395833333333
2,kl,3.1622776601683795e-05,0.03,1.0,0.1,,1.0,True,0.1,exemplar_mean,0.1706103366842815,331.5839630413606,384.6382147668149,12.77714898913484,73.29166666666667,60.09375,27.197916666666668,39.475
2,kl,0.0001,0.03,1.0,0.1,,1.0,True,0.1,exemplar_mean,0.2165726334032462,322.2653241034901,381.063608049631,18.695593396425224,59.51041666666666,41.28125,25.0,28.796875
2,kl,0.0003162277660168,0.03,1.0,0.1,,1.0,True,0.1,exemplar_mean,0.2671669228966042,311.68560155948614,355.0821202025569,23.38917892461259,48.40625,29.71875,11.385416666666666,19.805208333333333
2,kl,0.001,0.03,1.0,0.1,,1.0,True,0.1,exemplar_mean,0.2212738486170762,321.2969392683309,375.94359344928847,38.40908586130414,29.67708333333333,17.03125,9.333333333333334,12.119791666666668
2,kl,0.0031622776601683,0.03,1.0,0.1,,1.0,True,0.1,exemplar_mean,0.2397835553903882,317.4554874268475,374.3410264996427,66.47933093443642,19.104166666666668,9.927083333333334,6.427083333333333,7.5770833333333325
2,kl,0.01,0.03,1.0,0.1,,1.0,True,0.1,exemplar_mean,0.250220562949581,315.2687838214042,370.29863214716505,96.545805073062,12.6875,7.03125,3.9479166666666665,4.803125
2,kl,0.0316227766016837,0.03,1.0,0.1,,1.0,True,0.1,exemplar_mean,0.3014646530516556,304.3045192328245,326.22167347506456,149.85449256002207,8.614583333333334,4.208333333333333,2.1666666666666665,3.1895833333333337
2,kl,0.1,0.03,1.0,0.1,,1.0,True,0.1,exemplar_mean,0.270433290734045,310.9902066378346,359.9992971718865,258.3883980264173,4.958333333333333,3.0104166666666665,1.5833333333333333,2.208333333333333
2,kl,0.3162277660168379,0.03,1.0,0.1,,1.0,True,0.1,exemplar_mean,0.2454367278335784,316.2729430164969,371.8197139808872,333.00809271818895,3.583333333333333,2.2291666666666665,1.2083333333333333,1.609375
3,kl,3.162277660168379e-06,0.03,1.0,0.1,,1.0,True,0.2,exemplar_mean,0.1587837044529386,333.93969574075146,376.17944349293305,13.93104751297924,79.85416666666667,78.11458333333333,49.375,60.77395833333334
3,kl,1e-05,0.03,1.0,0.1,,1.0,True,0.2,exemplar_mean,0.1526297684665509,335.1589414792474,381.7878728211702,10.314878345416894,77.91666666666667,72.39583333333333,33.15625,46.95104166666666
3,kl,3.1622776601683795e-05,0.03,1.0,0.1,,1.0,True,0.2,exemplar_mean,0.1697065702817646,331.7645734745876,386.99706882092494,10.832867559075003,75.32291666666667,63.46875,23.70833333333333,36.114583333333336
3,kl,0.0001,0.03,1.0,0.1,,1.0,True,0.2,exemplar_mean,0.2223243296373679,321.0801555902852,377.4658376545628,14.073408883367556,67.125,45.125,17.666666666666668,27.461458333333333
3,kl,0.0003162277660168,0.03,1.0,0.1,,1.0,True,0.2,exemplar_mean,0.2845553286691052,307.9656192561635,344.8443757859276,21.670445203753783,53.052083333333336,30.385416666666668,11.697916666666666,19.378125
3,kl,0.001,0.03,1.0,0.1,,1.0,True,0.2,exemplar_mean,0.1976252666820822,326.13907176999265,379.51566018721,29.686417555494515,33.71875,19.40625,9.46875,12.335416666666667
3,kl,0.0031622776601683,0.03,1.0,0.1,,1.0,True,0.2,exemplar_mean,0.2957159574330073,305.5541121552716,334.86491051905296,57.23388031697871,22.15625,12.572916666666666,5.583333333333333,8.223958333333334
3,kl,0.01,0.03,1.0,0.1,,1.0,True,0.2,exemplar_mean,0.2274539009213791,320.0194766183885,376.7743079159296,84.79723101320644,13.447916666666666,7.708333333333333,3.8541666666666665,5.072916666666667
3,kl,0.0316227766016837,0.03,1.0,0.1,,1.0,True,0.2,exemplar_mean,0.2238922765192801,320.7563119489635,377.97414371678536,132.76163487987563,8.145833333333334,4.958333333333333,2.583333333333333,3.2677083333333328
3,kl,0.1,0.03,1.0,0.1,,1.0,True,0.2,exemplar_mean,0.2405960562611264,317.2857977175997,371.4679702970198,224.76776837709684,5.364583333333333,3.0625,1.8125,2.26875
3,kl,0.3162277660168379,0.03,1.0,0.1,,1.0,True,0.2,exemplar_mean,0.2448143561371974,316.4033487513564,369.5145196812354,383.7678237744328,3.4479166666666665,2.1666666666666665,1.3541666666666667,1.6083333333333332
4,kl,3.162277660168379e-06,0.03,1.0,1.0,,0.5,True,0.1,exemplar_mean,0.0488213198864787,355.0955765695057,386.3940858560885,7.18467701151992,79.10416666666667,73.52083333333333,41.71875,53.37708333333334
4,kl,1e-05,0.03,1.0,1.0,,0.5,True,0.1,exemplar_mean,0.0791534324537638,349.38788794878997,389.4023239934946,8.083351268751205,78.07291666666667,66.01041666666667,33.96875,41.77708333333332
4,kl,3.1622776601683795e-05,0.03,1.0,1.0,,0.5,True,0.1,exemplar_mean,0.1527765603166023,335.12991005347214,386.6700118892913,11.246536967295787,74.26041666666667,47.895833333333336,22.33333333333333,30.97083333333333
4,kl,0.0001,0.03,1.0,1.0,,0.5,True,0.1,exemplar_mean,0.1758361982733534,330.5376815684361,382.4983878524941,13.33048878030823,61.520833333333336,41.90625,17.71875,23.93020833333333
4,kl,0.0003162277660168,0.03,1.0,1.0,,0.5,True,0.1,exemplar_mean,0.2140212482167194,322.78965773303696,378.4211814019423,20.29806981490748,46.53125,26.354166666666668,9.59375,15.354166666666668
4,kl,0.001,0.03,1.0,1.0,,0.5,True,0.1,exemplar_mean,0.183973107131916,328.9019470199665,382.4553582843881,31.45658141632848,29.875,16.583333333333332,7.28125,10.13125
4,kl,0.0031622776601683,0.03,1.0,1.0,,0.5,True,0.1,exemplar_mean,0.2299427778656783,319.50356459920624,369.7502956309749,53.753118293019504,20.28125,9.0625,4.739583333333333,6.371875
4,kl,0.01,0.03,1.0,1.0,,0.5,True,0.1,exemplar_mean,0.2335009836029542,318.76454436845563,372.838824279164,91.88221941621347,12.4375,5.854166666666667,3.375,4.092708333333333
4,kl,0.0316227766016837,0.03,1.0,1.0,,0.5,True,0.1,exemplar_mean,0.2047573503668509,324.6863570590858,378.0630958427899,141.42436820196502,7.427083333333333,4.15625,2.59375,2.8770833333333328
4,kl,0.1,0.03,1.0,1.0,,0.5,True,0.1,exemplar_mean,0.1681668564558053,332.0720466411592,384.8433119684626,178.8745517214244,5.197916666666667,3.3541666666666665,1.6354166666666667,1.9520833333333336
4,kl,0.3162277660168379,0.03,1.0,1.0,,0.5,True,0.1,exemplar_mean,0.2233627424824508,320.8657184252037,375.56300109296575,351.802758491501,3.4166666666666665,2.125,1.3125,1.4968749999999995
5,kl,3.162277660168379e-06,0.03,1.0,1.0,,0.5,True,0.2,exemplar_mean,0.0900563654956844,347.3133318111612,385.21865693506504,5.923760421166216,78.86458333333333,77.30208333333333,26.58333333333333,42.515625
5,kl,1e-05,0.03,1.0,1.0,,0.5,True,0.2,exemplar_mean,0.1209341943571696,341.3696462718283,385.7002830386893,6.906596238827176,76.98958333333333,68.875,19.77083333333333,34.80833333333334
5,kl,3.1622776601683795e-05,0.03,1.0,1.0,,0.5,True,0.2,exemplar_mean,0.1311314410741617,339.383910657277,390.1464269563818,7.859104657353462,75.67708333333333,62.708333333333336,15.59375,26.223958333333332
5,kl,0.0001,0.03,1.0,1.0,,0.5,True,0.2,exemplar_mean,0.2013303784534623,325.3851971310131,382.31820985433063,12.862872359985518,66.73958333333333,39.0625,11.645833333333334,20.0875
5,kl,0.0003162277660168,0.03,1.0,1.0,,0.5,True,0.2,exemplar_mean,0.2447135625075956,316.42446301520795,370.9744906038016,20.786662623229972,49.125,24.61458333333333,9.885416666666666,15.283333333333331
5,kl,0.001,0.03,1.0,1.0,,0.5,True,0.2,exemplar_mean,0.2222721682275527,321.0909233906616,377.314009179555,30.175655682779706,33.052083333333336,16.25,6.78125,10.093750000000002
5,kl,0.0031622776601683,0.03,1.0,1.0,,0.5,True,0.2,exemplar_mean,0.1887541878808865,327.93701751055136,380.0749943232994,50.491021531580024,18.92708333333333,10.885416666666666,4.822916666666667,6.533333333333333
5,kl,0.01,0.03,1.0,1.0,,0.5,True,0.2,exemplar_mean,0.1895842644542247,327.76920000060795,377.62710045046185,78.46229135928792,12.791666666666666,6.520833333333333,3.2291666666666665,4.204166666666667
5,kl,0.0316227766016837,0.03,1.0,1.0,,0.5,True,0.2,exemplar_mean,0.1863862511206228,328.41527470363957,382.5899613221515,135.3388591642127,7.59375,4.479166666666667,2.28125,2.9218749999999996
5,kl,0.1,0.03,1.0,1.0,,0.5,True,0.2,exemplar_mean,0.247454844996158,315.84971594942635,370.6404974714659,223.49016535165515,5.375,2.9791666666666665,1.5729166666666667,2.0395833333333337
5,kl,0.3162277660168379,0.03,1.0,1.0,,0.5,True,0.2,exemplar_mean,0.1912128754949126,327.43969196562995,379.2185905274211,295.19226129318065,3.71875,2.114583333333333,1.25,1.43125
6,kl,3.162277660168379e-06,0.03,1.0,1.0,,1.0,True,0.1,exemplar_mean,0.0762687167952173,349.934719872913,388.7599303468757,9.848575229599618,79.82291666666667,71.26041666666667,43.59375,52.8
6,kl,1e-05,0.03,1.0,1.0,,1.0,True,0.1,exemplar_mean,0.1169952083428921,342.1336091719267,387.7126194152992,9.012430321409832,77.47916666666667,65.63541666666667,29.729166666666668,42.639583333333334
6,kl,3.1622776601683795e-05,0.03,1.0,1.0,,1.0,True,0.1,exemplar_mean,0.1411496205965147,337.4216653504568,385.434777782554,10.26944549777296,77.11458333333333,55.19791666666666,21.072916666666668,33.775
6,kl,0.0001,0.03,1.0,1.0,,1.0,True,0.1,exemplar_mean,0.2273331970273078,320.04447583096646,378.4794620146213,16.658613539178525,64.42708333333333,37.145833333333336,19.09375,23.744791666666664
6,kl,0.0003162277660168,0.03,1.0,1.0,,1.0,True,0.1,exemplar_mean,0.1679507584263166,332.1151775596214,382.0060240745812,20.066881171572824,45.19791666666666,25.02083333333333,10.583333333333334,15.379166666666665
6,kl,0.001,0.03,1.0,1.0,,1.0,True,0.1,exemplar_mean,0.231894752325923,319.0983619053641,372.80828957490894,34.26941825556655,30.760416666666668,16.927083333333332,7.489583333333333,9.985416666666667
6,kl,0.0031622776601683,0.03,1.0,1.0,,1.0,True,0.1,exemplar_mean,0.2326781301870231,318.93559881934846,372.84404409687744,60.26737900456342,18.55208333333333,9.989583333333334,5.96875,6.627083333333334
6,kl,0.01,0.03,1.0,1.0,,1.0,True,0.1,exemplar_mean,0.1970897506301926,326.2478884918679,380.10528445914406,84.05114383236764,12.041666666666666,6.6875,3.583333333333333,4.1572916666666675
6,kl,0.0316227766016837,0.03,1.0,1.0,,1.0,True,0.1,exemplar_mean,0.2096043842375995,323.6953569239762,379.91004499725415,136.43902543661596,7.625,4.989583333333333,2.3229166666666665,2.8583333333333334
6,kl,0.1,0.03,1.0,1.0,,1.0,True,0.1,exemplar_mean,0.2066727542714725,324.2951051279859,376.7749674543557,187.6127258200308,5.666666666666667,3.114583333333333,1.75,2.0041666666666664
6,kl,0.3162277660168379,0.03,1.0,1.0,,1.0,True,0.1,exemplar_mean,0.2538559129123455,314.5035554546417,363.5908235559984,343.7268766128353,3.7395833333333335,1.90625,1.1875,1.4677083333333334
7,kl,3.162277660168379e-06,0.03,1.0,1.0,,1.0,True,0.2,exemplar_mean,0.0822329699299137,348.80317915858524,384.93230012327615,5.455547265012166,78.88541666666667,77.73958333333333,25.1875,41.25833333333333
7,kl,1e-05,0.03,1.0,1.0,,1.0,True,0.2,exemplar_mean,0.1172929742664472,342.07591734446925,387.8030877818821,6.877576781572685,78.6875,68.3125,18.5,33.00520833333333
7,kl,3.1622776601683795e-05,0.03,1.0,1.0,,1.0,True,0.2,exemplar_mean,0.1222046209670893,341.12288324027134,389.8777874455618,7.734052258683064,73.89583333333333,58.28125,16.229166666666668,26.522916666666664
7,kl,0.0001,0.03,1.0,1.0,,1.0,True,0.2,exemplar_mean,0.158616397593188,333.97290219695094,386.930355021374,10.824762977852698,66.17708333333333,44.520833333333336,12.083333333333334,20.484374999999996
7,kl,0.0003162277660168,0.03,1.0,1.0,,1.0,True,0.2,exemplar_mean,0.2105932814788109,323.4927991004937,378.5604730765081,17.446458748953635,53.22916666666666,25.135416666666668,9.8125,14.409375000000002
7,kl,0.001,0.03,1.0,1.0,,1.0,True,0.2,exemplar_mean,0.2247830173473461,320.57219268363366,373.1865527780523,31.581585356845387,32.447916666666664,14.03125,6.53125,10.055208333333333
7,kl,0.0031622776601683,0.03,1.0,1.0,,1.0,True,0.2,exemplar_mean,0.190150864743176,327.65460042718223,381.0175992033177,49.358702125844374,19.291666666666668,12.291666666666666,4.572916666666667,6.505208333333334
7,kl,0.01,0.03,1.0,1.0,,1.0,True,0.2,exemplar_mean,0.2358345732464788,318.2789386091975,373.04007585890656,89.26060485201579,12.625,7.34375,3.25,4.417708333333334
7,kl,0.0316227766016837,0.03,1.0,1.0,,1.0,True,0.2,exemplar_mean,0.2184066546682837,321.88788785447656,370.8126652414163,136.2593398354631,7.916666666666667,4.90625,2.2916666666666665,2.9635416666666665
7,kl,0.1,0.03,1.0,1.0,,1.0,True,0.2,exemplar_mean,0.2156192799297393,322.46134696922724,377.2860791953548,238.63590624546947,4.927083333333333,2.895833333333333,1.8020833333333333,2.058333333333333
7,kl,0.3162277660168379,0.03,1.0,1.0,,1.0,True,0.2,exemplar_mean,0.2927754942412264,306.19130873711765,335.49986319948374,394.66779820480696,3.5625,1.9375,1.2708333333333333,1.5239583333333335
8,kl,3.162277660168379e-06,0.03,10.0,0.1,,0.5,True,0.1,exemplar_mean,0.1508171412730432,335.51722269282277,372.1904902014835,24.736886440799132,79.98958333333333,78.94791666666667,61.083333333333336,70.153125
8,kl,1e-05,0.03,10.0,0.1,,0.5,True,0.1,exemplar_mean,0.0834646177290531,348.569052804689,385.5273652150619,12.249758392795377,79.05208333333333,71.0625,48.645833333333336,59.15312499999999
8,kl,3.1622776601683795e-05,0.03,10.0,0.1,,0.5,True,0.1,exemplar_mean,0.137481721031431,338.1414124888644,382.99304683401743,14.01028327342103,72.36458333333333,63.145833333333336,39.395833333333336,48.44270833333333
8,kl,0.0001,0.03,10.0,0.1,,0.5,True,0.1,exemplar_mean,0.199039336146283,325.85155855778413,384.1380878838024,16.207561163181335,66.23958333333333,52.989583333333336,23.92708333333333,34.297916666666666
8,kl,0.0003162277660168,0.03,10.0,0.1,,0.5,True,0.1,exemplar_mean,0.214968266874679,322.5951359578536,379.1489334724487,22.13279559431293,50.0,32.8125,18.53125,22.161458333333332
8,kl,0.001,0.03,10.0,0.1,,0.5,True,0.1,exemplar_mean,0.220900940316175,321.37385973329236,373.4110804980114,31.994678514011323,34.020833333333336,20.53125,11.3125,14.326041666666669
8,kl,0.0031622776601683,0.03,10.0,0.1,,0.5,True,0.1,exemplar_mean,0.302220827395635,304.1397676719158,339.1520778323373,64.01496848995518,20.78125,11.6875,6.3125,8.608333333333334
8,kl,0.01,0.03,10.0,0.1,,0.5,True,0.1,exemplar_mean,0.2139526028284881,322.8037532397773,377.9545000246466,83.4557993092315,13.0625,7.947916666666667,3.9375,5.197916666666667
8,kl,0.0316227766016837,0.03,10.0,0.1,,0.5,True,0.1,exemplar_mean,0.2970266943283167,305.2696476921058,336.6989002283458,150.72167993122372,8.447916666666666,4.90625,2.2604166666666665,3.378125
8,kl,0.1,0.03,10.0,0.1,,0.5,True,0.1,exemplar_mean,0.3162643870734692,301.063640710553,326.8020300970505,237.99960687690373,5.583333333333333,3.4791666666666665,1.7291666666666667,2.34375
8,kl,0.3162277660168379,0.03,10.0,0.1,,0.5,True,0.1,exemplar_mean,0.3263928623218415,298.82542705611775,314.0096394375324,387.66162312285434,3.7291666666666665,2.052083333333333,1.375,1.7291666666666663
9,kl,3.162277660168379e-06,0.03,10.0,0.1,,0.5,True,0.2,exemplar_mean,0.1738326317675368,330.93921110959974,364.52558451502176,21.84674490678608,79.875,78.78125,58.5,68.79479166666667
9,kl,1e-05,0.03,10.0,0.1,,0.5,True,0.2,exemplar_mean,0.1331972567214267,338.9802121822191,380.860903159024,11.576007179094375,77.89583333333333,73.98958333333333,38.21875,55.0375
9,kl,3.1622776601683795e-05,0.03,10.0,0.1,,0.5,True,0.2,exemplar_mean,0.1718391845089183,331.33822976901433,377.5855124240245,10.34091175166932,76.36458333333333,68.89583333333333,26.104166666666668,42.909375
9,kl,0.0001,0.03,10.0,0.1,,0.5,True,0.2,exemplar_mean,0.1839250545981138,328.9116307322344,385.1093047874774,11.773427944148043,71.42708333333333,54.177083333333336,17.8125,30.47291666666667
9,kl,0.0003162277660168,0.03,10.0,0.1,,0.5,True,0.2,exemplar_mean,0.2106591047024135,323.47931189406114,380.88625320235946,18.00417973461932,52.44791666666666,33.28125,13.416666666666666,21.386458333333337
9,kl,0.001,0.03,10.0,0.1,,0.5,True,0.2,exemplar_mean,0.2031303204132564,325.0183340339481,381.3277075303559,24.832572377268487,37.5,24.46875,9.197916666666666,13.937499999999996
9,kl,0.0031622776601683,0.03,10.0,0.1,,0.5,True,0.2,exemplar_mean,0.2115058853712665,323.3057559999449,378.8614955059983,44.723378040081855,21.21875,13.416666666666666,5.989583333333333,8.817708333333332
9,kl,0.01,0.03,10.0,0.1,,0.5,True,0.2,exemplar_mean,0.2331770046729408,318.8319039367096,379.1452359091256,74.03659035100291,13.78125,9.614583333333334,3.875,5.459375
9,kl,0.0316227766016837,0.03,10.0,0.1,,0.5,True,0.2,exemplar_mean,0.1843786142646561,328.82021646679794,382.3368202460094,114.45818897425484,7.90625,5.6875,2.53125,3.4395833333333337
9,kl,0.1,0.03,10.0,0.1,,0.5,True,0.2,exemplar_mean,0.2593641854820653,313.34052245431104,363.6033818953788,233.88820238453377,5.114583333333333,3.5104166666666665,1.7604166666666667,2.339583333333333
9,kl,0.3162277660168379,0.03,10.0,0.1,,0.5,True,0.2,exemplar_mean,0.1904914018709159,327.58570470100807,381.4914065130979,324.24746005575787,3.3125,2.4166666666666665,1.2291666666666667,1.6885416666666664
10,kl,3.162277660168379e-06,0.03,10.0,0.1,,1.0,True,0.1,exemplar_mean,0.2102242891412252,323.5683953778866,359.15084900789407,29.291670871378603,80.0,76.86458333333333,63.489583333333336,69.83333333333334
10,kl,1e-05,0.03,10.0,0.1,,1.0,True,0.1,exemplar_mean,0.1801545223768449,329.6705945435807,366.0993204806268,18.16243570512046,78.92708333333333,74.08333333333333,50.583333333333336,60.28541666666666
10,kl,3.1622776601683795e-05,0.03,10.0,0.1,,1.0,True,0.1,exemplar_mean,0.217017000679715,322.1739151976215,364.97825869612853,15.823060983479705,74.02083333333333,59.79166666666666,32.239583333333336,47.2
10,kl,0.0001,0.03,10.0,0.1,,1.0,True,0.1,exemplar_mean,0.1430653597375175,337.0451313355275,385.59276335150935,14.54546224626946,59.76041666666666,49.54166666666666,23.822916666666668,33.203125
10,kl,0.0003162277660168,0.03,10.0,0.1,,1.0,True,0.1,exemplar_mean,0.234791104229396,318.4961696571717,372.4548831274603,21.66908482133174,49.51041666666666,34.708333333333336,15.458333333333334,22.51875
10,kl,0.001,0.03,10.0,0.1,,1.0,True,0.1,exemplar_mean,0.2307161158540896,319.34309190819454,374.52304303504945,40.00639911100085,28.78125,19.30208333333333,9.625,14.191666666666668
10,kl,0.0031622776601683,0.03,10.0,0.1,,1.0,True,0.1,exemplar_mean,0.2461464161527722,316.1241761581788,371.73607734814175,61.85805888901551,18.510416666666668,11.083333333333334,6.895833333333333,8.547916666666667
10,kl,0.01,0.03,10.0,0.1,,1.0,True,0.1,exemplar_mean,0.301921028616028,304.20509703611674,330.8621408012162,95.51341996237956,13.364583333333334,7.645833333333333,3.9895833333333335,5.4520833333333325
10,kl,0.0316227766016837,0.03,10.0,0.1,,1.0,True,0.1,exemplar_mean,0.2846184017144996,307.95204395230763,357.0311291078338,146.88201597081243,8.59375,4.802083333333333,2.46875,3.3135416666666666
10,kl,0.1,0.03,10.0,0.1,,1.0,True,0.1,exemplar_mean,0.2845536426024505,307.9659821425447,347.421022579396,218.66618009802752,5.833333333333333,3.2291666666666665,1.6354166666666667,2.3093749999999997
10,kl,0.3162277660168379,0.03,10.0,0.1,,1.0,True,0.1,exemplar_mean,0.2510788874459622,315.08827713132814,357.5194269986446,387.4774872223433,3.145833333333333,2.5625,1.2604166666666667,1.7010416666666668
11,kl,3.162277660168379e-06,0.03,10.0,0.1,,1.0,True,0.2,exemplar_mean,0.1489440515727938,335.88705333379284,368.2923816187608,19.155408771732844,79.8125,76.84375,57.59375,67.70416666666667
11,kl,1e-05,0.03,10.0,0.1,,1.0,True,0.2,exemplar_mean,0.1298374860858497,339.6365289170322,378.4039000727762,11.048377801641186,78.86458333333333,73.96875,37.708333333333336,55.434375
11,kl,3.1622776601683795e-05,0.03,10.0,0.1,,1.0,True,0.2,exemplar_mean,0.1357589280603172,338.4789456507913,384.3260824419905,9.545917128277935,76.0,65.4375,29.0,42.821875
11,kl,0.0001,0.03,10.0,0.1,,1.0,True,0.2,exemplar_mean,0.1955624153866393,326.55804342877957,380.340575932511,12.8826802931087,68.33333333333333,50.63541666666666,20.40625,31.37083333333333
11,kl,0.0003162277660168,0.03,10.0,0.1,,1.0,True,0.2,exemplar_mean,0.2044103433598023,324.75718836630057,381.1276404021049,17.069405188988632,52.1875,35.125,12.270833333333334,21.1
11,kl,0.001,0.03,10.0,0.1,,1.0,True,0.2,exemplar_mean,0.1991568438654603,325.82765508809007,381.7929750064007,25.425118299388338,37.395833333333336,22.916666666666668,9.708333333333334,13.377083333333337
11,kl,0.0031622776601683,0.03,10.0,0.1,,1.0,True,0.2,exemplar_mean,0.2720987463173425,310.63503945711096,349.8465336732275,51.547802322774615,21.322916666666668,13.4375,5.635416666666667,9.370833333333334
11,kl,0.01,0.03,10.0,0.1,,1.0,True,0.2,exemplar_mean,0.2202126641335617,321.5157833693648,377.3734051000885,76.03430222057773,13.958333333333334,8.770833333333334,3.9583333333333335,5.4020833333333345
11,kl,0.0316227766016837,0.03,10.0,0.1,,1.0,True,0.2,exemplar_mean,0.2352805869381719,318.3942868199147,374.98336529651976,134.6911076716825,8.145833333333334,5.5,2.177083333333333,3.4135416666666663
11,kl,0.1,0.03,10.0,0.1,,1.0,True,0.2,exemplar_mean,0.2305914884504298,319.36895835975565,375.1191023435558,181.4023594266085,5.979166666666667,3.4791666666666665,1.7604166666666667,2.282291666666667
11,kl,0.3162277660168379,0.03,10.0,0.1,,1.0,True,0.2,exemplar_mean,0.1648286826587708,332.73768752920006,383.0499024395217,312.22807622024976,3.21875,2.375,1.3958333333333333,1.6458333333333337
12,kl,3.162277660168379e-06,0.03,10.0,1.0,,0.5,True,0.1,exemplar_mean,0.0718908186047062,350.76297357753464,388.1924286905294,9.691731757518337,78.77083333333333,74.26041666666667,45.71875,57.822916666666664
12,kl,1e-05,0.03,10.0,1.0,,0.5,True,0.1,exemplar_mean,0.0901422583615727,347.29693934446664,388.0519393701771,8.008401827269928,78.33333333333333,69.97916666666667,26.666666666666668,44.60729166666667
12,kl,3.1622776601683795e-05,0.03,10.0,1.0,,0.5,True,0.1,exemplar_mean,0.151095544609719,335.46221877310455,383.75727901778737,11.428290314194038,73.875,55.72916666666666,24.89583333333333,34.19270833333333
12,kl,0.0001,0.03,10.0,1.0,,0.5,True,0.1,exemplar_mean,0.1721936314833855,331.2673169706615,381.9031957703428,13.620051818636377,61.41666666666666,42.65625,16.239583333333332,25.781249999999993
12,kl,0.0003162277660168,0.03,10.0,1.0,,0.5,True,0.1,exemplar_mean,0.1877926477612035,328.1313058594076,380.6322681539155,19.03322050674507,45.020833333333336,26.55208333333333,10.46875,16.647916666666667
12,kl,0.001,0.03,10.0,1.0,,0.5,True,0.1,exemplar_mean,0.1695048789335225,331.8048664472904,382.44596566055515,28.656429281420166,31.30208333333333,19.05208333333333,9.645833333333334,10.397916666666664
12,kl,0.0031622776601683,0.03,10.0,1.0,,0.5,True,0.1,exemplar_mean,0.2136553767781131,322.8647779418235,377.6763082043198,56.63623239888709,18.666666666666668,10.489583333333334,5.333333333333333,6.89375
12,kl,0.01,0.03,10.0,1.0,,0.5,True,0.1,exemplar_mean,0.2441404705153852,316.54448763821176,369.87596573494426,93.4562647225802,12.21875,6.322916666666667,3.239583333333333,4.276041666666666
12,kl,0.0316227766016837,0.03,10.0,1.0,,0.5,True,0.1,exemplar_mean,0.228486066652106,319.8056230112085,372.74190477755894,139.35797472471526,7.385416666666667,4.927083333333333,2.083333333333333,2.9062499999999996
12,kl,0.1,0.03,10.0,1.0,,0.5,True,0.1,exemplar_mean,0.2380884984986042,317.8092060920402,374.5981569819725,209.75710326903751,5.208333333333333,2.90625,1.3541666666666667,1.953125
12,kl,0.3162277660168379,0.03,10.0,1.0,,0.5,True,0.1,exemplar_mean,0.2401438608192659,317.38024932044146,375.3252426612483,340.9293697756796,3.520833333333333,2.052083333333333,1.1458333333333333,1.3854166666666663
13,kl,3.162277660168379e-06,0.03,10.0,1.0,,0.5,True,0.2,exemplar_mean,0.0723336655221762,350.6792803878905,383.2473567664021,5.925169760380028,78.77083333333333,77.65625,31.5625,48.11354166666666
13,kl,1e-05,0.03,10.0,1.0,,0.5,True,0.2,exemplar_mean,0.1139727340986691,342.7186607114371,388.4733050435994,7.341965189475477,79.4375,71.60416666666667,23.14583333333333,37.94583333333333
13,kl,3.1622776601683795e-05,0.03,10.0,1.0,,0.5,True,0.2,exemplar_mean,0.1527973038371364,335.125807347859,385.04420689094866,9.069942334271651,74.88541666666667,57.09375,15.916666666666666,30.325000000000006
13,kl,0.0001,0.03,10.0,1.0,,0.5,True,0.2,exemplar_mean,0.1682811068764955,332.0492411818347,386.9975448462965,10.897246476373343,69.41666666666667,44.72916666666666,11.958333333333334,21.41770833333333
13,kl,0.0003162277660168,0.03,10.0,1.0,,0.5,True,0.2,exemplar_mean,0.1952153617075103,326.62847832115796,381.0503993443363,17.08683599526542,50.03125,28.36458333333333,10.40625,15.573958333333334
13,kl,0.001,0.03,10.0,1.0,,0.5,True,0.2,exemplar_mean,0.2172868257036261,322.1183979800958,377.19267876858856,30.618603140975996,32.739583333333336,15.6875,7.135416666666667,10.664583333333336
13,kl,0.0031622776601683,0.03,10.0,1.0,,0.5,True,0.2,exemplar_mean,0.2197000168520514,321.62145135342575,377.0031109871959,54.76871853947041,19.65625,11.052083333333334,5.4375,7.194791666666665
13,kl,0.01,0.03,10.0,1.0,,0.5,True,0.2,exemplar_mean,0.2269478138286968,320.1242802095179,378.07831001076016,87.98881035491534,11.90625,7.572916666666667,3.3541666666666665,4.633333333333333
13,kl,0.0316227766016837,0.03,10.0,1.0,,0.5,True,0.2,exemplar_mean,0.2392347676744361,317.5700496963068,373.16544181451707,134.83808391271418,8.270833333333334,4.302083333333333,2.28125,3.036458333333333
13,kl,0.1,0.03,10.0,1.0,,0.5,True,0.2,exemplar_mean,0.1679604670990687,332.1132399297194,383.4793092582322,168.32497859932772,5.479166666666667,3.0625,1.7395833333333333,2.0249999999999995
13,kl,0.3162277660168379,0.03,10.0,1.0,,0.5,True,0.2,exemplar_mean,0.1912369153358008,327.4348256316155,380.5755924083179,403.15241333754966,3.03125,2.0729166666666665,1.25,1.5031249999999998
14,kl,3.162277660168379e-06,0.03,10.0,1.0,,1.0,True,0.1,exemplar_mean,0.0887195227384603,347.568365687431,382.92764125076144,10.788784961981992,79.35416666666667,75.42708333333333,45.29166666666666,58.13229166666666
14,kl,1e-05,0.03,10.0,1.0,,1.0,True,0.1,exemplar_mean,0.0829201942795603,348.6725627167752,387.4610471439256,7.473821804561792,78.26041666666667,68.91666666666667,30.96875,45.015625
14,kl,3.1622776601683795e-05,0.03,10.0,1.0,,1.0,True,0.1,exemplar_mean,0.1434126864053906,336.9768200424265,386.7480982784413,10.520491264588795,75.23958333333333,59.4375,26.072916666666668,37.35625
14,kl,0.0001,0.03,10.0,1.0,,1.0,True,0.1,exemplar_mean,0.1354442808547042,338.54055563789,388.4129430720124,13.446308784264769,60.28125,43.552083333333336,19.27083333333333,25.930208333333333
14,kl,0.0003162277660168,0.03,10.0,1.0,,1.0,True,0.1,exemplar_mean,0.1927946842360463,327.1193354424949,381.0023570706201,19.812032713533192,48.94791666666666,27.73958333333333,10.020833333333334,16.639583333333334
14,kl,0.001,0.03,10.0,1.0,,1.0,True,0.1,exemplar_mean,0.2487880645284615,315.5698100338106,370.97812990423864,34.908109295408934,30.604166666666668,16.322916666666668,7.895833333333333,10.335416666666664
14,kl,0.0031622776601683,0.03,10.0,1.0,,1.0,True,0.1,exemplar_mean,0.2184738069084704,321.874059719173,371.1892271887767,56.61644676647428,19.197916666666668,9.4375,5.166666666666667,6.586458333333335
14,kl,0.01,0.03,10.0,1.0,,1.0,True,0.1,exemplar_mean,0.2641511272072708,312.3262761162398,347.94243050566166,98.01659429557334,11.916666666666666,6.552083333333333,3.083333333333333,4.357291666666667
14,kl,0.0316227766016837,0.03,10.0,1.0,,1.0,True,0.1,exemplar_mean,0.2197239016171955,321.6165289442355,377.43906849024785,121.90315611339116,8.489583333333334,4.302083333333333,2.1875,2.8000000000000003
14,kl,0.1,0.03,10.0,1.0,,1.0,True,0.1,exemplar_mean,0.2295129300277328,319.59272599674154,376.8803600504552,199.7383113049656,5.354166666666667,3.0104166666666665,1.34375,1.9354166666666663
14,kl,0.3162277660168379,0.03,10.0,1.0,,1.0,True,0.1,exemplar_mean,0.2888767274749027,307.0341300514208,339.4611646460626,378.2471877193446,3.520833333333333,1.90625,1.2083333333333333,1.4854166666666666
15,kl,3.162277660168379e-06,0.03,10.0,1.0,,1.0,True,0.2,exemplar_mean,0.0688528283691622,351.33658275648287,383.4334441664335,5.9375795401749425,79.73958333333333,77.59375,32.166666666666664,47.68958333333333
15,kl,1e-05,0.03,10.0,1.0,,1.0,True,0.2,exemplar_mean,0.102238124863185,344.9806910966118,386.6407420059075,6.565292538369799,77.95833333333333,73.65625,23.40625,38.39375
15,kl,3.1622776601683795e-05,0.03,10.0,1.0,,1.0,True,0.2,exemplar_mean,0.1363686997558355,338.3595164162885,388.0103612520231,8.532868882182495,74.76041666666667,60.4375,18.4375,30.336458333333333
15,kl,0.0001,0.03,10.0,1.0,,1.0,True,0.2,exemplar_mean,0.1614435679379773,333.411331482741,388.1076854173749,11.042848909846498,67.58333333333333,46.69791666666666,14.208333333333334,21.963541666666668
15,kl,0.0003162277660168,0.03,10.0,1.0,,1.0,True,0.2,exemplar_mean,0.1999898372680169,325.6581569168343,380.85760092814655,16.54737567991917,53.0,28.64583333333333,10.427083333333334,15.893749999999995
15,kl,0.001,0.03,10.0,1.0,,1.0,True,0.2,exemplar_mean,0.204480841121983,324.74279956546513,378.902830768485,29.726086465896177,32.802083333333336,18.65625,8.0,10.755208333333332
15,kl,0.0031622776601683,0.03,10.0,1.0,,1.0,True,0.2,exemplar_mean,0.2600667973923746,313.1918603068478,367.39135145680586,57.888110869861904,19.604166666666668,11.25,4.854166666666667,7.348958333333334
15,kl,0.01,0.03,10.0,1.0,,1.0,True,0.2,exemplar_mean,0.2103025303226019,323.55236740931167,380.2289281020784,80.99196153505328,12.583333333333334,7.645833333333333,3.395833333333333,4.564583333333333
15,kl,0.0316227766016837,0.03,10.0,1.0,,1.0,True,0.2,exemplar_mean,0.2212672987916424,321.2982904714695,377.6958430148848,125.41606187017076,8.177083333333334,4.916666666666667,2.21875,3.0489583333333328
15,kl,0.1,0.03,10.0,1.0,,1.0,True,0.2,exemplar_mean,0.2263036146446199,320.25763527864126,377.3693984624044,192.70762639211327,5.59375,3.3125,1.625,2.0447916666666663
15,kl,0.3162277660168379,0.03,10.0,1.0,,1.0,True,0.2,exemplar_mean,0.2401983190373195,317.36887593564865,367.5888213637869,365.9881210923543,3.4791666666666665,2.083333333333333,1.2395833333333333,1.4625
16,kl,3.162277660168379e-06,0.1,1.0,0.1,,0.5,True,0.1,exemplar_mean,0.1391217816888342,337.8197750704306,376.32804263720624,19.380750283430537,78.78125,75.05208333333333,53.208333333333336,65.41979166666665
16,kl,1e-05,0.1,1.0,0.1,,0.5,True,0.1,exemplar_mean,0.1741864256996715,330.8683436153815,382.6192812851345,17.549893056630157,77.67708333333333,69.4375,44.677083333333336,55.376041666666666
16,kl,3.1622776601683795e-05,0.1,1.0,0.1,,0.5,True,0.1,exemplar_mean,0.1637268329094266,332.95710723750454,387.8131985709423,13.116348901346631,72.77083333333333,60.26041666666666,31.447916666666668,40.80520833333333
16,kl,0.0001,0.1,1.0,0.1,,0.5,True,0.1,exemplar_mean,0.2485537011432878,315.6190319896822,366.4058857759784,17.64956862057154,61.5625,43.32291666666666,18.479166666666668,29.584375
16,kl,0.0003162277660168,0.1,1.0,0.1,,0.5,True,0.1,exemplar_mean,0.2312993753865402,319.2220083754604,374.98039199613305,23.21619290807285,47.052083333333336,26.27083333333333,13.5,19.02708333333333
16,kl,0.001,0.1,1.0,0.1,,0.5,True,0.1,exemplar_mean,0.2427745406851728,316.8303756756234,373.8363569300703,36.91566754379296,31.510416666666668,17.572916666666668,9.739583333333334,12.382291666666667
16,kl,0.0031622776601683,0.1,1.0,0.1,,0.5,True,0.1,exemplar_mean,0.2384511602992085,317.7335601821961,362.96655193979507,61.49439571834493,18.979166666666668,11.1875,6.625,7.614583333333333
16,kl,0.01,0.1,1.0,0.1,,0.5,True,0.1,exemplar_mean,0.2786977459135021,309.22375762765523,350.01666650005416,97.37450489706514,12.989583333333334,6.197916666666667,3.75,4.773958333333333
16,kl,0.0316227766016837,0.1,1.0,0.1,,0.5,True,0.1,exemplar_mean,0.2435095067978076,316.67657992181967,369.36344460723313,167.4176939077054,7.291666666666667,4.614583333333333,2.1666666666666665,3.152083333333333
16,kl,0.1,0.1,1.0,0.1,,0.5,True,0.1,exemplar_mean,0.310612148767886,302.305481156351,327.16969426503266,245.5355574517386,5.3125,2.875,1.6354166666666667,2.2812499999999996
16,kl,0.3162277660168379,0.1,1.0,0.1,,0.5,True,0.1,exemplar_mean,0.2334984872533213,318.76506344746844,366.44126356812586,368.6943971980894,3.2604166666666665,2.364583333333333,1.25,1.5770833333333334
17,kl,3.162277660168379e-06,0.1,1.0,0.1,,0.5,True,0.2,exemplar_mean,0.1369204940528838,338.2514062288069,376.5907332112928,13.161409145708454,79.71875,77.65625,48.21875,60.438541666666666
17,kl,1e-05,0.1,1.0,0.1,,0.5,True,0.2,exemplar_mean,0.1578533117703894,334.12431483965554,382.7322408271865,10.371833683792058,78.78125,72.39583333333333,33.135416666666664,48.38437499999999
17,kl,3.1622776601683795e-05,0.1,1.0,0.1,,0.5,True,0.2,exemplar_mean,0.1693571306720918,331.83437981271,385.98378815293614,10.32933577323671,77.66666666666667,63.32291666666666,26.34375,36.53541666666666
17,kl,0.0001,0.1,1.0,0.1,,0.5,True,0.2,exemplar_mean,0.1807932482088213,329.542149513939,387.3692544372143,12.399402559339777,66.46875,49.875,17.0625,26.23854166666667
17,kl,0.0003162277660168,0.1,1.0,0.1,,0.5,True,0.2,exemplar_mean,0.2301241285734041,319.4659403761705,374.29650613140944,20.020560946790276,50.645833333333336,28.42708333333333,12.40625,19.1375
17,kl,0.001,0.1,1.0,0.1,,0.5,True,0.2,exemplar_mean,0.2509372403874551,315.118072804559,367.4200782530239,34.34951593098352,33.114583333333336,17.072916666666668,9.166666666666666,12.60625
17,kl,0.0031622776601683,0.1,1.0,0.1,,0.5,True,0.2,exemplar_mean,0.1969209195330494,326.28218740248025,376.92799831952186,53.08002310135801,20.229166666666668,11.822916666666666,6.125,8.010416666666668
17,kl,0.01,0.1,1.0,0.1,,0.5,True,0.2,exemplar_mean,0.2332747710562386,318.8115784926879,375.97324007135455,93.79914178351429,11.947916666666666,7.65625,4.322916666666667,5.367708333333334
17,kl,0.0316227766016837,0.1,1.0,0.1,,0.5,True,0.2,exemplar_mean,0.2242397590763951,320.684498656527,378.1638321658926,138.51381640440252,7.979166666666667,4.958333333333333,2.4479166666666665,3.4572916666666664
17,kl,0.1,0.1,1.0,0.1,,0.5,True,0.2,exemplar_mean,0.2289678539896263,319.70575290205846,375.73937536706086,229.30442718984077,4.833333333333333,3.7708333333333335,1.9479166666666667,2.3125
17,kl,0.3162277660168379,0.1,1.0,0.1,,0.5,True,0.2,exemplar_mean,0.2694676379460799,311.1959515341135,368.5174380243138,434.7329806089126,3.270833333333333,2.15625,1.3333333333333333,1.6770833333333337
18,kl,3.162277660168379e-06,0.1,1.0,0.1,,1.0,True,0.1,exemplar_mean,0.2069490353373099,324.23863133373993,366.9722029797924,23.971233817254753,79.72916666666667,73.91666666666667,54.84375,64.16458333333334
18,kl,1e-05,0.1,1.0,0.1,,1.0,True,0.1,exemplar_mean,0.1444425220765251,336.77419322805787,383.440327232481,15.42662518137851,77.46875,67.01041666666667,47.88541666666666,54.46458333333334
18,kl,3.1622776601683795e-05,0.1,1.0,0.1,,1.0,True,0.1,exemplar_mean,0.1551276071802464,334.66459390601307,386.4390635254903,12.09190494442893,74.36458333333333,57.333333333333336,28.197916666666668,38.934375
18,kl,0.0001,0.1,1.0,0.1,,1.0,True,0.1,exemplar_mean,0.1729872388656704,331.1084880238913,382.4714361723794,15.48715428724468,65.02083333333333,42.645833333333336,22.3125,29.846875
18,kl,0.0003162277660168,0.1,1.0,0.1,,1.0,True,0.1,exemplar_mean,0.2535202266950394,314.57429422950156,356.1048711107302,24.29504091148945,50.375,26.33333333333333,16.927083333333332,18.944791666666667
18,kl,0.001,0.1,1.0,0.1,,1.0,True,0.1,exemplar_mean,0.2152057598416553,322.54633546478885,382.275333125812,41.26335610392204,28.28125,17.8125,9.333333333333334,12.221875
18,kl,0.0031622776601683,0.1,1.0,0.1,,1.0,True,0.1,exemplar_mean,0.267495196401307,311.61578375995083,366.8260247620904,61.834984462026966,20.39583333333333,10.03125,6.760416666666667,7.7125
18,kl,0.01,0.1,1.0,0.1,,1.0,True,0.1,exemplar_mean,0.2788519932615726,309.1906927824237,339.41104197124656,105.94832772783651,12.385416666666666,6.0625,3.8125,4.810416666666667
18,kl,0.0316227766016837,0.1,1.0,0.1,,1.0,True,0.1,exemplar_mean,0.3030360311818472,303.9620550394274,328.8652331143605,157.3276643342418,8.21875,4.614583333333333,2.458333333333333,3.202083333333333
18,kl,0.1,0.1,1.0,0.1,,1.0,True,0.1,exemplar_mean,0.3003164838862968,304.5545063040508,339.2187513623525,228.663492644963,5.489583333333333,3.333333333333333,1.5,2.245833333333333
18,kl,0.3162277660168379,0.1,1.0,0.1,,1.0,True,0.1,exemplar_mean,0.218188798231342,321.9327452364306,380.9818396393628,375.51159690620847,3.21875,2.395833333333333,1.2604166666666667,1.5906250000000002
19,kl,3.162277660168379e-06,0.1,1.0,0.1,,1.0,True,0.2,exemplar_mean,0.1956266078924688,326.54501383038865,366.8322051763339,15.517883502964672,80.0,78.45833333333333,46.302083333333336,61.11666666666666
19,kl,1e-05,0.1,1.0,0.1,,1.0,True,0.2,exemplar_mean,0.1418946772867922,337.2752761648678,383.18706721974814,9.801867706768348,79.23958333333333,72.13541666666667,33.9375,47.16979166666666
19,kl,3.1622776601683795e-05,0.1,1.0,0.1,,1.0,True,0.2,exemplar_mean,0.1779245418464603,330.1186422536279,386.1391530303503,10.542294324421237,76.77083333333333,63.35416666666666,22.80208333333333,36.702083333333334
19,kl,0.0001,0.1,1.0,0.1,,1.0,True,0.2,exemplar_mean,0.2117294236152884,323.2599241271454,381.0080161454492,13.01546456547965,68.4375,45.90625,16.71875,26.83125
19,kl,0.0003162277660168,0.1,1.0,0.1,,1.0,True,0.2,exemplar_mean,0.2284422797095166,319.8146980979743,367.8082233904477,21.052416739398023,49.96875,29.8125,14.354166666666666,18.834375
19,kl,0.001,0.1,1.0,0.1,,1.0,True,0.2,exemplar_mean,0.2110703703011412,323.395030662138,378.62487682144234,31.879900702591872,32.958333333333336,17.90625,8.885416666666666,12.380208333333332
19,kl,0.0031622776601683,0.1,1.0,0.1,,1.0,True,0.2,exemplar_mean,0.2318450788461975,319.1086798076303,373.76349881749854,57.05205615943914,19.854166666666668,10.583333333333334,6.104166666666667,7.934375
19,kl,0.01,0.1,1.0,0.1,,1.0,True,0.2,exemplar_mean,0.2090753547492463,323.8036670795493,379.5872647021841,90.78165837396236,12.072916666666666,7.84375,3.8020833333333335,5.125
19,kl,0.0316227766016837,0.1,1.0,0.1,,1.0,True,0.2,exemplar_mean,0.1893800412531538,327.8104960020092,384.2012998664839,127.72650450746865,7.875,5.270833333333333,2.6354166666666665,3.311458333333333
19,kl,0.1,0.1,1.0,0.1,,1.0,True,0.2,exemplar_mean,0.2322903398178481,319.0161807341893,376.04109856805326,203.22872573997503,5.625,3.1979166666666665,1.71875,2.2041666666666666
19,kl,0.3162277660168379,0.1,1.0,0.1,,1.0,True,0.2,exemplar_mean,0.2532634341185016,314.62839710034,357.67065306866704,439.0688582287228,3.0729166666666665,2.083333333333333,1.3229166666666667,1.6979166666666667
20,kl,3.162277660168379e-06,0.1,1.0,1.0,,0.5,True,0.1,exemplar_mean,0.1133156325896146,342.84572181864814,385.3208260030352,10.778710823363816,78.97916666666667,72.98958333333333,41.270833333333336,53.526041666666664
20,kl,1e-05,0.1,1.0,1.0,,0.5,True,0.1,exemplar_mean,0.1215227816403351,341.25534340871917,387.9043100514704,11.461078988325712,77.28125,63.46875,38.96875,45.02604166666667
20,kl,3.1622776601683795e-05,0.1,1.0,1.0,,0.5,True,0.1,exemplar_mean,0.1755975551656334,330.5855329968108,381.1456968467734,11.732039867120555,70.45833333333333,52.364583333333336,17.677083333333332,33.99791666666667
20,kl,0.0001,0.1,1.0,1.0,,0.5,True,0.1,exemplar_mean,0.1532005974067763,335.0460329491809,387.2372522691072,13.272997544293116,60.375,41.125,13.458333333333334,23.08958333333333
20,kl,0.0003162277660168,0.1,1.0,1.0,,0.5,True,0.1,exemplar_mean,0.1920294815774702,327.27434761006396,377.8465086099468,18.457018745973254,49.833333333333336,24.447916666666668,11.260416666666666,15.207291666666668
20,kl,0.001,0.1,1.0,1.0,,0.5,True,0.1,exemplar_mean,0.1929436125427581,327.0891575094173,377.02254080386217,30.31559695767439,32.114583333333336,13.90625,6.9375,9.317708333333332
20,kl,0.0031622776601683,0.1,1.0,1.0,,0.5,True,0.1,exemplar_mean,0.1905150223643115,327.58092538647236,380.62769650709697,53.7826983644305,17.96875,9.96875,4.78125,6.130208333333333
20,kl,0.01,0.1,1.0,1.0,,0.5,True,0.1,exemplar_mean,0.1990622089266326,325.84690590461906,380.71080860825367,87.9307637630826,11.802083333333334,6.114583333333333,3.1666666666666665,4.113541666666666
20,kl,0.0316227766016837,0.1,1.0,1.0,,0.5,True,0.1,exemplar_mean,0.1918468198416883,327.311339753165,380.7957381532868,137.0436021757497,7.489583333333333,4.145833333333333,2.3854166666666665,2.878125
20,kl,0.1,0.1,1.0,1.0,,0.5,True,0.1,exemplar_mean,0.1672198004061593,332.2610276770614,384.6689998725678,182.6983368707289,5.083333333333333,3.020833333333333,1.6145833333333333,1.9822916666666663
20,kl,0.3162277660168379,0.1,1.0,1.0,,0.5,True,0.1,exemplar_mean,0.1976854987572329,326.12683035651435,381.32077240718183,364.5359627567667,3.208333333333333,1.9895833333333333,1.375,1.5020833333333334
21,kl,3.162277660168379e-06,0.1,1.0,1.0,,0.5,True,0.2,exemplar_mean,0.0941757282886964,346.5262871732914,385.4420354284536,6.07574114638048,80.0,74.5625,24.36458333333333,41.471875
21,kl,1e-05,0.1,1.0,1.0,,0.5,True,0.2,exemplar_mean,0.1200006446739568,341.55086192066267,386.9592570469703,7.098566332365482,78.57291666666667,69.97916666666667,18.1875,34.37916666666666
21,kl,3.1622776601683795e-05,0.1,1.0,1.0,,0.5,True,0.2,exemplar_mean,0.1441139112735553,336.8388627659776,387.94876420061826,8.496460951404213,73.96875,59.34375,16.71875,27.48125
21,kl,0.0001,0.1,1.0,1.0,,0.5,True,0.2,exemplar_mean,0.1561376695315251,334.46448487119994,386.1919579140269,11.00946341773303,65.14583333333333,37.958333333333336,11.8125,19.791666666666668
21,kl,0.0003162277660168,0.1,1.0,1.0,,0.5,True,0.2,exemplar_mean,0.1864008262301541,328.4123330682231,381.43977463054256,16.581475641543857,51.19791666666666,28.041666666666668,9.635416666666666,14.0375
21,kl,0.001,0.1,1.0,1.0,,0.5,True,0.2,exemplar_mean,0.195086475039241,326.6546321323506,382.6224786089625,32.997198776664504,29.197916666666668,16.333333333333332,7.75,10.1125
21,kl,0.0031622776601683,0.1,1.0,1.0,,0.5,True,0.2,exemplar_mean,0.1910608429779233,327.47046591084563,381.2199122037031,48.63576797977125,19.197916666666668,10.21875,4.875,6.802083333333334
21,kl,0.01,0.1,1.0,1.0,,0.5,True,0.2,exemplar_mean,0.1855221637713437,328.58962289928286,383.1737439827203,85.67253209610516,11.729166666666666,6.65625,3.6145833333333335,4.4364583333333325
21,kl,0.0316227766016837,0.1,1.0,1.0,,0.5,True,0.2,exemplar_mean,0.182633869167758,329.1717282007351,384.6908241656458,129.2232071112194,7.322916666666667,5.09375,2.4375,3.002083333333333
21,kl,0.1,0.1,1.0,1.0,,0.5,True,0.2,exemplar_mean,0.1410161139460159,337.44789010793795,387.17919525181304,171.14795011694446,5.052083333333333,3.25,1.5416666666666667,2.009375
21,kl,0.3162277660168379,0.1,1.0,1.0,,0.5,True,0.2,exemplar_mean,0.2030641537271965,325.03182741952014,379.64460738935895,356.60242522405713,3.270833333333333,2.177083333333333,1.3333333333333333,1.478125
22,kl,3.162277660168379e-06,0.1,1.0,1.0,,1.0,True,0.1,exemplar_mean,0.0648602988942986,352.0889993930672,387.6399682401414,8.64132283595615,78.76041666666667,73.69791666666667,41.708333333333336,53.70729166666666
22,kl,1e-05,0.1,1.0,1.0,,1.0,True,0.1,exemplar_mean,0.1404609765092047,337.55691409724176,384.7210740571843,11.067344063678153,78.59375,63.302083333333336,33.625,44.88020833333333
22,kl,3.1622776601683795e-05,0.1,1.0,1.0,,1.0,True,0.1,exemplar_mean,0.1525336651259071,335.1779467378201,385.35404834209504,11.225431618569182,73.34375,54.19791666666666,24.84375,30.6
22,kl,0.0001,0.1,1.0,1.0,,1.0,True,0.1,exemplar_mean,0.1566547605257455,334.36199476755195,385.1803877823272,12.146091369721278,61.07291666666666,41.60416666666666,16.802083333333332,22.789583333333333
22,kl,0.0003162277660168,0.1,1.0,1.0,,1.0,True,0.1,exemplar_mean,0.2106299547210942,323.48528480696905,379.0342734568194,23.573886728013743,43.01041666666666,25.64583333333333,11.270833333333334,16.084375
22,kl,0.001,0.1,1.0,1.0,,1.0,True,0.1,exemplar_mean,0.2033623178552471,324.9710183228669,376.7841666946342,33.90072966049966,30.11458333333333,16.729166666666668,8.979166666666666,10.286458333333332
22,kl,0.0031622776601683,0.1,1.0,1.0,,1.0,True,0.1,exemplar_mean,0.1702235647353394,331.66126833782,380.28889743126894,48.79437607073745,19.52083333333333,9.375,5.479166666666667,6.254166666666667
22,kl,0.01,0.1,1.0,1.0,,1.0,True,0.1,exemplar_mean,0.2186716439179614,321.83331723836375,373.7174252914492,97.56910695935402,11.4375,5.697916666666667,3.6041666666666665,4.170833333333333
22,kl,0.0316227766016837,0.1,1.0,1.0,,1.0,True,0.1,exemplar_mean,0.2106062991553483,323.49013181765764,380.8012467459216,133.0421681150852,7.614583333333333,4.729166666666667,2.364583333333333,2.8895833333333334
22,kl,0.1,0.1,1.0,1.0,,1.0,True,0.1,exemplar_mean,0.2357581136747176,318.29486111877185,369.62640742537536,223.62156319997672,5.3125,2.614583333333333,1.46875,2.017708333333333
22,kl,0.3162277660168379,0.1,1.0,1.0,,1.0,True,0.1,exemplar_mean,0.2415915255537357,317.07777151032303,368.3616212706105,384.08478925259374,3.2291666666666665,2.1979166666666665,1.15625,1.528125
23,kl,3.162277660168379e-06,0.1,1.0,1.0,,1.0,True,0.2,exemplar_mean,0.0880671951568523,347.6927444470437,385.8840335272373,6.056353955272718,79.46875,76.52083333333333,26.09375,43.10104166666666
23,kl,1e-05,0.1,1.0,1.0,,1.0,True,0.2,exemplar_mean,0.1240299403251613,340.7680270581769,386.9805089861798,7.254722243458726,79.25,67.55208333333333,20.541666666666668,35.01875
23,kl,3.1622776601683795e-05,0.1,1.0,1.0,,1.0,True,0.2,exemplar_mean,0.1762790098563186,330.44887302147816,384.8862979742193,9.043297814359704,75.76041666666667,58.083333333333336,14.947916666666666,27.651041666666664
23,kl,0.0001,0.1,1.0,1.0,,1.0,True,0.2,exemplar_mean,0.1863919724230508,328.41411999944825,383.9382309998099,12.073310338980528,64.57291666666667,41.04166666666666,11.25,19.50104166666667
23,kl,0.0003162277660168,0.1,1.0,1.0,,1.0,True,0.2,exemplar_mean,0.1795819817235237,329.7856874975485,382.5971597359691,17.42124582912404,48.40625,25.854166666666668,9.822916666666666,14.423958333333337
23,kl,0.001,0.1,1.0,1.0,,1.0,True,0.2,exemplar_mean,0.2605426477280118,313.0911374174808,355.66861083953006,34.08511393234967,32.989583333333336,15.9375,7.083333333333333,10.253125
23,kl,0.0031622776601683,0.1,1.0,1.0,,1.0,True,0.2,exemplar_mean,0.1835826045750191,328.9806341873072,379.7266087065929,50.933696547570975,19.08333333333333,11.177083333333334,5.25,6.428125
23,kl,0.01,0.1,1.0,1.0,,1.0,True,0.2,exemplar_mean,0.2109875561348699,323.4120036506334,376.8217400378495,82.2567188147388,12.8125,5.9375,3.21875,4.288541666666667
23,kl,0.0316227766016837,0.1,1.0,1.0,,1.0,True,0.2,exemplar_mean,0.2262013045423887,320.2788092875317,374.9062168556,132.3274795046556,8.395833333333334,4.427083333333333,2.364583333333333,3.026041666666667
23,kl,0.1,0.1,1.0,1.0,,1.0,True,0.2,exemplar_mean,0.2429682559892779,316.78984691527177,375.1784233124917,226.96723006609932,5.104166666666667,3.0,1.4895833333333333,2.082291666666667
23,kl,0.3162277660168379,0.1,1.0,1.0,,1.0,True,0.2,exemplar_mean,0.2329576164470562,318.877509613554,374.5209335947792,430.5279918167395,3.1041666666666665,1.9375,1.1979166666666667,1.4979166666666666
24,kl,3.162277660168379e-06,0.1,10.0,0.1,,0.5,True,0.1,exemplar_mean,0.1115486542489651,343.1871620640555,374.91923765962736,21.02524393980109,77.80208333333333,77.85416666666667,59.114583333333336,68.63333333333334
24,kl,1e-05,0.1,10.0,0.1,,0.5,True,0.1,exemplar_mean,0.0831582073315541,348.6273136525366,386.3823820703504,12.494010882463366,78.61458333333333,74.80208333333333,49.40625,59.67604166666666
24,kl,3.1622776601683795e-05,0.1,10.0,0.1,,0.5,True,0.1,exemplar_mean,0.1899835695432454,327.6884414285046,378.27953489540744,15.480420077101556,72.125,65.84375,34.822916666666664,46.68541666666666
24,kl,0.0001,0.1,10.0,0.1,,0.5,True,0.1,exemplar_mean,0.2203211514477196,321.49341727321666,374.6181677229585,16.29941729681785,66.39583333333333,47.54166666666666,24.9375,34.342708333333334
24,kl,0.0003162277660168,0.1,10.0,0.1,,0.5,True,0.1,exemplar_mean,0.1410429328377316,337.44262222735756,386.19717536967926,18.227637335478896,47.63541666666666,33.989583333333336,15.583333333333334,21.065625000000004
24,kl,0.001,0.1,10.0,0.1,,0.5,True,0.1,exemplar_mean,0.1843323317877047,328.8295457943921,381.9550255229666,33.99285625822336,30.510416666666668,18.447916666666668,10.177083333333334,13.821875
24,kl,0.0031622776601683,0.1,10.0,0.1,,0.5,True,0.1,exemplar_mean,0.2671510928703886,311.688967922682,354.20253327862736,66.5646168016629,18.71875,12.5625,5.833333333333333,8.6125
24,kl,0.01,0.1,10.0,0.1,,0.5,True,0.1,exemplar_mean,0.2479060990082046,315.7550041415539,375.2524183512083,96.04498850064208,12.229166666666666,7.385416666666667,3.7708333333333335,5.175
24,kl,0.0316227766016837,0.1,10.0,0.1,,0.5,True,0.1,exemplar_mean,0.3303694838005637,297.94206749961165,308.0484679747104,152.9785482566855,8.791666666666666,4.489583333333333,2.375,3.3510416666666663
24,kl,0.1,0.1,10.0,0.1,,0.5,True,0.1,exemplar_mean,0.3001692445874847,304.58654938642246,329.95994328806165,235.73821782510723,5.541666666666667,3.3125,1.75,2.2895833333333333
24,kl,0.3162277660168379,0.1,10.0,0.1,,0.5,True,0.1,exemplar_mean,0.3497818927099076,293.5916761727754,307.63471318066513,499.2794018911055,3.2604166666666665,2.0,1.3020833333333333,1.6802083333333333
25,kl,3.162277660168379e-06,0.1,10.0,0.1,,0.5,True,0.2,exemplar_mean,0.1231494057068946,340.93925589972457,374.8336589942515,17.256659293460697,79.91666666666667,77.375,56.82291666666666,67.28854166666666
25,kl,1e-05,0.1,10.0,0.1,,0.5,True,0.2,exemplar_mean,0.1613877612961374,333.4224257016209,370.1548955584012,12.43137562458352,77.61458333333333,73.71875,39.302083333333336,56.907291666666666
25,kl,3.1622776601683795e-05,0.1,10.0,0.1,,0.5,True,0.2,exemplar_mean,0.1477040324011293,336.13166403221,383.83232291815887,10.04050474210891,76.69791666666667,67.46875,25.90625,41.990624999999994
25,kl,0.0001,0.1,10.0,0.1,,0.5,True,0.2,exemplar_mean,0.170818098075787,331.5424296925664,386.67551257579714,11.48400452633902,70.72916666666667,55.29166666666666,19.36458333333333,29.78229166666667
25,kl,0.0003162277660168,0.1,10.0,0.1,,0.5,True,0.2,exemplar_mean,0.1893915150628285,327.808176019316,383.6315645620098,17.180704684617524,53.25,33.510416666666664,13.260416666666666,20.37291666666667
25,kl,0.001,0.1,10.0,0.1,,0.5,True,0.2,exemplar_mean,0.2148851385621737,322.6122155727673,376.9926931208411,30.380029195927325,34.333333333333336,21.42708333333333,10.03125,14.157291666666666
25,kl,0.0031622776601683,0.1,10.0,0.1,,0.5,True,0.2,exemplar_mean,0.2401838996121593,317.37188741558987,372.18359365165423,53.718556748745854,21.09375,13.125,5.875,8.709374999999998
25,kl,0.01,0.1,10.0,0.1,,0.5,True,0.2,exemplar_mean,0.2042584115626215,324.7881959262025,381.612710144901,68.30475210499286,13.958333333333334,9.28125,3.90625,5.285416666666666
25,kl,0.0316227766016837,0.1,10.0,0.1,,0.5,True,0.2,exemplar_mean,0.2387265383775753,317.6761083394002,368.7731292549799,125.99300218069472,8.65625,5.177083333333333,2.6354166666666665,3.38125
25,kl,0.1,0.1,10.0,0.1,,0.5,True,0.2,exemplar_mean,0.2649483458692566,312.1570431247334,351.169482726206,234.8827040472627,5.260416666666667,3.46875,1.7083333333333333,2.3749999999999996
25,kl,0.3162277660168379,0.1,10.0,0.1,,0.5,True,0.2,exemplar_mean,0.2355783720421954,318.3322887156713,370.40724531650625,402.5008502396912,3.208333333333333,2.4791666666666665,1.34375,1.684375
26,kl,3.162277660168379e-06,0.1,10.0,0.1,,1.0,True,0.1,exemplar_mean,0.1360338600502076,338.4251029816505,373.3808060371407,27.72318029046207,79.0,75.25,59.6875,70.06041666666667
26,kl,1e-05,0.1,10.0,0.1,,1.0,True,0.1,exemplar_mean,0.0914020998250758,347.05641237540726,384.3254406079504,13.476585325137451,77.29166666666667,73.98958333333333,51.82291666666666,60.403125
26,kl,3.1622776601683795e-05,0.1,10.0,0.1,,1.0,True,0.1,exemplar_mean,0.1509023420616682,335.50039060021237,385.7814681203959,12.91234630855029,75.72916666666667,62.3125,33.8125,46.14375
26,kl,0.0001,0.1,10.0,0.1,,1.0,True,0.1,exemplar_mean,0.1741967499242338,330.8662753702818,385.56308815781574,15.47494789247787,60.79166666666666,49.645833333333336,20.71875,33.425
26,kl,0.0003162277660168,0.1,10.0,0.1,,1.0,True,0.1,exemplar_mean,0.1473048711524836,336.21036616987186,388.6482293314799,18.11277514739425,49.04166666666666,34.395833333333336,15.34375,21.646875
26,kl,0.001,0.1,10.0,0.1,,1.0,True,0.1,exemplar_mean,0.2941893980303443,305.88508232404484,332.70697413352985,41.49818614884243,31.0625,18.33333333333333,9.270833333333334,13.984375
26,kl,0.0031622776601683,0.1,10.0,0.1,,1.0,True,0.1,exemplar_mean,0.2496547380760659,315.3877209837611,355.67802055215645,57.357540081546325,21.010416666666668,12.9375,5.9375,8.470833333333335
26,kl,0.01,0.1,10.0,0.1,,1.0,True,0.1,exemplar_mean,0.3267778147882074,298.74002859591315,324.56471892401754,117.60707962694592,11.25,7.395833333333333,3.3854166666666665,5.480208333333334
26,kl,0.0316227766016837,0.1,10.0,0.1,,1.0,True,0.1,exemplar_mean,0.3187323604298814,300.51979837539,327.462393712964,157.9518451927688,8.114583333333334,5.15625,2.395833333333333,3.414583333333333
26,kl,0.1,0.1,10.0,0.1,,1.0,True,0.1,exemplar_mean,0.2932689721011722,306.0844650137701,338.9748584908737,230.66186654156243,5.583333333333333,3.302083333333333,1.8229166666666667,2.3229166666666665
26,kl,0.3162277660168379,0.1,10.0,0.1,,1.0,True,0.1,exemplar_mean,0.2621591971189853,312.74872131758576,360.4547403085362,438.54229993273464,3.0729166666666665,2.2604166666666665,1.25,1.6302083333333337
27,kl,3.162277660168379e-06,0.1,10.0,0.1,,1.0,True,0.2,exemplar_mean,0.1763388731202319,330.43686524958025,371.58004048402137,18.921020200214784,80.0,78.92708333333333,54.91666666666666,67.75833333333334
27,kl,1e-05,0.1,10.0,0.1,,1.0,True,0.2,exemplar_mean,0.1165450414239255,342.2208100621109,382.8893393430441,10.207082677150044,79.09375,75.83333333333333,40.958333333333336,56.18020833333334
27,kl,3.1622776601683795e-05,0.1,10.0,0.1,,1.0,True,0.2,exemplar_mean,0.1720506602441367,331.29592248508885,385.7401987202322,11.454066021262344,76.11458333333333,66.76041666666667,29.760416666666668,42.18958333333333
27,kl,0.0001,0.1,10.0,0.1,,1.0,True,0.2,exemplar_mean,0.159358951224261,333.825497653728,386.4745766973485,11.174361534650858,69.96875,52.864583333333336,20.0,29.866666666666664
27,kl,0.0003162277660168,0.1,10.0,0.1,,1.0,True,0.2,exemplar_mean,0.2284810524686301,319.80666224160717,376.1630463950385,18.2389389622808,55.3125,35.395833333333336,11.979166666666666,20.70416666666667
27,kl,0.001,0.1,10.0,0.1,,1.0,True,0.2,exemplar_mean,0.2289375821505619,319.7120288959698,378.7802511571173,28.71219048689324,36.208333333333336,21.53125,8.96875,13.713541666666666
27,kl,0.0031622776601683,0.1,10.0,0.1,,1.0,True,0.2,exemplar_mean,0.26364505696781,312.4336567705973,360.38521051367496,53.25704639510295,21.260416666666668,12.854166666666666,6.989583333333333,8.910416666666666
27,kl,0.01,0.1,10.0,0.1,,1.0,True,0.2,exemplar_mean,0.2368829828418418,318.0605296025225,377.5167125016488,77.79654212875114,13.885416666666666,8.34375,3.7291666666666665,5.402083333333333
27,kl,0.0316227766016837,0.1,10.0,0.1,,1.0,True,0.2,exemplar_mean,0.2287910506211834,319.74240624672393,376.7332597327923,108.34042132912732,9.802083333333334,5.59375,2.552083333333333,3.415625
27,kl,0.1,0.1,10.0,0.1,,1.0,True,0.2,exemplar_mean,0.2285860236647592,319.78490540081106,376.5212110866151,218.42004830724795,5.052083333333333,3.6145833333333335,1.9791666666666667,2.3499999999999996
27,kl,0.3162277660168379,0.1,10.0,0.1,,1.0,True,0.2,exemplar_mean,0.2649105937173873,312.1650591932116,361.1672134189347,383.4634407718083,3.5104166666666665,2.25,1.3020833333333333,1.7520833333333332
28,kl,3.162277660168379e-06,0.1,10.0,1.0,,0.5,True,0.1,exemplar_mean,0.0727308748041292,350.60419521241187,386.27844400512066,9.749823984859296,79.39583333333333,74.16666666666667,44.38541666666666,58.18229166666667
28,kl,1e-05,0.1,10.0,1.0,,0.5,True,0.1,exemplar_mean,0.0801327188690304,349.2020579533337,387.25889607219113,7.762178126738087,77.45833333333333,67.92708333333333,31.65625,46.096875
28,kl,3.1622776601683795e-05,0.1,10.0,1.0,,0.5,True,0.1,exemplar_mean,0.1602236184575366,333.6537702365919,383.3727486490595,12.785689895822218,75.5625,49.3125,24.23958333333333,35.66979166666666
28,kl,0.0001,0.1,10.0,1.0,,0.5,True,0.1,exemplar_mean,0.1753907631815058,330.6269922090395,383.9579754361351,14.396145671550784,61.15625,39.90625,17.71875,25.06458333333333
28,kl,0.0003162277660168,0.1,10.0,1.0,,0.5,True,0.1,exemplar_mean,0.1482949602492193,336.0151176623616,385.65236872079,16.999033327095834,49.052083333333336,29.92708333333333,13.177083333333334,15.732291666666663
28,kl,0.001,0.1,10.0,1.0,,0.5,True,0.1,exemplar_mean,0.1490925050906474,335.8577569112519,384.45082763219625,31.06156645107961,27.8125,18.3125,8.354166666666666,10.852083333333333
28,kl,0.0031622776601683,0.1,10.0,1.0,,0.5,True,0.1,exemplar_mean,0.2234174873824209,320.854409367435,375.4520191928606,54.13886031703143,19.354166666666668,11.416666666666666,4.958333333333333,6.567708333333333
28,kl,0.01,0.1,10.0,1.0,,0.5,True,0.1,exemplar_mean,0.1531106152243063,335.0638337248577,384.85786245756265,73.7603280431035,11.791666666666666,6.65625,3.3125,4.092708333333333
28,kl,0.0316227766016837,0.1,10.0,1.0,,0.5,True,0.1,exemplar_mean,0.2283643191578366,319.8308552174291,373.7046054116617,133.15321023396208,8.09375,3.9583333333333335,1.9791666666666667,2.7260416666666663
28,kl,0.1,0.1,10.0,1.0,,0.5,True,0.1,exemplar_mean,0.2276151856468038,319.98606958439973,372.9028679887454,209.79184866905248,5.239583333333333,2.927083333333333,1.5208333333333333,1.9260416666666669
28,kl,0.3162277660168379,0.1,10.0,1.0,,0.5,True,0.1,exemplar_mean,0.2494375014300603,315.433372509759,367.2630410670163,368.06759645459965,3.2916666666666665,2.1041666666666665,1.2291666666666667,1.4270833333333337
29,kl,3.162277660168379e-06,0.1,10.0,1.0,,0.5,True,0.2,exemplar_mean,0.0746090980573912,350.248933328931,385.95701797381224,6.134174487896594,79.63541666666667,77.13541666666667,32.770833333333336,46.61458333333333
29,kl,1e-05,0.1,10.0,1.0,,0.5,True,0.2,exemplar_mean,0.1092028791333726,343.63992136422394,386.3392264595208,7.001296569737311,78.73958333333333,70.69791666666667,24.58333333333333,38.91770833333333
29,kl,3.1622776601683795e-05,0.1,10.0,1.0,,0.5,True,0.2,exemplar_mean,0.1512267522240115,335.43629306496285,384.3543201882567,8.926943225410215,75.88541666666667,56.60416666666666,19.96875,32.1375
29,kl,0.0001,0.1,10.0,1.0,,0.5,True,0.2,exemplar_mean,0.1646692763612946,332.7694402672468,386.2873999799549,10.9374270560453,64.63541666666667,45.375,12.677083333333334,21.940625
29,kl,0.0003162277660168,0.1,10.0,1.0,,0.5,True,0.2,exemplar_mean,0.1557335422569779,334.5445631238117,385.53992278857686,15.717584140938072,49.63541666666666,30.36458333333333,10.239583333333334,15.815625
29,kl,0.001,0.1,10.0,1.0,,0.5,True,0.2,exemplar_mean,0.2131032282996574,322.9781112105447,377.1967574698419,34.59293164425048,29.625,16.625,7.177083333333333,11.0375
29,kl,0.0031622776601683,0.1,10.0,1.0,,0.5,True,0.2,exemplar_mean,0.2226111977815065,321.02093028108794,377.0083019888124,57.21252871957213,18.65625,10.541666666666666,4.625,7.208333333333334
29,kl,0.01,0.1,10.0,1.0,,0.5,True,0.2,exemplar_mean,0.1908496149381977,327.5132172285054,381.8830649305918,76.6396643562928,12.78125,7.572916666666667,3.364583333333333,4.426041666666667
29,kl,0.0316227766016837,0.1,10.0,1.0,,0.5,True,0.2,exemplar_mean,0.2433119075566377,316.71793600411854,374.18514745486146,135.9698434688119,8.145833333333334,4.489583333333333,2.1041666666666665,3.082291666666667
29,kl,0.1,0.1,10.0,1.0,,0.5,True,0.2,exemplar_mean,0.1885354109964236,327.9812335801558,382.28492498898584,195.55334867000917,5.104166666666667,3.239583333333333,1.7291666666666667,2.0531249999999996
29,kl,0.3162277660168379,0.1,10.0,1.0,,0.5,True,0.2,exemplar_mean,0.2070444909106929,324.2191172563113,374.3696940595884,354.2526065127412,3.333333333333333,2.083333333333333,1.2708333333333333,1.5135416666666668
30,kl,3.162277660168379e-06,0.1,10.0,1.0,,1.0,True,0.1,exemplar_mean,0.043478730333684,356.091432268411,380.65115938204553,7.029168368529914,79.4375,76.11458333333333,41.708333333333336,57.80104166666666
30,kl,1e-05,0.1,10.0,1.0,,1.0,True,0.1,exemplar_mean,0.1049448584767094,344.4602436670256,386.8094728400589,9.171984940796754,76.38541666666667,69.61458333333333,32.989583333333336,46.653125
30,kl,3.1622776601683795e-05,0.1,10.0,1.0,,1.0,True,0.1,exemplar_mean,0.0973845189785638,345.91197552810183,388.79317422680253,8.963263988348846,71.23958333333333,57.15625,22.854166666666668,35.7875
30,kl,0.0001,0.1,10.0,1.0,,1.0,True,0.1,exemplar_mean,0.1858237842699649,328.528774992299,382.3680448500809,14.337465160507993,60.583333333333336,41.458333333333336,18.572916666666668,25.003125000000004
30,kl,0.0003162277660168,0.1,10.0,1.0,,1.0,True,0.1,exemplar_mean,0.1555087092270435,334.58910573242406,386.9566908444978,17.847016067056515,46.6875,29.05208333333333,10.15625,15.858333333333334
30,kl,0.001,0.1,10.0,1.0,,1.0,True,0.1,exemplar_mean,0.1774532190561492,330.21326260927043,381.29654117199937,27.78368070549626,32.729166666666664,17.041666666666668,7.208333333333333,10.04375
30,kl,0.0031622776601683,0.1,10.0,1.0,,1.0,True,0.1,exemplar_mean,0.1816850866241891,329.36272082865185,382.5611027778338,55.66828237536821,17.708333333333332,9.989583333333334,5.302083333333333,6.5
30,kl,0.01,0.1,10.0,1.0,,1.0,True,0.1,exemplar_mean,0.192668779755088,327.14484579498196,381.4799288861242,80.11233831503816,12.197916666666666,6.489583333333333,3.302083333333333,4.134375
30,kl,0.0316227766016837,0.1,10.0,1.0,,1.0,True,0.1,exemplar_mean,0.2571281042990349,313.8131749955136,368.7396826946554,137.85171447006152,8.010416666666666,4.364583333333333,2.052083333333333,2.8541666666666665
30,kl,0.1,0.1,10.0,1.0,,1.0,True,0.1,exemplar_mean,0.2407398337961678,317.2557605221685,376.7170781218535,181.86914635543005,5.75,3.3541666666666665,1.3854166666666667,1.9229166666666668
30,kl,0.3162277660168379,0.1,10.0,1.0,,1.0,True,0.1,exemplar_mean,0.255234863226794,314.21280374663814,363.9394309429304,420.7488340602873,3.020833333333333,2.1666666666666665,1.15625,1.4625
31,kl,3.162277660168379e-06,0.1,10.0,1.0,,1.0,True,0.2,exemplar_mean,0.0765458728201041,349.88221878643077,384.8019070579444,6.01963500246293,80.0,78.15625,29.08333333333333,48.25416666666668
31,kl,1e-05,0.1,10.0,1.0,,1.0,True,0.2,exemplar_mean,0.0960310970957255,346.17121630210835,387.1600461347991,6.3445286377701855,79.72916666666667,74.53125,22.78125,38.655208333333334
31,kl,3.1622776601683795e-05,0.1,10.0,1.0,,1.0,True,0.2,exemplar_mean,0.1289994947661023,339.8000293948432,386.4796766072662,8.112201473872803,74.38541666666667,58.76041666666666,17.114583333333332,30.614583333333332
31,kl,0.0001,0.1,10.0,1.0,,1.0,True,0.2,exemplar_mean,0.1778297892283736,330.1376664831258,384.4925961047928,11.76044321812959,67.40625,42.895833333333336,13.010416666666666,22.022916666666667
31,kl,0.0003162277660168,0.1,10.0,1.0,,1.0,True,0.2,exemplar_mean,0.220387498063434,321.47973827317867,377.7786403911382,19.00545270565415,47.88541666666666,29.70833333333333,10.59375,16.95625
31,kl,0.001,0.1,10.0,1.0,,1.0,True,0.2,exemplar_mean,0.214540816581496,322.682950637169,379.20933384429526,31.02580040974534,31.65625,17.708333333333332,8.760416666666666,11.185416666666669
31,kl,0.0031622776601683,0.1,10.0,1.0,,1.0,True,0.2,exemplar_mean,0.2260295733266484,320.31434748259346,374.88846308421574,50.83165760524155,20.8125,10.333333333333334,5.989583333333333,7.027083333333333
31,kl,0.01,0.1,10.0,1.0,,1.0,True,0.2,exemplar_mean,0.2099467547352611,323.62524283045843,378.9526807369001,76.42551805531845,13.520833333333334,7.489583333333333,3.7291666666666665,4.607291666666667
31,kl,0.0316227766016837,0.1,10.0,1.0,,1.0,True,0.2,exemplar_mean,0.2011533909529049,325.42124828475676,379.0344531331527,123.35915745769172,8.208333333333334,4.354166666666667,2.208333333333333,2.9822916666666663
31,kl,0.1,0.1,10.0,1.0,,1.0,True,0.2,exemplar_mean,0.2042029115927619,324.79952210360153,382.7275708924898,213.09011126653596,4.927083333333333,3.34375,1.6145833333333333,2.14375
31,kl,0.3162277660168379,0.1,10.0,1.0,,1.0,True,0.2,exemplar_mean,0.2436520239647118,316.6467487638427,369.76571101617554,421.1330394925534,2.9479166666666665,2.114583333333333,1.1770833333333333,1.5416666666666663
32,kl,3.162277660168379e-06,0.3,1.0,0.1,,0.5,True,0.1,exemplar_mean,0.1031812620346378,344.79943500891335,383.2229745709796,15.541518873932484,78.98958333333333,77.84375,55.54166666666666,64.55104166666666
32,kl,1e-05,0.3,1.0,0.1,,0.5,True,0.1,exemplar_mean,0.2012948278164282,325.39243887528664,372.42053845332936,18.645120861874556,78.60416666666667,68.53125,43.28125,53.11666666666666
32,kl,3.1622776601683795e-05,0.3,1.0,0.1,,0.5,True,0.1,exemplar_mean,0.224652098847965,320.5992606269167,380.4441587560229,16.994796365280543,74.59375,55.677083333333336,30.291666666666668,42.070833333333326
32,kl,0.0001,0.3,1.0,0.1,,0.5,True,0.1,exemplar_mean,0.2352390359191662,318.4029366770611,370.3251422443129,18.323411679484497,60.864583333333336,47.958333333333336,21.916666666666668,29.8625
32,kl,0.0003162277660168,0.3,1.0,0.1,,0.5,True,0.1,exemplar_mean,0.2299911774693762,319.49352372922084,371.6340538641194,25.99361365638099,44.302083333333336,29.20833333333333,14.78125,19.063541666666666
32,kl,0.001,0.3,1.0,0.1,,0.5,True,0.1,exemplar_mean,0.2563332189692999,313.981022775522,372.09323424851874,42.297275476544854,29.010416666666668,15.458333333333334,9.895833333333334,12.422916666666667
32,kl,0.0031622776601683,0.3,1.0,0.1,,0.5,True,0.1,exemplar_mean,0.2436107299475794,316.65539256154995,369.5996098834681,62.74406041948515,18.78125,11.166666666666666,5.895833333333333,7.434375
32,kl,0.01,0.3,1.0,0.1,,0.5,True,0.1,exemplar_mean,0.2958222231095577,305.5310595675484,322.7677584335751,95.67707785525216,13.53125,5.9375,3.6979166666666665,4.860416666666667
32,kl,0.0316227766016837,0.3,1.0,0.1,,0.5,True,0.1,exemplar_mean,0.2631075028138675,312.5476774416512,355.01971978832,165.17124458218802,7.572916666666667,4.572916666666667,2.4479166666666665,3.140625
32,kl,0.1,0.3,1.0,0.1,,0.5,True,0.1,exemplar_mean,0.2259658940437904,320.32752432223526,376.443601793259,227.1679805611421,4.770833333333333,3.125,1.6041666666666667,2.189583333333333
32,kl,0.3162277660168379,0.3,1.0,0.1,,0.5,True,0.1,exemplar_mean,0.310043721771492,302.430086767721,326.0222368532408,503.2507645283956,2.8229166666666665,2.0416666666666665,1.1875,1.6416666666666668
33,kl,3.162277660168379e-06,0.3,1.0,0.1,,0.5,True,0.2,exemplar_mean,0.0943680095827447,346.48950627586606,384.38341781416045,11.288680934644043,79.52083333333333,77.36458333333333,50.51041666666666,59.663541666666674
33,kl,1e-05,0.3,1.0,0.1,,0.5,True,0.2,exemplar_mean,0.1249820470803956,340.58278342640097,386.6450414282196,9.194662207142152,78.45833333333333,74.57291666666667,32.375,47.98958333333333
33,kl,3.1622776601683795e-05,0.3,1.0,0.1,,0.5,True,0.2,exemplar_mean,0.1530555446114598,335.07472763322136,388.2797187930023,10.07093479102418,76.39583333333333,62.520833333333336,24.0625,34.903125
33,kl,0.0001,0.3,1.0,0.1,,0.5,True,0.2,exemplar_mean,0.2177399144848743,322.02515222640704,377.5250636647654,13.878783887323443,67.10416666666667,43.35416666666666,18.20833333333333,26.666666666666668
33,kl,0.0003162277660168,0.3,1.0,0.1,,0.5,True,0.2,exemplar_mean,0.2198640617349097,321.58764183930555,378.34613756540784,20.532787386260427,47.125,33.177083333333336,11.447916666666666,18.766666666666666
33,kl,0.001,0.3,1.0,0.1,,0.5,True,0.2,exemplar_mean,0.2146598447315658,322.6585000923851,378.32206613790686,32.6171270732557,31.90625,18.59375,8.833333333333334,12.622916666666663
33,kl,0.0031622776601683,0.3,1.0,0.1,,0.5,True,0.2,exemplar_mean,0.2127185551098266,323.0570452236885,379.8209775216323,53.99195408641404,19.70833333333333,13.03125,6.447916666666667,8.098958333333332
33,kl,0.01,0.3,1.0,0.1,,0.5,True,0.2,exemplar_mean,0.2156668101322234,322.45157691438493,378.1063231748261,88.63630859069492,12.083333333333334,7.489583333333333,3.8020833333333335,5.09375
33,kl,0.0316227766016837,0.3,1.0,0.1,,0.5,True,0.2,exemplar_mean,0.1822857825984287,329.2418118859843,382.22442449389666,131.7462857828112,7.458333333333333,4.854166666666667,2.520833333333333,3.2729166666666663
33,kl,0.1,0.3,1.0,0.1,,0.5,True,0.2,exemplar_mean,0.2169593301108414,322.185779829975,379.079250565134,227.59088818486015,4.927083333333333,3.125,1.8229166666666667,2.2104166666666667
33,kl,0.3162277660168379,0.3,1.0,0.1,,0.5,True,0.2,exemplar_mean,0.1556032644297612,334.5703737296822,389.8051183184885,406.166026874955,2.6979166666666665,2.2916666666666665,1.4583333333333333,1.6166666666666667
34,kl,3.162277660168379e-06,0.3,1.0,0.1,,1.0,True,0.1,exemplar_mean,0.179898422648379,329.72208104910214,377.7083642158446,29.49992671042435,79.11458333333333,75.51041666666667,60.60416666666666,67.08645833333333
34,kl,1e-05,0.3,1.0,0.1,,1.0,True,0.1,exemplar_mean,0.1819879667255552,329.30176223858683,372.9677101092343,17.09743550004012,76.58333333333333,69.44791666666667,45.114583333333336,55.009375
34,kl,3.1622776601683795e-05,0.3,1.0,0.1,,1.0,True,0.1,exemplar_mean,0.1723174948019254,331.2425325489886,383.1349247420817,13.229253118457198,73.32291666666667,61.03125,31.885416666666668,41.079166666666666
34,kl,0.0001,0.3,1.0,0.1,,1.0,True,0.1,exemplar_mean,0.2727701782880339,310.4917381402806,350.3591902578093,18.30434749270214,66.11458333333333,48.09375,22.05208333333333,29.889583333333334
34,kl,0.0003162277660168,0.3,1.0,0.1,,1.0,True,0.1,exemplar_mean,0.2262831441652174,320.2618719431053,374.8813647932614,23.37522717117889,48.583333333333336,28.90625,14.28125,18.778125
34,kl,0.001,0.3,1.0,0.1,,1.0,True,0.1,exemplar_mean,0.2356929969141198,318.3084208890273,370.4713881578195,38.17337874295633,30.729166666666668,17.104166666666668,10.614583333333334,11.977083333333333
34,kl,0.0031622776601683,0.3,1.0,0.1,,1.0,True,0.1,exemplar_mean,0.2062417124766424,324.38319346897094,371.35563312852497,63.60747457470877,18.166666666666668,10.916666666666666,6.114583333333333,7.368749999999999
34,kl,0.01,0.3,1.0,0.1,,1.0,True,0.1,exemplar_mean,0.2487902394303764,315.5693532160681,369.6809145479447,96.01842001369606,12.447916666666666,6.15625,3.5625,4.667708333333334
34,kl,0.0316227766016837,0.3,1.0,0.1,,1.0,True,0.1,exemplar_mean,0.2584264457389981,313.5388243098973,358.3630188790785,145.76798257128326,8.197916666666666,4.90625,2.302083333333333,3.184375
34,kl,0.1,0.3,1.0,0.1,,1.0,True,0.1,exemplar_mean,0.286672682882125,307.509570386285,342.5130179254679,251.7349848557168,4.96875,3.145833333333333,1.6458333333333333,2.2416666666666663
34,kl,0.3162277660168379,0.3,1.0,0.1,,1.0,True,0.1,exemplar_mean,0.2177998711764797,322.01281110542163,367.2481299879957,445.31126181225653,2.708333333333333,2.208333333333333,1.1145833333333333,1.6041666666666667
35,kl,3.162277660168379e-06,0.3,1.0,0.1,,1.0,True,0.2,exemplar_mean,0.1434330442135475,336.97281569277817,377.99343826136,13.06965896302279,79.44791666666667,78.57291666666667,48.645833333333336,60.253125
35,kl,1e-05,0.3,1.0,0.1,,1.0,True,0.2,exemplar_mean,0.1295063547658381,339.70114534965336,387.1857641329943,9.648271112988002,78.71875,72.41666666666667,33.989583333333336,46.74375
35,kl,3.1622776601683795e-05,0.3,1.0,0.1,,1.0,True,0.2,exemplar_mean,0.1644656098398281,332.81000495728455,386.591524075427,10.553619965639584,73.5625,64.32291666666667,22.84375,35.709374999999994
35,kl,0.0001,0.3,1.0,0.1,,1.0,True,0.2,exemplar_mean,0.1688983595256502,331.92600464328586,385.46621586417024,12.389832900879384,62.72916666666666,46.66666666666666,18.760416666666668,26.35
35,kl,0.0003162277660168,0.3,1.0,0.1,,1.0,True,0.2,exemplar_mean,0.2634526005658247,312.47448350068447,364.0628894322385,21.015994363044616,53.3125,28.90625,12.958333333333334,19.098958333333336
35,kl,0.001,0.3,1.0,0.1,,1.0,True,0.2,exemplar_mean,0.2219216815085687,321.16326581145256,373.4325402601195,33.0343058975119,32.65625,18.291666666666668,9.458333333333334,12.255208333333332
35,kl,0.0031622776601683,0.3,1.0,0.1,,1.0,True,0.2,exemplar_mean,0.2008868756758726,325.4755281055378,381.4830138512624,52.550214359114634,19.78125,12.541666666666666,5.5,8.111458333333335
35,kl,0.01,0.3,1.0,0.1,,1.0,True,0.2,exemplar_mean,0.1801238659330251,329.67675816456796,385.80736970736774,86.72128380547336,11.4375,8.104166666666666,3.5104166666666665,5.058333333333333
35,kl,0.0316227766016837,0.3,1.0,0.1,,1.0,True,0.2,exemplar_mean,0.1869191996831992,328.3076947120159,382.7707850946766,129.11955278565267,7.6875,4.9375,2.59375,3.2854166666666664
35,kl,0.1,0.3,1.0,0.1,,1.0,True,0.2,exemplar_mean,0.1715485003865564,331.3963744618058,386.4111949166042,204.82532698650223,4.739583333333333,3.552083333333333,1.8229166666666667,2.259375
35,kl,0.3162277660168379,0.3,1.0,0.1,,1.0,True,0.2,exemplar_mean,0.1724310592874334,331.2198072418877,386.452332863375,377.6156123345637,3.03125,2.0,1.2604166666666667,1.609375
36,kl,3.162277660168379e-06,0.3,1.0,1.0,,0.5,True,0.1,exemplar_mean,0.1097388059210944,343.5365344408976,385.2675814847635,11.521841972383935,79.6875,72.71875,41.03125,56.032291666666666
36,kl,1e-05,0.3,1.0,1.0,,0.5,True,0.1,exemplar_mean,0.0933635641585476,346.6816005014704,386.10587091775506,8.710472414490692,77.19791666666667,65.61458333333333,33.15625,43.782291666666666
36,kl,3.1622776601683795e-05,0.3,1.0,1.0,,0.5,True,0.1,exemplar_mean,0.1852665161916471,328.6411875627997,384.94579034134665,12.654603223272384,71.38541666666667,55.63541666666666,20.42708333333333,33.28854166666667
36,kl,0.0001,0.3,1.0,1.0,,0.5,True,0.1,exemplar_mean,0.2068649081654253,324.2558285612369,379.7497532897757,15.26322562150556,63.375,40.94791666666666,15.260416666666666,22.723958333333336
36,kl,0.0003162277660168,0.3,1.0,1.0,,0.5,True,0.1,exemplar_mean,0.1876397055728889,328.16219868347366,383.2503118678806,19.9341313952246,45.44791666666666,27.45833333333333,10.3125,15.055208333333336
36,kl,0.001,0.3,1.0,1.0,,0.5,True,0.1,exemplar_mean,0.2208681005742472,321.3806327638035,374.26779735230394,35.50127391310575,29.479166666666668,14.729166666666666,6.625,9.879166666666666
36,kl,0.0031622776601683,0.3,1.0,1.0,,0.5,True,0.1,exemplar_mean,0.2639022210614731,312.37909494873605,370.1019567567199,64.53613617510216,18.229166666666668,9.375,5.239583333333333,6.184375000000001
36,kl,0.01,0.3,1.0,1.0,,0.5,True,0.1,exemplar_mean,0.2399863178326234,317.4131492592313,373.5862659322543,95.68560654602732,12.1875,5.75,3.3541666666666665,4.240625
36,kl,0.0316227766016837,0.3,1.0,1.0,,0.5,True,0.1,exemplar_mean,0.2071242403391413,324.20281310107396,378.73564719547903,123.02988853400836,8.260416666666666,4.3125,2.1041666666666665,2.9124999999999996
36,kl,0.1,0.3,1.0,1.0,,0.5,True,0.1,exemplar_mean,0.1923916942190898,327.20098095129725,381.9377487370286,203.75671591114616,5.0625,3.0416666666666665,1.6145833333333333,2.0114583333333336
36,kl,0.3162277660168379,0.3,1.0,1.0,,0.5,True,0.1,exemplar_mean,0.2216243348446976,321.22462705328957,375.28431653745304,434.3354987492129,3.0,2.03125,1.3125,1.5031249999999998
37,kl,3.162277660168379e-06,0.3,1.0,1.0,,0.5,True,0.2,exemplar_mean,0.0767929364155485,349.83541140369357,386.3030421094812,5.412086497798662,78.73958333333333,78.3125,22.635416666666668,41.159375
37,kl,1e-05,0.3,1.0,1.0,,0.5,True,0.2,exemplar_mean,0.1090306261323501,343.6731444994841,391.8350745726147,6.598186086849506,79.41666666666667,72.44791666666667,20.375,32.28541666666667
37,kl,3.1622776601683795e-05,0.3,1.0,1.0,,0.5,True,0.2,exemplar_mean,0.1319659872758741,339.22088277800657,390.4714788536986,7.574763712391963,74.13541666666667,65.4375,14.666666666666666,26.503125
37,kl,0.0001,0.3,1.0,1.0,,0.5,True,0.2,exemplar_mean,0.1667229490716273,332.360129288376,385.1850808044359,11.509379456352017,66.36458333333333,41.53125,10.9375,19.515624999999996
37,kl,0.0003162277660168,0.3,1.0,1.0,,0.5,True,0.2,exemplar_mean,0.1942927390539005,326.8156516956321,381.1005618838929,18.547734907486287,48.47916666666666,26.08333333333333,9.71875,14.763541666666663
37,kl,0.001,0.3,1.0,1.0,,0.5,True,0.2,exemplar_mean,0.136973061896045,338.24110508186277,388.31250874069144,28.661354711961845,27.61458333333333,18.635416666666668,8.260416666666666,9.836458333333333
37,kl,0.0031622776601683,0.3,1.0,1.0,,0.5,True,0.2,exemplar_mean,0.1915797451742972,327.36541944268606,382.1946933333052,51.06015256036329,18.666666666666668,10.84375,4.59375,6.491666666666665
37,kl,0.01,0.3,1.0,1.0,,0.5,True,0.2,exemplar_mean,0.1654287603535288,332.6181286200827,385.2246867942802,77.10579232945783,11.958333333333334,6.947916666666667,3.5625,4.3791666666666655
37,kl,0.0316227766016837,0.3,1.0,1.0,,0.5,True,0.2,exemplar_mean,0.1958772831269013,326.4941275584414,382.6997343469223,138.8257819311421,7.53125,4.729166666666667,2.270833333333333,2.9833333333333334
37,kl,0.1,0.3,1.0,1.0,,0.5,True,0.2,exemplar_mean,0.2398518278426302,317.4412323082002,372.599622530094,244.1777665454605,4.729166666666667,2.84375,1.5208333333333333,2.1041666666666665
37,kl,0.3162277660168379,0.3,1.0,1.0,,0.5,True,0.2,exemplar_mean,0.2653241283819609,312.07724046494513,351.0311860034372,518.7493145347809,2.9166666666666665,1.7708333333333333,1.28125,1.4864583333333334
38,kl,3.162277660168379e-06,0.3,1.0,1.0,,1.0,True,0.1,exemplar_mean,0.0843206285687283,348.40623934725477,387.581074748963,9.61686040169874,79.09375,69.52083333333333,40.32291666666666,51.94375
38,kl,1e-05,0.3,1.0,1.0,,1.0,True,0.1,exemplar_mean,0.1282381801634004,339.9485013063117,388.5585144468373,9.542978975166148,78.77083333333333,67.95833333333333,33.75,42.108333333333334
38,kl,3.1622776601683795e-05,0.3,1.0,1.0,,1.0,True,0.1,exemplar_mean,0.1459918811583088,336.469116940543,386.44790507316,12.080265597296924,73.375,51.489583333333336,28.0625,34.052083333333336
38,kl,0.0001,0.3,1.0,1.0,,1.0,True,0.1,exemplar_mean,0.1780244543719068,330.098580841296,381.11738605474926,15.637456261648987,59.84375,35.489583333333336,17.677083333333332,24.65
38,kl,0.0003162277660168,0.3,1.0,1.0,,1.0,True,0.1,exemplar_mean,0.1668877709029381,332.3272573196557,388.2789778250189,18.9497767461208,45.29166666666666,31.48958333333333,11.75,15.645833333333334
38,kl,0.001,0.3,1.0,1.0,,1.0,True,0.1,exemplar_mean,0.2333457694221312,318.7968172560217,372.02733111866866,34.63957042201873,31.541666666666668,15.104166666666666,6.614583333333333,10.163541666666664
38,kl,0.0031622776601683,0.3,1.0,1.0,,1.0,True,0.1,exemplar_mean,0.2447936993261025,316.4076760578699,370.4603420507512,61.9472382705524,18.46875,9.1875,4.760416666666667,6.4625
38,kl,0.01,0.3,1.0,1.0,,1.0,True,0.1,exemplar_mean,0.2263875732275235,320.24025823822427,375.2941209812769,99.21080174117672,11.197916666666666,5.989583333333333,3.46875,4.258333333333333
38,kl,0.0316227766016837,0.3,1.0,1.0,,1.0,True,0.1,exemplar_mean,0.2323579574372479,319.0021314191869,376.240140929221,141.1181648955033,7.770833333333333,4.270833333333333,2.125,2.9052083333333334
38,kl,0.1,0.3,1.0,1.0,,1.0,True,0.1,exemplar_mean,0.1720831034329725,331.2894315073487,385.5454014245621,189.9515228277616,5.15625,3.427083333333333,1.6979166666666667,2.0145833333333334
38,kl,0.3162277660168379,0.3,1.0,1.0,,1.0,True,0.1,exemplar_mean,0.2172042771973543,322.1353835709994,379.893965096369,399.14220318497235,3.0104166666666665,2.145833333333333,1.2604166666666667,1.5270833333333331
39,kl,3.162277660168379e-06,0.3,1.0,1.0,,1.0,True,0.2,exemplar_mean,0.0752323044492777,350.13097553630564,385.4085451057513,5.321133945300446,79.8125,77.17708333333333,26.73958333333333,41.73854166666667
39,kl,1e-05,0.3,1.0,1.0,,1.0,True,0.2,exemplar_mean,0.1237494433525261,340.82258186189927,387.96825531125825,6.930701066276572,78.63541666666667,72.75,21.20833333333333,34.27395833333334
39,kl,3.1622776601683795e-05,0.3,1.0,1.0,,1.0,True,0.2,exemplar_mean,0.1502082509420879,335.63748924239985,388.40697387084526,8.675635876002488,72.14583333333333,61.145833333333336,16.239583333333332,26.664583333333333
39,kl,0.0001,0.3,1.0,1.0,,1.0,True,0.2,exemplar_mean,0.1951045360134064,326.6509673076307,383.07471619874246,12.269476779309956,67.07291666666667,38.88541666666666,12.583333333333334,20.266666666666666
39,kl,0.0003162277660168,0.3,1.0,1.0,,1.0,True,0.2,exemplar_mean,0.1777304007686997,330.1576203090867,384.0840784448505,17.319697436311582,48.3125,26.854166666666668,9.447916666666666,14.764583333333334
39,kl,0.001,0.3,1.0,1.0,,1.0,True,0.2,exemplar_mean,0.1999177165160309,325.67283559402784,378.5616123170449,28.578487407513357,33.59375,16.125,6.854166666666667,9.54375
39,kl,0.0031622776601683,0.3,1.0,1.0,,1.0,True,0.2,exemplar_mean,0.2370632331173608,318.0229640112648,376.0112128942966,54.90687713745282,19.635416666666668,10.354166666666666,5.15625,6.588541666666667
39,kl,0.01,0.3,1.0,1.0,,1.0,True,0.2,exemplar_mean,0.1819779076796636,329.30378693456964,381.2136316054888,87.51834779587617,11.635416666666666,6.645833333333333,3.5,4.3083333333333345
39,kl,0.0316227766016837,0.3,1.0,1.0,,1.0,True,0.2,exemplar_mean,0.2080103068493959,324.0216084458378,375.93827129597,132.40019652171486,8.145833333333334,4.395833333333333,2.46875,2.98125
39,kl,0.1,0.3,1.0,1.0,,1.0,True,0.2,exemplar_mean,0.1763718578682472,330.4302487628346,383.26766091852465,185.41821871399944,5.21875,3.239583333333333,1.6145833333333333,2.0177083333333337
39,kl,0.3162277660168379,0.3,1.0,1.0,,1.0,True,0.2,exemplar_mean,0.1712456410953376,331.4569436683275,387.0366266595267,389.32485894501747,3.0,2.0416666666666665,1.3020833333333333,1.4854166666666666
40,kl,3.162277660168379e-06,0.3,10.0,0.1,,0.5,True,0.1,exemplar_mean,0.088008040142957,347.70402128426485,385.4907687633823,19.546612157294724,78.92708333333333,77.14583333333333,62.395833333333336,69.04479166666667
40,kl,1e-05,0.3,10.0,0.1,,0.5,True,0.1,exemplar_mean,0.150222223689608,335.63472986212884,377.2987589608673,16.467239151894876,76.02083333333333,74.65625,47.96875,59.64895833333334
40,kl,3.1622776601683795e-05,0.3,10.0,0.1,,0.5,True,0.1,exemplar_mean,0.1230895177242561,340.9508985990328,389.9172668778894,12.074819773988896,71.75,64.36458333333333,37.614583333333336,45.54270833333334
40,kl,0.0001,0.3,10.0,0.1,,0.5,True,0.1,exemplar_mean,0.2114053528774166,323.3263659812817,377.89848268041777,17.34902481085407,66.625,44.114583333333336,27.23958333333333,33.293749999999996
40,kl,0.0003162277660168,0.3,10.0,0.1,,0.5,True,0.1,exemplar_mean,0.2137469788076341,322.84597198232177,372.6684642619991,21.83173843553329,48.4375,31.6875,14.5625,22.204166666666666
40,kl,0.001,0.3,10.0,0.1,,0.5,True,0.1,exemplar_mean,0.2375291328395007,317.9258462395006,374.8799976575653,37.82189328106322,30.96875,20.11458333333333,9.770833333333334,13.615625
40,kl,0.0031622776601683,0.3,10.0,0.1,,0.5,True,0.1,exemplar_mean,0.2862034390536694,307.6106973457694,350.78027641616615,65.91780048925814,19.010416666666668,12.322916666666666,6.3125,8.686458333333334
40,kl,0.01,0.3,10.0,0.1,,0.5,True,0.1,exemplar_mean,0.3320655949586045,297.564498634916,326.73639228826744,114.60084564297274,11.875,8.15625,3.5104166666666665,5.395833333333334
40,kl,0.0316227766016837,0.3,10.0,0.1,,0.5,True,0.1,exemplar_mean,0.286247580137927,307.60118589644395,349.0397047798041,175.54369488822826,6.989583333333333,5.354166666666667,2.552083333333333,3.3447916666666666
40,kl,0.1,0.3,10.0,0.1,,0.5,True,0.1,exemplar_mean,0.2696795609967541,311.15081022181727,351.097777815166,249.99035400438217,4.854166666666667,3.2604166666666665,1.59375,2.2666666666666666
40,kl,0.3162277660168379,0.3,10.0,0.1,,0.5,True,0.1,exemplar_mean,0.1737674596227529,330.9522639083905,381.4241543235099,448.1162756733305,2.4791666666666665,2.270833333333333,1.28125,1.6989583333333336
41,kl,3.162277660168379e-06,0.3,10.0,0.1,,0.5,True,0.2,exemplar_mean,0.1846691853263874,328.7616389501264,362.3290091712684,21.364212884241912,79.69791666666667,78.05208333333333,56.6875,68.39583333333334
41,kl,1e-05,0.3,10.0,0.1,,0.5,True,0.2,exemplar_mean,0.1081064843899367,343.85133265817575,384.2739650969964,10.361919432374332,78.8125,74.375,41.16666666666666,55.709375
41,kl,3.1622776601683795e-05,0.3,10.0,0.1,,0.5,True,0.2,exemplar_mean,0.1473847832695558,336.1946114700127,383.0641284573017,9.702059030731611,76.08333333333333,67.89583333333333,27.46875,42.498958333333334
41,kl,0.0001,0.3,10.0,0.1,,0.5,True,0.2,exemplar_mean,0.168919503054281,331.9217824571674,384.707836814603,12.014976793967506,68.0,51.01041666666666,21.75,30.46458333333333
41,kl,0.0003162277660168,0.3,10.0,0.1,,0.5,True,0.2,exemplar_mean,0.2526949143747997,314.74814376278937,363.4541137271904,19.362487451348834,54.94791666666666,29.78125,12.5,20.955208333333335
41,kl,0.001,0.3,10.0,0.1,,0.5,True,0.2,exemplar_mean,0.1691355698868663,331.8786326357056,387.3485560127267,27.622299531349547,31.197916666666668,21.83333333333333,8.270833333333334,13.648958333333333
41,kl,0.0031622776601683,0.3,10.0,0.1,,0.5,True,0.2,exemplar_mean,0.157415815258228,334.2110926210028,387.725872420079,41.7509401579893,20.33333333333333,14.927083333333334,5.90625,8.38125
41,kl,0.01,0.3,10.0,0.1,,0.5,True,0.2,exemplar_mean,0.2426746452475454,316.8512735897609,365.5899837641133,80.92967132651484,13.364583333333334,7.916666666666667,3.6875,5.404166666666667
41,kl,0.0316227766016837,0.3,10.0,0.1,,0.5,True,0.2,exemplar_mean,0.1874256909843725,328.2054226528283,383.7503594876831,121.50999673321677,8.072916666666666,5.135416666666667,2.489583333333333,3.2604166666666665
41,kl,0.1,0.3,10.0,0.1,,0.5,True,0.2,exemplar_mean,0.2510317528900093,315.09819226932495,368.5940141940194,235.21767817852336,4.989583333333333,3.46875,1.6875,2.3010416666666664
41,kl,0.3162277660168379,0.3,10.0,0.1,,0.5,True,0.2,exemplar_mean,0.2094226683593162,323.7325643707972,377.19374526342864,431.4482139958215,3.083333333333333,2.15625,1.2395833333333333,1.625
42,kl,3.162277660168379e-06,0.3,10.0,0.1,,1.0,True,0.1,exemplar_mean,0.1775672559671871,330.19037162812634,369.59214089434766,26.96801507922866,78.63541666666667,76.16666666666667,58.09375,68.984375
42,kl,1e-05,0.3,10.0,0.1,,1.0,True,0.1,exemplar_mean,0.1745298214181675,330.7995444396237,369.8457813403073,17.027821957066564,78.0,71.1875,46.13541666666666,59.76145833333332
42,kl,3.1622776601683795e-05,0.3,10.0,0.1,,1.0,True,0.1,exemplar_mean,0.1587470874984711,333.94696362276716,388.1799055813093,14.394149316289027,73.875,63.5625,36.51041666666666,45.876041666666666
42,kl,0.0001,0.3,10.0,0.1,,1.0,True,0.1,exemplar_mean,0.1963164813911076,326.4049525876884,383.5379534184228,15.565861839773694,66.5,50.489583333333336,22.23958333333333,33.05416666666666
42,kl,0.0003162277660168,0.3,10.0,0.1,,1.0,True,0.1,exemplar_mean,0.2316948552191433,319.1398814041385,373.2541803411304,21.474341940682947,51.53125,32.479166666666664,15.84375,22.173958333333335
42,kl,0.001,0.3,10.0,0.1,,1.0,True,0.1,exemplar_mean,0.2928031514451351,306.1853216154993,338.8774454603408,44.52919519347997,28.229166666666668,20.947916666666668,10.520833333333334,14.71875
42,kl,0.0031622776601683,0.3,10.0,0.1,,1.0,True,0.1,exemplar_mean,0.2291771594536309,319.66235607145444,376.3904516584822,60.95016258823191,19.5,12.333333333333334,6.260416666666667,8.444791666666665
42,kl,0.01,0.3,10.0,0.1,,1.0,True,0.1,exemplar_mean,0.3301544845552292,297.98989400781073,315.7231807017939,101.9082693944512,13.229166666666666,7.96875,3.364583333333333,5.398958333333334
42,kl,0.0316227766016837,0.3,10.0,0.1,,1.0,True,0.1,exemplar_mean,0.2949037255101793,305.73025507148947,343.18529307242983,153.99359860959473,8.625,4.4375,2.5729166666666665,3.265625
42,kl,0.1,0.3,10.0,0.1,,1.0,True,0.1,exemplar_mean,0.2924631056629681,306.25892524834273,346.17724561432044,257.2836615374445,4.854166666666667,3.5416666666666665,1.5833333333333333,2.340625
42,kl,0.3162277660168379,0.3,10.0,0.1,,1.0,True,0.1,exemplar_mean,0.2446291632918458,316.4421418911787,357.23528943039884,432.9428157554004,2.864583333333333,2.2604166666666665,1.2916666666666667,1.6989583333333336
43,kl,3.162277660168379e-06,0.3,10.0,0.1,,1.0,True,0.2,exemplar_mean,0.1534657230287203,334.99357882509685,372.8231347739737,20.178409682325903,79.83333333333333,77.39583333333333,57.1875,67.39791666666666
43,kl,1e-05,0.3,10.0,0.1,,1.0,True,0.2,exemplar_mean,0.1036979804899648,344.70008945866454,386.59200675633144,9.379334948871511,77.88541666666667,77.47916666666667,37.26041666666666,54.97604166666666
43,kl,3.1622776601683795e-05,0.3,10.0,0.1,,1.0,True,0.2,exemplar_mean,0.1295632207767653,339.6900494820137,385.1898822372203,9.36030776611649,75.1875,65.97916666666667,27.354166666666668,42.121875
43,kl,0.0001,0.3,10.0,0.1,,1.0,True,0.2,exemplar_mean,0.1512743359127074,335.42689036530237,389.05333707728096,10.912524963044795,68.10416666666667,58.333333333333336,19.041666666666668,29.785416666666663
43,kl,0.0003162277660168,0.3,10.0,0.1,,1.0,True,0.2,exemplar_mean,0.2006433871812523,325.52511026610995,380.924494656912,16.535644017489066,54.708333333333336,34.3125,12.802083333333334,21.191666666666663
43,kl,0.001,0.3,10.0,0.1,,1.0,True,0.2,exemplar_mean,0.2326419560149108,318.9431165871363,371.11028124560573,31.315167006324742,33.6875,22.135416666666668,8.864583333333334,13.420833333333334
43,kl,0.0031622776601683,0.3,10.0,0.1,,1.0,True,0.2,exemplar_mean,0.1508193845129984,335.51677953377356,385.5652155752765,43.54189196609149,19.67708333333333,13.0,6.1875,8.279166666666667
43,kl,0.01,0.3,10.0,0.1,,1.0,True,0.2,exemplar_mean,0.2279262250959506,319.92163388408557,370.40250996248153,82.39449708726038,13.041666666666666,7.270833333333333,4.083333333333333,5.396875
43,kl,0.0316227766016837,0.3,10.0,0.1,,1.0,True,0.2,exemplar_mean,0.1911286701540902,327.4567369039125,381.0869183126421,124.9540428230657,7.59375,5.5,2.53125,3.2822916666666666
43,kl,0.1,0.3,10.0,0.1,,1.0,True,0.2,exemplar_mean,0.2448265855804472,316.4007868299967,360.36835764305,209.1789720318849,5.552083333333333,3.4479166666666665,1.8020833333333333,2.301041666666667
43,kl,0.3162277660168379,0.3,10.0,0.1,,1.0,True,0.2,exemplar_mean,0.2159103337860873,322.4015148467963,379.5276314648094,371.2140760694607,3.28125,2.375,1.4583333333333333,1.6614583333333333
44,kl,3.162277660168379e-06,0.3,10.0,1.0,,0.5,True,0.1,exemplar_mean,0.0856016416234878,348.16244814730055,386.8947394465184,10.853617329894622,79.66666666666667,74.60416666666667,46.239583333333336,59.096875
44,kl,1e-05,0.3,10.0,1.0,,0.5,True,0.1,exemplar_mean,0.1045859338073397,344.52930247755074,385.4957369296768,9.632712707157047,78.29166666666667,65.35416666666667,35.59375,46.921875
44,kl,3.1622776601683795e-05,0.3,10.0,1.0,,0.5,True,0.1,exemplar_mean,0.1340233545470127,338.818642799601,391.02219405418106,11.095291312919583,73.02083333333333,55.01041666666666,22.83333333333333,33.712500000000006
44,kl,0.0001,0.3,10.0,1.0,,0.5,True,0.1,exemplar_mean,0.1378696185908217,338.065368315561,388.9471466011784,12.12934816484407,61.04166666666666,41.66666666666666,12.760416666666666,22.68125
44,kl,0.0003162277660168,0.3,10.0,1.0,,0.5,True,0.1,exemplar_mean,0.1992308324334274,325.81260340271405,382.1993439943353,20.862182367166856,44.989583333333336,26.21875,12.96875,17.19895833333333
44,kl,0.001,0.3,10.0,1.0,,0.5,True,0.1,exemplar_mean,0.1973447558183436,326.1960760315078,381.8274450341255,31.708447139877386,30.135416666666668,15.604166666666666,8.125,10.54375
44,kl,0.0031622776601683,0.3,10.0,1.0,,0.5,True,0.1,exemplar_mean,0.3267161351211229,298.7537133525116,313.84948855363047,74.16288131409628,18.25,9.822916666666666,4.96875,7.06875
44,kl,0.01,0.3,10.0,1.0,,0.5,True,0.1,exemplar_mean,0.1983838718407057,325.9848612257877,378.44528391365606,83.42375023004102,12.072916666666666,6.270833333333333,3.4166666666666665,4.090624999999999
44,kl,0.0316227766016837,0.3,10.0,1.0,,0.5,True,0.1,exemplar_mean,0.2424870977022424,316.89050441678927,373.7866214607836,143.89728977346246,7.65625,4.458333333333333,1.9479166666666667,2.6656250000000004
44,kl,0.1,0.3,10.0,1.0,,0.5,True,0.1,exemplar_mean,0.296259847822338,305.4361057598079,337.0078855892915,249.98474879712856,4.71875,2.9791666666666665,1.40625,1.9822916666666663
44,kl,0.3162277660168379,0.3,10.0,1.0,,0.5,True,0.1,exemplar_mean,0.2352409017928719,318.40254825501967,368.54887826376273,467.1014480087311,2.864583333333333,1.90625,1.1458333333333333,1.428125
45,kl,3.162277660168379e-06,0.3,10.0,1.0,,0.5,True,0.2,exemplar_mean,0.0749118500657256,350.1916347094475,385.0460288767141,6.245392474170285,79.66666666666667,74.47916666666667,34.083333333333336,47.634375
45,kl,1e-05,0.3,10.0,1.0,,0.5,True,0.2,exemplar_mean,0.0915093977034682,347.0359195280349,388.3883420068604,6.322828896438366,78.66666666666667,75.55208333333333,23.385416666666668,37.891666666666666
45,kl,3.1622776601683795e-05,0.3,10.0,1.0,,0.5,True,0.2,exemplar_mean,0.1253405999555348,340.5129966018975,387.93732357058735,7.725355812121246,75.27083333333333,60.16666666666666,17.104166666666668,30.47812500000001
45,kl,0.0001,0.3,10.0,1.0,,0.5,True,0.2,exemplar_mean,0.1541448128246056,334.859185942948,387.97388173085585,10.76122402591154,65.01041666666667,46.09375,13.395833333333334,21.29791666666667
45,kl,0.0003162277660168,0.3,10.0,1.0,,0.5,True,0.2,exemplar_mean,0.2061674800776225,324.39836129781276,381.27099815458854,17.83584291088846,50.26041666666666,28.71875,9.739583333333334,16.71875
45,kl,0.001,0.3,10.0,1.0,,0.5,True,0.2,exemplar_mean,0.2050860826192929,324.6192417514713,377.61132521583966,28.863313076939583,33.1875,17.645833333333332,7.447916666666667,10.7875
45,kl,0.0031622776601683,0.3,10.0,1.0,,0.5,True,0.2,exemplar_mean,0.1745297649536746,330.79955575343536,382.3241795574051,49.68970775829903,18.6875,11.03125,5.0625,6.904166666666667
45,kl,0.01,0.3,10.0,1.0,,0.5,True,0.2,exemplar_mean,0.2119143589491734,323.2220020667759,376.8643602308957,90.22597938171316,11.645833333333334,6.885416666666667,3.15625,4.5531250000000005
45,kl,0.0316227766016837,0.3,10.0,1.0,,0.5,True,0.2,exemplar_mean,0.20294888122482,325.05533362614466,381.1025860163619,150.608943596355,7.104166666666667,4.666666666666667,2.583333333333333,2.98125
45,kl,0.1,0.3,10.0,1.0,,0.5,True,0.2,exemplar_mean,0.2053773368545814,324.559766512109,381.0614874533646,213.37342589666713,4.958333333333333,3.208333333333333,1.6770833333333333,1.9854166666666664
45,kl,0.3162277660168379,0.3,10.0,1.0,,0.5,True,0.2,exemplar_mean,0.1344830871798104,338.7286942620758,387.327851733788,363.2209875671037,2.6979166666666665,2.0416666666666665,1.21875,1.4604166666666667
46,kl,3.162277660168379e-06,0.3,10.0,1.0,,1.0,True,0.1,exemplar_mean,0.0896207059724129,347.3964645724681,385.3308777981805,10.360727896141064,79.16666666666667,76.08333333333333,46.427083333333336,55.860416666666666
46,kl,1e-05,0.3,10.0,1.0,,1.0,True,0.1,exemplar_mean,0.0805249706236489,349.1275962738186,385.8773169866792,7.708412097453795,77.14583333333333,68.70833333333333,35.302083333333336,46.55625
46,kl,3.1622776601683795e-05,0.3,10.0,1.0,,1.0,True,0.1,exemplar_mean,0.1532170505875993,335.0427779871884,388.3847370674736,11.075336239238798,71.97916666666667,61.04166666666666,25.98958333333333,34.98645833333334
46,kl,0.0001,0.3,10.0,1.0,,1.0,True,0.1,exemplar_mean,0.1291817071619403,339.7644846301689,389.2975981126639,11.391360944337952,62.708333333333336,41.04166666666666,18.17708333333333,24.887499999999996
46,kl,0.0003162277660168,0.3,10.0,1.0,,1.0,True,0.1,exemplar_mean,0.2086942656051425,323.8816664202734,379.92451435921305,21.540229051003013,45.020833333333336,27.572916666666668,12.520833333333334,17.104166666666664
46,kl,0.001,0.3,10.0,1.0,,1.0,True,0.1,exemplar_mean,0.1746849238334684,330.76846504995467,384.10166318525114,30.992005206757867,28.875,16.3125,6.875,10.383333333333336
46,kl,0.0031622776601683,0.3,10.0,1.0,,1.0,True,0.1,exemplar_mean,0.2289702246896259,319.7052614004947,376.9527378846737,58.63076099283479,18.010416666666668,10.020833333333334,5.010416666666667,6.790625
46,kl,0.01,0.3,10.0,1.0,,1.0,True,0.1,exemplar_mean,0.2527668631864443,314.73299178507415,371.09427420703514,92.80507640661864,12.333333333333334,6.21875,3.239583333333333,4.2020833333333325
46,kl,0.0316227766016837,0.3,10.0,1.0,,1.0,True,0.1,exemplar_mean,0.2387439455463277,317.67247635068867,376.6705002672448,146.31282437638794,7.416666666666667,4.354166666666667,2.1666666666666665,2.7989583333333328
46,kl,0.1,0.3,10.0,1.0,,1.0,True,0.1,exemplar_mean,0.2622984987233664,312.7191970252416,353.8230741609039,247.8940495080356,4.510416666666667,3.0104166666666665,1.34375,2.002083333333333
46,kl,0.3162277660168379,0.3,10.0,1.0,,1.0,True,0.1,exemplar_mean,0.2196223515176944,321.6374568747469,378.39034507283384,394.8075960351088,2.895833333333333,2.2291666666666665,1.21875,1.4572916666666664
47,kl,3.162277660168379e-06,0.3,10.0,1.0,,1.0,True,0.2,exemplar_mean,0.0639099318657294,352.2678650766163,385.09516478731985,5.463504627085682,79.33333333333333,79.27083333333333,29.875,47.16770833333333
47,kl,1e-05,0.3,10.0,1.0,,1.0,True,0.2,exemplar_mean,0.1075158632286103,343.9651647802831,386.58422096760034,6.600664626414027,78.67708333333333,74.30208333333333,21.70833333333333,37.604166666666664
47,kl,3.1622776601683795e-05,0.3,10.0,1.0,,1.0,True,0.2,exemplar_mean,0.1452140513272345,336.6223099519042,385.6188583511829,8.495562496569303,74.90625,58.208333333333336,16.28125,30.39375
47,kl,0.0001,0.3,10.0,1.0,,1.0,True,0.2,exemplar_mean,0.1700484244220378,331.6962682433324,386.3412052091076,11.61081070125944,68.46875,42.35416666666666,13.989583333333334,21.170833333333334
47,kl,0.0003162277660168,0.3,10.0,1.0,,1.0,True,0.2,exemplar_mean,0.1974043481644661,326.18396675394166,381.6368369547128,18.24374006024248,49.645833333333336,26.447916666666668,9.895833333333334,15.389583333333334
47,kl,0.001,0.3,10.0,1.0,,1.0,True,0.2,exemplar_mean,0.1970028130411413,326.265550763052,380.8795045754323,32.58827057492749,30.58333333333333,17.020833333333332,9.5,10.820833333333333
47,kl,0.0031622776601683,0.3,10.0,1.0,,1.0,True,0.2,exemplar_mean,0.2158443929664986,322.41507131494575,381.7074703476716,55.8867771550229,18.46875,12.791666666666666,5.46875,7.3010416666666655
47,kl,0.01,0.3,10.0,1.0,,1.0,True,0.2,exemplar_mean,0.1982445223423759,326.01319389730793,378.1229263945803,79.38376743600556,12.697916666666666,7.208333333333333,3.239583333333333,4.444791666666666
47,kl,0.0316227766016837,0.3,10.0,1.0,,1.0,True,0.2,exemplar_mean,0.2004764131358865,325.559107236611,381.1379773788207,121.10053220963322,8.166666666666666,4.635416666666667,2.333333333333333,2.9218749999999996
47,kl,0.1,0.3,10.0,1.0,,1.0,True,0.2,exemplar_mean,0.2423282009082039,316.9237383358533,373.85371372569136,222.63133963235808,5.15625,3.09375,1.5729166666666667,2.034375
47,kl,0.3162277660168379,0.3,10.0,1.0,,1.0,True,0.2,exemplar_mean,0.142864821555335,337.08456635244363,384.75454722229904,380.2253103990359,2.78125,2.09375,1.3541666666666667,1.4739583333333337
0,mi,3.1622776601683795e-05,0.03,1.0,0.1,,0.5,True,0.1,exemplar_mean,0.1182764574804909,341.8852993513254,382.5397887006813,9.897384421273005,78.40625,68.15625,35.645833333333336,51.96145833333334
0,mi,0.0001,0.03,1.0,0.1,,0.5,True,0.1,exemplar_mean,0.1810707030727169,329.48633892939733,377.89407992426703,12.699590780474342,75.17708333333333,56.958333333333336,25.36458333333333,41.067708333333336
0,mi,0.0003162277660168,0.03,1.0,0.1,,0.5,True,0.1,exemplar_mean,0.2487705534208096,315.57348805358856,361.98249469721185,17.344854967990685,64.21875,44.59375,22.65625,31.191666666666663
0,mi,0.001,0.03,1.0,0.1,,0.5,True,0.1,exemplar_mean,0.1945549548551326,326.7624666210587,382.6663357498656,19.38813147478957,48.5625,34.052083333333336,15.5,19.421875
0,mi,0.0031622776601683,0.03,1.0,0.1,,0.5,True,0.1,exemplar_mean,0.1888558617786851,327.9164666004061,382.06571081053056,29.287659223946793,32.864583333333336,18.510416666666668,8.104166666666666,11.332291666666666
0,mi,0.01,0.03,1.0,0.1,,0.5,True,0.1,exemplar_mean,0.2043579769822655,324.7678760855022,378.06983903065657,57.423903938409865,18.416666666666668,9.989583333333334,4.260416666666667,6.584375
0,mi,0.0316227766016837,0.03,1.0,0.1,,0.5,True,0.1,exemplar_mean,0.2035379159702862,324.93520063279794,375.5903071768668,92.40458360884249,11.364583333333334,5.583333333333333,3.1354166666666665,3.73125
0,mi,0.1,0.03,1.0,0.1,,0.5,True,0.1,exemplar_mean,0.2697319157410208,311.1396572318497,354.74795936063265,156.2530221657488,7.385416666666667,3.46875,1.8854166666666667,2.5822916666666664
0,mi,0.3162277660168379,0.03,1.0,0.1,,0.5,True,0.1,exemplar_mean,0.1600475008205633,333.6887552839763,385.1888839145568,213.13656957824605,4.21875,2.8541666666666665,1.3645833333333333,1.7458333333333331
0,mi,1.0,0.03,1.0,0.1,,0.5,True,0.1,exemplar_mean,0.1462506547109655,336.41813621591047,386.62542111944447,400.48762748345433,2.59375,1.9166666666666667,1.2083333333333333,1.4395833333333332
0,mi,3.1622776601683795,0.03,1.0,0.1,,0.5,True,0.1,exemplar_mean,0.0946053937322777,346.4440924056299,391.2344112650735,524.4412604248249,1.7708333333333333,1.7083333333333333,1.1458333333333333,1.234375
1,mi,3.1622776601683795e-05,0.03,1.0,0.1,,0.5,True,0.2,exemplar_mean,0.1647622814911382,332.7509145949355,382.3644092261897,10.031525239044376,78.63541666666667,74.35416666666667,29.322916666666668,44.71666666666666
1,mi,0.0001,0.03,1.0,0.1,,0.5,True,0.2,exemplar_mean,0.1245845529142212,340.6601328669636,386.9168696793799,8.711610498733453,75.05208333333333,61.94791666666666,22.0,34.271875
1,mi,0.0003162277660168,0.03,1.0,0.1,,0.5,True,0.2,exemplar_mean,0.223896877958928,320.7553610867609,375.44531824587614,13.898573572732774,66.5625,43.97916666666666,15.447916666666666,25.698958333333337
1,mi,0.001,0.03,1.0,0.1,,0.5,True,0.2,exemplar_mean,0.2033643270939995,324.9706085099809,378.4307949387886,18.40361356543599,51.53125,27.375,10.5,15.991666666666664
1,mi,0.0031622776601683,0.03,1.0,0.1,,0.5,True,0.2,exemplar_mean,0.2476844610592296,315.8015263485821,372.591253462493,34.83659795183124,31.229166666666668,16.416666666666668,6.510416666666667,10.678125
1,mi,0.01,0.03,1.0,0.1,,0.5,True,0.2,exemplar_mean,0.1923615046117851,327.20709652535794,380.2122540026757,51.86014621817564,18.65625,9.083333333333334,4.65625,6.123958333333333
1,mi,0.0316227766016837,0.03,1.0,0.1,,0.5,True,0.2,exemplar_mean,0.2083407262347717,323.9540102241162,379.9156239264834,94.63389938300938,10.875,6.21875,2.8125,3.89375
1,mi,0.1,0.03,1.0,0.1,,0.5,True,0.2,exemplar_mean,0.2354729502317664,318.3542386501094,374.60381209673494,146.84636534249117,7.354166666666667,3.84375,1.8333333333333333,2.5489583333333337
1,mi,0.3162277660168379,0.03,1.0,0.1,,0.5,True,0.2,exemplar_mean,0.160821678698894,333.534940629863,386.7039228074254,243.4017797615299,3.8645833333333335,2.78125,1.3333333333333333,1.7854166666666669
1,mi,1.0,0.03,1.0,0.1,,0.5,True,0.2,exemplar_mean,0.1470784736197425,336.2549965090423,387.8815735124347,381.1957111266325,2.583333333333333,2.020833333333333,1.1458333333333333,1.40625
1,mi,3.1622776601683795,0.03,1.0,0.1,,0.5,True,0.2,exemplar_mean,0.0854342339643965,348.1943174045215,391.19996440115784,595.7500774359874,1.75,1.59375,1.1145833333333333,1.2
2,mi,3.1622776601683795e-05,0.03,1.0,0.1,,1.0,True,0.1,exemplar_mean,0.1017395518919187,345.07647048965464,383.93571575372295,10.074180418583104,77.59375,70.3125,40.020833333333336,53.81770833333333
2,mi,0.0001,0.03,1.0,0.1,,1.0,True,0.1,exemplar_mean,0.1432837995681976,337.00217078147347,388.80722290894295,11.688485036417555,72.375,65.42708333333333,28.854166666666668,40.35520833333333
2,mi,0.0003162277660168,0.03,1.0,0.1,,1.0,True,0.1,exemplar_mean,0.2094804626002421,323.7207311072912,379.5835020105754,13.071604270278748,70.71875,49.583333333333336,19.46875,31.46875
2,mi,0.001,0.03,1.0,0.1,,1.0,True,0.1,exemplar_mean,0.2451793768395046,316.32687236907174,375.0795162595761,23.054690376564047,48.60416666666666,28.27083333333333,15.15625,19.99583333333333
2,mi,0.0031622776601683,0.03,1.0,0.1,,1.0,True,0.1,exemplar_mean,0.1777451260086411,330.1546640573003,385.3197364854542,34.45836950097291,28.416666666666668,17.302083333333332,7.166666666666667,11.45
2,mi,0.01,0.03,1.0,0.1,,1.0,True,0.1,exemplar_mean,0.2123101853372569,323.1408206190629,375.3836477268151,57.41628660534897,18.729166666666668,9.104166666666666,4.395833333333333,6.140625
2,mi,0.0316227766016837,0.03,1.0,0.1,,1.0,True,0.1,exemplar_mean,0.2295930655800994,319.5761057271856,377.6484388746481,87.23477482711527,11.9375,6.145833333333333,2.8541666666666665,3.709375
2,mi,0.1,0.03,1.0,0.1,,1.0,True,0.1,exemplar_mean,0.2382548500671367,317.7745098406588,371.9098420791641,138.3385022599186,7.71875,4.052083333333333,1.96875,2.392708333333333
2,mi,0.3162277660168379,0.03,1.0,0.1,,1.0,True,0.1,exemplar_mean,0.2260392274861404,320.31234974770916,377.1319053953374,228.77055809492413,4.739583333333333,2.71875,1.34375,1.8104166666666663
2,mi,1.0,0.03,1.0,0.1,,1.0,True,0.1,exemplar_mean,0.1846892564609302,328.7575923351945,382.12256887209566,346.2265322324164,3.0729166666666665,2.114583333333333,1.1979166666666667,1.4260416666666669
2,mi,3.1622776601683795,0.03,1.0,0.1,,1.0,True,0.1,exemplar_mean,0.062067088629032,352.61444244554986,385.699831958996,500.3394007704488,1.6770833333333333,1.59375,1.1354166666666667,1.2468750000000002
3,mi,3.1622776601683795e-05,0.03,1.0,0.1,,1.0,True,0.2,exemplar_mean,0.1415972854766879,337.3337155040083,384.0753446852793,9.117787385876596,78.28125,73.51041666666667,28.84375,45.09166666666667
3,mi,0.0001,0.03,1.0,0.1,,1.0,True,0.2,exemplar_mean,0.1503647701459161,335.60657806218575,388.18117608791766,8.973919249729601,74.82291666666667,64.84375,20.80208333333333,32.93958333333334
3,mi,0.0003162277660168,0.03,1.0,0.1,,1.0,True,0.2,exemplar_mean,0.1755081808172846,330.60345207628393,386.5193039882347,11.528677686387908,68.61458333333333,46.76041666666666,14.885416666666666,23.81458333333333
3,mi,0.001,0.03,1.0,0.1,,1.0,True,0.2,exemplar_mean,0.2270048340961925,320.112473821137,377.2331203668781,19.78244696722488,48.583333333333336,27.55208333333333,9.3125,16.8125
3,mi,0.0031622776601683,0.03,1.0,0.1,,1.0,True,0.2,exemplar_mean,0.1963560905452654,326.3969091333405,379.1888999772019,30.167693543638485,30.95833333333333,17.010416666666668,7.333333333333333,10.385416666666666
3,mi,0.01,0.03,1.0,0.1,,1.0,True,0.2,exemplar_mean,0.2158820169693016,322.407336440038,373.91744601354134,51.92136513560458,19.48958333333333,9.5625,4.302083333333333,6.121875
3,mi,0.0316227766016837,0.03,1.0,0.1,,1.0,True,0.2,exemplar_mean,0.2199837808946907,321.56296557613393,376.6722494137056,92.12819575737974,11.291666666666666,6.052083333333333,2.7916666666666665,3.8833333333333337
3,mi,0.1,0.03,1.0,0.1,,1.0,True,0.2,exemplar_mean,0.1822681047219154,329.2453707483064,383.6535518528125,127.06646286620024,7.104166666666667,4.708333333333333,1.8020833333333333,2.4645833333333336
3,mi,0.3162277660168379,0.03,1.0,0.1,,1.0,True,0.2,exemplar_mean,0.1986314736879814,325.9345125085608,380.179596513675,229.0306862524744,4.4375,2.71875,1.5208333333333333,1.8041666666666667
3,mi,1.0,0.03,1.0,0.1,,1.0,True,0.2,exemplar_mean,0.1259271473427065,340.3988032919331,390.37627137944435,366.8044329194949,2.65625,2.1041666666666665,1.15625,1.396875
3,mi,3.1622776601683795,0.03,1.0,0.1,,1.0,True,0.2,exemplar_mean,0.0846739186938927,348.33902129985216,389.6878103227363,648.3069184700995,1.6770833333333333,1.5520833333333333,1.1041666666666667,1.23125
4,mi,3.1622776601683795e-05,0.03,1.0,1.0,,0.5,True,0.1,exemplar_mean,0.0670120516665978,351.6836884030077,384.1484146729954,6.312556331927902,79.27083333333333,74.96875,35.291666666666664,48.74583333333334
4,mi,0.0001,0.03,1.0,1.0,,0.5,True,0.1,exemplar_mean,0.1349211694258619,338.6429594793082,386.3574866282665,9.497564937008658,75.35416666666667,58.583333333333336,22.92708333333333,37.38645833333332
4,mi,0.0003162277660168,0.03,1.0,1.0,,0.5,True,0.1,exemplar_mean,0.1799115652289671,329.71943904931635,385.12431054857734,12.85167707870371,65.72916666666667,47.13541666666666,14.552083333333334,26.438541666666666
4,mi,0.001,0.03,1.0,1.0,,0.5,True,0.1,exemplar_mean,0.1508848032699793,335.50385559686003,386.99797635533184,15.08336137774162,52.54166666666666,29.34375,12.5,16.514583333333334
4,mi,0.0031622776601683,0.03,1.0,1.0,,0.5,True,0.1,exemplar_mean,0.1424545126523142,337.16523755463373,386.7890096419971,24.862129708826924,31.65625,15.21875,7.802083333333333,9.353125
4,mi,0.01,0.03,1.0,1.0,,0.5,True,0.1,exemplar_mean,0.2214749989000488,321.25543999146555,377.02193001432266,55.303277866227425,18.27083333333333,8.583333333333334,4.59375,5.892708333333333
4,mi,0.0316227766016837,0.03,1.0,1.0,,0.5,True,0.1,exemplar_mean,0.2170009865460003,322.17720984755744,376.035687353684,88.24936664053868,11.604166666666666,5.78125,2.677083333333333,3.5416666666666665
4,mi,0.1,0.03,1.0,1.0,,0.5,True,0.1,exemplar_mean,0.209242534069325,323.76944375745825,378.51880226769555,124.71879170186872,7.739583333333333,3.8541666666666665,1.7916666666666667,2.2854166666666664
4,mi,0.3162277660168379,0.03,1.0,1.0,,0.5,True,0.1,exemplar_mean,0.2203561329260759,321.48620504654957,376.6859291888561,238.993924368358,4.5625,2.739583333333333,1.3645833333333333,1.8760416666666664
4,mi,1.0,0.03,1.0,1.0,,0.5,True,0.1,exemplar_mean,0.1214568704320523,341.2681451807314,389.46993550496336,349.23646521195286,2.489583333333333,2.375,1.2083333333333333,1.5489583333333337
4,mi,3.1622776601683795,0.03,1.0,1.0,,0.5,True,0.1,exemplar_mean,0.0740799786278653,350.3490515773037,389.9319352356673,643.539514057932,1.75,1.4166666666666667,1.0833333333333333,1.290625
5,mi,3.1622776601683795e-05,0.03,1.0,1.0,,0.5,True,0.2,exemplar_mean,0.1042581214935184,344.59236303077483,387.2401828850354,6.080095874548457,79.625,71.4375,16.520833333333332,33.717708333333334
5,mi,0.0001,0.03,1.0,1.0,,0.5,True,0.2,exemplar_mean,0.1223722784266241,341.09030473250925,388.961823645308,7.258704570037143,74.80208333333333,59.69791666666666,10.791666666666666,25.191666666666663
5,mi,0.0003162277660168,0.03,1.0,1.0,,0.5,True,0.2,exemplar_mean,0.2050320667240719,324.63027080801356,382.2045860733836,12.66594197850146,65.41666666666667,40.208333333333336,11.583333333333334,20.714583333333337
5,mi,0.001,0.03,1.0,1.0,,0.5,True,0.2,exemplar_mean,0.1879772517201461,328.0940137933638,382.2405826351049,17.451355654269925,47.94791666666666,28.92708333333333,8.03125,13.863541666666666
5,mi,0.0031622776601683,0.03,1.0,1.0,,0.5,True,0.2,exemplar_mean,0.2227551454288139,320.9912074790092,377.05011905455063,33.451378080937076,29.71875,13.59375,5.947916666666667,9.236458333333337
5,mi,0.01,0.03,1.0,1.0,,0.5,True,0.2,exemplar_mean,0.2158027830697231,322.4236254078776,378.20754744331254,54.775325058066656,17.416666666666668,9.5625,3.7291666666666665,5.671874999999999
5,mi,0.0316227766016837,0.03,1.0,1.0,,0.5,True,0.2,exemplar_mean,0.2090151467967494,323.8159913792912,380.456741933936,89.3509466264288,11.020833333333334,5.9375,2.5625,3.4572916666666664
5,mi,0.1,0.03,1.0,1.0,,0.5,True,0.2,exemplar_mean,0.2302023623800506,319.44970810256024,373.11272851799737,170.03676081496755,6.604166666666667,3.4375,2.020833333333333,2.394791666666667
5,mi,0.3162277660168379,0.03,1.0,1.0,,0.5,True,0.2,exemplar_mean,0.1753202277012311,330.6411325035939,386.7612870428072,230.25189632558445,4.125,3.0729166666666665,1.3958333333333333,1.7895833333333333
5,mi,1.0,0.03,1.0,1.0,,0.5,True,0.2,exemplar_mean,0.1123559790646416,343.0312016485831,388.8843059006061,352.6345570280695,2.5729166666666665,2.03125,1.25,1.4135416666666667
5,mi,3.1622776601683795,0.03,1.0,1.0,,0.5,True,0.2,exemplar_mean,0.1383915666501551,337.9630176261285,388.83625307992133,922.492579705966,1.7395833333333333,1.3854166666666667,1.1666666666666667,1.2385416666666669
6,mi,3.1622776601683795e-05,0.03,1.0,1.0,,1.0,True,0.1,exemplar_mean,0.0845135032524729,348.3695440342935,387.0046977986431,6.591907970190531,78.07291666666667,68.42708333333333,26.80208333333333,43.86145833333333
6,mi,0.0001,0.03,1.0,1.0,,1.0,True,0.1,exemplar_mean,0.172594747290666,331.1870490102717,380.37224992378367,10.33192986904814,73.875,63.0625,23.229166666666668,35.37083333333334
6,mi,0.0003162277660168,0.03,1.0,1.0,,1.0,True,0.1,exemplar_mean,0.1801278763395017,329.6759518601958,384.3351077289781,11.978892493534808,66.5625,44.47916666666666,15.40625,26.145833333333336
6,mi,0.001,0.03,1.0,1.0,,1.0,True,0.1,exemplar_mean,0.1566231971152421,334.36825169867535,387.8455145110517,14.980128015003444,51.84375,34.708333333333336,11.854166666666666,16.511458333333334
6,mi,0.0031622776601683,0.03,1.0,1.0,,1.0,True,0.1,exemplar_mean,0.1589076788329418,333.91508762723714,385.3698133108486,25.53457837122657,29.92708333333333,19.979166666666668,6.71875,9.241666666666667
6,mi,0.01,0.03,1.0,1.0,,1.0,True,0.1,exemplar_mean,0.178676814597988,329.96756360503394,380.05763587729285,48.292036001756856,18.875,9.770833333333334,4.364583333333333,5.629166666666666
6,mi,0.0316227766016837,0.03,1.0,1.0,,1.0,True,0.1,exemplar_mean,0.216602014245992,322.2592810955555,374.10962522708,95.0242497309879,11.052083333333334,5.166666666666667,2.6354166666666665,3.447916666666667
6,mi,0.1,0.03,1.0,1.0,,1.0,True,0.1,exemplar_mean,0.2026290373669999,325.1205468361176,378.3398697574149,125.94617749337986,7.729166666666667,4.166666666666667,1.7604166666666667,2.307291666666667
6,mi,0.3162277660168379,0.03,1.0,1.0,,1.0,True,0.1,exemplar_mean,0.2678376624483287,311.5429307892793,359.49015626731205,242.52571582683203,4.84375,2.7916666666666665,1.3854166666666667,1.8541666666666667
6,mi,1.0,0.03,1.0,1.0,,1.0,True,0.1,exemplar_mean,0.1116226501270854,343.1728703618072,391.7214045702455,280.71983592586315,2.895833333333333,2.4166666666666665,1.2083333333333333,1.44375
6,mi,3.1622776601683795,0.03,1.0,1.0,,1.0,True,0.1,exemplar_mean,0.0668354219024995,351.71697654318774,380.7314465837254,525.907376706203,1.59375,1.5520833333333333,1.1145833333333333,1.35
7,mi,3.1622776601683795e-05,0.03,1.0,1.0,,1.0,True,0.2,exemplar_mean,0.1005140244430702,345.31179006833304,386.71861240572,5.923399686605023,77.89583333333333,70.86458333333333,17.75,33.12499999999999
7,mi,0.0001,0.03,1.0,1.0,,1.0,True,0.2,exemplar_mean,0.1285453721736053,339.88860038930767,389.73385578601113,7.606853197562553,75.04166666666667,58.8125,12.583333333333334,24.776041666666668
7,mi,0.0003162277660168,0.03,1.0,1.0,,1.0,True,0.2,exemplar_mean,0.1485347651316078,335.96781035838234,387.9612947193442,10.419265378176789,66.3125,44.32291666666666,11.458333333333334,19.657291666666666
7,mi,0.001,0.03,1.0,1.0,,1.0,True,0.2,exemplar_mean,0.2040022714750833,324.8404645173146,381.8960693830572,17.026421487959194,51.78125,26.83333333333333,7.989583333333333,13.338541666666666
7,mi,0.0031622776601683,0.03,1.0,1.0,,1.0,True,0.2,exemplar_mean,0.2175468174483823,322.0648949327393,374.8550086275039,30.71649251488187,30.75,16.395833333333332,6.927083333333333,8.978125000000002
7,mi,0.01,0.03,1.0,1.0,,1.0,True,0.2,exemplar_mean,0.2330992087154222,318.84807664171177,373.9166790609496,53.82898653421345,18.916666666666668,9.125,4.0,5.4541666666666675
7,mi,0.0316227766016837,0.03,1.0,1.0,,1.0,True,0.2,exemplar_mean,0.2359096335318878,318.26330672255585,374.5486657468354,86.61664590676278,11.770833333333334,6.416666666666667,2.3541666666666665,3.45625
7,mi,0.1,0.03,1.0,1.0,,1.0,True,0.2,exemplar_mean,0.2006207741125984,325.52971463760696,382.2110327919107,138.96042579927794,6.989583333333333,4.395833333333333,1.90625,2.3916666666666666
7,mi,0.3162277660168379,0.03,1.0,1.0,,1.0,True,0.2,exemplar_mean,0.2234009953247765,320.8578162953759,376.94282734755615,269.75796969038805,4.145833333333333,2.7916666666666665,1.4895833333333333,1.821875
7,mi,1.0,0.03,1.0,1.0,,1.0,True,0.2,exemplar_mean,0.2070046116575739,324.2272699543727,376.4264815063076,468.433949588288,2.6875,1.9895833333333333,1.2604166666666667,1.4791666666666663
7,mi,3.1622776601683795,0.03,1.0,1.0,,1.0,True,0.2,exemplar_mean,0.0982771956861294,345.74088166002514,387.9311712327635,775.3052759488118,1.5833333333333333,1.4583333333333333,1.0729166666666667,1.2552083333333337
8,mi,3.1622776601683795e-05,0.03,10.0,0.1,,0.5,True,0.1,exemplar_mean,0.1251309804254836,340.553797568672,385.4299890642927,14.401759319076154,78.82291666666667,72.19791666666667,43.78125,59.73854166666666
8,mi,0.0001,0.03,10.0,0.1,,0.5,True,0.1,exemplar_mean,0.1722994025345654,331.24615283555556,376.4325765037244,14.165799208483628,75.1875,59.020833333333336,34.197916666666664,46.24479166666667
8,mi,0.0003162277660168,0.03,10.0,0.1,,0.5,True,0.1,exemplar_mean,0.1438180534571171,336.8970760031509,391.2619132453096,11.9308543767066,63.739583333333336,59.3125,18.25,33.65208333333334
8,mi,0.001,0.03,10.0,0.1,,0.5,True,0.1,exemplar_mean,0.2359756926558061,318.2495487623921,363.1595687191888,21.52279108207942,49.85416666666666,29.197916666666668,15.916666666666666,22.430208333333333
8,mi,0.0031622776601683,0.03,10.0,0.1,,0.5,True,0.1,exemplar_mean,0.2592743701010533,313.35952095850564,373.1243582704352,37.487708632913005,32.729166666666664,17.96875,8.552083333333334,13.01666666666667
8,mi,0.01,0.03,10.0,0.1,,0.5,True,0.1,exemplar_mean,0.2366229944860154,318.11470543030697,371.75158955296314,57.40277386589012,19.40625,10.135416666666666,4.90625,6.8895833333333325
8,mi,0.0316227766016837,0.03,10.0,0.1,,0.5,True,0.1,exemplar_mean,0.2754334035572238,309.92268288816143,348.64628200080654,99.43182587081388,11.333333333333334,6.052083333333333,2.9479166666666665,4.079166666666667
8,mi,0.1,0.03,10.0,0.1,,0.5,True,0.1,exemplar_mean,0.2338283196050799,318.69647236070375,375.1414535703834,151.60985444241493,6.9375,3.9166666666666665,1.90625,2.525
8,mi,0.3162277660168379,0.03,10.0,0.1,,0.5,True,0.1,exemplar_mean,0.2180017111488841,321.97126211565154,378.31847396589376,225.08700995287447,4.697916666666667,2.8229166666666665,1.5520833333333333,1.7947916666666668
8,mi,1.0,0.03,10.0,0.1,,0.5,True,0.1,exemplar_mean,0.2183226956817519,321.905176035903,377.43337498810143,436.151124339402,2.802083333333333,1.9166666666666667,1.1666666666666667,1.4708333333333334
8,mi,3.1622776601683795,0.03,10.0,0.1,,0.5,True,0.1,exemplar_mean,0.1836122148555716,328.9746683068301,383.0123087109805,907.585677138081,1.71875,1.5416666666666667,1.1458333333333333,1.2489583333333334
9,mi,3.1622776601683795e-05,0.03,10.0,0.1,,0.5,True,0.2,exemplar_mean,0.1734395111774821,331.017938223597,371.5567075511323,11.689839605287355,78.58333333333333,72.38541666666667,33.6875,51.596875
9,mi,0.0001,0.03,10.0,0.1,,0.5,True,0.2,exemplar_mean,0.1369252265171441,338.25047887224576,386.31489814640827,9.659433885245956,73.66666666666667,66.02083333333333,24.09375,39.26979166666667
9,mi,0.0003162277660168,0.03,10.0,0.1,,0.5,True,0.2,exemplar_mean,0.1808246802374164,329.53582737511147,386.556488992751,11.624619259825575,68.76041666666667,51.5,17.427083333333332,26.96770833333333
9,mi,0.001,0.03,10.0,0.1,,0.5,True,0.2,exemplar_mean,0.2189594647327089,321.7740343139216,379.747030896738,17.538949120851274,54.54166666666666,31.0,11.479166666666666,18.190625000000004
9,mi,0.0031622776601683,0.03,10.0,0.1,,0.5,True,0.2,exemplar_mean,0.2140376778395898,322.7862840158432,378.22747458547263,30.33254369009499,32.46875,19.572916666666668,8.208333333333334,11.263541666666669
9,mi,0.01,0.03,10.0,0.1,,0.5,True,0.2,exemplar_mean,0.214988889940579,322.5908985849162,380.5121580772813,50.01609746497495,18.166666666666668,12.385416666666666,3.9583333333333335,7.085416666666667
9,mi,0.0316227766016837,0.03,10.0,0.1,,0.5,True,0.2,exemplar_mean,0.207836538957934,324.05715276170054,380.1704836568779,80.12089374749361,11.958333333333334,7.010416666666667,3.0416666666666665,4.093749999999999
9,mi,0.1,0.03,10.0,0.1,,0.5,True,0.2,exemplar_mean,0.2059246669968313,324.4479700888123,378.98473210976255,128.38307447662152,7.697916666666667,4.4375,2.1979166666666665,2.5593749999999997
9,mi,0.3162277660168379,0.03,10.0,0.1,,0.5,True,0.2,exemplar_mean,0.2077465138175589,324.0755659196543,379.2287513001038,236.5090956054404,4.572916666666667,2.9166666666666665,1.5625,1.8135416666666668
9,mi,1.0,0.03,10.0,0.1,,0.5,True,0.2,exemplar_mean,0.1938589789206649,326.90361200902476,384.6655484119463,487.12391374184045,2.458333333333333,1.9166666666666667,1.2291666666666667,1.4333333333333331
9,mi,3.1622776601683795,0.03,10.0,0.1,,0.5,True,0.2,exemplar_mean,0.1468185522811312,336.3062281807197,387.58690486312565,758.7499543369872,1.8333333333333333,1.53125,1.09375,1.1843750000000002
10,mi,3.1622776601683795e-05,0.03,10.0,0.1,,1.0,True,0.1,exemplar_mean,0.1206254002132954,341.42959837744536,385.29497907639865,13.70637436450475,75.63541666666667,70.46875,42.145833333333336,55.90312499999999
10,mi,0.0001,0.03,10.0,0.1,,1.0,True,0.1,exemplar_mean,0.1555522064700314,334.580488774972,377.02535884436145,12.020949076983266,76.29166666666667,64.54166666666667,32.260416666666664,47.51875
10,mi,0.0003162277660168,0.03,10.0,0.1,,1.0,True,0.1,exemplar_mean,0.1378398372619343,338.0712073099814,388.21623654577985,12.80874321024518,64.27083333333333,51.40625,24.0,34.721875
10,mi,0.001,0.03,10.0,0.1,,1.0,True,0.1,exemplar_mean,0.2041550290944134,324.8092934252571,379.4892991956231,19.38319551529382,47.04166666666666,34.96875,15.59375,21.99895833333333
10,mi,0.0031622776601683,0.03,10.0,0.1,,1.0,True,0.1,exemplar_mean,0.1840721674165871,328.88198315013045,384.8534347932305,31.919885488161572,28.697916666666668,19.77083333333333,8.572916666666666,12.499999999999998
10,mi,0.01,0.03,10.0,0.1,,1.0,True,0.1,exemplar_mean,0.2522536497369432,314.8410554343759,372.3193422470291,64.1085617881368,18.45833333333333,11.135416666666666,5.916666666666667,7.180208333333333
10,mi,0.0316227766016837,0.03,10.0,0.1,,1.0,True,0.1,exemplar_mean,0.2246022214722168,320.60957238026367,372.3701828397768,93.59631078952847,11.395833333333334,5.979166666666667,3.083333333333333,3.8979166666666663
10,mi,0.1,0.03,10.0,0.1,,1.0,True,0.1,exemplar_mean,0.2613641202763164,312.91718063421865,360.58505788527367,139.96693043316918,7.864583333333333,4.364583333333333,1.7708333333333333,2.5625
10,mi,0.3162277660168379,0.03,10.0,0.1,,1.0,True,0.1,exemplar_mean,0.2714133287093044,310.7812575232378,345.68077226166736,242.39904648160132,4.979166666666667,2.802083333333333,1.3854166666666667,1.8364583333333333
10,mi,1.0,0.03,10.0,0.1,,1.0,True,0.1,exemplar_mean,0.180552004082373,329.59066855737785,384.2128610164135,344.1569688661291,3.020833333333333,2.114583333333333,1.1354166666666667,1.3854166666666667
10,mi,3.1622776601683795,0.03,10.0,0.1,,1.0,True,0.1,exemplar_mean,0.186285117204156,328.43568542735693,373.4234280954094,819.116054822756,1.7395833333333333,1.5104166666666667,1.0833333333333333,1.2677083333333332
11,mi,3.1622776601683795e-05,0.03,10.0,0.1,,1.0,True,0.2,exemplar_mean,0.133973730232912,338.82835056826576,377.2392318993567,9.850715162852229,78.86458333333333,73.64583333333333,35.96875,52.656249999999986
11,mi,0.0001,0.03,10.0,0.1,,1.0,True,0.2,exemplar_mean,0.169666106748212,331.77265748616594,383.3069173229254,10.522065727202731,76.71875,62.47916666666666,24.86458333333333,38.79895833333334
11,mi,0.0003162277660168,0.03,10.0,0.1,,1.0,True,0.2,exemplar_mean,0.1624958470822711,333.2020719079067,386.6105978018112,11.356790713429,67.52083333333333,51.32291666666666,15.916666666666666,26.369791666666668
11,mi,0.001,0.03,10.0,0.1,,1.0,True,0.2,exemplar_mean,0.2064712461547356,324.33628860372966,379.237484384174,17.762549951919564,51.708333333333336,30.322916666666668,11.010416666666666,17.525
11,mi,0.0031622776601683,0.03,10.0,0.1,,1.0,True,0.2,exemplar_mean,0.2209232856315015,321.36925104352696,376.01096632699426,31.257809403186386,31.947916666666668,17.21875,7.625,11.038541666666667
11,mi,0.01,0.03,10.0,0.1,,1.0,True,0.2,exemplar_mean,0.210209409768192,323.5714433775364,381.0005064474066,51.68252165186489,18.45833333333333,11.916666666666666,4.802083333333333,6.866666666666665
11,mi,0.0316227766016837,0.03,10.0,0.1,,1.0,True,0.2,exemplar_mean,0.1959640237753336,326.4765176367789,382.3788793111568,76.37874311821628,11.979166666666666,7.270833333333333,2.8229166666666665,4.039583333333333
11,mi,0.1,0.03,10.0,0.1,,1.0,True,0.2,exemplar_mean,0.1725051126680283,331.20498763353055,385.6764968151553,126.77737135875418,6.958333333333333,4.708333333333333,2.25,2.642708333333333
11,mi,0.3162277660168379,0.03,10.0,0.1,,1.0,True,0.2,exemplar_mean,0.1649822700127339,332.7070910218389,388.8226899863953,224.40565427814468,4.0625,3.020833333333333,1.4375,1.8197916666666665
11,mi,1.0,0.03,10.0,0.1,,1.0,True,0.2,exemplar_mean,0.1481715025190446,336.03947008403463,384.1528794300629,370.1279653231858,2.802083333333333,1.90625,1.3229166666666667,1.3854166666666667
11,mi,3.1622776601683795,0.03,10.0,0.1,,1.0,True,0.2,exemplar_mean,0.0619601186081165,352.6345494800893,394.9995478894278,508.03200236996656,1.6354166666666667,1.6666666666666667,1.0729166666666667,1.196875
12,mi,3.1622776601683795e-05,0.03,10.0,1.0,,0.5,True,0.1,exemplar_mean,0.098312716849112,345.7340717850297,387.67329996115495,8.807710886956418,78.42708333333333,69.44791666666667,36.458333333333336,48.34375000000001
12,mi,0.0001,0.03,10.0,1.0,,0.5,True,0.1,exemplar_mean,0.1224767528428331,341.0700021200411,386.5346316887821,8.357323992652665,73.90625,65.89583333333333,20.760416666666668,39.30624999999999
12,mi,0.0003162277660168,0.03,10.0,1.0,,0.5,True,0.1,exemplar_mean,0.125984902653236,340.3875569963296,388.7671617949632,10.795598256522098,66.375,45.85416666666666,17.385416666666668,28.07395833333333
12,mi,0.001,0.03,10.0,1.0,,0.5,True,0.1,exemplar_mean,0.1904743854671338,327.58914771652616,383.0505855279361,16.85652614801229,49.46875,32.21875,10.40625,16.739583333333336
12,mi,0.0031622776601683,0.03,10.0,1.0,,0.5,True,0.1,exemplar_mean,0.1885005097865883,327.98828676456424,377.68185808091056,32.346176112861684,30.64583333333333,14.760416666666666,8.822916666666666,10.6125
12,mi,0.01,0.03,10.0,1.0,,0.5,True,0.1,exemplar_mean,0.2481476355501857,315.7042973774299,370.32218980465194,53.47147519725222,19.98958333333333,9.166666666666666,4.6875,5.770833333333334
12,mi,0.0316227766016837,0.03,10.0,1.0,,0.5,True,0.1,exemplar_mean,0.1982859658644847,326.0047678185402,378.1159448934085,85.51585341895095,11.229166666666666,5.6875,2.645833333333333,3.508333333333333
12,mi,0.1,0.03,10.0,1.0,,0.5,True,0.1,exemplar_mean,0.266580915092134,311.8101958916949,367.5197667206476,139.16047366874534,7.96875,3.78125,1.9479166666666667,2.3989583333333333
12,mi,0.3162277660168379,0.03,10.0,1.0,,0.5,True,0.1,exemplar_mean,0.2263033734867436,320.25768519010956,377.5672504122256,244.44880041130176,4.541666666666667,2.7916666666666665,1.40625,1.8270833333333332
12,mi,1.0,0.03,10.0,1.0,,0.5,True,0.1,exemplar_mean,0.1068871373167897,344.08629955980985,390.4113511336423,345.8202124232514,2.583333333333333,2.145833333333333,1.2083333333333333,1.45625
12,mi,3.1622776601683795,0.03,10.0,1.0,,0.5,True,0.1,exemplar_mean,0.1458934178285402,336.48851307625347,386.0888723981968,698.9822670647035,1.8541666666666667,1.5,1.1666666666666667,1.2572916666666667
13,mi,3.1622776601683795e-05,0.03,10.0,1.0,,0.5,True,0.2,exemplar_mean,0.1142901914275485,342.6572583697943,386.32171145439406,6.673066858480111,78.85416666666667,72.67708333333333,22.6875,36.40208333333333
13,mi,0.0001,0.03,10.0,1.0,,0.5,True,0.2,exemplar_mean,0.1176068638834774,342.0150910324639,388.0569366365024,7.435802489394408,72.44791666666667,61.15625,16.072916666666668,28.915625
13,mi,0.0003162277660168,0.03,10.0,1.0,,0.5,True,0.2,exemplar_mean,0.1823080398611834,329.2373310592928,383.9299889344622,12.378646171138447,63.13541666666666,41.8125,11.635416666666666,21.791666666666668
13,mi,0.001,0.03,10.0,1.0,,0.5,True,0.2,exemplar_mean,0.1929322940131859,327.0914511256871,382.5296819771685,17.05239817905036,50.0625,27.354166666666668,9.28125,14.997916666666669
13,mi,0.0031622776601683,0.03,10.0,1.0,,0.5,True,0.2,exemplar_mean,0.2116405477775821,323.2781470493553,380.3108183169611,30.200294851793437,30.67708333333333,17.760416666666668,6.739583333333333,9.402083333333334
13,mi,0.01,0.03,10.0,1.0,,0.5,True,0.2,exemplar_mean,0.1905084255282165,327.5822601816382,383.08780385821046,51.8684482363675,17.614583333333332,10.583333333333334,4.520833333333333,5.737499999999999
13,mi,0.0316227766016837,0.03,10.0,1.0,,0.5,True,0.2,exemplar_mean,0.1919804323432505,327.28428133422034,380.2448287744901,82.30974305781864,11.34375,5.8125,2.4479166666666665,3.430208333333333
13,mi,0.1,0.03,10.0,1.0,,0.5,True,0.2,exemplar_mean,0.2694704339524975,311.1953560049109,350.78710560658675,159.29945985044586,7.083333333333333,3.5104166666666665,1.6979166666666667,2.478125
13,mi,0.3162277660168379,0.03,10.0,1.0,,0.5,True,0.2,exemplar_mean,0.1671615249863493,332.2726527806365,384.5347269587836,248.95043746000016,3.8333333333333335,2.802083333333333,1.5520833333333333,1.7927083333333331
13,mi,1.0,0.03,10.0,1.0,,0.5,True,0.2,exemplar_mean,0.150413922244629,335.59687036313187,384.9556762148894,466.50046604208774,2.458333333333333,1.84375,1.2395833333333333,1.421875
13,mi,3.1622776601683795,0.03,10.0,1.0,,0.5,True,0.2,exemplar_mean,0.051198721337643,354.6515312371494,388.4868085692651,542.8184672455046,1.5833333333333333,1.4583333333333333,1.1041666666666667,1.2083333333333333
14,mi,3.1622776601683795e-05,0.03,10.0,1.0,,1.0,True,0.1,exemplar_mean,0.065314169231138,352.003545771887,385.8310320826457,7.279469520473655,77.72916666666667,71.67708333333333,33.895833333333336,50.159375
14,mi,0.0001,0.03,10.0,1.0,,1.0,True,0.1,exemplar_mean,0.1196696846547836,341.61508302083536,386.71251375664434,9.583465281990408,74.39583333333333,62.69791666666666,30.875,39.842708333333334
14,mi,0.0003162277660168,0.03,10.0,1.0,,1.0,True,0.1,exemplar_mean,0.1019948262877441,345.02743379486617,389.21851994915966,9.244565697878382,66.14583333333333,47.4375,18.4375,26.37083333333333
14,mi,0.001,0.03,10.0,1.0,,1.0,True,0.1,exemplar_mean,0.20219779641972,325.208452182272,380.96375342826826,18.899336729508377,48.44791666666666,27.53125,10.427083333333334,17.158333333333335
14,mi,0.0031622776601683,0.03,10.0,1.0,,1.0,True,0.1,exemplar_mean,0.2435709051783607,316.6637285880127,371.5357931510371,32.30636108041443,32.416666666666664,14.53125,7.989583333333333,10.837500000000002
14,mi,0.01,0.03,10.0,1.0,,1.0,True,0.1,exemplar_mean,0.1902311126991108,327.6383663767999,379.8901163583775,50.32784385012359,19.45833333333333,8.979166666666666,4.375,5.921874999999999
14,mi,0.0316227766016837,0.03,10.0,1.0,,1.0,True,0.1,exemplar_mean,0.2196089694623747,321.64021461120757,377.5392152464811,88.09711785837806,11.510416666666666,5.958333333333333,2.625,3.575
14,mi,0.1,0.03,10.0,1.0,,1.0,True,0.1,exemplar_mean,0.2587204755367663,313.47665994564215,363.53790503132984,147.951263253658,7.645833333333333,3.5,2.145833333333333,2.448958333333333
14,mi,0.3162277660168379,0.03,10.0,1.0,,1.0,True,0.1,exemplar_mean,0.1855177026737988,328.59052278156787,383.2399372920928,209.36941044906553,4.59375,2.96875,1.5416666666666667,1.79375
14,mi,1.0,0.03,10.0,1.0,,1.0,True,0.1,exemplar_mean,0.1531509190423576,335.0558607163952,382.41009279277233,337.8357486718001,2.78125,2.125,1.2395833333333333,1.4927083333333333
14,mi,3.1622776601683795,0.03,10.0,1.0,,1.0,True,0.1,exemplar_mean,0.1028803270469678,344.8572803160097,394.8906991995256,765.7888664863262,1.625,1.6770833333333333,1.1145833333333333,1.2958333333333334
15,mi,3.1622776601683795e-05,0.03,10.0,1.0,,1.0,True,0.2,exemplar_mean,0.1016239357416328,345.09867737266967,387.0104861861742,6.078840252842964,79.67708333333333,70.69791666666667,20.59375,34.50520833333333
15,mi,0.0001,0.03,10.0,1.0,,1.0,True,0.2,exemplar_mean,0.1311368997549616,339.38284456314364,390.2401563875966,7.604502272720449,73.04166666666667,65.26041666666667,14.541666666666666,27.34583333333334
15,mi,0.0003162277660168,0.03,10.0,1.0,,1.0,True,0.2,exemplar_mean,0.1710132802160703,331.5034063073297,384.4623701232353,11.029097700456232,65.97916666666667,46.583333333333336,10.09375,21.312500000000004
15,mi,0.001,0.03,10.0,1.0,,1.0,True,0.2,exemplar_mean,0.1676604328972795,332.17311469857134,386.3750281836716,16.403519444048424,46.84375,29.36458333333333,10.25,14.7625
15,mi,0.0031622776601683,0.03,10.0,1.0,,1.0,True,0.2,exemplar_mean,0.2296125113674637,319.5720725027065,374.5334075406123,31.065104932609344,32.229166666666664,16.604166666666668,7.145833333333333,9.555208333333333
15,mi,0.01,0.03,10.0,1.0,,1.0,True,0.2,exemplar_mean,0.1718221196403075,331.34164348657004,383.85297318236,43.6727092261544,19.666666666666668,9.729166666666666,3.8958333333333335,5.421875000000001
15,mi,0.0316227766016837,0.03,10.0,1.0,,1.0,True,0.2,exemplar_mean,0.1827223565041707,329.15390979798696,382.381267692074,75.55836124868465,11.604166666666666,6.541666666666667,2.6354166666666665,3.56875
15,mi,0.1,0.03,10.0,1.0,,1.0,True,0.2,exemplar_mean,0.1739918622539455,330.9073179648897,385.3720777132035,129.42899932438772,6.833333333333333,4.614583333333333,1.9791666666666667,2.4197916666666663
15,mi,0.3162277660168379,0.03,10.0,1.0,,1.0,True,0.2,exemplar_mean,0.1770094399630021,330.30232865722064,382.55793185351064,218.628345061716,4.34375,2.8854166666666665,1.3229166666666667,1.7979166666666664
15,mi,1.0,0.03,10.0,1.0,,1.0,True,0.2,exemplar_mean,0.0973907849884259,345.91077485535834,389.4111977422987,331.80784550287245,2.25,2.0729166666666665,1.0833333333333333,1.396875
15,mi,3.1622776601683795,0.03,10.0,1.0,,1.0,True,0.2,exemplar_mean,0.0809610973208266,349.0447871053379,383.6922012509137,605.3054462217397,1.5416666666666667,1.5833333333333333,1.09375,1.2604166666666663
16,mi,3.1622776601683795e-05,0.1,1.0,0.1,,0.5,True,0.1,exemplar_mean,0.0880581049631514,347.69447735241914,385.4074196539053,9.374830019179756,77.69791666666667,73.51041666666667,40.302083333333336,52.90416666666666
16,mi,0.0001,0.1,1.0,0.1,,0.5,True,0.1,exemplar_mean,0.1689575697405455,331.9141807223827,386.2739348122903,12.43052297666074,77.10416666666667,63.90625,28.34375,43.81458333333333
16,mi,0.0003162277660168,0.1,1.0,0.1,,0.5,True,0.1,exemplar_mean,0.1925851131156453,327.1617969545973,383.29258986922423,15.298480132972236,65.42708333333333,44.72916666666666,20.67708333333333,29.728125
16,mi,0.001,0.1,1.0,0.1,,0.5,True,0.1,exemplar_mean,0.166381242571502,332.42826867598495,385.2790905484616,17.145311136153925,53.28125,31.447916666666668,13.875,19.195833333333333
16,mi,0.0031622776601683,0.1,1.0,0.1,,0.5,True,0.1,exemplar_mean,0.2761477798978448,309.7698632356978,341.66411624853833,39.44168564025548,30.760416666666668,15.072916666666666,8.333333333333334,11.930208333333333
16,mi,0.01,0.1,1.0,0.1,,0.5,True,0.1,exemplar_mean,0.2104960152050272,323.51272797191854,377.66204649687006,51.95926132432855,19.59375,8.989583333333334,4.385416666666667,6.155208333333334
16,mi,0.0316227766016837,0.1,1.0,0.1,,0.5,True,0.1,exemplar_mean,0.2367185063675599,318.09480393714756,374.88871545697646,96.59674911854634,11.21875,6.416666666666667,2.625,3.8552083333333327
16,mi,0.1,0.1,1.0,0.1,,0.5,True,0.1,exemplar_mean,0.2396396051029095,317.48554179224305,373.128348949451,154.91646495448987,6.958333333333333,3.6979166666666665,1.8854166666666667,2.4541666666666666
16,mi,0.3162277660168379,0.1,1.0,0.1,,0.5,True,0.1,exemplar_mean,0.2087495715725054,323.87034784826534,380.68639754207504,226.5886604537839,4.572916666666667,2.9375,1.3541666666666667,1.7958333333333332
16,mi,1.0,0.1,1.0,0.1,,0.5,True,0.1,exemplar_mean,0.1293479096472379,339.7320597276925,387.9346896866056,347.5833929573006,2.6354166666666665,2.114583333333333,1.3125,1.4322916666666667
16,mi,3.1622776601683795,0.1,1.0,0.1,,0.5,True,0.1,exemplar_mean,0.1785595728432343,329.9911137716275,383.3111664503316,884.7567769613707,1.7395833333333333,1.4895833333333333,1.1145833333333333,1.2520833333333337
17,mi,3.1622776601683795e-05,0.1,1.0,0.1,,0.5,True,0.2,exemplar_mean,0.1365045225390084,338.3329085697071,388.0972393742477,9.006296149552346,80.0,73.5625,27.84375,44.31770833333333
17,mi,0.0001,0.1,1.0,0.1,,0.5,True,0.2,exemplar_mean,0.1600893658310655,333.6804393034092,388.2226750984086,9.93815895592294,73.04166666666667,64.85416666666667,21.65625,33.784375
17,mi,0.0003162277660168,0.1,1.0,0.1,,0.5,True,0.2,exemplar_mean,0.1837529493198673,328.9463116422526,382.6413233530626,12.035247803011565,69.47916666666667,41.927083333333336,14.6875,23.270833333333336
17,mi,0.001,0.1,1.0,0.1,,0.5,True,0.2,exemplar_mean,0.2358572307414763,318.2742200910193,373.5764193100963,21.089777109362913,48.53125,25.010416666666668,10.46875,16.966666666666665
17,mi,0.0031622776601683,0.1,1.0,0.1,,0.5,True,0.2,exemplar_mean,0.2419928186958317,316.9938734688403,373.26925273088506,35.29628261931032,29.71875,16.447916666666668,7.28125,11.146875
17,mi,0.01,0.1,1.0,0.1,,0.5,True,0.2,exemplar_mean,0.205748877746278,324.4838806044578,377.55594693724777,52.676108041788275,19.11458333333333,9.65625,4.854166666666667,6.13125
17,mi,0.0316227766016837,0.1,1.0,0.1,,0.5,True,0.2,exemplar_mean,0.1721403007141023,331.27798761599115,383.7457603452244,80.27946726659782,11.083333333333334,6.40625,2.6041666666666665,3.7979166666666666
17,mi,0.1,0.1,1.0,0.1,,0.5,True,0.2,exemplar_mean,0.2109846125619827,323.4126069275049,378.17075416397194,148.09078802730332,6.78125,3.9583333333333335,1.84375,2.5510416666666664
17,mi,0.3162277660168379,0.1,1.0,0.1,,0.5,True,0.2,exemplar_mean,0.215485888031237,322.48876471522124,376.6724013486933,280.8459817406878,3.8541666666666665,2.6041666666666665,1.5625,1.8791666666666669
17,mi,1.0,0.1,1.0,0.1,,0.5,True,0.2,exemplar_mean,0.2146818771640532,322.6539740271938,379.10244680818784,498.7227058803398,2.583333333333333,1.8333333333333333,1.1875,1.45
17,mi,3.1622776601683795,0.1,1.0,0.1,,0.5,True,0.2,exemplar_mean,0.048814479299363,355.09685343678075,378.56431942012296,442.4920701190732,1.4479166666666667,1.6041666666666667,1.0520833333333333,1.2520833333333334
18,mi,3.1622776601683795e-05,0.1,1.0,0.1,,1.0,True,0.1,exemplar_mean,0.118369699721945,341.867221692673,384.00685701882855,11.622057974393517,76.57291666666667,74.72916666666667,39.47916666666666,56.02708333333334
18,mi,0.0001,0.1,1.0,0.1,,1.0,True,0.1,exemplar_mean,0.1308601309256409,339.43689399483856,382.5559015882404,10.854555195087292,72.45833333333333,59.78125,30.53125,41.54375
18,mi,0.0003162277660168,0.1,1.0,0.1,,1.0,True,0.1,exemplar_mean,0.1436004533058618,336.9398847762685,386.1193246340027,12.98739004814482,65.3125,46.770833333333336,21.104166666666668,30.14375
18,mi,0.001,0.1,1.0,0.1,,1.0,True,0.1,exemplar_mean,0.1848748730021858,328.72016714409443,382.5666526427016,18.774613010311725,48.07291666666666,34.875,14.604166666666666,20.963541666666664
18,mi,0.0031622776601683,0.1,1.0,0.1,,1.0,True,0.1,exemplar_mean,0.2675894241444385,311.59574034437406,369.4490621318549,32.558819957697146,34.802083333333336,17.291666666666668,6.78125,11.017708333333337
18,mi,0.01,0.1,1.0,0.1,,1.0,True,0.1,exemplar_mean,0.2378442030342443,317.86015237973396,370.8221420401944,58.605495085582774,18.86458333333333,9.416666666666666,5.270833333333333,6.291666666666667
18,mi,0.0316227766016837,0.1,1.0,0.1,,1.0,True,0.1,exemplar_mean,0.2251203436418377,320.5024385383241,376.8517782585908,93.45907849179524,11.270833333333334,6.395833333333333,3.1666666666666665,3.70625
18,mi,0.1,0.1,1.0,0.1,,1.0,True,0.1,exemplar_mean,0.1760849509983894,330.4877956392413,384.88076007359143,139.4886615726113,6.645833333333333,4.020833333333333,1.59375,2.4322916666666665
18,mi,0.3162277660168379,0.1,1.0,0.1,,1.0,True,0.1,exemplar_mean,0.2181858017131503,321.9333621861501,376.4637965204128,216.00641978330208,4.84375,2.895833333333333,1.4583333333333333,1.7229166666666664
18,mi,1.0,0.1,1.0,0.1,,1.0,True,0.1,exemplar_mean,0.1574433458710622,334.2056325663742,387.7300994246652,322.27851940828714,3.052083333333333,2.208333333333333,1.1770833333333333,1.4145833333333333
18,mi,3.1622776601683795,0.1,1.0,0.1,,1.0,True,0.1,exemplar_mean,0.1162610314381646,342.2758136116967,386.7819321983623,634.7234682831286,1.7708333333333333,1.6041666666666667,1.1041666666666667,1.2812500000000002
19,mi,3.1622776601683795e-05,0.1,1.0,0.1,,1.0,True,0.2,exemplar_mean,0.1348734030977089,338.6523086315896,385.3980637115319,8.754994198003411,78.44791666666667,74.22916666666667,30.104166666666668,44.47500000000001
19,mi,0.0001,0.1,1.0,0.1,,1.0,True,0.2,exemplar_mean,0.1559864840303153,334.4944446847342,386.8731414430902,9.61096260289098,75.41666666666667,62.020833333333336,21.260416666666668,33.76770833333333
19,mi,0.0003162277660168,0.1,1.0,0.1,,1.0,True,0.2,exemplar_mean,0.1751131039310297,330.6826512486622,385.9367452906489,11.613273734909273,68.15625,46.927083333333336,13.770833333333334,23.668749999999996
19,mi,0.001,0.1,1.0,0.1,,1.0,True,0.2,exemplar_mean,0.2314055314123294,319.1999656525245,374.2027119499035,20.274125419669986,50.5,25.73958333333333,10.645833333333334,15.872916666666663
19,mi,0.0031622776601683,0.1,1.0,0.1,,1.0,True,0.2,exemplar_mean,0.190283294339208,327.62780967165725,381.042465631405,29.530931861573528,32.072916666666664,17.177083333333332,7.59375,10.030208333333333
19,mi,0.01,0.1,1.0,0.1,,1.0,True,0.2,exemplar_mean,0.2239873205969312,320.73667104068346,377.3365070193507,50.59014077410654,20.229166666666668,9.8125,3.9895833333333335,6.1968749999999995
19,mi,0.0316227766016837,0.1,1.0,0.1,,1.0,True,0.2,exemplar_mean,0.2283619040684251,319.83135572532854,373.523558909416,89.30248056329201,11.854166666666666,6.270833333333333,2.9479166666666665,3.8270833333333334
19,mi,0.1,0.1,1.0,0.1,,1.0,True,0.2,exemplar_mean,0.2397521601684223,317.4620424564484,375.68117854362765,168.83069177146723,6.677083333333333,3.9583333333333335,1.90625,2.6302083333333335
19,mi,0.3162277660168379,0.1,1.0,0.1,,1.0,True,0.2,exemplar_mean,0.2149867458128958,322.59133913639045,377.683603139562,228.2995904302922,4.697916666666667,2.75,1.40625,1.8395833333333331
19,mi,1.0,0.1,1.0,0.1,,1.0,True,0.2,exemplar_mean,0.1967124902897585,326.3245259087795,379.6991041635541,491.7920962299157,2.5729166666666665,1.8333333333333333,1.1354166666666667,1.4666666666666668
19,mi,3.1622776601683795,0.1,1.0,0.1,,1.0,True,0.2,exemplar_mean,0.114253879013972,342.66428244496615,382.21283008251055,788.960465784541,1.5833333333333333,1.375,1.0833333333333333,1.2510416666666668
20,mi,3.1622776601683795e-05,0.1,1.0,1.0,,0.5,True,0.1,exemplar_mean,0.0644655982345631,352.16329583203867,385.9493684688419,6.6030272463866835,78.28125,70.23958333333333,37.21875,47.00833333333333
20,mi,0.0001,0.1,1.0,1.0,,0.5,True,0.1,exemplar_mean,0.0954600528136565,346.28053858302275,388.4035695766251,8.207572308053168,76.0625,56.82291666666666,22.260416666666668,35.46145833333333
20,mi,0.0003162277660168,0.1,1.0,1.0,,0.5,True,0.1,exemplar_mean,0.2137309355935188,322.8492657443132,369.116624276386,15.55022813634123,61.4375,43.60416666666666,17.34375,27.946875
20,mi,0.001,0.1,1.0,1.0,,0.5,True,0.1,exemplar_mean,0.1627195634609344,333.15756601542154,384.8777851307294,15.037275891987642,51.6875,30.291666666666668,10.46875,16.403125
20,mi,0.0031622776601683,0.1,1.0,1.0,,0.5,True,0.1,exemplar_mean,0.221338606665109,321.2835796327454,375.5670997133057,33.14588560086735,31.09375,15.0625,7.229166666666667,10.30625
20,mi,0.01,0.1,1.0,1.0,,0.5,True,0.1,exemplar_mean,0.1635578355752438,332.99074817162995,385.50286192029296,45.59352421603812,18.46875,10.729166666666666,4.40625,5.50625
20,mi,0.0316227766016837,0.1,1.0,1.0,,0.5,True,0.1,exemplar_mean,0.2113031646666123,323.3473140518005,375.7825904137013,88.77771955307985,11.375,5.427083333333333,2.6041666666666665,3.4114583333333335
20,mi,0.1,0.1,1.0,1.0,,0.5,True,0.1,exemplar_mean,0.2033528834367872,324.972942600092,380.5175460716969,145.63126987519252,6.53125,4.21875,1.71875,2.3812499999999996
20,mi,0.3162277660168379,0.1,1.0,1.0,,0.5,True,0.1,exemplar_mean,0.1785454756190628,329.9939453456486,383.1036426568606,181.7758891691753,4.947916666666667,3.145833333333333,1.4895833333333333,1.8
20,mi,1.0,0.1,1.0,1.0,,0.5,True,0.1,exemplar_mean,0.1807012353029642,329.56065600165954,383.7485676875121,437.9154520796011,2.5416666666666665,2.03125,1.1979166666666667,1.5572916666666663
20,mi,3.1622776601683795,0.1,1.0,1.0,,0.5,True,0.1,exemplar_mean,0.0251933207540132,359.47894360405917,384.9275521311689,386.12802164470526,1.5729166666666667,1.4791666666666667,1.15625,1.2729166666666667
21,mi,3.1622776601683795e-05,0.1,1.0,1.0,,0.5,True,0.2,exemplar_mean,0.1070046812651511,344.06365595295426,387.7250407252974,6.212578822883108,77.96875,71.23958333333333,17.197916666666668,32.73854166666667
21,mi,0.0001,0.1,1.0,1.0,,0.5,True,0.2,exemplar_mean,0.127204452361803,340.14999562198085,388.876530682032,7.364825432838162,74.84375,58.22916666666666,11.416666666666666,25.61145833333333
21,mi,0.0003162277660168,0.1,1.0,1.0,,0.5,True,0.2,exemplar_mean,0.1810801463649149,329.4844392264833,385.04892477367144,11.284109360407324,67.20833333333333,42.75,9.614583333333334,19.927083333333332
21,mi,0.001,0.1,1.0,1.0,,0.5,True,0.2,exemplar_mean,0.1992736096526696,325.80390080534204,380.50647985856256,17.875566731067302,47.51041666666666,25.46875,8.635416666666666,13.904166666666663
21,mi,0.0031622776601683,0.1,1.0,1.0,,0.5,True,0.2,exemplar_mean,0.226736570917104,320.16801552723655,374.7538621983211,30.07677029523641,33.0625,14.75,6.625,8.858333333333333
21,mi,0.01,0.1,1.0,1.0,,0.5,True,0.2,exemplar_mean,0.2535630205838539,314.56527720667515,369.9014375819085,59.57641259058153,17.416666666666668,9.604166666666666,3.6354166666666665,5.606249999999999
21,mi,0.0316227766016837,0.1,1.0,1.0,,0.5,True,0.2,exemplar_mean,0.2812006952001969,308.6867816408083,352.3918395099817,97.5396151943291,11.833333333333334,5.208333333333333,2.5625,3.684375
21,mi,0.1,0.1,1.0,1.0,,0.5,True,0.2,exemplar_mean,0.2149226387897061,322.60451085556673,381.5063325061648,143.76500390813257,6.666666666666667,3.9583333333333335,1.7291666666666667,2.484375
21,mi,0.3162277660168379,0.1,1.0,1.0,,0.5,True,0.2,exemplar_mean,0.1531975822789666,335.04662943384375,386.065444399108,244.87145807239216,3.8229166666666665,2.739583333333333,1.4583333333333333,1.7875
21,mi,1.0,0.1,1.0,1.0,,0.5,True,0.2,exemplar_mean,0.2139151593711519,322.81144154500487,382.7680346072479,488.0404109538592,2.5729166666666665,1.9895833333333333,1.1875,1.4864583333333334
21,mi,3.1622776601683795,0.1,1.0,1.0,,0.5,True,0.2,exemplar_mean,0.134335331027682,338.7576059516623,381.5858868686373,833.5279960282246,1.6354166666666667,1.5,1.09375,1.2645833333333334
22,mi,3.1622776601683795e-05,0.1,1.0,1.0,,1.0,True,0.1,exemplar_mean,0.0935516751147854,346.6456334986724,386.46091173812,8.339124519020979,77.57291666666667,71.28125,30.02083333333333,47.188541666666666
22,mi,0.0001,0.1,1.0,1.0,,1.0,True,0.1,exemplar_mean,0.1132585380541286,342.8567597385961,386.6682831119614,7.831466244148279,71.36458333333333,63.44791666666666,20.010416666666668,34.778125
22,mi,0.0003162277660168,0.1,1.0,1.0,,1.0,True,0.1,exemplar_mean,0.1800338817555923,329.6948492375585,381.6117110147979,11.911983826992348,69.76041666666667,43.270833333333336,16.625,25.909375
22,mi,0.001,0.1,1.0,1.0,,1.0,True,0.1,exemplar_mean,0.146703548828056,336.32889339126206,389.5089344269995,14.30591577846032,48.22916666666666,36.94791666666666,10.28125,16.268749999999997
22,mi,0.0031622776601683,0.1,1.0,1.0,,1.0,True,0.1,exemplar_mean,0.2836914170178093,308.151500030228,347.4777871218904,32.09213242915177,34.302083333333336,15.770833333333334,5.90625,10.805208333333333
22,mi,0.01,0.1,1.0,1.0,,1.0,True,0.1,exemplar_mean,0.1988306920696446,325.8939967034252,378.2718984864897,49.65170964092103,19.166666666666668,9.3125,4.385416666666667,5.325000000000001
22,mi,0.0316227766016837,0.1,1.0,1.0,,1.0,True,0.1,exemplar_mean,0.1866221448983522,328.367661978252,381.4896692741785,80.38628288147304,10.833333333333334,6.697916666666667,2.65625,3.539583333333333
22,mi,0.1,0.1,1.0,1.0,,1.0,True,0.1,exemplar_mean,0.2051660428027802,324.60291465847337,379.8539070216967,130.11483827529378,7.416666666666667,4.302083333333333,1.9791666666666667,2.441666666666667
22,mi,0.3162277660168379,0.1,1.0,1.0,,1.0,True,0.1,exemplar_mean,0.1960112589752796,326.46692763674133,381.0851237249415,230.32358428054897,4.604166666666667,2.9791666666666665,1.4270833333333333,1.83125
22,mi,1.0,0.1,1.0,1.0,,1.0,True,0.1,exemplar_mean,0.1021684642775416,344.99407498575164,389.2821595333882,308.8220379860869,2.489583333333333,2.2916666666666665,1.28125,1.5510416666666669
22,mi,3.1622776601683795,0.1,1.0,1.0,,1.0,True,0.1,exemplar_mean,0.0094597131087237,362.3683683607164,375.93590597725336,193.61034487024656,1.5416666666666667,1.7604166666666667,1.125,1.2979166666666666
23,mi,3.1622776601683795e-05,0.1,1.0,1.0,,1.0,True,0.2,exemplar_mean,0.0988694565858331,345.62731990952227,387.5990156624832,5.79038406757945,78.76041666666667,71.26041666666667,16.177083333333332,32.41458333333333
23,mi,0.0001,0.1,1.0,1.0,,1.0,True,0.2,exemplar_mean,0.1152468015634405,342.47216503656216,389.812481780081,6.638357080846952,76.0625,63.625,12.083333333333334,24.979166666666664
23,mi,0.0003162277660168,0.1,1.0,1.0,,1.0,True,0.2,exemplar_mean,0.2115469062845067,323.2973460006716,380.57726841918213,11.96955964965065,69.57291666666667,40.03125,10.708333333333334,19.647916666666664
23,mi,0.001,0.1,1.0,1.0,,1.0,True,0.2,exemplar_mean,0.1895252700882417,327.78112979380285,381.6565172182068,16.689268206996655,50.8125,27.23958333333333,7.989583333333333,13.169791666666669
23,mi,0.0031622776601683,0.1,1.0,1.0,,1.0,True,0.2,exemplar_mean,0.2347962384987769,318.4951011594819,374.1283543456415,33.21283954692175,30.447916666666668,15.614583333333334,5.34375,8.911458333333332
23,mi,0.01,0.1,1.0,1.0,,1.0,True,0.2,exemplar_mean,0.2093909788597755,323.73905255338025,379.902214425747,53.582578126777584,17.979166666666668,10.177083333333334,3.6354166666666665,5.496875
23,mi,0.0316227766016837,0.1,1.0,1.0,,1.0,True,0.2,exemplar_mean,0.197362525819669,326.19246518063,384.8705265066414,84.68447334966189,10.385416666666666,7.302083333333333,2.739583333333333,3.6260416666666666
23,mi,0.1,0.1,1.0,1.0,,1.0,True,0.2,exemplar_mean,0.1961284306118945,326.4431374665081,380.4310565177925,132.8665484863867,7.302083333333333,4.104166666666667,1.9270833333333333,2.3656249999999996
23,mi,0.3162277660168379,0.1,1.0,1.0,,1.0,True,0.2,exemplar_mean,0.185915985588214,328.5101723586371,382.23020131371413,219.47523378662015,4.5625,2.5416666666666665,1.46875,1.7708333333333333
23,mi,1.0,0.1,1.0,1.0,,1.0,True,0.2,exemplar_mean,0.0807805936262285,349.0790624663734,384.102933420751,296.27105834265205,2.2604166666666665,2.1666666666666665,1.1979166666666667,1.4822916666666668
23,mi,3.1622776601683795,0.1,1.0,1.0,,1.0,True,0.2,exemplar_mean,0.0710079864688051,350.9297595693377,387.5168202058256,667.5645166563577,1.5833333333333333,1.46875,1.09375,1.2510416666666668
24,mi,3.1622776601683795e-05,0.1,10.0,0.1,,0.5,True,0.1,exemplar_mean,0.0805662098918076,349.11976684531527,391.3777560587135,11.200724488499931,79.13541666666667,76.07291666666667,51.69791666666666,59.57916666666667
24,mi,0.0001,0.1,10.0,0.1,,0.5,True,0.1,exemplar_mean,0.1262231386533758,340.34116300550585,386.06128690294537,12.44929478763983,75.72916666666667,63.90625,33.489583333333336,47.39062499999999
24,mi,0.0003162277660168,0.1,10.0,0.1,,0.5,True,0.1,exemplar_mean,0.126108673104218,340.36345477361607,385.6385746838377,12.180976143329474,64.15625,52.57291666666666,24.375,34.215625
24,mi,0.001,0.1,10.0,0.1,,0.5,True,0.1,exemplar_mean,0.1802382357522812,329.6537629920655,384.1746293028977,18.782261380307595,49.38541666666666,32.833333333333336,14.802083333333334,21.197916666666668
24,mi,0.0031622776601683,0.1,10.0,0.1,,0.5,True,0.1,exemplar_mean,0.3711529117405654,288.72655952223,296.24163835759856,50.546484689642945,31.28125,14.583333333333334,9.645833333333334,13.382291666666664
24,mi,0.01,0.1,10.0,0.1,,0.5,True,0.1,exemplar_mean,0.2416229126497436,317.0712102351246,367.61604795383533,62.89905014784022,17.479166666666668,10.677083333333334,4.625,6.9625
24,mi,0.0316227766016837,0.1,10.0,0.1,,0.5,True,0.1,exemplar_mean,0.2309366771399979,319.2973092174639,377.3638324562092,93.74749159267978,11.125,6.427083333333333,2.6354166666666665,3.98125
24,mi,0.1,0.1,10.0,0.1,,0.5,True,0.1,exemplar_mean,0.261726618661563,312.8403864407575,357.77238817024494,174.40733478266787,6.583333333333333,3.875,1.875,2.5760416666666663
24,mi,0.3162277660168379,0.1,10.0,0.1,,0.5,True,0.1,exemplar_mean,0.2070204108646316,324.22404007475296,383.5402056019687,237.06855396374087,4.135416666666667,3.03125,1.21875,1.8041666666666667
24,mi,1.0,0.1,10.0,0.1,,0.5,True,0.1,exemplar_mean,0.2616352230314651,312.859750107464,361.1994678935061,488.1014875689372,2.833333333333333,1.9791666666666667,1.15625,1.4447916666666667
24,mi,3.1622776601683795,0.1,10.0,0.1,,0.5,True,0.1,exemplar_mean,0.1604256027198912,333.6136423733974,387.59203067722007,788.905255880307,1.75,1.6041666666666667,1.1041666666666667,1.2114583333333333
25,mi,3.1622776601683795e-05,0.1,10.0,0.1,,0.5,True,0.2,exemplar_mean,0.1566241932512168,334.36805423276127,374.5869586195294,11.463025401654845,79.20833333333333,71.8125,35.260416666666664,52.594791666666666
25,mi,0.0001,0.1,10.0,0.1,,0.5,True,0.2,exemplar_mean,0.1911477987549178,327.45286494924545,373.2514189451158,11.186430246872147,74.20833333333333,60.875,25.11458333333333,39.82604166666667
25,mi,0.0003162277660168,0.1,10.0,0.1,,0.5,True,0.2,exemplar_mean,0.2171004590757977,322.1567444322366,373.0268275401182,13.276663883807169,68.04166666666667,47.13541666666666,16.0,28.313541666666666
25,mi,0.001,0.1,10.0,0.1,,0.5,True,0.2,exemplar_mean,0.2161931601568237,322.34336341436796,378.8294875871743,18.54379417224933,50.5625,29.77083333333333,10.947916666666666,18.321875
25,mi,0.0031622776601683,0.1,10.0,0.1,,0.5,True,0.2,exemplar_mean,0.2034599570559569,324.9511028183089,379.67838169682216,30.639476807972752,31.072916666666668,18.08333333333333,8.34375,10.971875
25,mi,0.01,0.1,10.0,0.1,,0.5,True,0.2,exemplar_mean,0.2347767054883127,318.499166173767,375.6968006424809,55.33200598375714,18.52083333333333,11.0,4.666666666666667,6.882291666666665
25,mi,0.0316227766016837,0.1,10.0,0.1,,0.5,True,0.2,exemplar_mean,0.1978743824588361,326.08843913414086,380.8696730814961,82.86515395167206,11.364583333333334,7.020833333333333,2.65625,3.867708333333333
25,mi,0.1,0.1,10.0,0.1,,0.5,True,0.2,exemplar_mean,0.240639053065516,317.2768153646626,371.1941208227209,154.97022443223003,7.166666666666667,4.0,2.0104166666666665,2.536458333333333
25,mi,0.3162277660168379,0.1,10.0,0.1,,0.5,True,0.2,exemplar_mean,0.1610689259889119,333.4858022743945,387.79286692530553,249.39069443989564,3.9479166666666665,2.6979166666666665,1.4375,1.7614583333333336
25,mi,1.0,0.1,10.0,0.1,,0.5,True,0.2,exemplar_mean,0.1622203107636042,333.2568786345032,386.26575475711314,406.0643239027952,2.65625,1.9270833333333333,1.1875,1.3947916666666669
25,mi,3.1622776601683795,0.1,10.0,0.1,,0.5,True,0.2,exemplar_mean,0.1157533495898399,342.37411315206344,388.78199249134815,799.3104028150076,1.6666666666666667,1.46875,1.1041666666666667,1.196875
26,mi,3.1622776601683795e-05,0.1,10.0,0.1,,1.0,True,0.1,exemplar_mean,0.1138757086487513,342.73742510122713,385.3181850278367,12.30851832983554,79.11458333333333,71.01041666666667,43.395833333333336,56.78020833333335
26,mi,0.0001,0.1,10.0,0.1,,1.0,True,0.1,exemplar_mean,0.1273866169550646,340.11449674755613,385.70343413600506,11.220139540044787,76.77083333333333,64.88541666666667,36.57291666666666,46.67604166666667
26,mi,0.0003162277660168,0.1,10.0,0.1,,1.0,True,0.1,exemplar_mean,0.1462211368788483,336.42395188551444,388.2152182315362,12.301696164311602,69.17708333333333,51.177083333333336,22.479166666666668,33.33749999999999
26,mi,0.001,0.1,10.0,0.1,,1.0,True,0.1,exemplar_mean,0.1848157876414538,328.7320807737067,383.115968701204,20.057303618605793,49.29166666666666,30.46875,14.604166666666666,20.860416666666666
26,mi,0.0031622776601683,0.1,10.0,0.1,,1.0,True,0.1,exemplar_mean,0.1831413438848969,329.06952659257627,384.41070776730714,29.51305899646024,31.05208333333333,22.20833333333333,8.489583333333334,11.957291666666666
26,mi,0.01,0.1,10.0,0.1,,1.0,True,0.1,exemplar_mean,0.2214846395061633,321.25345090521733,373.5173147194925,50.855943925662864,20.760416666666668,9.947916666666666,5.15625,6.8895833333333325
26,mi,0.0316227766016837,0.1,10.0,0.1,,1.0,True,0.1,exemplar_mean,0.2567933913378069,313.88386383754624,370.0990572078964,93.65199635488383,12.28125,5.697916666666667,3.208333333333333,4.076041666666667
26,mi,0.1,0.1,10.0,0.1,,1.0,True,0.1,exemplar_mean,0.2135883014196752,322.8785478642382,379.33082668505665,137.80224576663613,6.96875,4.25,1.71875,2.504166666666667
26,mi,0.3162277660168379,0.1,10.0,0.1,,1.0,True,0.1,exemplar_mean,0.220039992762149,321.55137865010283,378.2459800523192,227.17814122301803,4.59375,2.739583333333333,1.2708333333333333,1.8375
26,mi,1.0,0.1,10.0,0.1,,1.0,True,0.1,exemplar_mean,0.1537008202347144,334.9470588404433,388.0943834194044,402.3970833739959,2.614583333333333,1.9583333333333333,1.21875,1.4239583333333332
26,mi,3.1622776601683795,0.1,10.0,0.1,,1.0,True,0.1,exemplar_mean,0.0921309957940806,346.91717654052945,388.4238317277882,526.9979081639649,1.8125,1.4791666666666667,1.1145833333333333,1.2072916666666669
27,mi,3.1622776601683795e-05,0.1,10.0,0.1,,1.0,True,0.2,exemplar_mean,0.1385136839991983,337.93906671719327,378.8219734059573,10.67258715456126,78.38541666666667,73.82291666666667,39.79166666666666,53.416666666666664
27,mi,0.0001,0.1,10.0,0.1,,1.0,True,0.2,exemplar_mean,0.1923332267937679,327.21282472045556,378.1800154353151,11.08462993356356,76.42708333333333,63.802083333333336,20.40625,38.795833333333334
27,mi,0.0003162277660168,0.1,10.0,0.1,,1.0,True,0.2,exemplar_mean,0.1858019706893252,328.5331759688856,386.2929482471391,12.20755922954232,67.44791666666667,50.54166666666666,17.447916666666668,26.759375
27,mi,0.001,0.1,10.0,0.1,,1.0,True,0.2,exemplar_mean,0.2085139572937135,323.9185644405432,380.191731799871,16.497518343527645,55.78125,31.0625,10.333333333333334,17.728125
27,mi,0.0031622776601683,0.1,10.0,0.1,,1.0,True,0.2,exemplar_mean,0.2120201864611403,323.2002995214485,378.4202037981819,30.59727934608563,31.0,18.28125,7.9375,11.416666666666666
27,mi,0.01,0.1,10.0,0.1,,1.0,True,0.2,exemplar_mean,0.2116734505682045,323.27140084739085,378.5922911391123,50.43358740928881,19.65625,11.083333333333334,4.78125,6.607291666666666
27,mi,0.0316227766016837,0.1,10.0,0.1,,1.0,True,0.2,exemplar_mean,0.2056719898381285,324.49958614288295,378.7552674588358,80.74741627064444,11.979166666666666,6.572916666666667,2.8854166666666665,3.9979166666666672
27,mi,0.1,0.1,10.0,0.1,,1.0,True,0.2,exemplar_mean,0.1838432176201624,328.9281221459441,383.0500171841705,119.5231160177422,7.53125,4.583333333333333,1.9583333333333333,2.535416666666667
27,mi,0.3162277660168379,0.1,10.0,0.1,,1.0,True,0.2,exemplar_mean,0.1515648633928992,335.36947542288146,387.9532858052626,201.08790282109476,4.270833333333333,3.0729166666666665,1.5729166666666667,1.8
27,mi,1.0,0.1,10.0,0.1,,1.0,True,0.2,exemplar_mean,0.1591348028435331,333.87000027324154,387.1888650809517,433.48633592117454,2.4375,2.0625,1.25,1.3989583333333333
27,mi,3.1622776601683795,0.1,10.0,0.1,,1.0,True,0.2,exemplar_mean,0.2050132832972724,324.6341059519578,382.2773866456816,872.2587450881581,1.8854166666666667,1.4895833333333333,1.0625,1.1958333333333335
28,mi,3.1622776601683795e-05,0.1,10.0,1.0,,0.5,True,0.1,exemplar_mean,0.089420260389079,347.43470701432335,385.9894235749797,7.915911748084166,79.05208333333333,67.78125,32.895833333333336,48.77291666666666
28,mi,0.0001,0.1,10.0,1.0,,0.5,True,0.1,exemplar_mean,0.1161932653883111,342.28893639797343,388.0866775254556,8.390914647390973,73.79166666666667,59.75,21.96875,36.38020833333333
28,mi,0.0003162277660168,0.1,10.0,1.0,,0.5,True,0.1,exemplar_mean,0.164223400183726,332.85823992925725,385.56677711754133,11.944799559022204,68.0625,46.85416666666666,17.604166666666668,27.836458333333333
28,mi,0.001,0.1,10.0,1.0,,0.5,True,0.1,exemplar_mean,0.1458851132524581,336.49014893044506,383.5198827648377,14.908850150203053,48.94791666666666,31.11458333333333,10.71875,18.782291666666666
28,mi,0.0031622776601683,0.1,10.0,1.0,,0.5,True,0.1,exemplar_mean,0.2212138255469911,321.30932157825123,375.3036306958551,29.42449419170982,34.052083333333336,17.635416666666668,6.15625,10.840625
28,mi,0.01,0.1,10.0,1.0,,0.5,True,0.1,exemplar_mean,0.2965796747123513,305.36669251056094,324.02357680600625,67.73182361910838,18.17708333333333,8.958333333333334,4.3125,6.567708333333334
28,mi,0.0316227766016837,0.1,10.0,1.0,,0.5,True,0.1,exemplar_mean,0.2353036152868621,318.3894928067564,370.3198799952676,90.12399348823396,11.739583333333334,5.520833333333333,2.7604166666666665,3.5510416666666664
28,mi,0.1,0.1,10.0,1.0,,0.5,True,0.1,exemplar_mean,0.2495999992979084,315.39922477043274,371.1515974934282,140.9283731828826,7.8125,3.6458333333333335,1.78125,2.4145833333333333
28,mi,0.3162277660168379,0.1,10.0,1.0,,0.5,True,0.1,exemplar_mean,0.1492876248401633,335.8192472971034,389.2166995817607,202.39586253538477,4.3125,3.114583333333333,1.4166666666666667,1.7729166666666667
28,mi,1.0,0.1,10.0,1.0,,0.5,True,0.1,exemplar_mean,0.1513770716158739,335.4065885399933,391.1284217675358,376.3966280774604,2.802083333333333,2.052083333333333,1.2083333333333333,1.4458333333333333
28,mi,3.1622776601683795,0.1,10.0,1.0,,0.5,True,0.1,exemplar_mean,0.0736573198121861,350.4290051462858,385.9172226149332,548.5588464455691,1.6770833333333333,1.59375,1.0625,1.2510416666666668
29,mi,3.1622776601683795e-05,0.1,10.0,1.0,,0.5,True,0.2,exemplar_mean,0.1181762762861405,341.90472125804604,387.03153227222776,6.915460970609188,79.41666666666667,72.65625,22.61458333333333,37.82812499999999
29,mi,0.0001,0.1,10.0,1.0,,0.5,True,0.2,exemplar_mean,0.1261658269222753,340.3523244485721,387.90388324832105,7.264068398334143,74.66666666666667,63.91666666666666,15.78125,29.151041666666675
29,mi,0.0003162277660168,0.1,10.0,1.0,,0.5,True,0.2,exemplar_mean,0.1767608559609304,330.3522087406084,384.2649944538012,11.301090304641242,69.28125,41.38541666666666,11.385416666666666,21.15520833333333
29,mi,0.001,0.1,10.0,1.0,,0.5,True,0.2,exemplar_mean,0.2155534802545578,322.47487191087055,380.0703503085494,17.24217643871289,50.38541666666666,28.0625,7.260416666666667,14.708333333333332
29,mi,0.0031622776601683,0.1,10.0,1.0,,0.5,True,0.2,exemplar_mean,0.1923226247489173,327.2149723349013,379.00978781966023,31.433433572647015,29.67708333333333,15.229166666666666,7.125,9.505208333333334
29,mi,0.01,0.1,10.0,1.0,,0.5,True,0.2,exemplar_mean,0.1838895689725569,328.91878173482166,384.5880353146311,51.01188872098062,16.177083333333332,11.052083333333334,3.6770833333333335,5.955208333333333
29,mi,0.0316227766016837,0.1,10.0,1.0,,0.5,True,0.2,exemplar_mean,0.1973283996017069,326.1993995670756,381.6888955899318,80.2468844139344,11.510416666666666,6.333333333333333,2.458333333333333,3.5708333333333337
29,mi,0.1,0.1,10.0,1.0,,0.5,True,0.2,exemplar_mean,0.2168522446214628,322.2078094918702,379.2288166254906,158.15159705750418,6.416666666666667,3.6979166666666665,1.5520833333333333,2.4812499999999997
29,mi,0.3162277660168379,0.1,10.0,1.0,,0.5,True,0.2,exemplar_mean,0.2022955120453768,325.1885356413426,382.3627204541347,251.96856127048653,4.177083333333333,2.9479166666666665,1.4895833333333333,1.78125
29,mi,1.0,0.1,10.0,1.0,,0.5,True,0.2,exemplar_mean,0.1651016770563632,332.6833017123051,387.7961757195875,461.9087588939362,2.5104166666666665,1.9270833333333333,1.0833333333333333,1.3885416666666666
29,mi,3.1622776601683795,0.1,10.0,1.0,,0.5,True,0.2,exemplar_mean,0.1623217242949083,333.23670759182505,384.0236948797227,902.778186945777,1.7291666666666667,1.4791666666666667,1.1041666666666667,1.2458333333333331
30,mi,3.1622776601683795e-05,0.1,10.0,1.0,,1.0,True,0.1,exemplar_mean,0.0916606056364622,347.0070382344007,386.4722936053043,7.870767492833014,77.41666666666667,71.27083333333333,33.75,48.85208333333334
30,mi,0.0001,0.1,10.0,1.0,,1.0,True,0.1,exemplar_mean,0.0972909971553228,345.9298953851093,386.6946492297377,8.637371926362476,72.36458333333333,56.927083333333336,28.42708333333333,38.11458333333333
30,mi,0.0003162277660168,0.1,10.0,1.0,,1.0,True,0.1,exemplar_mean,0.1477831036468321,336.11607146408704,390.32617000463745,11.38629136614385,65.5,51.25,18.67708333333333,26.253125
30,mi,0.001,0.1,10.0,1.0,,1.0,True,0.1,exemplar_mean,0.1813333937172697,329.43348948247075,381.660482992359,16.2908503749412,51.1875,32.625,13.135416666666666,17.469791666666666
30,mi,0.0031622776601683,0.1,10.0,1.0,,1.0,True,0.1,exemplar_mean,0.1532106140222962,335.0440513481029,383.61332108333966,26.26457015692851,32.65625,16.083333333333332,8.354166666666666,10.609374999999998
30,mi,0.01,0.1,10.0,1.0,,1.0,True,0.1,exemplar_mean,0.1668803878147168,332.3287298679736,384.6782686035144,49.830209880890486,18.572916666666668,9.760416666666666,5.489583333333333,6.036458333333333
30,mi,0.0316227766016837,0.1,10.0,1.0,,1.0,True,0.1,exemplar_mean,0.199920028079891,325.6723651336037,379.9828018792719,81.797244108855,11.9375,6.072916666666667,2.645833333333333,3.447916666666667
30,mi,0.1,0.1,10.0,1.0,,1.0,True,0.1,exemplar_mean,0.2292502859449749,319.6471928330844,376.3133860791334,133.07822537632703,7.552083333333333,3.8333333333333335,1.6666666666666667,2.371875
30,mi,0.3162277660168379,0.1,10.0,1.0,,1.0,True,0.1,exemplar_mean,0.2557759271039804,314.09864689493645,368.3449015814725,242.77572414285825,4.697916666666667,2.59375,1.375,1.88125
30,mi,1.0,0.1,10.0,1.0,,1.0,True,0.1,exemplar_mean,0.1279625638925335,340.0022361290433,393.8011964547276,340.4952904817884,2.53125,2.395833333333333,1.21875,1.5072916666666667
30,mi,3.1622776601683795,0.1,10.0,1.0,,1.0,True,0.1,exemplar_mean,0.0481156760320396,355.22726820720715,385.7521194335262,445.2466010385629,1.5208333333333333,1.7708333333333333,1.1354166666666667,1.303125
31,mi,3.1622776601683795e-05,0.1,10.0,1.0,,1.0,True,0.2,exemplar_mean,0.1191625348269516,341.7134694348808,385.77777319787674,6.716886888138709,79.39583333333333,70.92708333333333,20.03125,36.891666666666666
31,mi,0.0001,0.1,10.0,1.0,,1.0,True,0.2,exemplar_mean,0.137763970528961,338.0860814568658,386.3544799652177,8.07261720688769,74.84375,56.239583333333336,16.770833333333332,29.319791666666667
31,mi,0.0003162277660168,0.1,10.0,1.0,,1.0,True,0.2,exemplar_mean,0.1862960648733639,328.4334760433272,382.4198269779596,11.028602280729102,72.125,42.5,12.375,20.953124999999996
31,mi,0.001,0.1,10.0,1.0,,1.0,True,0.2,exemplar_mean,0.1878588595081186,328.11793083287057,379.7902927041477,17.112095730735977,49.85416666666666,26.90625,8.989583333333334,13.923958333333331
31,mi,0.0031622776601683,0.1,10.0,1.0,,1.0,True,0.2,exemplar_mean,0.1811359668110902,329.47320962828155,382.3995886099262,28.910834505975043,30.21875,18.479166666666668,6.666666666666667,9.03020833333333
31,mi,0.01,0.1,10.0,1.0,,1.0,True,0.2,exemplar_mean,0.2012505659547808,325.40145489025826,379.17010230536016,51.72435501260444,17.572916666666668,10.28125,3.9270833333333335,5.907291666666666
31,mi,0.0316227766016837,0.1,10.0,1.0,,1.0,True,0.2,exemplar_mean,0.1924578084328888,327.18758765270945,379.0875506739875,78.96633778435537,11.572916666666666,6.541666666666667,2.7291666666666665,3.534375
31,mi,0.1,0.1,10.0,1.0,,1.0,True,0.2,exemplar_mean,0.2059736760984453,324.43795772082535,379.8198367284287,139.35979995446252,6.739583333333333,4.166666666666667,1.7395833333333333,2.497916666666667
31,mi,0.3162277660168379,0.1,10.0,1.0,,1.0,True,0.2,exemplar_mean,0.2243550414972842,320.66066999339085,379.6478242632594,247.41676702051703,4.291666666666667,2.958333333333333,1.3958333333333333,1.84375
31,mi,1.0,0.1,10.0,1.0,,1.0,True,0.2,exemplar_mean,0.1579902243985923,334.0971534803741,389.40644606980993,454.3130905046849,2.3854166666666665,2.0729166666666665,1.25,1.4239583333333334
31,mi,3.1622776601683795,0.1,10.0,1.0,,1.0,True,0.2,exemplar_mean,0.0197202232092846,360.48668672240814,380.99877932250627,324.48740949613546,1.4375,1.5416666666666667,1.1041666666666667,1.234375
32,mi,3.1622776601683795e-05,0.3,1.0,0.1,,0.5,True,0.1,exemplar_mean,0.1877085087246181,328.1483014805956,371.9123961576933,15.736413862372466,75.625,71.55208333333333,42.333333333333336,54.55
32,mi,0.0001,0.3,1.0,0.1,,0.5,True,0.1,exemplar_mean,0.1764771050195445,330.40913610794547,382.98223987987336,13.494650808001069,74.29166666666667,59.46875,34.427083333333336,42.67395833333333
32,mi,0.0003162277660168,0.3,1.0,0.1,,0.5,True,0.1,exemplar_mean,0.1998256915888885,325.69156439096093,380.75829429484094,14.382196897131797,68.46875,44.07291666666666,18.65625,28.058333333333326
32,mi,0.001,0.3,1.0,0.1,,0.5,True,0.1,exemplar_mean,0.206827525394952,324.26347003272804,378.0187251965343,19.86313316639056,50.020833333333336,31.86458333333333,14.0,19.797916666666666
32,mi,0.0031622776601683,0.3,1.0,0.1,,0.5,True,0.1,exemplar_mean,0.1710020032959615,331.5056610628198,383.44204564686817,30.231115926249583,30.572916666666668,18.354166666666668,9.020833333333334,11.50625
32,mi,0.01,0.3,1.0,0.1,,0.5,True,0.1,exemplar_mean,0.2310342439765067,319.2770548277735,368.87880374813375,57.72414682998152,19.33333333333333,9.083333333333334,4.4375,6.369791666666667
32,mi,0.0316227766016837,0.3,1.0,0.1,,0.5,True,0.1,exemplar_mean,0.2582340755538089,313.5794889279068,367.86675077969267,91.7316673466782,12.3125,5.833333333333333,2.677083333333333,3.7291666666666665
32,mi,0.1,0.3,1.0,0.1,,0.5,True,0.1,exemplar_mean,0.224322324935088,320.66743262622634,375.3075296911378,152.27140947778548,6.864583333333333,4.020833333333333,2.0,2.4218749999999996
32,mi,0.3162277660168379,0.3,1.0,0.1,,0.5,True,0.1,exemplar_mean,0.2162044415691363,322.3410436454598,376.79412241037073,252.23822244707117,4.041666666666667,2.864583333333333,1.4791666666666667,1.8479166666666664
32,mi,1.0,0.3,1.0,0.1,,0.5,True,0.1,exemplar_mean,0.1499773042812527,335.6830939989194,387.5548265060089,363.7629661970332,2.6666666666666665,2.208333333333333,1.21875,1.4583333333333333
32,mi,3.1622776601683795,0.3,1.0,0.1,,0.5,True,0.1,exemplar_mean,0.1092449641373504,343.63180377047814,387.87355888251426,645.4445805353987,1.75,1.6041666666666667,1.0729166666666667,1.228125
33,mi,3.1622776601683795e-05,0.3,1.0,0.1,,0.5,True,0.2,exemplar_mean,0.1185583860980972,341.83063655097044,385.37905653780183,8.300564995961699,78.8125,71.88541666666667,29.42708333333333,43.39375
33,mi,0.0001,0.3,1.0,0.1,,0.5,True,0.2,exemplar_mean,0.1992223701198234,325.8143249482317,374.84827001016583,10.945866323709083,76.89583333333333,54.6875,18.6875,33.653125
33,mi,0.0003162277660168,0.3,1.0,0.1,,0.5,True,0.2,exemplar_mean,0.2043280725677828,324.77397927113157,383.7201645914779,12.420130772369973,67.38541666666667,48.28125,15.614583333333334,23.93125
33,mi,0.001,0.3,1.0,0.1,,0.5,True,0.2,exemplar_mean,0.1545156145920395,334.78578094956714,385.5304302816873,17.439900874871945,43.10416666666666,28.854166666666668,10.229166666666666,17.01875
33,mi,0.0031622776601683,0.3,1.0,0.1,,0.5,True,0.2,exemplar_mean,0.2207875093800694,321.3972536846428,376.52632236897534,32.56201281353699,30.64583333333333,16.46875,7.385416666666667,10.555208333333333
33,mi,0.01,0.3,1.0,0.1,,0.5,True,0.2,exemplar_mean,0.2353147654952506,318.38717154422267,374.8246163780538,57.66724843475786,17.6875,10.65625,4.854166666666667,6.507291666666667
33,mi,0.0316227766016837,0.3,1.0,0.1,,0.5,True,0.2,exemplar_mean,0.1933324554981614,327.01035159196715,385.4017935440857,91.45012690255112,10.395833333333334,7.020833333333333,2.8541666666666665,3.84375
33,mi,0.1,0.3,1.0,0.1,,0.5,True,0.2,exemplar_mean,0.2252393549924103,320.4778251080615,375.6156041367386,159.09511427800987,6.96875,3.7395833333333335,2.114583333333333,2.5020833333333337
33,mi,0.3162277660168379,0.3,1.0,0.1,,0.5,True,0.2,exemplar_mean,0.190940253503368,327.49487319753575,379.8071222135619,262.9573372338514,3.9270833333333335,2.6041666666666665,1.4375,1.8552083333333331
33,mi,1.0,0.3,1.0,0.1,,0.5,True,0.2,exemplar_mean,0.2081351581976823,323.9960676278803,378.574126512381,474.6024208027882,2.770833333333333,1.75,1.1875,1.4020833333333331
33,mi,3.1622776601683795,0.3,1.0,0.1,,0.5,True,0.2,exemplar_mean,0.0959278343603487,346.19098775983815,388.96901635034504,763.7485385854732,1.5833333333333333,1.5208333333333333,1.125,1.2270833333333333
34,mi,3.1622776601683795e-05,0.3,1.0,0.1,,1.0,True,0.1,exemplar_mean,0.1055499435459069,344.3437910718034,386.1358470595274,10.592888747363062,78.63541666666667,73.26041666666667,41.083333333333336,52.92708333333333
34,mi,0.0001,0.3,1.0,0.1,,1.0,True,0.1,exemplar_mean,0.1009507449419692,345.2279516036189,388.71998001584507,9.170359166467922,74.4375,63.03125,28.541666666666668,42.69166666666667
34,mi,0.0003162277660168,0.3,1.0,0.1,,1.0,True,0.1,exemplar_mean,0.1698806033509532,331.7298020126238,382.2071538300653,13.635966896672732,61.09375,50.270833333333336,22.0,30.147916666666664
34,mi,0.001,0.3,1.0,0.1,,1.0,True,0.1,exemplar_mean,0.1629670268200843,333.10832899790427,384.95295640301777,17.894723835429687,47.38541666666666,31.17708333333333,14.958333333333334,21.036458333333336
34,mi,0.0031622776601683,0.3,1.0,0.1,,1.0,True,0.1,exemplar_mean,0.240178189334788,317.3730799923864,373.6493973082896,36.24916718918576,30.84375,17.333333333333332,8.333333333333334,11.884375
34,mi,0.01,0.3,1.0,0.1,,1.0,True,0.1,exemplar_mean,0.2126453790615665,323.07205858948606,380.8468501696758,56.90677167005506,18.135416666666668,10.864583333333334,5.0,6.265625
34,mi,0.0316227766016837,0.3,1.0,0.1,,1.0,True,0.1,exemplar_mean,0.2596559894481802,313.2787896747002,362.80717834707553,93.37458009415654,12.03125,6.083333333333333,2.75,3.8166666666666655
34,mi,0.1,0.3,1.0,0.1,,1.0,True,0.1,exemplar_mean,0.2250904829212162,320.5086139111691,375.5984227979633,139.48114682797475,7.458333333333333,3.7604166666666665,1.6666666666666667,2.346875
34,mi,0.3162277660168379,0.3,1.0,0.1,,1.0,True,0.1,exemplar_mean,0.1893423507988435,327.8181168252902,384.5476922493238,213.50253750743076,4.572916666666667,3.083333333333333,1.4479166666666667,1.8041666666666665
34,mi,1.0,0.3,1.0,0.1,,1.0,True,0.1,exemplar_mean,0.1665539238969221,332.3938361931456,387.9216367548701,392.3273983974736,2.5729166666666665,2.28125,1.1770833333333333,1.5020833333333334
34,mi,3.1622776601683795,0.3,1.0,0.1,,1.0,True,0.1,exemplar_mean,0.0732133999065256,350.51296099849196,383.16718962240975,499.6184856149864,1.5208333333333333,1.7708333333333333,1.0729166666666667,1.29375
35,mi,3.1622776601683795e-05,0.3,1.0,0.1,,1.0,True,0.2,exemplar_mean,0.1326681980895224,339.08364577864313,387.0966344833497,8.746900154300905,78.51041666666667,74.36458333333333,28.05208333333333,44.83229166666667
35,mi,0.0001,0.3,1.0,0.1,,1.0,True,0.2,exemplar_mean,0.1556718432927215,334.5567871531777,385.9122198315252,9.705492188943593,74.90625,61.833333333333336,23.3125,34.40416666666667
35,mi,0.0003162277660168,0.3,1.0,0.1,,1.0,True,0.2,exemplar_mean,0.1845007164059566,328.7956026226826,383.5753345577159,12.336789350000124,67.8125,42.770833333333336,15.864583333333334,24.366666666666667
35,mi,0.001,0.3,1.0,0.1,,1.0,True,0.2,exemplar_mean,0.2361012127169004,318.22340539022053,376.1455269869238,18.902707717712545,52.0,28.42708333333333,10.104166666666666,16.333333333333336
35,mi,0.0031622776601683,0.3,1.0,0.1,,1.0,True,0.2,exemplar_mean,0.2617542559558716,312.834530789607,356.8868412022456,33.00434773288035,33.520833333333336,16.916666666666668,7.3125,10.34375
35,mi,0.01,0.3,1.0,0.1,,1.0,True,0.2,exemplar_mean,0.2304277285421301,319.4029435886613,370.4007171392667,58.15340147093935,18.08333333333333,10.947916666666666,4.489583333333333,6.41875
35,mi,0.0316227766016837,0.3,1.0,0.1,,1.0,True,0.2,exemplar_mean,0.2088158009687359,323.85679323540785,380.1417552450416,81.33287508625986,12.21875,6.729166666666667,2.802083333333333,3.837499999999999
35,mi,0.1,0.3,1.0,0.1,,1.0,True,0.2,exemplar_mean,0.2480252000343848,315.7300017888376,366.83001409856325,159.47625716297944,7.010416666666667,3.90625,1.875,2.5385416666666667
35,mi,0.3162277660168379,0.3,1.0,0.1,,1.0,True,0.2,exemplar_mean,0.1964170749705805,326.3845246024974,383.2573591052989,271.84233056986835,3.8854166666666665,2.5625,1.4375,1.88125
35,mi,1.0,0.3,1.0,0.1,,1.0,True,0.2,exemplar_mean,0.2011096487125821,325.4301576670036,370.45001180187035,469.6041185918261,2.46875,1.9895833333333333,1.1666666666666667,1.4968750000000002
35,mi,3.1622776601683795,0.3,1.0,0.1,,1.0,True,0.2,exemplar_mean,0.132663583013034,339.0845479102587,384.5351582579415,812.2283892589103,1.7395833333333333,1.4479166666666667,1.0833333333333333,1.2447916666666663
36,mi,3.1622776601683795e-05,0.3,1.0,1.0,,0.5,True,0.1,exemplar_mean,0.0888562210103243,347.54229589989376,388.0033771364692,7.677707509025384,77.72916666666667,66.78125,24.71875,44.49583333333333
36,mi,0.0001,0.3,1.0,1.0,,0.5,True,0.1,exemplar_mean,0.1401716802164596,337.6137153277087,386.1926749407744,9.003440698738117,76.3125,60.46875,19.58333333333333,35.54375
36,mi,0.0003162277660168,0.3,1.0,1.0,,0.5,True,0.1,exemplar_mean,0.1403428204502189,337.5801143377112,386.50477491398755,9.984970197778624,67.53125,47.82291666666666,14.03125,23.766666666666666
36,mi,0.001,0.3,1.0,1.0,,0.5,True,0.1,exemplar_mean,0.2560164931949905,314.047877514036,351.97810047546346,21.85041054031939,52.0,30.125,12.25,18.253125000000004
36,mi,0.0031622776601683,0.3,1.0,1.0,,0.5,True,0.1,exemplar_mean,0.2453554334154466,316.2899797139789,371.9536060196403,34.846147593914594,30.39583333333333,16.239583333333332,7.427083333333333,10.513541666666663
36,mi,0.01,0.3,1.0,1.0,,0.5,True,0.1,exemplar_mean,0.1716746931868498,331.3711337390965,382.4386008836191,47.01203776280022,18.89583333333333,8.166666666666666,4.15625,5.482291666666667
36,mi,0.0316227766016837,0.3,1.0,1.0,,0.5,True,0.1,exemplar_mean,0.1874276567115148,328.205025665937,379.4902584416479,78.93283306208006,11.552083333333334,6.083333333333333,2.520833333333333,3.303125
36,mi,0.1,0.3,1.0,1.0,,0.5,True,0.1,exemplar_mean,0.2434512248826146,316.6887784638173,372.0649061845576,144.5125115532036,7.34375,3.6354166666666665,1.65625,2.403125
36,mi,0.3162277660168379,0.3,1.0,1.0,,0.5,True,0.1,exemplar_mean,0.2049351830751445,324.6500517360716,377.1923688211974,216.68925040533833,4.885416666666667,2.6354166666666665,1.5625,1.8083333333333331
36,mi,1.0,0.3,1.0,1.0,,0.5,True,0.1,exemplar_mean,0.0773727101319438,349.7255458934698,386.7044257580995,272.1554067745857,2.614583333333333,2.0625,1.2604166666666667,1.4760416666666667
36,mi,3.1622776601683795,0.3,1.0,1.0,,0.5,True,0.1,exemplar_mean,0.0586876209149202,353.24912411122943,385.1698195894669,568.4104708068688,1.4895833333333333,1.7083333333333333,1.1354166666666667,1.3145833333333332
37,mi,3.1622776601683795e-05,0.3,1.0,1.0,,0.5,True,0.2,exemplar_mean,0.0995146919522615,345.5035582043486,387.8347989164658,5.722338767912825,77.5625,73.13541666666667,13.96875,32.001041666666666
37,mi,0.0001,0.3,1.0,1.0,,0.5,True,0.2,exemplar_mean,0.1136542413426938,342.780252271665,388.6282388643572,6.659317701229674,75.35416666666667,60.88541666666666,15.375,27.282291666666666
37,mi,0.0003162277660168,0.3,1.0,1.0,,0.5,True,0.2,exemplar_mean,0.1690262493585059,331.9004652914416,384.64328389956734,10.816469606734149,67.44791666666667,43.35416666666666,10.552083333333334,19.701041666666665
37,mi,0.001,0.3,1.0,1.0,,0.5,True,0.2,exemplar_mean,0.2162058366463495,322.34075677802355,375.17988086711114,18.345858530818745,50.208333333333336,24.072916666666668,9.59375,13.344791666666666
37,mi,0.0031622776601683,0.3,1.0,1.0,,0.5,True,0.2,exemplar_mean,0.157916427437724,334.1117939365049,387.57070526331023,28.15021763096149,28.98958333333333,17.885416666666668,6.0,8.702083333333333
37,mi,0.01,0.3,1.0,1.0,,0.5,True,0.2,exemplar_mean,0.248684756441832,315.59150816650504,369.6153221328527,55.19735750338043,19.15625,8.729166666666666,3.8645833333333335,5.543749999999999
37,mi,0.0316227766016837,0.3,1.0,1.0,,0.5,True,0.2,exemplar_mean,0.2288005979147529,319.74042709174313,375.6459779246946,96.46960039735016,10.989583333333334,5.8125,2.583333333333333,3.6291666666666664
37,mi,0.1,0.3,1.0,1.0,,0.5,True,0.2,exemplar_mean,0.1939007185283555,326.89514884638453,381.1677122236742,143.3401460896952,6.791666666666667,4.052083333333333,1.8645833333333333,2.4125
37,mi,0.3162277660168379,0.3,1.0,1.0,,0.5,True,0.2,exemplar_mean,0.1669428260945774,332.31627642027473,386.0019734846924,238.7226152440713,4.1875,2.802083333333333,1.6145833333333333,1.74375
37,mi,1.0,0.3,1.0,1.0,,0.5,True,0.2,exemplar_mean,0.1503707228494689,335.6054023988548,385.87114328110914,440.2246369521952,2.53125,1.9270833333333333,1.3229166666666667,1.4229166666666668
37,mi,3.1622776601683795,0.3,1.0,1.0,,0.5,True,0.2,exemplar_mean,0.1064820318990305,344.16432744798817,389.9435616135664,811.9109703811359,1.6979166666666667,1.40625,1.1875,1.2510416666666666
38,mi,3.1622776601683795e-05,0.3,1.0,1.0,,1.0,True,0.1,exemplar_mean,0.0607921636846473,352.85401410195357,387.3797089568933,7.209991960503818,77.58333333333333,70.3125,39.427083333333336,47.021875
38,mi,0.0001,0.3,1.0,1.0,,1.0,True,0.1,exemplar_mean,0.1424447059999909,337.1671654131883,386.390975337857,9.377801739916436,75.42708333333333,59.75,19.447916666666668,36.14583333333333
38,mi,0.0003162277660168,0.3,1.0,1.0,,1.0,True,0.1,exemplar_mean,0.1508974861671119,335.50134994344916,385.3448467663661,11.906253929191529,65.79166666666667,44.25,20.479166666666668,29.070833333333333
38,mi,0.001,0.3,1.0,1.0,,1.0,True,0.1,exemplar_mean,0.1580247936596789,334.0902951215955,385.6673230052391,16.08435109649039,48.6875,27.885416666666668,10.739583333333334,15.042708333333334
38,mi,0.0031622776601683,0.3,1.0,1.0,,1.0,True,0.1,exemplar_mean,0.2360112848864912,318.242135815468,374.7393302307302,29.90126608523805,32.75,16.9375,6.333333333333333,9.272916666666667
38,mi,0.01,0.3,1.0,1.0,,1.0,True,0.1,exemplar_mean,0.2504342131929419,315.22386257648986,371.3164958083822,56.10365242511884,19.02083333333333,9.489583333333334,4.0,5.736458333333333
38,mi,0.0316227766016837,0.3,1.0,1.0,,1.0,True,0.1,exemplar_mean,0.222931885959863,320.9547097256708,375.2807148744315,87.02896753132727,11.479166666666666,5.96875,2.375,3.475
38,mi,0.1,0.3,1.0,1.0,,1.0,True,0.1,exemplar_mean,0.2680348238405985,311.5009808209655,359.0292919724138,150.46919730500508,7.520833333333333,4.020833333333333,1.8541666666666667,2.4041666666666663
38,mi,0.3162277660168379,0.3,1.0,1.0,,1.0,True,0.1,exemplar_mean,0.2229448398184519,320.952034529523,378.5050852410521,209.16450124486312,4.916666666666667,3.083333333333333,1.4479166666666667,1.8510416666666665
38,mi,1.0,0.3,1.0,1.0,,1.0,True,0.1,exemplar_mean,0.1100582580403112,343.4748933622706,391.2325363882355,270.40300727510174,2.6666666666666665,2.59375,1.2291666666666667,1.5312499999999998
38,mi,3.1622776601683795,0.3,1.0,1.0,,1.0,True,0.1,exemplar_mean,0.1264843260340318,340.2902922027128,389.26428599913385,896.2579070907578,1.7083333333333333,1.5520833333333333,1.2291666666666667,1.3
39,mi,3.1622776601683795e-05,0.3,1.0,1.0,,1.0,True,0.2,exemplar_mean,0.0985067777298085,345.6968653887222,386.6170058473551,5.7505047922181625,77.96875,71.57291666666667,16.375,33.97812499999999
39,mi,0.0001,0.3,1.0,1.0,,1.0,True,0.2,exemplar_mean,0.1312544981646682,339.35987648374106,387.33539011877866,7.591638224570923,75.30208333333333,59.51041666666666,16.947916666666668,27.019791666666663
39,mi,0.0003162277660168,0.3,1.0,1.0,,1.0,True,0.2,exemplar_mean,0.1553357015273283,334.62337697223603,386.4567802347525,10.39753247822842,66.59375,41.28125,9.583333333333334,19.571875
39,mi,0.001,0.3,1.0,1.0,,1.0,True,0.2,exemplar_mean,0.1876490001870476,328.1603213454478,382.40250750937366,17.387534343946996,49.333333333333336,25.822916666666668,7.75,13.307291666666666
39,mi,0.0031622776601683,0.3,1.0,1.0,,1.0,True,0.2,exemplar_mean,0.2774569023274373,309.48961943423996,333.26643178078274,33.204326219567754,33.802083333333336,13.59375,6.135416666666667,9.091666666666663
39,mi,0.01,0.3,1.0,1.0,,1.0,True,0.2,exemplar_mean,0.2381144391026752,317.80379586201883,373.2180039924379,51.87259638673088,19.510416666666668,8.572916666666666,4.15625,5.723958333333333
39,mi,0.0316227766016837,0.3,1.0,1.0,,1.0,True,0.2,exemplar_mean,0.2455088458471775,316.2578286302887,372.4083908411055,91.79982998819855,11.479166666666666,5.802083333333333,2.583333333333333,3.530208333333333
39,mi,0.1,0.3,1.0,1.0,,1.0,True,0.2,exemplar_mean,0.1900028624213076,327.68453898248606,381.0864638607325,141.0990511224545,6.604166666666667,3.9375,1.8333333333333333,2.4927083333333333
39,mi,0.3162277660168379,0.3,1.0,1.0,,1.0,True,0.2,exemplar_mean,0.182109330675998,329.27733298596115,381.9959277327365,249.0959813428672,4.072916666666667,2.71875,1.5,1.8625
39,mi,1.0,0.3,1.0,1.0,,1.0,True,0.2,exemplar_mean,0.1097787619044215,343.52882518986496,391.32598861956615,364.8883171567712,2.427083333333333,2.1875,1.2395833333333333,1.459375
39,mi,3.1622776601683795,0.3,1.0,1.0,,1.0,True,0.2,exemplar_mean,0.0508304241119879,354.7203572942874,377.6815448853521,582.1560618545132,1.4270833333333333,1.4375,1.15625,1.30625
40,mi,3.1622776601683795e-05,0.3,10.0,0.1,,0.5,True,0.1,exemplar_mean,0.1340514081243314,338.8131546885626,384.5468356809957,15.345438559736792,79.52083333333333,73.61458333333333,47.44791666666666,58.171875000000014
40,mi,0.0001,0.3,10.0,0.1,,0.5,True,0.1,exemplar_mean,0.1299712994282726,339.61041330886013,386.0968480223773,10.335417920841524,74.83333333333333,69.71875,32.270833333333336,46.64270833333333
40,mi,0.0003162277660168,0.3,10.0,0.1,,0.5,True,0.1,exemplar_mean,0.1385159921890036,337.93861399495233,388.2022673034962,12.198738644623647,65.07291666666667,46.864583333333336,20.20833333333333,32.77708333333334
40,mi,0.001,0.3,10.0,0.1,,0.5,True,0.1,exemplar_mean,0.2570140081111559,313.83727303481606,375.78062818702375,20.858747142964273,52.66666666666666,31.70833333333333,16.09375,22.186458333333334
40,mi,0.0031622776601683,0.3,10.0,0.1,,0.5,True,0.1,exemplar_mean,0.2146030249541156,322.67017213821725,376.8121875907828,32.61088624138599,31.90625,17.739583333333332,9.59375,12.039583333333336
40,mi,0.01,0.3,10.0,0.1,,0.5,True,0.1,exemplar_mean,0.216371265810929,322.3067380403299,374.7293995306533,56.581269178130974,18.64583333333333,10.03125,4.84375,6.607291666666667
40,mi,0.0316227766016837,0.3,10.0,0.1,,0.5,True,0.1,exemplar_mean,0.2190267495452734,321.7601739757481,377.10618774466263,96.42616350981372,11.0,5.75,3.1354166666666665,3.9760416666666663
40,mi,0.1,0.3,10.0,0.1,,0.5,True,0.1,exemplar_mean,0.2804176377337538,308.85487702660225,359.9369282864312,171.41212243291068,6.885416666666667,3.489583333333333,1.9375,2.5552083333333333
40,mi,0.3162277660168379,0.3,10.0,0.1,,0.5,True,0.1,exemplar_mean,0.2305759179956816,319.37218986465956,375.88599124996864,244.0540377628936,4.677083333333333,2.614583333333333,1.4270833333333333,1.7604166666666667
40,mi,1.0,0.3,10.0,0.1,,0.5,True,0.1,exemplar_mean,0.1920359648894248,327.2730345510485,383.2119565726415,422.8180529285868,2.770833333333333,2.020833333333333,1.1770833333333333,1.3979166666666667
40,mi,3.1622776601683795,0.3,10.0,0.1,,0.5,True,0.1,exemplar_mean,0.2025607117478091,325.13447610358696,383.95390974064605,837.2438850148893,1.8541666666666667,1.5729166666666667,1.0833333333333333,1.2135416666666663
41,mi,3.1622776601683795e-05,0.3,10.0,0.1,,0.5,True,0.2,exemplar_mean,0.1591248077862193,333.87198456268703,377.6688388468737,11.000223657042024,78.9375,73.69791666666667,35.28125,50.420833333333334
41,mi,0.0001,0.3,10.0,0.1,,0.5,True,0.2,exemplar_mean,0.1571829069669493,334.2572809766973,383.42903602169554,9.948483222466328,76.76041666666667,60.90625,23.61458333333333,38.87604166666666
41,mi,0.0003162277660168,0.3,10.0,0.1,,0.5,True,0.2,exemplar_mean,0.1424623366490783,337.163699452117,389.42750691282225,10.739302901770031,65.85416666666667,52.69791666666666,17.145833333333332,26.979166666666664
41,mi,0.001,0.3,10.0,0.1,,0.5,True,0.2,exemplar_mean,0.2226584259109273,321.0111787588925,380.8119763021702,19.82581483715545,47.989583333333336,32.84375,11.541666666666666,18.151041666666668
41,mi,0.0031622776601683,0.3,10.0,0.1,,0.5,True,0.2,exemplar_mean,0.2519148468478326,314.91237439099007,359.4816862985504,36.364539366584616,29.479166666666668,18.697916666666668,7.729166666666667,11.703125
41,mi,0.01,0.3,10.0,0.1,,0.5,True,0.2,exemplar_mean,0.2453044418085052,316.3006654477684,367.4095406675603,57.59947186547272,18.36458333333333,10.739583333333334,5.291666666666667,6.698958333333333
41,mi,0.0316227766016837,0.3,10.0,0.1,,0.5,True,0.2,exemplar_mean,0.2176286179917117,322.04805956637523,375.37817164124266,81.42651630771579,12.333333333333334,6.0,3.0104166666666665,3.944791666666667
41,mi,0.1,0.3,10.0,0.1,,0.5,True,0.2,exemplar_mean,0.194349415558308,326.8041567672794,380.5685742912562,136.11472652509872,7.052083333333333,4.385416666666667,1.78125,2.521875
41,mi,0.3162277660168379,0.3,10.0,0.1,,0.5,True,0.2,exemplar_mean,0.2345207329993537,318.5524318075912,375.17892704948554,269.92384968338536,4.302083333333333,2.5729166666666665,1.4375,1.8072916666666667
41,mi,1.0,0.3,10.0,0.1,,0.5,True,0.2,exemplar_mean,0.1689238389133691,331.920916615676,388.9682976577214,480.2778739919568,2.4479166666666665,1.96875,1.125,1.3781249999999998
41,mi,3.1622776601683795,0.3,10.0,0.1,,0.5,True,0.2,exemplar_mean,0.1542663990491961,334.83511815450504,381.4456076610392,841.5221573037101,1.7916666666666667,1.3333333333333333,1.0729166666666667,1.1854166666666668
42,mi,3.1622776601683795e-05,0.3,10.0,0.1,,1.0,True,0.1,exemplar_mean,0.0952508327897538,346.3205835992309,388.3438583770444,12.17530802127796,77.53125,75.84375,44.54166666666666,57.9125
42,mi,0.0001,0.3,10.0,0.1,,1.0,True,0.1,exemplar_mean,0.1507463638129101,335.53120470023964,385.12703182464855,12.085345651042484,75.85416666666667,64.67708333333333,29.27083333333333,43.631249999999994
42,mi,0.0003162277660168,0.3,10.0,0.1,,1.0,True,0.1,exemplar_mean,0.1551917521723569,334.6518893453048,384.8698530420817,13.28995842740657,66.33333333333333,47.15625,22.34375,32.89375
42,mi,0.001,0.3,10.0,0.1,,1.0,True,0.1,exemplar_mean,0.1341731776720985,338.7893319261574,387.7757511171197,14.788427037654143,49.208333333333336,32.364583333333336,15.239583333333334,21.63645833333333
42,mi,0.0031622776601683,0.3,10.0,0.1,,1.0,True,0.1,exemplar_mean,0.2298079607432908,319.5315317844936,377.0405959815208,33.66843703675737,31.65625,18.23958333333333,8.239583333333334,12.411458333333332
42,mi,0.01,0.3,10.0,0.1,,1.0,True,0.1,exemplar_mean,0.239690625987777,317.4748898269878,373.2946279833351,56.45703314046691,18.96875,9.65625,4.447916666666667,6.603125
42,mi,0.0316227766016837,0.3,10.0,0.1,,1.0,True,0.1,exemplar_mean,0.2980815980308477,305.0405131134142,333.0824897443198,106.59000585718192,11.5,5.854166666666667,2.8125,3.946875
42,mi,0.1,0.3,10.0,0.1,,1.0,True,0.1,exemplar_mean,0.1902517449398097,327.6341923730791,382.7802278867759,123.99419627282816,7.427083333333333,4.46875,1.9583333333333333,2.3572916666666663
42,mi,0.3162277660168379,0.3,10.0,0.1,,1.0,True,0.1,exemplar_mean,0.2139052236981179,322.81348161665767,381.6365503841552,219.78159222324464,4.604166666666667,3.0729166666666665,1.4479166666666667,1.8333333333333333
42,mi,1.0,0.3,10.0,0.1,,1.0,True,0.1,exemplar_mean,0.2444662316602991,316.4762679468894,358.0464434179717,467.5868854281144,2.708333333333333,2.03125,1.09375,1.4708333333333332
42,mi,3.1622776601683795,0.3,10.0,0.1,,1.0,True,0.1,exemplar_mean,0.1213257565265438,341.2936096847048,389.8978619583203,566.6818282428358,1.8958333333333333,1.53125,1.0833333333333333,1.2104166666666667
43,mi,3.1622776601683795e-05,0.3,10.0,0.1,,1.0,True,0.2,exemplar_mean,0.115249908704232,342.47156367667435,385.01816510411527,9.460158354251062,78.67708333333333,77.89583333333333,37.78125,51.72708333333334
43,mi,0.0001,0.3,10.0,0.1,,1.0,True,0.2,exemplar_mean,0.1609406020445467,333.5113065014546,384.19203531184246,9.81221714346086,76.01041666666667,64.60416666666667,23.916666666666668,38.58854166666667
43,mi,0.0003162277660168,0.3,10.0,0.1,,1.0,True,0.2,exemplar_mean,0.2251734018879479,320.4914654870678,377.0394764717974,13.68290965918553,68.03125,45.94791666666666,17.166666666666668,27.03125
43,mi,0.001,0.3,10.0,0.1,,1.0,True,0.2,exemplar_mean,0.1845323174863201,328.7892320487715,384.2733885836777,17.69047598640338,48.91666666666666,31.86458333333333,11.8125,17.945833333333333
43,mi,0.0031622776601683,0.3,10.0,0.1,,1.0,True,0.2,exemplar_mean,0.2331604138331265,318.8353530119635,378.31411908343233,32.1233075286548,31.89583333333333,18.6875,7.489583333333333,11.633333333333333
43,mi,0.01,0.3,10.0,0.1,,1.0,True,0.2,exemplar_mean,0.219254005950143,321.71335586733653,376.8232804684135,53.00843744548341,19.322916666666668,10.708333333333334,4.427083333333333,6.386458333333333
43,mi,0.0316227766016837,0.3,10.0,0.1,,1.0,True,0.2,exemplar_mean,0.211352456970789,323.3372095461869,376.4133255748298,88.22172339218903,11.604166666666666,6.416666666666667,3.21875,3.8760416666666666
43,mi,0.1,0.3,10.0,0.1,,1.0,True,0.2,exemplar_mean,0.2042205343272669,324.7959257801685,379.5793537053391,139.38283836982652,7.145833333333333,4.125,1.9479166666666667,2.5229166666666663
43,mi,0.3162277660168379,0.3,10.0,0.1,,1.0,True,0.2,exemplar_mean,0.2299634462085988,319.4992768311298,373.46000898292505,245.3252496033644,4.760416666666667,2.5729166666666665,1.4166666666666667,1.7875
43,mi,1.0,0.3,10.0,0.1,,1.0,True,0.2,exemplar_mean,0.1364311884446818,338.3472750668763,390.08886063364224,399.7272632424756,2.5625,2.03125,1.1458333333333333,1.334375
43,mi,3.1622776601683795,0.3,10.0,0.1,,1.0,True,0.2,exemplar_mean,0.1443540852583758,336.7915985276653,387.1787234300767,750.619680154126,1.7395833333333333,1.5,1.0833333333333333,1.2010416666666668
44,mi,3.1622776601683795e-05,0.3,10.0,1.0,,0.5,True,0.1,exemplar_mean,0.0663115457283586,351.8156891901323,385.562363824648,6.455900263083509,78.48958333333333,75.23958333333333,34.041666666666664,49.683333333333344
44,mi,0.0001,0.3,10.0,1.0,,0.5,True,0.1,exemplar_mean,0.100689209780991,345.2781616905606,388.0586481570603,7.766343460011744,73.66666666666667,65.86458333333333,25.041666666666668,36.75625
44,mi,0.0003162277660168,0.3,10.0,1.0,,0.5,True,0.1,exemplar_mean,0.1459171191817737,336.483844286314,389.0409065425292,11.555218499105218,64.98958333333333,48.57291666666666,17.90625,26.870833333333337
44,mi,0.001,0.3,10.0,1.0,,0.5,True,0.1,exemplar_mean,0.229040485036224,319.69069444410337,370.5127531540685,17.745959874289866,52.79166666666666,31.05208333333333,9.427083333333334,17.940625
44,mi,0.0031622776601683,0.3,10.0,1.0,,0.5,True,0.1,exemplar_mean,0.2360899789189838,318.22574525797876,372.5938113921512,33.47183236550616,32.25,15.572916666666666,8.708333333333334,10.341666666666663
44,mi,0.01,0.3,10.0,1.0,,0.5,True,0.1,exemplar_mean,0.1819332990707071,329.3127656551542,382.8984098995969,54.56141968061131,17.291666666666668,9.510416666666666,5.260416666666667,6.030208333333334
44,mi,0.0316227766016837,0.3,10.0,1.0,,0.5,True,0.1,exemplar_mean,0.2486700572495342,315.59459536433326,371.48844810206367,93.09059013811836,11.489583333333334,5.291666666666667,2.333333333333333,3.5666666666666664
44,mi,0.1,0.3,10.0,1.0,,0.5,True,0.1,exemplar_mean,0.2139602600061444,322.8021809607294,379.8290289038795,137.61337760667115,7.197916666666667,4.145833333333333,1.71875,2.396875
44,mi,0.3162277660168379,0.3,10.0,1.0,,0.5,True,0.1,exemplar_mean,0.2308147186239753,319.32262539179214,379.24596670312013,237.6143211287496,4.520833333333333,3.03125,1.3020833333333333,1.8208333333333333
44,mi,1.0,0.3,10.0,1.0,,0.5,True,0.1,exemplar_mean,0.1541401673235756,334.86010547774595,387.06960409821386,358.2966364503571,2.75,2.1666666666666665,1.2708333333333333,1.4458333333333333
44,mi,3.1622776601683795,0.3,10.0,1.0,,0.5,True,0.1,exemplar_mean,0.0730353220968481,350.5466341128199,380.739560473524,556.4320074662921,1.5729166666666667,1.5208333333333333,1.09375,1.2708333333333337
45,mi,3.1622776601683795e-05,0.3,10.0,1.0,,0.5,True,0.2,exemplar_mean,0.1232080817927114,340.9278484171692,387.1444912478505,6.922761872251838,78.91666666666667,72.98958333333333,19.729166666666668,36.2
45,mi,0.0001,0.3,10.0,1.0,,0.5,True,0.2,exemplar_mean,0.1360221950721785,338.42738762446413,387.2851068736233,8.065006857759741,74.57291666666667,57.57291666666666,17.854166666666668,27.145833333333332
45,mi,0.0003162277660168,0.3,10.0,1.0,,0.5,True,0.2,exemplar_mean,0.1504552834630411,335.58870117064924,386.56788541797965,10.27447014410343,69.34375,42.85416666666666,11.583333333333334,20.058333333333337
45,mi,0.001,0.3,10.0,1.0,,0.5,True,0.2,exemplar_mean,0.1932950505524441,327.01793319280165,381.58280002183903,17.38418353383284,48.489583333333336,29.229166666666668,8.541666666666666,13.891666666666666
45,mi,0.0031622776601683,0.3,10.0,1.0,,0.5,True,0.2,exemplar_mean,0.2179399897302087,321.9839681095428,379.0668129442162,30.52006233114509,30.916666666666668,16.520833333333332,6.114583333333333,9.333333333333332
45,mi,0.01,0.3,10.0,1.0,,0.5,True,0.2,exemplar_mean,0.2259789121029155,320.3248306036042,375.8287699520773,50.37703308904832,19.58333333333333,9.875,4.03125,5.703125
45,mi,0.0316227766016837,0.3,10.0,1.0,,0.5,True,0.2,exemplar_mean,0.2168832862831037,322.20142374611237,375.5571324072284,89.28152040908884,11.3125,5.666666666666667,2.5104166666666665,3.5739583333333327
45,mi,0.1,0.3,10.0,1.0,,0.5,True,0.2,exemplar_mean,0.1389588798776194,337.8517359499912,386.7743986936813,140.16573601062606,5.822916666666667,3.7395833333333335,1.78125,2.390625
45,mi,0.3162277660168379,0.3,10.0,1.0,,0.5,True,0.2,exemplar_mean,0.1706550877291245,331.5750173493519,386.0376865491431,264.6595496782753,3.6875,2.739583333333333,1.3541666666666667,1.7947916666666663
45,mi,1.0,0.3,10.0,1.0,,0.5,True,0.2,exemplar_mean,0.224586625803846,320.6127965934121,371.4971669145913,615.3648805610995,2.2916666666666665,1.9270833333333333,1.2291666666666667,1.4697916666666666
45,mi,3.1622776601683795,0.3,10.0,1.0,,0.5,True,0.2,exemplar_mean,0.1753456869095658,330.6360287489437,366.9411404366721,1025.9709206948412,1.59375,1.2395833333333333,1.09375,1.2427083333333333
46,mi,3.1622776601683795e-05,0.3,10.0,1.0,,1.0,True,0.1,exemplar_mean,0.0574968676645853,353.4724822715264,386.3776382931679,7.008224853119918,76.78125,71.25,35.447916666666664,48.471875
46,mi,0.0001,0.3,10.0,1.0,,1.0,True,0.1,exemplar_mean,0.0736675310897213,350.4270737132612,389.2497835508348,6.858699728389723,75.32291666666667,65.82291666666667,24.27083333333333,36.61458333333333
46,mi,0.0003162277660168,0.3,10.0,1.0,,1.0,True,0.1,exemplar_mean,0.1379763288544466,338.04444563279725,388.54513589550777,11.088206759749976,64.14583333333333,47.51041666666666,20.104166666666668,28.746874999999996
46,mi,0.001,0.3,10.0,1.0,,1.0,True,0.1,exemplar_mean,0.1392602966610613,337.79259644158066,388.5910408921384,15.238180426824702,48.51041666666666,33.427083333333336,10.197916666666666,16.085416666666667
46,mi,0.0031622776601683,0.3,10.0,1.0,,1.0,True,0.1,exemplar_mean,0.2258702156224559,320.3473215666629,373.7707323760532,30.051696987867107,32.760416666666664,15.197916666666666,5.802083333333333,10.147916666666664
46,mi,0.01,0.3,10.0,1.0,,1.0,True,0.1,exemplar_mean,0.2211097834150785,321.3307835606792,374.5649467022995,53.17590165621181,19.48958333333333,8.625,3.84375,5.69375
46,mi,0.0316227766016837,0.3,10.0,1.0,,1.0,True,0.1,exemplar_mean,0.2280380205112429,319.8984708989614,375.9573754340854,89.39511163976964,11.4375,5.625,2.9791666666666665,3.6322916666666663
46,mi,0.1,0.3,10.0,1.0,,1.0,True,0.1,exemplar_mean,0.2007048312254787,325.5125989768239,379.3800509175188,129.92973592818063,7.59375,3.96875,1.9583333333333333,2.2947916666666663
46,mi,0.3162277660168379,0.3,10.0,1.0,,1.0,True,0.1,exemplar_mean,0.1671787294717837,332.2692207768871,385.0365576036185,205.63772675266023,4.364583333333333,2.9479166666666665,1.4479166666666667,1.8093749999999995
46,mi,1.0,0.3,10.0,1.0,,1.0,True,0.1,exemplar_mean,0.1422547872690939,337.20449875813347,388.7169026807488,333.7271777869618,2.645833333333333,2.3229166666666665,1.3020833333333333,1.4979166666666668
46,mi,3.1622776601683795,0.3,10.0,1.0,,1.0,True,0.1,exemplar_mean,0.0860353258711566,348.079874466156,379.9735490100684,577.3870166053738,1.625,1.6354166666666667,1.1875,1.3052083333333333
47,mi,3.1622776601683795e-05,0.3,10.0,1.0,,1.0,True,0.2,exemplar_mean,0.1079848769341831,343.87477349486113,386.2970769329145,6.361552086103025,77.79166666666667,73.78125,19.21875,36.188541666666666
47,mi,0.0001,0.3,10.0,1.0,,1.0,True,0.2,exemplar_mean,0.1217671094677297,341.2078840249546,388.92110558674096,7.875542682787061,75.58333333333333,57.5,16.90625,28.257291666666664
47,mi,0.0003162277660168,0.3,10.0,1.0,,1.0,True,0.2,exemplar_mean,0.1547967353988192,334.73011873095146,389.7190309712837,10.251557610912622,68.75,46.21875,10.09375,19.89479166666667
47,mi,0.001,0.3,10.0,1.0,,1.0,True,0.2,exemplar_mean,0.2129369410837841,323.0122353141002,379.4975420511618,17.367860967412508,50.46875,26.55208333333333,8.197916666666666,14.994791666666666
47,mi,0.0031622776601683,0.3,10.0,1.0,,1.0,True,0.2,exemplar_mean,0.1644772695153729,332.8076828085738,384.99407358257486,28.314034775624233,29.65625,17.864583333333332,6.010416666666667,9.166666666666666
47,mi,0.01,0.3,10.0,1.0,,1.0,True,0.2,exemplar_mean,0.2065123283274648,324.3278928072148,379.76990478713697,45.76142413175928,20.072916666666668,11.0,3.6875,5.805208333333333
47,mi,0.0316227766016837,0.3,10.0,1.0,,1.0,True,0.2,exemplar_mean,0.205323769622185,324.57070596567127,377.719702043091,82.05951838086371,11.4375,6.541666666666667,2.5625,3.520833333333333
47,mi,0.1,0.3,10.0,1.0,,1.0,True,0.2,exemplar_mean,0.2407051543104564,317.26300582586896,371.6947906679301,136.13312486559346,7.947916666666667,3.53125,1.84375,2.4052083333333334
47,mi,0.3162277660168379,0.3,10.0,1.0,,1.0,True,0.2,exemplar_mean,0.1982214473267001,326.0178852936518,381.3491262555869,247.45053133694063,4.1875,2.802083333333333,1.46875,1.821875
47,mi,1.0,0.3,10.0,1.0,,1.0,True,0.2,exemplar_mean,0.1130873551617723,342.8898518979489,389.44149523138134,386.818119023898,2.3125,2.052083333333333,1.15625,1.4395833333333332
47,mi,3.1622776601683795,0.3,10.0,1.0,,1.0,True,0.2,exemplar_mean,0.1458540346133021,336.4962708005538,387.4427442523047,918.5648699883758,1.625,1.53125,1.0625,1.2312500000000002
0,mi_concept,3.1622776601683795e-05,0.03,1.0,0.1,,0.5,True,0.1,exemplar_mean,0.5278180389888829,250.1893993031978,264.66537168237113,129.31249082834228,28.02083333333333,22.55208333333333,18.979166666666668,21.65520833333333
0,mi_concept,0.0001,0.03,1.0,0.1,,0.5,True,0.1,exemplar_mean,0.5086925962407673,255.20598966860072,246.07233602532185,160.7430290256299,19.65625,14.90625,12.5625,14.789583333333336
0,mi_concept,0.0003162277660168,0.03,1.0,0.1,,0.5,True,0.1,exemplar_mean,0.403918202821277,281.10407316652174,302.8187943795145,176.5551943620317,13.90625,11.5,7.53125,9.797916666666667
0,mi_concept,0.001,0.03,1.0,0.1,,0.5,True,0.1,exemplar_mean,0.3792529396586893,286.8610240292941,294.91097065461537,203.62084348235945,10.625,7.395833333333333,5.208333333333333,6.458333333333333
0,mi_concept,0.0031622776601683,0.03,1.0,0.1,,0.5,True,0.1,exemplar_mean,0.3266687371853439,298.7642290212005,315.50983919490835,261.72713329827803,7.447916666666667,5.010416666666667,3.9895833333333335,4.351041666666667
0,mi_concept,0.01,0.03,1.0,0.1,,0.5,True,0.1,exemplar_mean,0.2715665314759133,310.74858121064443,352.69509504726204,260.27802238124667,5.65625,3.5625,2.0,2.89375
0,mi_concept,0.0316227766016837,0.03,1.0,0.1,,0.5,True,0.1,exemplar_mean,0.2254772826921897,320.4286122271202,380.38768364996935,325.1533111111701,3.9270833333333335,2.864583333333333,1.75,2.0229166666666667
0,mi_concept,0.1,0.03,1.0,0.1,,0.5,True,0.1,exemplar_mean,0.19577301444729,326.51529473066915,381.91691199333746,411.5945512302752,2.7916666666666665,2.114583333333333,1.25,1.5458333333333332
0,mi_concept,0.3162277660168379,0.03,1.0,0.1,,0.5,True,0.1,exemplar_mean,0.1313044944691052,339.35011126263856,387.2129935308102,684.6267576961302,1.8958333333333333,1.5104166666666667,1.1145833333333333,1.2479166666666666
0,mi_concept,1.0,0.03,1.0,0.1,,0.5,True,0.1,exemplar_mean,0.1219468720674116,341.1729618784863,386.8676126449638,1260.2836590181234,1.4166666666666667,1.3229166666666667,1.0416666666666667,1.1208333333333331
0,mi_concept,3.1622776601683795,0.03,1.0,0.1,,0.5,True,0.1,exemplar_mean,0.0808172803539784,349.0720963948231,386.25301291395647,1887.0314448873537,1.1875,1.1041666666666667,1.0104166666666667,1.0458333333333332
1,mi_concept,3.1622776601683795e-05,0.03,1.0,0.1,,0.5,True,0.2,exemplar_mean,0.4115821520515098,279.2911197918404,291.17702310909266,66.86247732633983,42.35416666666666,34.25,26.104166666666668,32.69895833333333
1,mi_concept,0.0001,0.03,1.0,0.1,,0.5,True,0.2,exemplar_mean,0.4033966170625815,281.2270326512959,290.96237764280943,92.43868932496986,30.479166666666668,23.83333333333333,19.48958333333333,21.778124999999996
1,mi_concept,0.0003162277660168,0.03,1.0,0.1,,0.5,True,0.2,exemplar_mean,0.2473777875690682,315.86588637008936,366.71493953158904,91.5388886445384,21.1875,16.28125,12.3125,13.998958333333334
1,mi_concept,0.001,0.03,1.0,0.1,,0.5,True,0.2,exemplar_mean,0.2446064885358951,316.44689134280253,361.0059711380315,122.33609404253365,13.541666666666666,11.0625,7.166666666666667,9.177083333333334
1,mi_concept,0.0031622776601683,0.03,1.0,0.1,,0.5,True,0.2,exemplar_mean,0.2932968021825957,306.0784383649395,342.11241765776566,182.01127853545108,9.739583333333334,7.28125,4.791666666666667,5.957291666666666
1,mi_concept,0.01,0.03,1.0,0.1,,0.5,True,0.2,exemplar_mean,0.2000904561875925,325.6376769255815,380.47816711337015,192.81412381424047,6.791666666666667,5.020833333333333,2.9791666666666665,3.8114583333333334
1,mi_concept,0.0316227766016837,0.03,1.0,0.1,,0.5,True,0.2,exemplar_mean,0.1461229833234038,336.4432895966217,390.151929439717,228.2637475664017,4.458333333333333,3.6145833333333335,1.8854166666666667,2.457291666666667
1,mi_concept,0.1,0.03,1.0,0.1,,0.5,True,0.2,exemplar_mean,0.2690477473920634,311.28537226105266,347.0826924899169,497.713169366976,3.083333333333333,2.15625,1.4166666666666667,1.7562500000000003
1,mi_concept,0.3162277660168379,0.03,1.0,0.1,,0.5,True,0.2,exemplar_mean,0.2040828373551608,324.8240249476891,377.6043385388969,841.3569898041925,1.9270833333333333,1.5625,1.1145833333333333,1.3291666666666666
1,mi_concept,1.0,0.03,1.0,0.1,,0.5,True,0.2,exemplar_mean,0.1662979744171378,332.4448709878571,381.14274741697415,1588.7607723345695,1.3541666666666667,1.2708333333333333,1.0520833333333333,1.1375
1,mi_concept,3.1622776601683795,0.03,1.0,0.1,,0.5,True,0.2,exemplar_mean,0.3942463747994444,283.37544790931815,295.9204842934713,6106.658029902589,1.1458333333333333,1.0625,1.0208333333333333,1.0510416666666669
2,mi_concept,3.1622776601683795e-05,0.03,1.0,0.1,,1.0,True,0.1,exemplar_mean,0.5816540627644982,235.49516040165915,228.72472773702455,128.3358424725028,27.6875,23.75,19.010416666666668,21.884375
2,mi_concept,0.0001,0.03,1.0,0.1,,1.0,True,0.1,exemplar_mean,0.6146430143181371,226.01945675229535,259.6821281759177,185.64212335379815,19.36458333333333,15.041666666666666,12.802083333333334,14.522916666666664
2,mi_concept,0.0003162277660168,0.03,1.0,0.1,,1.0,True,0.1,exemplar_mean,0.4775650028534905,263.1663394511615,264.0121251546249,206.93900631067228,13.291666666666666,10.302083333333334,8.46875,9.753125
2,mi_concept,0.001,0.03,1.0,0.1,,1.0,True,0.1,exemplar_mean,0.3105450125742808,302.3202008422105,329.59380684015406,208.67111575255015,10.03125,7.447916666666667,5.46875,6.307291666666666
2,mi_concept,0.0031622776601683,0.03,1.0,0.1,,1.0,True,0.1,exemplar_mean,0.2771607496014303,309.553039045318,349.7488577770772,243.06433418433176,7.28125,5.21875,3.7916666666666665,4.254166666666666
2,mi_concept,0.01,0.03,1.0,0.1,,1.0,True,0.1,exemplar_mean,0.2364891503461102,318.14259199401494,374.38733426963944,217.7521503703975,6.145833333333333,3.59375,2.302083333333333,2.826041666666667
2,mi_concept,0.0316227766016837,0.03,1.0,0.1,,1.0,True,0.1,exemplar_mean,0.2741191128748897,310.2036397736316,353.10182268707433,313.8633117525105,4.364583333333333,2.833333333333333,1.59375,2.080208333333333
2,mi_concept,0.1,0.03,1.0,0.1,,1.0,True,0.1,exemplar_mean,0.2271534775679018,320.08169425145394,377.2671002856682,427.9281958793688,3.145833333333333,2.0416666666666665,1.2604166666666667,1.5083333333333333
2,mi_concept,0.3162277660168379,0.03,1.0,0.1,,1.0,True,0.1,exemplar_mean,0.1457176290415199,336.5231386520055,384.7500532475654,642.7883313426072,1.9166666666666667,1.6354166666666667,1.1041666666666667,1.2760416666666667
2,mi_concept,1.0,0.03,1.0,0.1,,1.0,True,0.1,exemplar_mean,0.0711675588591953,350.8996187798045,388.2482215329217,1076.947038671566,1.3125,1.3125,1.0104166666666667,1.1302083333333337
2,mi_concept,3.1622776601683795,0.03,1.0,0.1,,1.0,True,0.1,exemplar_mean,0.0252802717323539,359.4629108133768,384.77261218456545,1646.862160935911,1.1145833333333333,1.0833333333333333,1.0208333333333333,1.0427083333333331
3,mi_concept,3.1622776601683795e-05,0.03,1.0,0.1,,1.0,True,0.2,exemplar_mean,0.4769330034602349,263.3254699628726,260.7661048907357,68.2602805091517,44.03125,35.052083333333336,27.875,32.89583333333333
3,mi_concept,0.0001,0.03,1.0,0.1,,1.0,True,0.2,exemplar_mean,0.2879558633322245,307.23286159283657,331.95916192302093,69.63095633437064,31.71875,23.729166666666668,18.510416666666668,21.625
3,mi_concept,0.0003162277660168,0.03,1.0,0.1,,1.0,True,0.2,exemplar_mean,0.2698686833255226,311.11052011571417,355.91324009581433,91.35939007168336,20.59375,17.0625,11.645833333333334,14.115625000000003
3,mi_concept,0.001,0.03,1.0,0.1,,1.0,True,0.2,exemplar_mean,0.3073096567652126,303.02870875039673,337.3184059258375,132.29603031338274,14.21875,11.25,7.177083333333333,9.191666666666666
3,mi_concept,0.0031622776601683,0.03,1.0,0.1,,1.0,True,0.2,exemplar_mean,0.2510347201331435,315.0975680947506,363.451919044162,145.68960607833756,10.46875,6.989583333333333,4.5625,5.982291666666667
3,mi_concept,0.01,0.03,1.0,0.1,,1.0,True,0.2,exemplar_mean,0.2317873537965314,319.1206697186698,377.2819278229345,191.01745512851477,7.25,5.03125,3.114583333333333,3.828125
3,mi_concept,0.0316227766016837,0.03,1.0,0.1,,1.0,True,0.2,exemplar_mean,0.138686950845278,337.9050809302906,387.28630921692474,200.45018530901055,4.947916666666667,3.65625,2.0625,2.4322916666666665
3,mi_concept,0.1,0.03,1.0,0.1,,1.0,True,0.2,exemplar_mean,0.200469013890614,325.5606136875473,382.4550837340001,411.6018984724142,3.1354166666666665,2.375,1.59375,1.7770833333333331
3,mi_concept,0.3162277660168379,0.03,1.0,0.1,,1.0,True,0.2,exemplar_mean,0.20648556303429,324.33336274596996,377.01287543369625,670.1427040318408,2.2291666666666665,1.6770833333333333,1.09375,1.3083333333333331
3,mi_concept,1.0,0.03,1.0,0.1,,1.0,True,0.2,exemplar_mean,0.1639725696897163,332.9081843363241,384.2965933516362,1628.1662301989725,1.3854166666666667,1.25,1.0416666666666667,1.134375
3,mi_concept,3.1622776601683795,0.03,1.0,0.1,,1.0,True,0.2,exemplar_mean,0.0938972188400264,346.5795554676574,384.33963094669986,2694.4928153080796,1.1458333333333333,1.125,1.0208333333333333,1.0447916666666666
4,mi_concept,3.1622776601683795e-05,0.03,1.0,1.0,,0.5,True,0.1,exemplar_mean,0.2702234536874957,311.0349267258057,355.82823421247775,154.36310973099583,14.46875,10.322916666666666,8.927083333333334,9.538541666666667
4,mi_concept,0.0001,0.03,1.0,1.0,,0.5,True,0.1,exemplar_mean,0.2106217851735276,323.4869587503872,379.413942873435,164.39320310326818,10.125,8.052083333333334,6.208333333333333,6.398958333333334
4,mi_concept,0.0003162277660168,0.03,1.0,1.0,,0.5,True,0.1,exemplar_mean,0.1760153366986881,330.50175714566785,382.7701775809915,175.12291335754915,7.71875,5.239583333333333,3.7083333333333335,4.310416666666667
4,mi_concept,0.001,0.03,1.0,1.0,,0.5,True,0.1,exemplar_mean,0.2531745942975659,314.6471123343546,369.635777915556,243.2348670006665,6.3125,3.5104166666666665,2.90625,3.0979166666666664
4,mi_concept,0.0031622776601683,0.03,1.0,1.0,,0.5,True,0.1,exemplar_mean,0.2346966769929062,318.5158203601023,371.2259704447516,278.396733484912,4.802083333333333,3.083333333333333,1.90625,2.275
4,mi_concept,0.01,0.03,1.0,1.0,,0.5,True,0.1,exemplar_mean,0.2616893374375979,312.8482852256595,367.85859649469256,370.1367514500373,3.7083333333333335,2.25,1.40625,1.7552083333333333
4,mi_concept,0.0316227766016837,0.03,1.0,1.0,,0.5,True,0.1,exemplar_mean,0.1865104805215748,328.39020114115834,385.85675552621905,451.08911294670895,2.625,2.0416666666666665,1.1979166666666667,1.484375
4,mi_concept,0.1,0.03,1.0,1.0,,0.5,True,0.1,exemplar_mean,0.1227436188813778,341.01813630237416,390.295367985513,561.592826639167,2.0729166666666665,1.6354166666666667,1.1666666666666667,1.2572916666666667
4,mi_concept,0.3162277660168379,0.03,1.0,1.0,,0.5,True,0.1,exemplar_mean,0.1254315137920265,340.49529934318247,390.1248591064494,1429.5656483232951,1.5,1.34375,1.1041666666666667,1.1708333333333332
4,mi_concept,1.0,0.03,1.0,1.0,,0.5,True,0.1,exemplar_mean,0.1050777659562276,344.43466812407326,379.8899666184544,2778.367556323564,1.1979166666666667,1.1041666666666667,1.0625,1.0947916666666668
4,mi_concept,3.1622776601683795,0.03,1.0,1.0,,0.5,True,0.1,exemplar_mean,0.163162577587689,333.06941571939484,377.5359974923226,5975.455147578695,1.1145833333333333,1.03125,1.0416666666666667,1.04375
5,mi_concept,3.1622776601683795e-05,0.03,1.0,1.0,,0.5,True,0.2,exemplar_mean,0.1870931336280846,328.2725771033535,382.00897194950227,80.8391731837004,21.05208333333333,17.78125,13.864583333333334,14.667708333333332
5,mi_concept,0.0001,0.03,1.0,1.0,,0.5,True,0.2,exemplar_mean,0.1796432313015798,329.77337693709427,384.53620339765206,102.41955169352627,15.1875,11.729166666666666,9.552083333333334,9.889583333333334
5,mi_concept,0.0003162277660168,0.03,1.0,1.0,,0.5,True,0.2,exemplar_mean,0.2364085006457085,318.1593942615989,375.8101612433561,157.61000579156723,11.145833333333334,8.0625,6.302083333333333,6.8635416666666655
5,mi_concept,0.001,0.03,1.0,1.0,,0.5,True,0.2,exemplar_mean,0.1807423684668614,329.55238304726856,382.6790333614855,196.87567365286696,7.614583333333333,5.666666666666667,4.385416666666667,4.63125
5,mi_concept,0.0031622776601683,0.03,1.0,1.0,,0.5,True,0.2,exemplar_mean,0.2003425854045413,325.58635284538565,384.36540567810425,248.06836217794088,5.489583333333333,4.145833333333333,2.489583333333333,3.1479166666666667
5,mi_concept,0.01,0.03,1.0,1.0,,0.5,True,0.2,exemplar_mean,0.1947429011019766,326.7243402692719,381.01040293113874,317.17094774560877,4.21875,2.8854166666666665,1.9375,2.2499999999999996
5,mi_concept,0.0316227766016837,0.03,1.0,1.0,,0.5,True,0.2,exemplar_mean,0.2087911767321929,323.8618329368096,382.85820777927114,457.5534976799727,2.9479166666666665,2.239583333333333,1.4791666666666667,1.70625
5,mi_concept,0.1,0.03,1.0,1.0,,0.5,True,0.2,exemplar_mean,0.2418973625994842,317.0138324124375,375.54635125248655,801.2104647172214,2.21875,1.6354166666666667,1.1979166666666667,1.3770833333333334
5,mi_concept,0.3162277660168379,0.03,1.0,1.0,,0.5,True,0.2,exemplar_mean,0.0289489061524152,358.7858027324797,388.84019526501527,595.2991513784707,1.4895833333333333,1.3333333333333333,1.125,1.1645833333333333
5,mi_concept,1.0,0.03,1.0,1.0,,0.5,True,0.2,exemplar_mean,0.1524406139329238,335.19634738127036,377.6998085130456,2951.517034499797,1.2291666666666667,1.1458333333333333,1.0208333333333333,1.0822916666666669
5,mi_concept,3.1622776601683795,0.03,1.0,1.0,,0.5,True,0.2,exemplar_mean,0.1209710399399027,341.36249203191494,372.6843524725832,5396.540023735253,1.1041666666666667,1.0208333333333333,1.0416666666666667,1.03125
6,mi_concept,3.1622776601683795e-05,0.03,1.0,1.0,,1.0,True,0.1,exemplar_mean,0.2590130123133516,313.4147990026362,369.9482273006419,123.2068802438082,15.552083333333334,10.791666666666666,8.479166666666666,9.337500000000002
6,mi_concept,0.0001,0.03,1.0,1.0,,1.0,True,0.1,exemplar_mean,0.1933867326345879,326.99934985763207,380.3498098420392,154.46021432897498,10.552083333333334,7.53125,5.65625,6.31875
6,mi_concept,0.0003162277660168,0.03,1.0,1.0,,1.0,True,0.1,exemplar_mean,0.1699411049862524,331.71771305211536,382.37179732692897,177.04429318423942,7.833333333333333,5.427083333333333,4.125,4.420833333333333
6,mi_concept,0.001,0.03,1.0,1.0,,1.0,True,0.1,exemplar_mean,0.2664595368808128,311.8359965552401,366.1428290327675,229.4462620805555,6.520833333333333,3.6770833333333335,2.895833333333333,3.173958333333333
6,mi_concept,0.0031622776601683,0.03,1.0,1.0,,1.0,True,0.1,exemplar_mean,0.2346775738225696,318.5197956623243,372.3374239545623,241.49530328689752,5.3125,2.864583333333333,1.9166666666666667,2.2406249999999996
6,mi_concept,0.01,0.03,1.0,1.0,,1.0,True,0.1,exemplar_mean,0.2222384577998511,321.09788212006976,376.83870200427367,282.6704847044837,4.15625,2.708333333333333,1.5104166666666667,1.71875
6,mi_concept,0.0316227766016837,0.03,1.0,1.0,,1.0,True,0.1,exemplar_mean,0.2370668276867329,318.02221482928655,375.26255939115737,423.9697422177333,3.114583333333333,2.0416666666666665,1.1875,1.4916666666666667
6,mi_concept,0.1,0.03,1.0,1.0,,1.0,True,0.1,exemplar_mean,0.1871767339630355,328.25569669296556,384.33267196373544,637.6367057872039,2.1666666666666665,1.7083333333333333,1.1145833333333333,1.3239583333333331
6,mi_concept,0.3162277660168379,0.03,1.0,1.0,,1.0,True,0.1,exemplar_mean,0.080739989835955,349.08677214723065,389.6788888813471,881.3163021953669,1.5520833333333333,1.3645833333333333,1.125,1.1958333333333333
6,mi_concept,1.0,0.03,1.0,1.0,,1.0,True,0.1,exemplar_mean,0.1245058842121529,340.6754391358556,388.36384006312903,2347.185184067118,1.28125,1.1875,1.03125,1.109375
6,mi_concept,3.1622776601683795,0.03,1.0,1.0,,1.0,True,0.1,exemplar_mean,0.308716165633761,302.72090227762766,342.67545310950067,11124.609823889408,1.0833333333333333,1.03125,1.0104166666666667,1.0479166666666666
7,mi_concept,3.1622776601683795e-05,0.03,1.0,1.0,,1.0,True,0.2,exemplar_mean,0.3317401486877352,297.6369828955433,327.45196868468145,97.167907223545,22.072916666666668,17.729166666666668,13.916666666666666,15.002083333333337
7,mi_concept,0.0001,0.03,1.0,1.0,,1.0,True,0.2,exemplar_mean,0.1871431799160632,328.262471962485,375.7637893392304,104.65089586946024,15.875,11.645833333333334,9.166666666666666,9.903125
7,mi_concept,0.0003162277660168,0.03,1.0,1.0,,1.0,True,0.2,exemplar_mean,0.1296336916868251,339.6762984824987,391.65852142917305,107.40655320286282,11.197916666666666,8.947916666666666,5.333333333333333,6.7197916666666675
7,mi_concept,0.001,0.03,1.0,1.0,,1.0,True,0.2,exemplar_mean,0.3131657493351978,301.745068287198,330.24472280756214,222.37186799654305,8.25,6.03125,4.104166666666667,4.851041666666666
7,mi_concept,0.0031622776601683,0.03,1.0,1.0,,1.0,True,0.2,exemplar_mean,0.2338232264195502,318.6975316386732,370.1065582489086,241.1938656083516,5.9375,4.5,2.739583333333333,3.240625
7,mi_concept,0.01,0.03,1.0,1.0,,1.0,True,0.2,exemplar_mean,0.2463877903980141,316.0735626538159,374.16889977714465,309.96195540152416,4.552083333333333,3.0416666666666665,2.0,2.298958333333333
7,mi_concept,0.0316227766016837,0.03,1.0,1.0,,1.0,True,0.2,exemplar_mean,0.1451867256305066,336.62769046012113,387.428010897325,336.57409740831093,3.1875,2.375,1.5520833333333333,1.715625
7,mi_concept,0.1,0.03,1.0,1.0,,1.0,True,0.2,exemplar_mean,0.204655971529127,324.7070521742992,379.5295284400045,591.8203960129314,2.4479166666666665,1.8229166666666667,1.2604166666666667,1.39375
7,mi_concept,0.3162277660168379,0.03,1.0,1.0,,1.0,True,0.2,exemplar_mean,0.0868769558952299,347.9195718008968,392.7179718260758,805.5063436590486,1.59375,1.40625,1.0833333333333333,1.2072916666666669
7,mi_concept,1.0,0.03,1.0,1.0,,1.0,True,0.2,exemplar_mean,0.1137775868423424,342.7564004778644,358.33650014361325,2942.4999678065315,1.15625,1.09375,1.0416666666666667,1.1197916666666663
7,mi_concept,3.1622776601683795,0.03,1.0,1.0,,1.0,True,0.2,exemplar_mean,0.1026605832426852,344.8995130376245,388.8884099585298,4519.415492620281,1.125,1.0625,1.0104166666666667,1.0312500000000002
8,mi_concept,3.1622776601683795e-05,0.03,10.0,0.1,,0.5,True,0.1,exemplar_mean,0.3110706486797172,302.20493536767776,335.7640145002632,33.32530371960214,49.96875,38.96875,23.21875,30.947916666666668
8,mi_concept,0.0001,0.03,10.0,0.1,,0.5,True,0.1,exemplar_mean,0.3089954175846077,302.65975232929696,337.77781501175616,48.29882809494994,34.416666666666664,26.041666666666668,16.03125,20.444791666666667
8,mi_concept,0.0003162277660168,0.03,10.0,0.1,,0.5,True,0.1,exemplar_mean,0.2508489755942716,315.1366380127906,364.02536036882066,63.013696773687045,23.42708333333333,16.4375,11.010416666666666,13.452083333333334
8,mi_concept,0.001,0.03,10.0,0.1,,0.5,True,0.1,exemplar_mean,0.2276339013134245,319.9821927675792,365.0269770598813,88.54580438647696,15.364583333333334,10.875,6.4375,9.00625
8,mi_concept,0.0031622776601683,0.03,10.0,0.1,,0.5,True,0.1,exemplar_mean,0.1798751686063511,329.72675566319293,385.1400234593313,98.51183991810662,11.135416666666666,8.40625,4.270833333333333,5.59375
8,mi_concept,0.01,0.03,10.0,0.1,,0.5,True,0.1,exemplar_mean,0.2334706290840123,318.7708560847133,371.52244861866274,173.6408232618202,7.25,4.979166666666667,2.8541666666666665,3.7916666666666665
8,mi_concept,0.0316227766016837,0.03,10.0,0.1,,0.5,True,0.1,exemplar_mean,0.2032600103321013,324.99188471756776,382.7599018980817,238.3729376912925,4.770833333333333,3.4791666666666665,1.9270833333333333,2.536458333333333
8,mi_concept,0.1,0.03,10.0,0.1,,0.5,True,0.1,exemplar_mean,0.1542166769954646,334.8449607603939,386.7643109709589,307.1949781909034,3.125,2.5416666666666665,1.3125,1.6895833333333332
8,mi_concept,0.3162277660168379,0.03,10.0,0.1,,0.5,True,0.1,exemplar_mean,0.1607136675935402,333.5564046724609,381.0365203409854,619.6498004229685,2.0729166666666665,1.75,1.1354166666666667,1.3083333333333331
8,mi_concept,1.0,0.03,10.0,0.1,,0.5,True,0.1,exemplar_mean,0.0982947104848461,345.73752385908705,393.47568540466455,1299.557896391614,1.375,1.3020833333333333,1.0625,1.0958333333333332
8,mi_concept,3.1622776601683795,0.03,10.0,0.1,,0.5,True,0.1,exemplar_mean,0.0645632129721665,352.1449227906976,379.822483137123,2029.1789629621176,1.0833333333333333,1.1354166666666667,1.0104166666666667,1.0395833333333333
9,mi_concept,3.1622776601683795e-05,0.03,10.0,0.1,,0.5,True,0.2,exemplar_mean,0.2360951217934906,318.22467405994354,356.20499594005884,22.52425200851558,65.14583333333333,57.96875,36.40625,46.2875
9,mi_concept,0.0001,0.03,10.0,0.1,,0.5,True,0.2,exemplar_mean,0.237536180870474,317.9243768349067,366.0777726387673,27.121067570696773,49.052083333333336,37.90625,23.104166666666668,30.40416666666666
9,mi_concept,0.0003162277660168,0.03,10.0,0.1,,0.5,True,0.2,exemplar_mean,0.1990548802392707,325.8483966724822,384.4384428210072,33.45253174914873,34.135416666666664,26.90625,14.395833333333334,18.68958333333333
9,mi_concept,0.001,0.03,10.0,0.1,,0.5,True,0.2,exemplar_mean,0.1515548475905922,335.37145494041175,387.15137192325585,47.52489015792482,21.03125,16.083333333333332,8.375,11.863541666666666
9,mi_concept,0.0031622776601683,0.03,10.0,0.1,,0.5,True,0.2,exemplar_mean,0.1831390946474502,329.0699796421869,381.25794684616096,72.65616875718663,13.729166666666666,10.833333333333334,5.770833333333333,7.411458333333333
9,mi_concept,0.01,0.03,10.0,0.1,,0.5,True,0.2,exemplar_mean,0.1804314591590052,329.6149098887686,385.11445607905046,95.22247202019018,9.90625,7.666666666666667,3.270833333333333,4.576041666666666
9,mi_concept,0.0316227766016837,0.03,10.0,0.1,,0.5,True,0.2,exemplar_mean,0.1452639639049746,336.61248179988644,387.1639261611511,167.41717124757483,5.458333333333333,4.135416666666667,2.25,2.88125
9,mi_concept,0.1,0.03,10.0,0.1,,0.5,True,0.2,exemplar_mean,0.1953091319296078,326.60944905810214,386.1015170762836,326.9458258505438,3.5104166666666665,2.6979166666666665,1.4791666666666667,1.9083333333333332
9,mi_concept,0.3162277660168379,0.03,10.0,0.1,,0.5,True,0.2,exemplar_mean,0.117668773241411,342.00309280557923,385.83275634179006,538.3482477055384,2.21875,1.8229166666666667,1.21875,1.3666666666666665
9,mi_concept,1.0,0.03,10.0,0.1,,0.5,True,0.2,exemplar_mean,0.0710084568819601,350.9296707192755,388.7680274455315,1247.6827613574503,1.40625,1.2291666666666667,1.15625,1.1541666666666666
9,mi_concept,3.1622776601683795,0.03,10.0,0.1,,0.5,True,0.2,exemplar_mean,0.0083252527163934,364.0945755317696,366.425245216317,-1125.645963102205,1.1145833333333333,1.0729166666666667,1.0520833333333333,1.0479166666666668
10,mi_concept,3.1622776601683795e-05,0.03,10.0,0.1,,1.0,True,0.1,exemplar_mean,0.2848474269981419,307.9027454729126,346.2876361246055,33.22879968705589,46.364583333333336,38.82291666666666,23.58333333333333,29.864583333333332
10,mi_concept,0.0001,0.03,10.0,0.1,,1.0,True,0.1,exemplar_mean,0.2726186969487447,310.5240740359717,353.4674246787055,46.690093267408045,31.86458333333333,26.822916666666668,15.25,20.089583333333337
10,mi_concept,0.0003162277660168,0.03,10.0,0.1,,1.0,True,0.1,exemplar_mean,0.290701103038697,306.64003151147057,340.28256475895523,66.24336024095827,22.75,16.96875,10.135416666666666,13.622916666666669
10,mi_concept,0.001,0.03,10.0,0.1,,1.0,True,0.1,exemplar_mean,0.2468822635688761,315.9698517929208,366.5741111666631,86.83385189493939,15.5,11.416666666666666,6.364583333333333,8.817708333333332
10,mi_concept,0.0031622776601683,0.03,10.0,0.1,,1.0,True,0.1,exemplar_mean,0.2369713918978432,318.042105006415,370.3337313493144,111.33814792530043,11.322916666666666,8.239583333333334,4.197916666666667,5.729166666666667
10,mi_concept,0.01,0.03,10.0,0.1,,1.0,True,0.1,exemplar_mean,0.1986379033051909,325.93320497133817,383.968990531192,164.46122795330203,6.979166666666667,5.177083333333333,2.6666666666666665,3.759375
10,mi_concept,0.0316227766016837,0.03,10.0,0.1,,1.0,True,0.1,exemplar_mean,0.2050988712450753,324.6166304934401,380.53656290988727,227.015096339126,5.020833333333333,3.114583333333333,1.8958333333333333,2.442708333333333
10,mi_concept,0.1,0.03,10.0,0.1,,1.0,True,0.1,exemplar_mean,0.1716051529006119,331.385043225911,386.28798474095674,331.3103105270994,3.15625,2.5,1.4479166666666667,1.6927083333333333
10,mi_concept,0.3162277660168379,0.03,10.0,0.1,,1.0,True,0.1,exemplar_mean,0.1618929981486953,333.3219724353036,386.34491120550814,556.7910202069935,2.2291666666666665,1.7604166666666667,1.2083333333333333,1.3177083333333337
10,mi_concept,1.0,0.03,10.0,0.1,,1.0,True,0.1,exemplar_mean,0.0698446406497643,351.1494196591337,393.4062814578657,1119.4959838601535,1.3125,1.3125,1.0625,1.10625
10,mi_concept,3.1622776601683795,0.03,10.0,0.1,,1.0,True,0.1,exemplar_mean,0.0369459022847299,357.30537579252217,392.36069879756815,2368.6236947307034,1.0625,1.1145833333333333,1.0416666666666667,1.0395833333333335
11,mi_concept,3.1622776601683795e-05,0.03,10.0,0.1,,1.0,True,0.2,exemplar_mean,0.1951752768303006,326.63661260876415,376.39684003105,21.14095794111913,64.53125,55.895833333333336,35.03125,45.80729166666666
11,mi_concept,0.0001,0.03,10.0,0.1,,1.0,True,0.2,exemplar_mean,0.2732416596434306,310.39107202613604,347.4334999103272,26.86522504282037,53.03125,37.29166666666666,21.8125,30.45416666666667
11,mi_concept,0.0003162277660168,0.03,10.0,0.1,,1.0,True,0.2,exemplar_mean,0.2774814026702153,309.48437222748737,349.2418085844534,38.67328507899693,35.927083333333336,26.666666666666668,15.4375,19.313541666666666
11,mi_concept,0.001,0.03,10.0,0.1,,1.0,True,0.2,exemplar_mean,0.2273408205916604,320.04289695785707,372.7875616813346,59.20509787104149,21.71875,16.552083333333332,9.78125,12.110416666666667
11,mi_concept,0.0031622776601683,0.03,10.0,0.1,,1.0,True,0.2,exemplar_mean,0.1804041220775636,329.6204070705472,385.5375359311298,70.01614781862291,14.5,11.5,5.15625,7.367708333333333
11,mi_concept,0.01,0.03,10.0,0.1,,1.0,True,0.2,exemplar_mean,0.2059303334451408,324.44681247135793,380.33093735372034,115.35033175281626,9.614583333333334,6.541666666666667,3.6041666666666665,4.665625
11,mi_concept,0.0316227766016837,0.03,10.0,0.1,,1.0,True,0.2,exemplar_mean,0.1377875874901709,338.0814512742509,390.6620090668235,157.62359632142602,5.65625,4.40625,2.208333333333333,2.8979166666666663
11,mi_concept,0.1,0.03,10.0,0.1,,1.0,True,0.2,exemplar_mean,0.1222890504685295,341.1064776358304,385.04680708957295,271.9569304928165,2.989583333333333,2.625,1.46875,1.93125
11,mi_concept,0.3162277660168379,0.03,10.0,0.1,,1.0,True,0.2,exemplar_mean,0.0272033710232101,359.1081297635834,384.5450535248644,295.89904314296416,1.84375,1.8333333333333333,1.2916666666666667,1.36875
11,mi_concept,1.0,0.03,10.0,0.1,,1.0,True,0.2,exemplar_mean,0.0974723902277393,345.89513754014405,377.7431876526884,1498.8578442125706,1.3333333333333333,1.3125,1.1145833333333333,1.159375
11,mi_concept,3.1622776601683795,0.03,10.0,0.1,,1.0,True,0.2,exemplar_mean,0.1290829716767437,339.78374574392103,383.8185886382293,2689.5966488806553,1.1979166666666667,1.1354166666666667,1.0208333333333333,1.0520833333333337
12,mi_concept,3.1622776601683795e-05,0.03,10.0,1.0,,0.5,True,0.1,exemplar_mean,0.2085915254002584,323.902691535657,380.5598565354531,56.514040025976506,24.635416666666668,17.760416666666668,11.677083333333334,13.657291666666666
12,mi_concept,0.0001,0.03,10.0,1.0,,0.5,True,0.1,exemplar_mean,0.2089727615249109,323.8246671743485,381.13083783337805,79.3362769335938,16.697916666666668,12.260416666666666,7.989583333333333,9.295833333333334
12,mi_concept,0.0003162277660168,0.03,10.0,1.0,,0.5,True,0.1,exemplar_mean,0.2035805012657665,324.92651368662746,378.8572855643925,105.49003074743048,11.958333333333334,8.0,4.9375,6.236458333333333
12,mi_concept,0.001,0.03,10.0,1.0,,0.5,True,0.1,exemplar_mean,0.1998543804495119,325.68572578582774,381.4299407761322,129.96968079089729,8.822916666666666,5.96875,3.8541666666666665,4.286458333333334
12,mi_concept,0.0031622776601683,0.03,10.0,1.0,,0.5,True,0.1,exemplar_mean,0.1835914730438137,328.97884737921873,383.724069775023,165.2613878049091,6.770833333333333,4.197916666666667,2.4166666666666665,2.933333333333333
12,mi_concept,0.01,0.03,10.0,1.0,,0.5,True,0.1,exemplar_mean,0.1934636566230792,326.9837570729689,380.91812110683134,207.3246253013656,5.28125,3.0104166666666665,1.78125,2.089583333333333
12,mi_concept,0.0316227766016837,0.03,10.0,1.0,,0.5,True,0.1,exemplar_mean,0.2103660224633641,323.5393602475954,377.1077684280904,272.4695391061014,4.114583333333333,2.270833333333333,1.28125,1.5583333333333331
12,mi_concept,0.1,0.03,10.0,1.0,,0.5,True,0.1,exemplar_mean,0.192405657252369,327.19815239078036,379.60742980303354,428.3574676072608,2.6666666666666665,1.7916666666666667,1.1354166666666667,1.3666666666666667
12,mi_concept,0.3162277660168379,0.03,10.0,1.0,,0.5,True,0.1,exemplar_mean,0.1497418602349366,335.7295804717079,385.3814951514434,684.0376546404539,1.96875,1.4375,1.1041666666666667,1.1645833333333333
12,mi_concept,1.0,0.03,10.0,1.0,,0.5,True,0.1,exemplar_mean,0.159428214274774,333.81174490597164,386.44774490646114,1361.2976296942709,1.4791666666666667,1.25,1.0104166666666667,1.0645833333333334
12,mi_concept,3.1622776601683795,0.03,10.0,1.0,,0.5,True,0.1,exemplar_mean,0.1586976479426856,333.95677633588076,373.2628703234771,4855.970968026099,1.1145833333333333,1.0833333333333333,1.0,1.0354166666666669
13,mi_concept,3.1622776601683795e-05,0.03,10.0,1.0,,0.5,True,0.2,exemplar_mean,0.1801303024939847,329.6754640735294,381.9997348702699,35.58680039443328,35.010416666666664,29.46875,17.78125,22.276041666666664
13,mi_concept,0.0001,0.03,10.0,1.0,,0.5,True,0.2,exemplar_mean,0.2128230001578936,323.0356152585853,381.5633405358432,49.69164459663107,25.77083333333333,19.75,11.989583333333334,14.358333333333334
13,mi_concept,0.0003162277660168,0.03,10.0,1.0,,0.5,True,0.2,exemplar_mean,0.1726667811551394,331.1726321316089,383.6637774173265,68.60741071580036,17.229166666666668,12.833333333333334,7.75,9.58125
13,mi_concept,0.001,0.03,10.0,1.0,,0.5,True,0.2,exemplar_mean,0.2391001269034216,317.59815033949013,369.2361608795797,107.95726731363244,12.375,8.791666666666666,5.489583333333333,6.6447916666666655
13,mi_concept,0.0031622776601683,0.03,10.0,1.0,,0.5,True,0.2,exemplar_mean,0.1365283979085255,338.3282311398532,387.55633406766975,113.65469139396,8.541666666666666,6.03125,3.6770833333333335,4.2125
13,mi_concept,0.01,0.03,10.0,1.0,,0.5,True,0.2,exemplar_mean,0.2369309529511447,318.0505326834344,368.4610685986058,194.90193130987905,6.25,4.260416666666667,2.302083333333333,2.9979166666666672
13,mi_concept,0.0316227766016837,0.03,10.0,1.0,,0.5,True,0.2,exemplar_mean,0.2105447648887884,323.50273981039646,379.68235539520657,251.7136556086103,4.53125,2.8541666666666665,1.6875,2.020833333333333
13,mi_concept,0.1,0.03,10.0,1.0,,0.5,True,0.2,exemplar_mean,0.2081777391072212,323.9873563983959,379.0361384570551,392.2983725249308,3.1666666666666665,1.96875,1.2708333333333333,1.4812499999999995
13,mi_concept,0.3162277660168379,0.03,10.0,1.0,,0.5,True,0.2,exemplar_mean,0.2582437973375182,313.57743399261295,361.93272583424454,826.8420229427832,2.0729166666666665,1.5729166666666667,1.0833333333333333,1.24375
13,mi_concept,1.0,0.03,10.0,1.0,,0.5,True,0.2,exemplar_mean,0.1479542223487198,336.0823249885418,389.2857637305725,1428.9750247664883,1.3854166666666667,1.28125,1.0208333333333333,1.0916666666666666
13,mi_concept,3.1622776601683795,0.03,10.0,1.0,,0.5,True,0.2,exemplar_mean,0.1158996697795997,342.3457849035114,387.34396898094394,2953.1759607393547,1.1979166666666667,1.0833333333333333,1.0104166666666667,1.025
14,mi_concept,3.1622776601683795e-05,0.03,10.0,1.0,,1.0,True,0.1,exemplar_mean,0.188536300952033,327.98105372707136,384.5310520749187,52.723229698297885,23.77083333333333,18.479166666666668,11.28125,13.752083333333337
14,mi_concept,0.0001,0.03,10.0,1.0,,1.0,True,0.1,exemplar_mean,0.1769536250869696,330.31352895030807,388.6694187676538,74.68568887637724,15.96875,12.822916666666666,7.708333333333333,9.222916666666666
14,mi_concept,0.0003162277660168,0.03,10.0,1.0,,1.0,True,0.1,exemplar_mean,0.1776056211409954,330.18267011160367,384.3282154294615,84.91407723615663,13.041666666666666,9.270833333333334,5.135416666666667,6.273958333333333
14,mi_concept,0.001,0.03,10.0,1.0,,1.0,True,0.1,exemplar_mean,0.2390432606021695,317.610018060397,369.843060129947,135.03972481857477,9.354166666666666,6.125,3.6666666666666665,4.451041666666666
14,mi_concept,0.0031622776601683,0.03,10.0,1.0,,1.0,True,0.1,exemplar_mean,0.2427095934797632,316.84396265029994,373.3377812645376,173.50787714633807,7.010416666666667,4.125,2.1979166666666665,3.026041666666667
14,mi_concept,0.01,0.03,10.0,1.0,,1.0,True,0.1,exemplar_mean,0.2349304353097512,318.4671720619545,374.9596260397192,206.90803554270215,5.552083333333333,3.0416666666666665,1.6041666666666667,2.125
14,mi_concept,0.0316227766016837,0.03,10.0,1.0,,1.0,True,0.1,exemplar_mean,0.2044484049438996,324.74941996410126,379.3579628797374,256.0682068362215,4.114583333333333,2.395833333333333,1.34375,1.625
14,mi_concept,0.1,0.03,10.0,1.0,,1.0,True,0.1,exemplar_mean,0.2273411596268406,320.04282674202585,376.63359441213737,426.6804230298599,2.78125,1.9583333333333333,1.09375,1.390625
14,mi_concept,0.3162277660168379,0.03,10.0,1.0,,1.0,True,0.1,exemplar_mean,0.1856084938395195,328.57220811215507,384.4122933587335,671.213112088855,2.0,1.6041666666666667,1.0729166666666667,1.203125
14,mi_concept,1.0,0.03,10.0,1.0,,1.0,True,0.1,exemplar_mean,0.1735436639739089,330.9970822000268,379.9302711777942,1359.0357739762576,1.4791666666666667,1.1979166666666667,1.0104166666666667,1.09375
14,mi_concept,3.1622776601683795,0.03,10.0,1.0,,1.0,True,0.1,exemplar_mean,0.1042908916577083,344.586059623583,387.4624140155555,3221.5791137832766,1.1145833333333333,1.1145833333333333,1.0,1.0416666666666667
15,mi_concept,3.1622776601683795e-05,0.03,10.0,1.0,,1.0,True,0.2,exemplar_mean,0.1964550579785982,326.3768108917368,381.54077702620185,34.09176762619686,37.35416666666666,27.28125,17.864583333333332,21.845833333333328
15,mi_concept,0.0001,0.03,10.0,1.0,,1.0,True,0.2,exemplar_mean,0.1877191328669483,328.146155511016,381.72447689604326,51.10151519556628,23.89583333333333,19.6875,11.791666666666666,14.5875
15,mi_concept,0.0003162277660168,0.03,10.0,1.0,,1.0,True,0.2,exemplar_mean,0.220457960472842,321.46521006285866,379.06319675676934,77.91848308016664,17.458333333333332,12.520833333333334,7.583333333333333,9.665625000000002
15,mi_concept,0.001,0.03,10.0,1.0,,1.0,True,0.2,exemplar_mean,0.1376189849632074,338.11450496255674,387.55995227194256,83.40142238994191,12.03125,8.84375,5.5625,6.383333333333333
15,mi_concept,0.0031622776601683,0.03,10.0,1.0,,1.0,True,0.2,exemplar_mean,0.2075426675677131,324.11725544269103,380.32400295706793,130.91399636830496,9.0625,5.729166666666667,3.4479166666666665,4.340625
15,mi_concept,0.01,0.03,10.0,1.0,,1.0,True,0.2,exemplar_mean,0.1892456426784174,327.83766991808335,379.8864021522889,175.02609152670195,6.364583333333333,4.010416666666667,2.5104166666666665,2.9770833333333337
15,mi_concept,0.0316227766016837,0.03,10.0,1.0,,1.0,True,0.2,exemplar_mean,0.1714357758904538,331.418919667339,384.37190630852064,220.58362524688127,4.53125,2.9375,1.6666666666666667,2.0041666666666664
15,mi_concept,0.1,0.03,10.0,1.0,,1.0,True,0.2,exemplar_mean,0.2546881850889817,314.3281030214926,362.6590086655989,459.2898210705607,2.9166666666666665,1.9895833333333333,1.2604166666666667,1.584375
15,mi_concept,0.3162277660168379,0.03,10.0,1.0,,1.0,True,0.2,exemplar_mean,0.2190095900217925,321.7637088093223,375.41810540634384,698.8793664065306,2.09375,1.5,1.0625,1.2583333333333333
15,mi_concept,1.0,0.03,10.0,1.0,,1.0,True,0.2,exemplar_mean,0.1951415453458913,326.6434574670582,378.189023460795,1392.181141620165,1.5520833333333333,1.1770833333333333,1.03125,1.0875
15,mi_concept,3.1622776601683795,0.03,10.0,1.0,,1.0,True,0.2,exemplar_mean,0.1964272657104546,326.3824550523422,382.73228462086126,3477.7759153446436,1.2083333333333333,1.1041666666666667,1.0,1.0395833333333333
16,mi_concept,3.1622776601683795e-05,0.1,1.0,0.1,,0.5,True,0.1,exemplar_mean,0.603690385743668,229.20891890033573,237.48773270035895,120.54921859581786,28.46875,23.760416666666668,19.322916666666668,21.571875
16,mi_concept,0.0001,0.1,1.0,0.1,,0.5,True,0.1,exemplar_mean,0.4355904871194942,273.53403448035573,296.220731944789,150.3123996949932,20.5,14.697916666666666,12.875,14.269791666666668
16,mi_concept,0.0003162277660168,0.1,1.0,0.1,,0.5,True,0.1,exemplar_mean,0.4758539455929998,263.5969428620066,280.65372378356045,185.83634922365985,14.666666666666666,10.4375,8.28125,9.804166666666664
16,mi_concept,0.001,0.1,1.0,0.1,,0.5,True,0.1,exemplar_mean,0.320985328211461,300.0224739201872,309.8494430676879,208.47203523377632,10.354166666666666,7.125,5.8125,6.3739583333333325
16,mi_concept,0.0031622776601683,0.1,1.0,0.1,,0.5,True,0.1,exemplar_mean,0.3298501168529253,298.0575873763491,315.2914117069674,242.70121344991017,7.635416666666667,5.260416666666667,3.71875,4.301041666666666
16,mi_concept,0.01,0.1,1.0,0.1,,0.5,True,0.1,exemplar_mean,0.2070506504520071,324.2178580148387,378.8305448865953,255.5552834339217,5.354166666666667,3.8229166666666665,2.59375,2.86875
16,mi_concept,0.0316227766016837,0.1,1.0,0.1,,0.5,True,0.1,exemplar_mean,0.2070054959516306,324.2270891763178,378.6418691520451,294.76557383258444,4.239583333333333,2.9791666666666665,1.7708333333333333,2.0177083333333337
16,mi_concept,0.1,0.1,1.0,0.1,,0.5,True,0.1,exemplar_mean,0.2020124002646167,325.24623654413324,382.07878782969465,460.8184603470849,2.6875,2.15625,1.3020833333333333,1.5052083333333333
16,mi_concept,0.3162277660168379,0.1,1.0,0.1,,0.5,True,0.1,exemplar_mean,0.0983348337350512,345.72983161880813,391.0364572883751,614.1433177945365,1.84375,1.5,1.15625,1.2312499999999995
16,mi_concept,1.0,0.1,1.0,0.1,,0.5,True,0.1,exemplar_mean,0.1935078210041499,326.97480444915584,382.37210411327254,2057.3309509442342,1.3333333333333333,1.1875,1.03125,1.1083333333333332
16,mi_concept,3.1622776601683795,0.1,1.0,0.1,,0.5,True,0.1,exemplar_mean,0.0713414686564983,350.8667669242727,401.0111945952261,3196.4385784351884,1.1145833333333333,1.09375,1.0104166666666667,1.0427083333333331
17,mi_concept,3.1622776601683795e-05,0.1,1.0,0.1,,0.5,True,0.2,exemplar_mean,0.3755789447864697,287.7086889941988,305.4070591531112,71.76399618167318,42.38541666666666,34.791666666666664,28.20833333333333,32.603125000000006
17,mi_concept,0.0001,0.1,1.0,0.1,,0.5,True,0.2,exemplar_mean,0.3383623532047528,296.1585757207188,322.3766043677462,84.28355030088834,29.20833333333333,24.98958333333333,18.02083333333333,21.773958333333333
17,mi_concept,0.0003162277660168,0.1,1.0,0.1,,0.5,True,0.2,exemplar_mean,0.3223818313817906,299.71379282579,336.69274068838996,101.65385589252575,20.479166666666668,16.333333333333332,11.90625,14.109375
17,mi_concept,0.001,0.1,1.0,0.1,,0.5,True,0.2,exemplar_mean,0.2912482640678944,306.52173593427284,341.1363253830373,127.14960426168116,14.052083333333334,10.84375,7.385416666666667,9.258333333333333
17,mi_concept,0.0031622776601683,0.1,1.0,0.1,,0.5,True,0.2,exemplar_mean,0.196777161728153,326.31138970225567,381.8303298725006,170.15232725522293,9.0625,6.989583333333333,5.052083333333333,5.9375
17,mi_concept,0.01,0.1,1.0,0.1,,0.5,True,0.2,exemplar_mean,0.1300466510763417,339.59570646158477,389.164220725374,160.11199189022315,6.427083333333333,5.166666666666667,3.208333333333333,3.692708333333333
17,mi_concept,0.0316227766016837,0.1,1.0,0.1,,0.5,True,0.2,exemplar_mean,0.2345385057713778,318.5487337370784,366.20875224175927,328.46201853657544,4.03125,3.3229166666666665,1.9895833333333333,2.5666666666666664
17,mi_concept,0.1,0.1,1.0,0.1,,0.5,True,0.2,exemplar_mean,0.2401356738542456,317.38195910066594,364.48789976422086,597.8975667357338,2.7604166666666665,1.96875,1.5208333333333333,1.740625
17,mi_concept,0.3162277660168379,0.1,1.0,0.1,,0.5,True,0.2,exemplar_mean,0.1925227212465233,327.17443719818976,379.6537746801274,851.9506186736462,1.90625,1.6666666666666667,1.2083333333333333,1.3270833333333332
17,mi_concept,1.0,0.1,1.0,0.1,,0.5,True,0.2,exemplar_mean,0.1559293530410387,334.5057654010464,385.34134716349064,1530.905293281582,1.3854166666666667,1.1770833333333333,1.0208333333333333,1.1291666666666669
17,mi_concept,3.1622776601683795,0.1,1.0,0.1,,0.5,True,0.2,exemplar_mean,0.1988646619148134,325.8870876232525,372.3105741621957,4094.803967804191,1.1458333333333333,1.09375,1.0104166666666667,1.04375
18,mi_concept,3.1622776601683795e-05,0.1,1.0,0.1,,1.0,True,0.1,exemplar_mean,0.4917444889583749,259.5704540789013,279.71140066785483,109.75521901626016,25.89583333333333,24.14583333333333,17.84375,21.598958333333332
18,mi_concept,0.0001,0.1,1.0,0.1,,1.0,True,0.1,exemplar_mean,0.4678463225894541,265.6028571157444,285.36882052374796,169.71561312243264,18.166666666666668,16.239583333333332,12.489583333333334,14.517708333333337
18,mi_concept,0.0003162277660168,0.1,1.0,0.1,,1.0,True,0.1,exemplar_mean,0.504295726167743,256.3454068792693,249.500183496574,242.4154817488237,12.666666666666666,10.15625,8.21875,9.675
18,mi_concept,0.001,0.1,1.0,0.1,,1.0,True,0.1,exemplar_mean,0.2065028854630741,324.32982262623267,383.08524769414663,165.16843073610954,9.729166666666666,7.677083333333333,5.208333333333333,6.297916666666667
18,mi_concept,0.0031622776601683,0.1,1.0,0.1,,1.0,True,0.1,exemplar_mean,0.3099893468577602,302.4420036720329,326.1337617165022,220.52232199869889,7.916666666666667,5.0,3.6770833333333335,4.258333333333333
18,mi_concept,0.01,0.1,1.0,0.1,,1.0,True,0.1,exemplar_mean,0.237782818742904,317.8729524052829,377.00777508549953,249.9448069735624,5.552083333333333,3.59375,2.3541666666666665,2.9072916666666666
18,mi_concept,0.0316227766016837,0.1,1.0,0.1,,1.0,True,0.1,exemplar_mean,0.2270994871420588,320.0928743788602,376.5228636502988,341.97948885634617,3.9375,2.6666666666666665,1.8333333333333333,2.0312500000000004
18,mi_concept,0.1,0.1,1.0,0.1,,1.0,True,0.1,exemplar_mean,0.1635949605866916,332.9833582868059,386.2761389362023,402.8010825539461,2.75,2.2604166666666665,1.3020833333333333,1.5427083333333331
18,mi_concept,0.3162277660168379,0.1,1.0,0.1,,1.0,True,0.1,exemplar_mean,0.1623040605259102,333.2402209843563,384.52915091235576,721.7951026280833,1.9270833333333333,1.5729166666666667,1.1041666666666667,1.2645833333333332
18,mi_concept,1.0,0.1,1.0,0.1,,1.0,True,0.1,exemplar_mean,0.1564150721628738,334.409506143572,382.3445420990357,1468.1376120964835,1.4583333333333333,1.1979166666666667,1.03125,1.1041666666666663
18,mi_concept,3.1622776601683795,0.1,1.0,0.1,,1.0,True,0.1,exemplar_mean,0.0704873673349446,351.0280785833964,389.80826622519817,2466.598706128121,1.15625,1.0729166666666667,1.0208333333333333,1.0395833333333333
19,mi_concept,3.1622776601683795e-05,0.1,1.0,0.1,,1.0,True,0.2,exemplar_mean,0.3702234336121294,288.939859333131,318.96422154147507,71.68036133058217,38.895833333333336,36.78125,26.95833333333333,32.80312500000001
19,mi_concept,0.0001,0.1,1.0,0.1,,1.0,True,0.2,exemplar_mean,0.4454514976872956,271.1339973784093,269.8833504179819,92.72538406437428,29.5,24.05208333333333,17.375,21.61770833333333
19,mi_concept,0.0003162277660168,0.1,1.0,0.1,,1.0,True,0.2,exemplar_mean,0.3406462850705509,295.64697337372104,326.8532874899629,101.20973083190664,20.53125,17.333333333333332,12.1875,14.341666666666669
19,mi_concept,0.001,0.1,1.0,0.1,,1.0,True,0.2,exemplar_mean,0.2567155108063838,313.90030933295816,362.91577929892065,113.87432290414496,14.604166666666666,10.604166666666666,7.09375,8.94375
19,mi_concept,0.0031622776601683,0.1,1.0,0.1,,1.0,True,0.2,exemplar_mean,0.3316170726389362,297.664390121378,325.93451490834065,190.83891102099457,9.375,7.677083333333333,5.052083333333333,6.014583333333333
19,mi_concept,0.01,0.1,1.0,0.1,,1.0,True,0.2,exemplar_mean,0.234046964283452,318.6509954385731,377.8898464028863,208.28539909033952,6.979166666666667,4.822916666666667,3.1979166666666665,3.815625
19,mi_concept,0.0316227766016837,0.1,1.0,0.1,,1.0,True,0.2,exemplar_mean,0.1566530272329776,334.3623383675999,390.34581989750257,229.65914438954928,4.65625,3.5729166666666665,2.09375,2.4260416666666664
19,mi_concept,0.1,0.1,1.0,0.1,,1.0,True,0.2,exemplar_mean,0.1809620235836793,329.5082011457975,383.1013683123584,417.3584070941849,3.0,2.1875,1.5208333333333333,1.6885416666666664
19,mi_concept,0.3162277660168379,0.1,1.0,0.1,,1.0,True,0.2,exemplar_mean,0.1441717407966123,336.82748300406405,383.170736115943,810.9981411503198,1.875,1.5208333333333333,1.1666666666666667,1.2864583333333337
19,mi_concept,1.0,0.1,1.0,0.1,,1.0,True,0.2,exemplar_mean,0.1395838237916918,337.72910724719657,387.720001813373,1423.103266592081,1.4375,1.3229166666666667,1.09375,1.121875
19,mi_concept,3.1622776601683795,0.1,1.0,0.1,,1.0,True,0.2,exemplar_mean,0.0642092518058399,352.2115407815332,380.5637331367995,2607.5340588987647,1.1458333333333333,1.09375,1.0520833333333333,1.0354166666666669
20,mi_concept,3.1622776601683795e-05,0.1,1.0,1.0,,0.5,True,0.1,exemplar_mean,0.1714612024766879,331.4138344149553,385.8332685538888,115.95136396779418,13.739583333333334,11.677083333333334,8.302083333333334,9.3
20,mi_concept,0.0001,0.1,1.0,1.0,,0.5,True,0.1,exemplar_mean,0.2488529433389468,315.55618256397827,371.6158346133292,184.49840628655863,10.375,7.229166666666667,5.979166666666667,6.3739583333333325
20,mi_concept,0.0003162277660168,0.1,1.0,1.0,,0.5,True,0.1,exemplar_mean,0.2195053161653754,321.6615743913809,373.2913475278492,202.06234721923784,7.947916666666667,5.302083333333333,4.239583333333333,4.39375
20,mi_concept,0.001,0.1,1.0,1.0,,0.5,True,0.1,exemplar_mean,0.2867048533320545,307.502636099219,342.048885358933,288.9372476871759,5.75,4.197916666666667,2.7604166666666665,3.1947916666666663
20,mi_concept,0.0031622776601683,0.1,1.0,1.0,,0.5,True,0.1,exemplar_mean,0.268442954825458,311.4141249615724,362.0134630297233,294.6472331014297,4.739583333333333,3.1979166666666665,1.9791666666666667,2.3270833333333334
20,mi_concept,0.01,0.1,1.0,1.0,,0.5,True,0.1,exemplar_mean,0.2180630318130997,321.9586381246556,377.19986114629535,356.78275034285264,3.6458333333333335,2.427083333333333,1.5833333333333333,1.7458333333333331
20,mi_concept,0.0316227766016837,0.1,1.0,1.0,,0.5,True,0.1,exemplar_mean,0.2027337001073486,325.09920850949754,379.5814512816745,514.2244571233352,2.59375,1.90625,1.2708333333333333,1.4864583333333334
20,mi_concept,0.1,0.1,1.0,1.0,,0.5,True,0.1,exemplar_mean,0.1244630132278098,340.6837800900458,388.3509370669246,647.5624366946288,1.9270833333333333,1.5833333333333333,1.1770833333333333,1.2781249999999995
20,mi_concept,0.3162277660168379,0.1,1.0,1.0,,0.5,True,0.1,exemplar_mean,0.1361088655077348,338.41041242870995,381.12769649592366,1305.850671926914,1.5625,1.2291666666666667,1.0520833333333333,1.165625
20,mi_concept,1.0,0.1,1.0,1.0,,0.5,True,0.1,exemplar_mean,0.1900874717909719,327.667424165,374.5749825998315,3458.1446422206454,1.2604166666666667,1.0625,1.0729166666666667,1.0989583333333337
20,mi_concept,3.1622776601683795,0.1,1.0,1.0,,0.5,True,0.1,exemplar_mean,0.0040144281522698,364.0945755317696,368.97197160152,-1114.2753056390688,1.0625,1.0416666666666667,1.0520833333333333,1.025
21,mi_concept,3.1622776601683795e-05,0.1,1.0,1.0,,0.5,True,0.2,exemplar_mean,0.2426902723080826,316.84800453271316,374.9785164326469,99.99487054852436,21.55208333333333,16.791666666666668,14.447916666666666,14.991666666666664
21,mi_concept,0.0001,0.1,1.0,1.0,,0.5,True,0.2,exemplar_mean,0.1947191651699781,326.72915553236396,383.1649981023997,121.43625641459752,14.875,11.65625,9.614583333333334,9.958333333333334
21,mi_concept,0.0003162277660168,0.1,1.0,1.0,,0.5,True,0.2,exemplar_mean,0.1958075163244632,326.50829079296125,377.7702604435445,174.62406206059384,9.8125,8.125,5.729166666666667,6.7145833333333345
21,mi_concept,0.001,0.1,1.0,1.0,,0.5,True,0.2,exemplar_mean,0.2026990534418318,325.1062723231637,381.9651647456986,208.65372434003072,7.541666666666667,5.604166666666667,4.21875,4.609375
21,mi_concept,0.0031622776601683,0.1,1.0,1.0,,0.5,True,0.2,exemplar_mean,0.1892783373260999,327.83105962664314,379.20272072299,218.43184167387773,5.864583333333333,4.010416666666667,2.708333333333333,3.132291666666667
21,mi_concept,0.01,0.1,1.0,1.0,,0.5,True,0.2,exemplar_mean,0.1098409331552802,343.5168293012251,388.2754393586917,264.9816621281325,3.6458333333333335,3.145833333333333,1.8229166666666667,2.1885416666666666
21,mi_concept,0.0316227766016837,0.1,1.0,1.0,,0.5,True,0.2,exemplar_mean,0.1705334899573302,331.59932406717746,386.3550921006207,430.4607338645296,2.9166666666666665,2.239583333333333,1.3645833333333333,1.6614583333333333
21,mi_concept,0.1,0.1,1.0,1.0,,0.5,True,0.2,exemplar_mean,0.1742459254358457,330.8564238950095,386.8728932083956,717.9045334098525,2.03125,1.7083333333333333,1.2395833333333333,1.3781249999999998
21,mi_concept,0.3162277660168379,0.1,1.0,1.0,,0.5,True,0.2,exemplar_mean,0.219840203862767,321.5925591478204,364.78930874396167,1655.7942464752457,1.4791666666666667,1.3333333333333333,1.1041666666666667,1.1875
21,mi_concept,1.0,0.1,1.0,1.0,,0.5,True,0.2,exemplar_mean,0.0217756553057414,360.10855757137153,390.1964594997177,1492.05573215541,1.1770833333333333,1.1666666666666667,1.0625,1.06875
21,mi_concept,3.1622776601683795,0.1,1.0,1.0,,0.5,True,0.2,exemplar_mean,0.0797929305599988,349.2665475942931,377.5511049358908,5795.380557259792,1.0833333333333333,1.03125,1.0208333333333333,1.0270833333333331
22,mi_concept,3.1622776601683795e-05,0.1,1.0,1.0,,1.0,True,0.1,exemplar_mean,0.1632037457344163,333.0612229576635,385.96902941860424,111.23015580762846,14.364583333333334,10.895833333333334,8.375,9.235416666666667
22,mi_concept,0.0001,0.1,1.0,1.0,,1.0,True,0.1,exemplar_mean,0.2146046172652239,322.6698450478564,373.1166040339584,160.38332985056024,10.479166666666666,7.729166666666667,5.375,6.3999999999999995
22,mi_concept,0.0003162277660168,0.1,1.0,1.0,,1.0,True,0.1,exemplar_mean,0.2752778989275284,309.9559385107021,366.72214531188473,201.17325675855128,8.322916666666666,5.239583333333333,4.083333333333333,4.46875
22,mi_concept,0.001,0.1,1.0,1.0,,1.0,True,0.1,exemplar_mean,0.2801300374529772,308.91659190476486,346.51971887945757,269.72783284628485,5.989583333333333,3.8854166666666665,2.739583333333333,3.1156249999999996
22,mi_concept,0.0031622776601683,0.1,1.0,1.0,,1.0,True,0.1,exemplar_mean,0.2156521465763045,322.454591108283,375.7776036978359,281.5807379630312,4.739583333333333,3.0,2.052083333333333,2.246875
22,mi_concept,0.01,0.1,1.0,1.0,,1.0,True,0.1,exemplar_mean,0.1707488141549871,331.55628074236,386.2069914977866,269.69996934580786,3.8125,2.864583333333333,1.4479166666666667,1.7208333333333332
22,mi_concept,0.0316227766016837,0.1,1.0,1.0,,1.0,True,0.1,exemplar_mean,0.1841137289575401,328.8736067867224,382.6762920089112,394.8807925185814,2.8541666666666665,2.125,1.25,1.4729166666666669
22,mi_concept,0.1,0.1,1.0,1.0,,1.0,True,0.1,exemplar_mean,0.1517257602373274,335.3376742595046,384.4901503809325,578.3360211753014,2.0729166666666665,1.71875,1.1875,1.3156250000000005
22,mi_concept,0.3162277660168379,0.1,1.0,1.0,,1.0,True,0.1,exemplar_mean,0.122072971927822,341.1484625593473,388.1800403457096,997.290773955457,1.5729166666666667,1.3541666666666667,1.0833333333333333,1.1989583333333331
22,mi_concept,1.0,0.1,1.0,1.0,,1.0,True,0.1,exemplar_mean,0.0741275178944117,350.3400575225523,387.7935019654604,1694.580187922311,1.2916666666666667,1.1354166666666667,1.0208333333333333,1.0916666666666668
22,mi_concept,3.1622776601683795,0.1,1.0,1.0,,1.0,True,0.1,exemplar_mean,0.0578432429828272,353.40752471848714,397.8124648524784,4203.216524858296,1.09375,1.0520833333333333,1.0208333333333333,1.0375
23,mi_concept,3.1622776601683795e-05,0.1,1.0,1.0,,1.0,True,0.2,exemplar_mean,0.2132333689515613,322.95140229427693,386.1163348809816,96.53311493764734,21.02083333333333,17.895833333333332,13.072916666666666,14.880208333333334
23,mi_concept,0.0001,0.1,1.0,1.0,,1.0,True,0.2,exemplar_mean,0.2379011533055003,317.84827648759654,365.1821423171456,136.89130011033413,14.625,11.916666666666666,9.197916666666666,9.909375
23,mi_concept,0.0003162277660168,0.1,1.0,1.0,,1.0,True,0.2,exemplar_mean,0.097435481486354,345.9022101346668,387.54784847857456,118.14210624627626,10.25,8.322916666666666,6.072916666666667,6.5114583333333345
23,mi_concept,0.001,0.1,1.0,1.0,,1.0,True,0.2,exemplar_mean,0.2263856612973606,320.24065396391944,370.9303341525912,185.35884102122844,8.354166666666666,5.479166666666667,4.239583333333333,4.6104166666666675
23,mi_concept,0.0031622776601683,0.1,1.0,1.0,,1.0,True,0.2,exemplar_mean,0.2326312949190268,318.9453321574062,374.50861605069406,252.40976855640832,5.96875,3.9791666666666665,2.90625,3.2072916666666664
23,mi_concept,0.01,0.1,1.0,1.0,,1.0,True,0.2,exemplar_mean,0.2250941208025265,320.50786158225907,373.93972238026583,298.1468883649959,4.625,3.0104166666666665,2.020833333333333,2.2802083333333334
23,mi_concept,0.0316227766016837,0.1,1.0,1.0,,1.0,True,0.2,exemplar_mean,0.1761493980559862,330.4748699240557,386.4582938257257,399.31136209944856,2.96875,2.40625,1.3854166666666667,1.7114583333333335
23,mi_concept,0.1,0.1,1.0,1.0,,1.0,True,0.2,exemplar_mean,0.1957192198344099,326.5262148256664,382.9873906956818,749.0079815670342,2.15625,1.6458333333333333,1.21875,1.3958333333333333
23,mi_concept,0.3162277660168379,0.1,1.0,1.0,,1.0,True,0.2,exemplar_mean,0.1657094738889705,332.56218476582563,380.2406820434881,1004.5250172186924,1.7708333333333333,1.3645833333333333,1.0625,1.1989583333333331
23,mi_concept,1.0,0.1,1.0,1.0,,1.0,True,0.2,exemplar_mean,0.1424636107377148,337.1634489811372,381.4697821775433,2293.345772368426,1.3020833333333333,1.1875,1.0833333333333333,1.0833333333333337
23,mi_concept,3.1622776601683795,0.1,1.0,1.0,,1.0,True,0.2,exemplar_mean,0.1018740628002588,345.0506326119025,380.50074984509695,3539.9692894694085,1.1145833333333333,1.0625,1.0,1.040625
24,mi_concept,3.1622776601683795e-05,0.1,10.0,0.1,,0.5,True,0.1,exemplar_mean,0.2568567622154203,313.87048160996716,355.1882501546771,32.931342764571234,46.395833333333336,40.29166666666666,25.229166666666668,31.073958333333337
24,mi_concept,0.0001,0.1,10.0,0.1,,0.5,True,0.1,exemplar_mean,0.2862329879810493,307.6043302233103,346.21275549487456,50.012626942194345,32.25,26.03125,14.9375,20.553125
24,mi_concept,0.0003162277660168,0.1,10.0,0.1,,0.5,True,0.1,exemplar_mean,0.3131245771854965,301.7541121772892,331.50275438521584,63.46949442656285,23.947916666666668,17.447916666666668,10.375,13.746875
24,mi_concept,0.001,0.1,10.0,0.1,,0.5,True,0.1,exemplar_mean,0.2724100234325475,310.56861292046847,354.63732103334615,96.60015337646324,15.3125,11.510416666666666,6.958333333333333,8.922916666666666
24,mi_concept,0.0031622776601683,0.1,10.0,0.1,,0.5,True,0.1,exemplar_mean,0.1646234142323062,332.77857515543616,383.57585093627665,95.89853790781362,11.09375,7.822916666666667,4.3125,5.519791666666666
24,mi_concept,0.01,0.1,10.0,0.1,,0.5,True,0.1,exemplar_mean,0.2897533516346831,306.8448263495392,347.0560849549436,170.12920722235404,7.604166666666667,5.114583333333333,2.7291666666666665,3.83125
24,mi_concept,0.0316227766016837,0.1,10.0,0.1,,0.5,True,0.1,exemplar_mean,0.1951940271502661,326.6328076954118,384.4219003518659,222.2772680077731,4.958333333333333,3.59375,2.0625,2.4291666666666663
24,mi_concept,0.1,0.1,10.0,0.1,,0.5,True,0.1,exemplar_mean,0.1552069507508965,334.6488790433144,388.7405022165425,386.3887133305349,2.78125,2.4166666666666665,1.4479166666666667,1.6833333333333331
24,mi_concept,0.3162277660168379,0.1,10.0,0.1,,0.5,True,0.1,exemplar_mean,0.1791782605469055,329.86681997354714,371.10340919642306,916.3527422916212,1.6354166666666667,1.5208333333333333,1.1666666666666667,1.315625
24,mi_concept,1.0,0.1,10.0,0.1,,0.5,True,0.1,exemplar_mean,0.1800824121519415,329.68509245730536,387.42064741167496,2373.6889741898644,1.3020833333333333,1.1979166666666667,1.0729166666666667,1.1072916666666668
24,mi_concept,3.1622776601683795,0.1,10.0,0.1,,0.5,True,0.1,exemplar_mean,0.0808009031211439,349.0752061190446,394.8382369967495,3231.0584642157773,1.125,1.1041666666666667,1.0104166666666667,1.0333333333333337
25,mi_concept,3.1622776601683795e-05,0.1,10.0,0.1,,0.5,True,0.2,exemplar_mean,0.3299516442215874,298.03500873421564,322.29289434631056,27.331655270553743,67.09375,53.41666666666666,35.520833333333336,46.39375
25,mi_concept,0.0001,0.1,10.0,0.1,,0.5,True,0.2,exemplar_mean,0.1506083837182641,335.5584608373244,384.00624343841486,23.78904715382952,44.59375,38.71875,22.197916666666668,29.08020833333333
25,mi_concept,0.0003162277660168,0.1,10.0,0.1,,0.5,True,0.2,exemplar_mean,0.2394331177417154,317.5286478653988,363.9060505983577,41.33920182029859,32.322916666666664,24.17708333333333,14.34375,19.41875
25,mi_concept,0.001,0.1,10.0,0.1,,0.5,True,0.2,exemplar_mean,0.2695957942629199,311.1686539917397,349.46592862782103,60.32193029558355,21.92708333333333,15.9375,8.6875,12.173958333333331
25,mi_concept,0.0031622776601683,0.1,10.0,0.1,,0.5,True,0.2,exemplar_mean,0.1861154481012475,328.46992499009644,379.3625722997112,69.97440943318196,14.21875,10.71875,5.40625,7.571875
25,mi_concept,0.01,0.1,10.0,0.1,,0.5,True,0.2,exemplar_mean,0.1957700077653941,326.51590508491336,378.796200108486,122.95041786794252,8.65625,6.875,3.552083333333333,4.632291666666667
25,mi_concept,0.0316227766016837,0.1,10.0,0.1,,0.5,True,0.2,exemplar_mean,0.1370007249299021,338.2356841328117,388.905863583194,165.9493669589373,5.291666666666667,4.302083333333333,2.2604166666666665,2.83125
25,mi_concept,0.1,0.1,10.0,0.1,,0.5,True,0.2,exemplar_mean,0.1152089462968781,342.4794915070679,388.6208307854633,319.88966969152347,2.71875,2.6875,1.5520833333333333,1.8614583333333332
25,mi_concept,0.3162277660168379,0.1,10.0,0.1,,0.5,True,0.2,exemplar_mean,0.0972172431700627,345.9440268423175,383.7654981806731,764.1953225069625,1.6770833333333333,1.59375,1.2604166666666667,1.3854166666666663
25,mi_concept,1.0,0.1,10.0,0.1,,0.5,True,0.2,exemplar_mean,0.0793447167561916,349.35159748963184,397.9481146883514,1287.223294620149,1.3645833333333333,1.1354166666666667,1.09375,1.1322916666666667
25,mi_concept,3.1622776601683795,0.1,10.0,0.1,,0.5,True,0.2,exemplar_mean,0.0876982911025781,347.7630633856913,389.4871433628187,3198.0062929727205,1.125,1.125,1.0208333333333333,1.05
26,mi_concept,3.1622776601683795e-05,0.1,10.0,0.1,,1.0,True,0.1,exemplar_mean,0.2271140664098312,320.0898553992779,366.6557175406224,31.60548503377384,47.16666666666666,35.447916666666664,23.09375,29.79791666666667
26,mi_concept,0.0001,0.1,10.0,0.1,,1.0,True,0.1,exemplar_mean,0.295590191872209,305.5813926745995,339.86056996456244,48.29198704885664,33.770833333333336,25.197916666666668,15.78125,20.251041666666666
26,mi_concept,0.0003162277660168,0.1,10.0,0.1,,1.0,True,0.1,exemplar_mean,0.3058134608023727,303.3557999036394,336.677339696737,72.73562092584575,21.875,17.666666666666668,10.135416666666666,13.740625
26,mi_concept,0.001,0.1,10.0,0.1,,1.0,True,0.1,exemplar_mean,0.2377516182288157,317.87945822690585,364.7865475022698,87.45162568716047,15.520833333333334,11.822916666666666,6.510416666666667,8.70625
26,mi_concept,0.0031622776601683,0.1,10.0,0.1,,1.0,True,0.1,exemplar_mean,0.2376687360987273,317.8967398709794,361.9703658804115,120.9916895587317,10.854166666666666,7.770833333333333,4.260416666666667,5.603125
26,mi_concept,0.01,0.1,10.0,0.1,,1.0,True,0.1,exemplar_mean,0.2894787027475,306.90414830812995,343.21170866815106,175.23403707468017,7.6875,5.177083333333333,2.614583333333333,3.760416666666667
26,mi_concept,0.0316227766016837,0.1,10.0,0.1,,1.0,True,0.1,exemplar_mean,0.1839581688815556,328.904957458217,374.97605254408154,283.01919291026434,3.8333333333333335,3.552083333333333,2.0104166666666665,2.4906249999999996
26,mi_concept,0.1,0.1,10.0,0.1,,1.0,True,0.1,exemplar_mean,0.1456563610852762,336.5352059238894,387.6759204331884,376.412446007626,2.75,2.40625,1.4479166666666667,1.6802083333333333
26,mi_concept,0.3162277660168379,0.1,10.0,0.1,,1.0,True,0.1,exemplar_mean,0.105421610262364,344.3684929453611,390.8061070025019,829.8819063087411,1.6979166666666667,1.5104166666666667,1.1354166666666667,1.2687500000000005
26,mi_concept,1.0,0.1,10.0,0.1,,1.0,True,0.1,exemplar_mean,0.0283922834812647,358.8886190015304,387.77631361836546,829.7598497951479,1.25,1.2395833333333333,1.03125,1.0989583333333337
26,mi_concept,3.1622776601683795,0.1,10.0,0.1,,1.0,True,0.1,exemplar_mean,0.2310561735624858,319.2725021780037,321.87207364542,7244.462730301892,1.0520833333333333,1.03125,1.0,1.040625
27,mi_concept,3.1622776601683795e-05,0.1,10.0,0.1,,1.0,True,0.2,exemplar_mean,0.3224672449733135,299.69490280821265,329.06123482675326,30.048637806197025,62.1875,54.364583333333336,35.59375,45.974999999999994
27,mi_concept,0.0001,0.1,10.0,0.1,,1.0,True,0.2,exemplar_mean,0.2966438975103642,305.3527520894753,344.11230313103914,32.14969019716615,49.395833333333336,36.427083333333336,23.52083333333333,29.54062500000001
27,mi_concept,0.0003162277660168,0.1,10.0,0.1,,1.0,True,0.2,exemplar_mean,0.2681259396598168,311.48159222755254,358.66913877583175,45.618180550674374,31.45833333333333,24.46875,13.583333333333334,19.43645833333333
27,mi_concept,0.001,0.1,10.0,0.1,,1.0,True,0.2,exemplar_mean,0.1877802100567227,328.13381826253817,383.1708516345731,50.77972949331481,21.28125,16.833333333333332,9.208333333333334,11.935416666666669
27,mi_concept,0.0031622776601683,0.1,10.0,0.1,,1.0,True,0.2,exemplar_mean,0.1799900544529592,329.7036602375096,380.21846594360744,78.64143309212135,13.229166666666666,10.229166666666666,5.635416666666667,7.453125000000002
27,mi_concept,0.01,0.1,10.0,0.1,,1.0,True,0.2,exemplar_mean,0.1176093312437542,342.014612858391,389.39642356302664,96.76008064648616,8.21875,6.78125,3.5,4.478125
27,mi_concept,0.0316227766016837,0.1,10.0,0.1,,1.0,True,0.2,exemplar_mean,0.1194083848171587,341.66577839126234,389.18561838595633,171.143847001544,5.020833333333333,4.083333333333333,2.5625,2.777083333333333
27,mi_concept,0.1,0.1,10.0,0.1,,1.0,True,0.2,exemplar_mean,0.1735787974622296,330.9900466161682,379.82066655314696,425.13293751044904,2.802083333333333,2.489583333333333,1.5625,1.9208333333333332
27,mi_concept,0.3162277660168379,0.1,10.0,0.1,,1.0,True,0.2,exemplar_mean,0.0279542180237055,358.9695153280399,392.3291057602541,413.9084858082738,1.65625,1.6145833333333333,1.28125,1.334375
27,mi_concept,1.0,0.1,10.0,0.1,,1.0,True,0.2,exemplar_mean,0.016277624274378,361.1191201663329,390.2592507931017,992.1135799644098,1.1770833333333333,1.1770833333333333,1.03125,1.1229166666666668
27,mi_concept,3.1622776601683795,0.1,10.0,0.1,,1.0,True,0.2,exemplar_mean,0.1235279456498869,340.86565552859173,367.3914081548252,4748.201810463891,1.09375,1.03125,1.0104166666666667,1.0541666666666667
28,mi_concept,3.1622776601683795e-05,0.1,10.0,1.0,,0.5,True,0.1,exemplar_mean,0.2267689540835473,320.16131136776215,378.029302793961,57.9560569707625,23.885416666666668,16.541666666666668,10.979166666666666,13.864583333333332
28,mi_concept,0.0001,0.1,10.0,1.0,,0.5,True,0.1,exemplar_mean,0.1193046469672136,341.685902719522,390.75407941757265,62.96426593163169,16.197916666666668,12.458333333333334,8.40625,9.019791666666666
28,mi_concept,0.0003162277660168,0.1,10.0,1.0,,0.5,True,0.1,exemplar_mean,0.2150720152267462,322.57381846316383,378.6357520076879,111.22679185493854,12.020833333333334,7.979166666666667,5.520833333333333,6.415625
28,mi_concept,0.001,0.1,10.0,1.0,,0.5,True,0.1,exemplar_mean,0.1836859252222804,328.9598166693778,384.6596354582689,129.01272881910788,8.71875,5.677083333333333,3.552083333333333,4.316666666666667
28,mi_concept,0.0031622776601683,0.1,10.0,1.0,,0.5,True,0.1,exemplar_mean,0.2328892695555114,318.8917160000344,376.0763847988924,188.83862250854625,6.614583333333333,4.3125,2.3125,3.013541666666667
28,mi_concept,0.01,0.1,10.0,1.0,,0.5,True,0.1,exemplar_mean,0.2249540250161896,320.5368326952853,375.7114188543381,247.8095798632499,4.864583333333333,2.96875,1.6666666666666667,2.1229166666666663
28,mi_concept,0.0316227766016837,0.1,10.0,1.0,,0.5,True,0.1,exemplar_mean,0.2422164654754787,316.9471061750856,375.404104248324,311.52592064921436,3.84375,2.3854166666666665,1.28125,1.64375
28,mi_concept,0.1,0.1,10.0,1.0,,0.5,True,0.1,exemplar_mean,0.2222731972224026,321.0907109763681,376.0043373671093,512.0011972764788,2.6041666666666665,1.7708333333333333,1.1041666666666667,1.3270833333333332
28,mi_concept,0.3162277660168379,0.1,10.0,1.0,,0.5,True,0.1,exemplar_mean,0.1477530998197106,336.1219881971292,383.43176710976826,957.3221875529016,1.7291666666666667,1.375,1.09375,1.1625
28,mi_concept,1.0,0.1,10.0,1.0,,0.5,True,0.1,exemplar_mean,0.1755267256925063,330.59973400771145,381.5476976141671,1939.4404584404156,1.3541666666666667,1.1979166666666667,1.03125,1.0739583333333331
28,mi_concept,3.1622776601683795,0.1,10.0,1.0,,0.5,True,0.1,exemplar_mean,0.0950720792747463,346.3547936137034,389.76557313197145,3880.2890472629792,1.1145833333333333,1.0625,1.0,1.0239583333333333
29,mi_concept,3.1622776601683795e-05,0.1,10.0,1.0,,0.5,True,0.2,exemplar_mean,0.204980157623926,324.6408693425309,376.51173184378615,40.53873884052643,34.3125,27.875,17.052083333333332,21.363541666666663
29,mi_concept,0.0001,0.1,10.0,1.0,,0.5,True,0.2,exemplar_mean,0.1011439514918592,345.19085470099964,390.4912436573932,38.26459568087447,22.92708333333333,20.010416666666668,11.677083333333334,14.09375
29,mi_concept,0.0003162277660168,0.1,10.0,1.0,,0.5,True,0.2,exemplar_mean,0.1648545645396399,332.73253173437587,383.4974013831746,70.17748523921938,16.083333333333332,12.989583333333334,7.75,9.807291666666668
29,mi_concept,0.001,0.1,10.0,1.0,,0.5,True,0.2,exemplar_mean,0.2240065530963989,320.7326964883087,377.7690962776574,115.16215223667018,11.78125,8.28125,5.447916666666667,6.454166666666666
29,mi_concept,0.0031622776601683,0.1,10.0,1.0,,0.5,True,0.2,exemplar_mean,0.1890394179917283,327.8793619062102,384.5238031568484,135.39402245055578,8.302083333333334,6.489583333333333,3.270833333333333,4.296874999999999
29,mi_concept,0.01,0.1,10.0,1.0,,0.5,True,0.2,exemplar_mean,0.1162293181891353,342.281954893863,389.05165530288065,145.34297073906166,5.947916666666667,4.166666666666667,2.083333333333333,2.794791666666667
29,mi_concept,0.0316227766016837,0.1,10.0,1.0,,0.5,True,0.2,exemplar_mean,0.1880318228061497,328.0829890114202,384.0317733226396,245.72291588837209,4.322916666666667,3.020833333333333,1.75,2.0302083333333334
29,mi_concept,0.1,0.1,10.0,1.0,,0.5,True,0.2,exemplar_mean,0.1460258755265082,336.4624201840229,389.8894197659792,337.0498040717251,2.90625,2.3541666666666665,1.21875,1.4447916666666667
29,mi_concept,0.3162277660168379,0.1,10.0,1.0,,0.5,True,0.2,exemplar_mean,0.1663465989933626,332.4351761411486,390.4520375757491,802.9676533046455,1.78125,1.6354166666666667,1.0520833333333333,1.2114583333333333
29,mi_concept,1.0,0.1,10.0,1.0,,0.5,True,0.2,exemplar_mean,0.1927694421819174,327.1244500640535,380.77782112537346,2110.5556525649804,1.3020833333333333,1.21875,1.03125,1.0822916666666669
29,mi_concept,3.1622776601683795,0.1,10.0,1.0,,0.5,True,0.2,exemplar_mean,0.1415437502894451,337.34423442581243,377.85489999420514,4064.5941288420618,1.125,1.0729166666666667,1.0,1.0302083333333332
30,mi_concept,3.1622776601683795e-05,0.1,10.0,1.0,,1.0,True,0.1,exemplar_mean,0.2161628034905416,322.3496054976661,382.4882739954882,63.28187669141179,22.48958333333333,17.03125,10.958333333333334,13.858333333333334
30,mi_concept,0.0001,0.1,10.0,1.0,,1.0,True,0.1,exemplar_mean,0.2094987830352422,323.71697994195415,379.04152435996485,75.33871929169747,16.9375,12.635416666666666,7.760416666666667,9.294791666666669
30,mi_concept,0.0003162277660168,0.1,10.0,1.0,,1.0,True,0.1,exemplar_mean,0.1918403792852631,327.3126440003077,380.261415039515,95.50661693424252,12.729166666666666,7.854166666666667,4.791666666666667,6.265625
30,mi_concept,0.001,0.1,10.0,1.0,,1.0,True,0.1,exemplar_mean,0.2383901036118775,317.7462969685991,369.1033523548088,137.330459686336,9.416666666666666,5.916666666666667,3.25,4.347916666666666
30,mi_concept,0.0031622776601683,0.1,10.0,1.0,,1.0,True,0.1,exemplar_mean,0.2118415126038254,323.2369401625107,377.3784903612156,164.60819342756275,6.854166666666667,4.072916666666667,2.427083333333333,2.9822916666666663
30,mi_concept,0.01,0.1,10.0,1.0,,1.0,True,0.1,exemplar_mean,0.2599813769538234,313.20993775890304,362.5427761055974,230.40332806869048,5.145833333333333,3.1875,1.6875,2.1781249999999996
30,mi_concept,0.0316227766016837,0.1,10.0,1.0,,1.0,True,0.1,exemplar_mean,0.1814745499275734,329.40508745213657,385.36149033991217,255.3476322859675,3.8333333333333335,2.6666666666666665,1.34375,1.5937500000000002
30,mi_concept,0.1,0.1,10.0,1.0,,1.0,True,0.1,exemplar_mean,0.1742102920937119,330.8635624567975,382.0329012579588,404.5419569416876,2.7291666666666665,1.8541666666666667,1.09375,1.3239583333333331
30,mi_concept,0.3162277660168379,0.1,10.0,1.0,,1.0,True,0.1,exemplar_mean,0.247591379809495,315.8210622281667,365.186274313165,1034.9302747457027,1.84375,1.3541666666666667,1.0729166666666667,1.1958333333333333
30,mi_concept,1.0,0.1,10.0,1.0,,1.0,True,0.1,exemplar_mean,0.0027595637414515,363.59185737692405,376.9896894690652,281.4445317751488,1.25,1.21875,1.0625,1.0666666666666669
30,mi_concept,3.1622776601683795,0.1,10.0,1.0,,1.0,True,0.1,exemplar_mean,0.1828597578261253,329.12623983557125,376.5607959061195,3834.083746623626,1.1458333333333333,1.1458333333333333,1.0,1.0458333333333334
31,mi_concept,3.1622776601683795e-05,0.1,10.0,1.0,,1.0,True,0.2,exemplar_mean,0.1624519347919653,333.21080707314326,386.080916499545,31.295640147794767,36.927083333333336,28.041666666666668,17.510416666666668,21.078125
31,mi_concept,0.0001,0.1,10.0,1.0,,1.0,True,0.2,exemplar_mean,0.1866927939018972,328.3534008622483,384.68646745154,51.18759820325466,25.541666666666668,19.20833333333333,12.020833333333334,14.699999999999998
31,mi_concept,0.0003162277660168,0.1,10.0,1.0,,1.0,True,0.2,exemplar_mean,0.1167557414384645,342.1799985704197,389.06744973607,59.28098057265449,16.1875,12.75,7.979166666666667,9.509375
31,mi_concept,0.001,0.1,10.0,1.0,,1.0,True,0.2,exemplar_mean,0.2256856121614769,320.3855152263948,375.9848631932149,115.1160269090928,11.6875,8.375,5.5625,6.522916666666665
31,mi_concept,0.0031622776601683,0.1,10.0,1.0,,1.0,True,0.2,exemplar_mean,0.150723053442855,335.53580951000646,389.5320661314063,114.02048414397576,8.5625,6.260416666666667,3.625,4.346875000000001
31,mi_concept,0.01,0.1,10.0,1.0,,1.0,True,0.2,exemplar_mean,0.1855387140871351,328.5862843863058,384.6744321134293,180.46406489719465,6.104166666666667,4.427083333333333,2.28125,2.9104166666666664
31,mi_concept,0.0316227766016837,0.1,10.0,1.0,,1.0,True,0.2,exemplar_mean,0.212595052004917,323.08238367398457,376.2945982005395,266.5883065647392,4.375,2.7916666666666665,1.5833333333333333,2.046875
31,mi_concept,0.1,0.1,10.0,1.0,,1.0,True,0.2,exemplar_mean,0.2098695503802071,323.6410548456221,381.0871538221046,410.6081853026906,2.90625,2.09375,1.28125,1.5229166666666665
31,mi_concept,0.3162277660168379,0.1,10.0,1.0,,1.0,True,0.2,exemplar_mean,0.1791327579965876,329.87596299013666,382.517345538905,910.2701265876764,1.7395833333333333,1.5520833333333333,1.09375,1.228125
31,mi_concept,1.0,0.1,10.0,1.0,,1.0,True,0.2,exemplar_mean,0.1443880209873917,336.7849197242306,374.54693693997586,1622.4707621868536,1.3125,1.1979166666666667,1.03125,1.0937500000000002
31,mi_concept,3.1622776601683795,0.1,10.0,1.0,,1.0,True,0.2,exemplar_mean,0.07587052059934,350.01013556105175,381.8692437429878,4650.614767833534,1.0729166666666667,1.0416666666666667,1.0104166666666667,1.0302083333333334
32,mi_concept,3.1622776601683795e-05,0.3,1.0,0.1,,0.5,True,0.1,exemplar_mean,0.4945492506879769,258.8532553106115,249.6612227879352,142.01479049197198,25.98958333333333,21.61458333333333,18.52083333333333,20.879166666666663
32,mi_concept,0.0001,0.3,1.0,0.1,,0.5,True,0.1,exemplar_mean,0.5055504066713211,256.0207825214241,251.5322457092448,207.98838799902632,18.0,14.645833333333334,12.78125,14.246875
32,mi_concept,0.0003162277660168,0.3,1.0,0.1,,0.5,True,0.1,exemplar_mean,0.4419790769301708,271.9815536129007,275.4030135934413,228.95437443060428,12.84375,10.447916666666666,8.09375,9.501041666666667
32,mi_concept,0.001,0.3,1.0,0.1,,0.5,True,0.1,exemplar_mean,0.3393947145294593,295.9274355961545,318.6715737031645,228.37221614709753,9.666666666666666,7.427083333333333,5.885416666666667,6.335416666666666
32,mi_concept,0.0031622776601683,0.3,1.0,0.1,,0.5,True,0.1,exemplar_mean,0.2901473856602373,306.75969812228107,349.54827980623656,269.2946736553293,6.78125,5.489583333333333,3.8125,4.2625
32,mi_concept,0.01,0.3,1.0,0.1,,0.5,True,0.1,exemplar_mean,0.3357361363404419,296.745759942231,307.0056092367591,334.6726375187263,5.229166666666667,3.59375,2.3229166666666665,2.9343749999999997
32,mi_concept,0.0316227766016837,0.3,1.0,0.1,,0.5,True,0.1,exemplar_mean,0.2599517267867239,313.21621235367815,353.8776395268192,420.2634445919535,3.4375,2.5729166666666665,1.65625,2.0041666666666664
32,mi_concept,0.1,0.3,1.0,0.1,,0.5,True,0.1,exemplar_mean,0.1203904113879718,341.4752141940878,385.72516851396966,516.5981813717998,2.1875,1.8541666666666667,1.3229166666666667,1.5083333333333333
32,mi_concept,0.3162277660168379,0.3,1.0,0.1,,0.5,True,0.1,exemplar_mean,0.1381018404570261,338.01983491382487,384.3241882928344,917.4725430280148,1.6875,1.4583333333333333,1.1458333333333333,1.2354166666666668
32,mi_concept,1.0,0.3,1.0,0.1,,0.5,True,0.1,exemplar_mean,0.0458832069501193,355.64358426534494,369.344584624403,1425.9376931247832,1.1354166666666667,1.2083333333333333,1.03125,1.1114583333333334
32,mi_concept,3.1622776601683795,0.3,1.0,0.1,,0.5,True,0.1,exemplar_mean,0.0069940673299994,362.8190904234582,382.5804294509994,1027.9665226564248,1.0729166666666667,1.0520833333333333,1.0,1.0395833333333333
33,mi_concept,3.1622776601683795e-05,0.3,1.0,0.1,,0.5,True,0.2,exemplar_mean,0.6431352519648523,217.50339155476703,211.43961752472725,106.25918443427712,39.0,33.635416666666664,28.0,32.265625
33,mi_concept,0.0001,0.3,1.0,0.1,,0.5,True,0.2,exemplar_mean,0.5030336740626565,256.671524304188,266.94075932275354,111.78844050201006,27.885416666666668,23.166666666666668,17.8125,21.52916666666666
33,mi_concept,0.0003162277660168,0.3,1.0,0.1,,0.5,True,0.2,exemplar_mean,0.3934002980897895,283.57327892153984,295.8006075839559,137.49626955344448,19.15625,15.541666666666666,11.791666666666666,14.058333333333334
33,mi_concept,0.001,0.3,1.0,0.1,,0.5,True,0.2,exemplar_mean,0.2548566147293069,314.2925842227462,349.04489484610747,151.94341672105014,12.40625,9.864583333333334,7.0625,9.119791666666668
33,mi_concept,0.0031622776601683,0.3,1.0,0.1,,0.5,True,0.2,exemplar_mean,0.284004884059451,308.084066865541,342.81146278621725,221.8439052129818,8.479166666666666,7.010416666666667,4.65625,5.835416666666666
33,mi_concept,0.01,0.3,1.0,0.1,,0.5,True,0.2,exemplar_mean,0.2225212748783915,321.0394964729282,366.4850108657073,251.475996355051,5.65625,4.71875,2.96875,3.7072916666666664
33,mi_concept,0.0316227766016837,0.3,1.0,0.1,,0.5,True,0.2,exemplar_mean,0.1260860912748577,340.3678523340263,389.6143084007578,283.2637416763914,3.6354166666666665,3.4375,2.020833333333333,2.4260416666666664
33,mi_concept,0.1,0.3,1.0,0.1,,0.5,True,0.2,exemplar_mean,0.1439239223942813,336.8762462962423,379.6101364152896,542.7752512355779,2.2291666666666665,2.177083333333333,1.4895833333333333,1.7
33,mi_concept,0.3162277660168379,0.3,1.0,0.1,,0.5,True,0.2,exemplar_mean,0.0542617448973119,354.07860613103963,388.49299719207545,682.0120738090828,1.5416666666666667,1.5729166666666667,1.2083333333333333,1.2864583333333333
33,mi_concept,1.0,0.3,1.0,0.1,,0.5,True,0.2,exemplar_mean,0.0154776698062612,361.2659197900128,398.49804930552966,985.0535725518836,1.1666666666666667,1.1041666666666667,1.0729166666666667,1.0989583333333333
33,mi_concept,3.1622776601683795,0.3,1.0,0.1,,0.5,True,0.2,exemplar_mean,0.112942009196106,342.91794689426433,376.8735413963979,4444.850239631313,1.125,1.0520833333333333,1.0208333333333333,1.0333333333333332
34,mi_concept,3.1622776601683795e-05,0.3,1.0,0.1,,1.0,True,0.1,exemplar_mean,0.6090892971402153,227.64231278563727,222.315462438529,155.9478781275476,24.95833333333333,21.947916666666668,17.802083333333332,20.94895833333333
34,mi_concept,0.0001,0.3,1.0,0.1,,1.0,True,0.1,exemplar_mean,0.4823582235009424,261.9563123812309,263.4839449357301,182.1594190071955,17.96875,15.0,12.729166666666666,14.111458333333331
34,mi_concept,0.0003162277660168,0.3,1.0,0.1,,1.0,True,0.1,exemplar_mean,0.482919901452176,261.8141532412658,270.4272766153262,213.0606709246074,13.489583333333334,10.25,8.239583333333334,9.533333333333337
34,mi_concept,0.001,0.3,1.0,0.1,,1.0,True,0.1,exemplar_mean,0.3385615001718408,296.11400183565604,309.65950416858897,220.60743161141795,9.677083333333334,6.9375,5.46875,6.146875
34,mi_concept,0.0031622776601683,0.3,1.0,0.1,,1.0,True,0.1,exemplar_mean,0.3255304560771352,299.01665608842734,315.4084022001437,279.51700904699385,7.0,5.114583333333333,3.6145833333333335,4.218750000000001
34,mi_concept,0.01,0.3,1.0,0.1,,1.0,True,0.1,exemplar_mean,0.2375621705856886,317.91895832571345,370.7416268702041,278.0549446795694,5.1875,3.4791666666666665,2.4166666666666665,2.825
34,mi_concept,0.0316227766016837,0.3,1.0,0.1,,1.0,True,0.1,exemplar_mean,0.2062113436991107,324.3893987754033,379.2442242357371,371.8312721253265,3.6770833333333335,2.645833333333333,1.78125,1.9635416666666667
34,mi_concept,0.1,0.3,1.0,0.1,,1.0,True,0.1,exemplar_mean,0.1322095592710578,339.1732864263712,388.5246374398003,437.7108508925886,2.333333333333333,2.125,1.1875,1.5052083333333337
34,mi_concept,0.3162277660168379,0.3,1.0,0.1,,1.0,True,0.1,exemplar_mean,0.0937013344795217,346.6170158128018,389.9448154382,667.5351964449927,1.6666666666666667,1.6458333333333333,1.1041666666666667,1.2510416666666666
34,mi_concept,1.0,0.3,1.0,0.1,,1.0,True,0.1,exemplar_mean,1.455344231994008e-05,364.0945755317696,378.6980430002794,-24.135987428295095,1.1979166666666667,1.15625,1.0625,1.1125000000000005
34,mi_concept,3.1622776601683795,0.3,1.0,0.1,,1.0,True,0.1,exemplar_mean,0.0285064805643432,364.0945755317696,362.4958990026266,-1731.9747531029232,1.0729166666666667,1.0729166666666667,1.0208333333333333,1.028125
35,mi_concept,3.1622776601683795e-05,0.3,1.0,0.1,,1.0,True,0.2,exemplar_mean,0.4837517804009588,261.6034650403459,266.8695965928438,77.05490793902436,40.07291666666666,34.864583333333336,28.28125,32.334374999999994
35,mi_concept,0.0001,0.3,1.0,0.1,,1.0,True,0.2,exemplar_mean,0.4558268913692188,268.5856137700142,272.9430867337637,100.2581994545654,29.291666666666668,23.40625,19.80208333333333,21.505208333333332
35,mi_concept,0.0003162277660168,0.3,1.0,0.1,,1.0,True,0.2,exemplar_mean,0.3289187212092623,298.2646404213095,324.1839548819382,136.9508264986112,18.42708333333333,16.104166666666668,12.489583333333334,13.948958333333334
35,mi_concept,0.001,0.3,1.0,0.1,,1.0,True,0.2,exemplar_mean,0.2522858297840495,314.83428060424814,347.49176168721533,155.3075221397368,12.614583333333334,10.53125,7.375,8.805208333333335
35,mi_concept,0.0031622776601683,0.3,1.0,0.1,,1.0,True,0.2,exemplar_mean,0.2002050946734247,325.6143418196938,385.72112033294206,171.82268133389368,8.791666666666666,7.041666666666667,4.916666666666667,5.714583333333333
35,mi_concept,0.01,0.3,1.0,0.1,,1.0,True,0.2,exemplar_mean,0.2007160007804459,325.51032457075274,379.6738229681144,227.8991196240285,6.09375,4.822916666666667,3.020833333333333,3.6979166666666665
35,mi_concept,0.0316227766016837,0.3,1.0,0.1,,1.0,True,0.2,exemplar_mean,0.158607853615713,333.9745978858742,388.0897084384559,295.68670773791325,4.010416666666667,3.177083333333333,1.9375,2.4458333333333333
35,mi_concept,0.1,0.3,1.0,0.1,,1.0,True,0.2,exemplar_mean,0.1157373077375719,342.3772187844292,386.40005871296574,446.0813858646007,2.375,2.0625,1.5104166666666667,1.7145833333333336
35,mi_concept,0.3162277660168379,0.3,1.0,0.1,,1.0,True,0.2,exemplar_mean,0.1601895350592737,333.66054105034544,374.6774103000288,952.1555311829044,1.625,1.5416666666666667,1.1666666666666667,1.3020833333333337
35,mi_concept,1.0,0.3,1.0,0.1,,1.0,True,0.2,exemplar_mean,0.0238655027314163,359.72368966315054,387.9296945420038,732.2907563919428,1.2916666666666667,1.3125,1.0729166666666667,1.1145833333333337
35,mi_concept,3.1622776601683795,0.3,1.0,0.1,,1.0,True,0.2,exemplar_mean,0.099752143247677,345.4580018383543,378.7980251342414,5635.931096051029,1.0625,1.0520833333333333,1.0104166666666667,1.0333333333333332
36,mi_concept,3.1622776601683795e-05,0.3,1.0,1.0,,0.5,True,0.1,exemplar_mean,0.1974189477830415,326.1810000152446,379.17809324313765,141.33114543001932,13.291666666666666,10.927083333333334,8.416666666666666,9.278125
36,mi_concept,0.0001,0.3,1.0,1.0,,0.5,True,0.1,exemplar_mean,0.2450776133127316,316.34819495371204,366.9356006879717,205.27249411566035,9.791666666666666,7.583333333333333,5.65625,6.3427083333333325
36,mi_concept,0.0003162277660168,0.3,1.0,1.0,,0.5,True,0.1,exemplar_mean,0.2005460111103088,325.5449370808405,378.1228574654742,201.19060113896032,7.479166666666667,5.427083333333333,4.0625,4.298958333333333
36,mi_concept,0.001,0.3,1.0,1.0,,0.5,True,0.1,exemplar_mean,0.2567747224187018,313.88780610312585,360.79646702614735,295.1875360186658,5.541666666666667,3.6979166666666665,2.59375,3.0552083333333337
36,mi_concept,0.0031622776601683,0.3,1.0,1.0,,0.5,True,0.1,exemplar_mean,0.1807914041980277,329.5425204086719,383.2636988096691,259.8455254267545,4.53125,3.09375,1.84375,2.171875
36,mi_concept,0.01,0.3,1.0,1.0,,0.5,True,0.1,exemplar_mean,0.1908902351837136,327.50499636220655,384.2215262822388,358.67710496249737,3.28125,2.4479166666666665,1.46875,1.759375
36,mi_concept,0.0316227766016837,0.3,1.0,1.0,,0.5,True,0.1,exemplar_mean,0.2095417253303269,323.7081872047824,378.5326615843105,550.4050867968508,2.5625,1.8125,1.25,1.446875
36,mi_concept,0.1,0.3,1.0,1.0,,0.5,True,0.1,exemplar_mean,0.0599037207303684,353.0208656491185,385.4310502895155,526.713648021777,1.75,1.4791666666666667,1.15625,1.3
36,mi_concept,0.3162277660168379,0.3,1.0,1.0,,0.5,True,0.1,exemplar_mean,0.1266048249768483,340.2668203659171,384.64880008286985,1616.3784921291783,1.3958333333333333,1.2395833333333333,1.0520833333333333,1.1885416666666666
36,mi_concept,1.0,0.3,1.0,1.0,,0.5,True,0.1,exemplar_mean,0.0181430669151938,360.77656077871256,386.27169603006615,997.5069050345004,1.25,1.0833333333333333,1.125,1.0739583333333331
36,mi_concept,3.1622776601683795,0.3,1.0,1.0,,0.5,True,0.1,exemplar_mean,0.1066214162003726,344.1374824504618,363.1836159749219,5386.347452697698,1.0833333333333333,1.0,1.0,1.034375
37,mi_concept,3.1622776601683795e-05,0.3,1.0,1.0,,0.5,True,0.2,exemplar_mean,0.2964172707179919,305.4019416402,349.36076195606546,117.27212219567777,20.322916666666668,16.75,13.260416666666666,14.642708333333337
37,mi_concept,0.0001,0.3,1.0,1.0,,0.5,True,0.2,exemplar_mean,0.2033292912196612,324.97775450193745,385.7545641095048,133.25608402779957,14.104166666666666,12.0625,9.75,9.861458333333337
37,mi_concept,0.0003162277660168,0.3,1.0,1.0,,0.5,True,0.2,exemplar_mean,0.2235441612738461,320.8282398789916,373.28138316191047,205.25852305094264,9.385416666666666,7.895833333333333,5.552083333333333,6.7614583333333345
37,mi_concept,0.001,0.3,1.0,1.0,,0.5,True,0.2,exemplar_mean,0.1895388046843952,327.7783928770451,381.31130000737295,238.3972695385199,7.104166666666667,5.375,4.5625,4.633333333333334
37,mi_concept,0.0031622776601683,0.3,1.0,1.0,,0.5,True,0.2,exemplar_mean,0.2400527255821522,317.3992816448209,370.48709951177494,325.03789597507307,5.145833333333333,3.71875,3.0,3.1781249999999996
37,mi_concept,0.01,0.3,1.0,1.0,,0.5,True,0.2,exemplar_mean,0.1897812955975639,327.72935337427367,376.7412268137873,377.7247682142292,3.6354166666666665,2.6041666666666665,2.083333333333333,2.2677083333333337
37,mi_concept,0.0316227766016837,0.3,1.0,1.0,,0.5,True,0.2,exemplar_mean,0.1300514644724422,339.59476697965033,387.5576378797419,422.4389780463415,2.739583333333333,2.145833333333333,1.5520833333333333,1.6666666666666667
37,mi_concept,0.1,0.3,1.0,1.0,,0.5,True,0.2,exemplar_mean,0.1110660331179791,343.28036181554216,389.1574806376793,674.7273078256096,1.9583333333333333,1.65625,1.2291666666666667,1.3208333333333333
37,mi_concept,0.3162277660168379,0.3,1.0,1.0,,0.5,True,0.2,exemplar_mean,0.0514112988321246,354.6117994414091,387.74590501732354,1010.4739826904582,1.375,1.3333333333333333,1.1041666666666667,1.1583333333333332
37,mi_concept,1.0,0.3,1.0,1.0,,0.5,True,0.2,exemplar_mean,0.1693365032599093,331.8385000202548,388.5200668544079,5551.804628666334,1.1458333333333333,1.0833333333333333,1.0416666666666667,1.0708333333333333
37,mi_concept,3.1622776601683795,0.3,1.0,1.0,,0.5,True,0.2,exemplar_mean,0.0065345265189235,364.0945755317696,362.86747243175705,-1883.89183017462,1.0104166666666667,1.0625,1.0208333333333333,1.0302083333333334
38,mi_concept,3.1622776601683795e-05,0.3,1.0,1.0,,1.0,True,0.1,exemplar_mean,0.2659057725752143,311.9536799513776,355.1308555452107,182.84640062837556,13.010416666666666,11.083333333333334,8.71875,9.406249999999998
38,mi_concept,0.0001,0.3,1.0,1.0,,1.0,True,0.1,exemplar_mean,0.2133870353202278,322.9198623237682,377.2311752264913,167.04922499061288,10.510416666666666,7.125,5.59375,6.330208333333333
38,mi_concept,0.0003162277660168,0.3,1.0,1.0,,1.0,True,0.1,exemplar_mean,0.3049554490256633,303.5432152860217,332.540699501658,222.63777643530193,7.979166666666667,5.177083333333333,3.7291666666666665,4.386458333333333
38,mi_concept,0.001,0.3,1.0,1.0,,1.0,True,0.1,exemplar_mean,0.15053439652313,335.5730751143093,384.9713333212935,188.4403052086203,6.072916666666667,4.083333333333333,2.739583333333333,2.9229166666666666
38,mi_concept,0.0031622776601683,0.3,1.0,1.0,,1.0,True,0.1,exemplar_mean,0.2330251714694972,318.86346720070435,373.12512985781905,272.1030671942009,4.71875,3.0416666666666665,1.7604166666666667,2.2177083333333334
38,mi_concept,0.01,0.3,1.0,1.0,,1.0,True,0.1,exemplar_mean,0.2044478747460035,324.7495281792263,379.4415040904808,300.5597195348156,3.9583333333333335,2.4791666666666665,1.53125,1.7177083333333332
38,mi_concept,0.0316227766016837,0.3,1.0,1.0,,1.0,True,0.1,exemplar_mean,0.1120419683623439,343.0918712083368,393.7711704667133,308.9045668555636,2.645833333333333,2.364583333333333,1.2291666666666667,1.428125
38,mi_concept,0.1,0.3,1.0,1.0,,1.0,True,0.1,exemplar_mean,0.1360329210396249,338.4252868920216,386.7149578304706,669.3874667121469,1.9166666666666667,1.6145833333333333,1.15625,1.3239583333333331
38,mi_concept,0.3162277660168379,0.3,1.0,1.0,,1.0,True,0.1,exemplar_mean,0.0418614822705851,356.39233773739824,389.9828297739903,625.185760688272,1.5,1.3958333333333333,1.1145833333333333,1.1854166666666666
38,mi_concept,1.0,0.3,1.0,1.0,,1.0,True,0.1,exemplar_mean,1.1709206741070725e-06,364.09436236877434,378.53430284429425,10.766863439108496,1.1770833333333333,1.1145833333333333,1.0416666666666667,1.0875
38,mi_concept,3.1622776601683795,0.3,1.0,1.0,,1.0,True,0.1,exemplar_mean,0.1857797597092876,328.53765706180525,334.57960941247063,9345.695482861203,1.0729166666666667,1.03125,1.0104166666666667,1.0427083333333331
39,mi_concept,3.1622776601683795e-05,0.3,1.0,1.0,,1.0,True,0.2,exemplar_mean,0.3057287995376557,303.37429759931166,333.4494240688274,110.84666318633003,20.75,16.520833333333332,13.46875,14.948958333333334
39,mi_concept,0.0001,0.3,1.0,1.0,,1.0,True,0.2,exemplar_mean,0.1824201394441974,329.214762271569,375.0391830022564,115.50585190339652,14.71875,11.5,8.71875,9.830208333333331
39,mi_concept,0.0003162277660168,0.3,1.0,1.0,,1.0,True,0.2,exemplar_mean,0.1237049094033733,340.83124261684503,390.5732808989084,155.46339920526924,9.614583333333334,8.270833333333334,6.114583333333333,6.647916666666667
39,mi_concept,0.001,0.3,1.0,1.0,,1.0,True,0.2,exemplar_mean,0.1914872402399591,327.38414859389457,380.5427992605091,201.64559849495032,7.708333333333333,5.604166666666667,4.125,4.598958333333333
39,mi_concept,0.0031622776601683,0.3,1.0,1.0,,1.0,True,0.2,exemplar_mean,0.2042934172268874,324.78105192886034,376.8190464026042,253.29386069463928,5.645833333333333,4.010416666666667,3.09375,3.211458333333333
39,mi_concept,0.01,0.3,1.0,1.0,,1.0,True,0.2,exemplar_mean,0.2284162589505153,319.8200909226479,371.5111720201036,362.7750054646699,4.114583333333333,2.645833333333333,2.125,2.278125
39,mi_concept,0.0316227766016837,0.3,1.0,1.0,,1.0,True,0.2,exemplar_mean,0.2075191079346185,324.1220733846491,384.17371847995,486.0882078295249,2.90625,2.302083333333333,1.53125,1.725
39,mi_concept,0.1,0.3,1.0,1.0,,1.0,True,0.2,exemplar_mean,0.1740716776343728,330.8913301493254,380.62886271885134,704.6277004182056,2.0729166666666665,1.84375,1.2395833333333333,1.4208333333333332
39,mi_concept,0.3162277660168379,0.3,1.0,1.0,,1.0,True,0.2,exemplar_mean,0.0538678952442446,354.1523259048187,389.349854052358,879.3644127053894,1.46875,1.3645833333333333,1.0833333333333333,1.1864583333333334
39,mi_concept,1.0,0.3,1.0,1.0,,1.0,True,0.2,exemplar_mean,0.0360243652775316,357.4762859191034,391.97062675371905,2083.300930234347,1.1354166666666667,1.1458333333333333,1.03125,1.0854166666666667
39,mi_concept,3.1622776601683795,0.3,1.0,1.0,,1.0,True,0.2,exemplar_mean,0.2847880243617568,307.9155328526465,314.45027018743946,8555.983899647452,1.09375,1.0520833333333333,1.0208333333333333,1.0447916666666668
40,mi_concept,3.1622776601683795e-05,0.3,10.0,0.1,,0.5,True,0.1,exemplar_mean,0.3741580923409237,288.03583948562374,312.4306488580182,40.008212605270565,44.47916666666666,36.44791666666666,22.09375,30.612499999999994
40,mi_concept,0.0001,0.3,10.0,0.1,,0.5,True,0.1,exemplar_mean,0.2960050607260496,305.4913918876412,340.82369313540323,54.11135063419657,31.6875,24.291666666666668,15.791666666666666,20.06875
40,mi_concept,0.0003162277660168,0.3,10.0,0.1,,0.5,True,0.1,exemplar_mean,0.3177213990381718,300.7426926308823,328.7761572935468,75.49247328466029,21.86458333333333,17.34375,10.875,13.497916666666669
40,mi_concept,0.001,0.3,10.0,0.1,,0.5,True,0.1,exemplar_mean,0.3142259404198543,301.51209288021533,335.4809232181339,104.50723845615536,14.760416666666666,11.572916666666666,6.416666666666667,9.01458333333333
40,mi_concept,0.0031622776601683,0.3,10.0,0.1,,0.5,True,0.1,exemplar_mean,0.3064076571413736,303.2259418003766,339.0796300292669,167.3895754286048,9.583333333333334,7.291666666666667,4.375,5.680208333333334
40,mi_concept,0.01,0.3,10.0,0.1,,0.5,True,0.1,exemplar_mean,0.1802926080263128,329.64283035118143,384.8301522939109,180.67125210109495,6.28125,5.291666666666667,3.125,3.634375
40,mi_concept,0.0316227766016837,0.3,10.0,0.1,,0.5,True,0.1,exemplar_mean,0.0985933648085217,345.68026315603674,391.4759189284641,252.9974953326168,3.4166666666666665,3.3854166666666665,2.0,2.3677083333333337
40,mi_concept,0.1,0.3,10.0,0.1,,0.5,True,0.1,exemplar_mean,0.1348260428222848,338.6615780536426,384.9078281464357,472.5723312416909,2.25,2.2291666666666665,1.4166666666666667,1.690625
40,mi_concept,0.3162277660168379,0.3,10.0,0.1,,0.5,True,0.1,exemplar_mean,0.1483453482824833,336.0051779587315,374.8077574941038,1156.3593299455997,1.4895833333333333,1.4270833333333333,1.1041666666666667,1.2791666666666663
40,mi_concept,1.0,0.3,10.0,0.1,,0.5,True,0.1,exemplar_mean,0.170607256664632,331.5845787255309,359.4318595700828,3638.825098576702,1.15625,1.1041666666666667,1.0729166666666667,1.1
40,mi_concept,3.1622776601683795,0.3,10.0,0.1,,0.5,True,0.1,exemplar_mean,0.0624547239939281,352.54156945434676,372.80045365343824,3772.798815102468,1.0416666666666667,1.0625,1.0104166666666667,1.0364583333333337
41,mi_concept,3.1622776601683795e-05,0.3,10.0,0.1,,0.5,True,0.2,exemplar_mean,0.1721294156918948,331.28016549492526,372.07778433139066,21.93367364336171,59.03125,56.75,33.760416666666664,44.59895833333333
41,mi_concept,0.0001,0.3,10.0,0.1,,0.5,True,0.2,exemplar_mean,0.213872889057078,322.8201207338671,365.0784988427239,32.336576123780546,43.01041666666666,36.0625,22.28125,28.95625
41,mi_concept,0.0003162277660168,0.3,10.0,0.1,,0.5,True,0.2,exemplar_mean,0.2974413077776708,305.17961043985713,332.3492994995763,54.71672994596833,29.14583333333333,22.166666666666668,13.59375,18.949999999999996
41,mi_concept,0.001,0.3,10.0,0.1,,0.5,True,0.2,exemplar_mean,0.2045871196980962,324.72110659003937,377.7092302962057,57.40415819372143,20.572916666666668,15.1875,8.614583333333334,11.839583333333334
41,mi_concept,0.0031622776601683,0.3,10.0,0.1,,0.5,True,0.2,exemplar_mean,0.145468234604447,336.5722564128172,388.9153538919225,75.27119504133415,12.958333333333334,9.739583333333334,4.697916666666667,7.0583333333333345
41,mi_concept,0.01,0.3,10.0,0.1,,0.5,True,0.2,exemplar_mean,0.1557103757184777,334.54915301736077,385.5561355664442,131.206250105704,7.416666666666667,5.791666666666667,3.2604166666666665,4.385416666666666
41,mi_concept,0.0316227766016837,0.3,10.0,0.1,,0.5,True,0.2,exemplar_mean,0.0888924918366557,347.53537834637365,386.44644311781786,177.90527417657665,4.34375,3.7604166666666665,2.09375,2.665625
41,mi_concept,0.1,0.3,10.0,0.1,,0.5,True,0.2,exemplar_mean,0.0086690794706596,362.51295787308766,380.3955565995067,146.31127277389567,2.1354166666666665,2.2916666666666665,1.53125,1.74375
41,mi_concept,0.3162277660168379,0.3,10.0,0.1,,0.5,True,0.2,exemplar_mean,0.0168983999912786,361.0051604946202,366.31380868246737,524.7151030702588,1.3229166666666667,1.4270833333333333,1.2395833333333333,1.3270833333333332
41,mi_concept,1.0,0.3,10.0,0.1,,0.5,True,0.2,exemplar_mean,0.1010368550373214,345.21141840284133,349.5129066315193,3524.5888220681218,1.1354166666666667,1.1354166666666667,1.0833333333333333,1.103125
41,mi_concept,3.1622776601683795,0.3,10.0,0.1,,0.5,True,0.2,exemplar_mean,0.0017470998675677,363.7763816995665,392.86732878357407,885.6721302258833,1.0416666666666667,1.0520833333333333,1.0208333333333333,1.0364583333333333
42,mi_concept,3.1622776601683795e-05,0.3,10.0,0.1,,1.0,True,0.1,exemplar_mean,0.3361374432225626,296.65610874053203,322.3793112128904,39.65869634946678,46.0,34.65625,23.58333333333333,30.48125
42,mi_concept,0.0001,0.3,10.0,0.1,,1.0,True,0.1,exemplar_mean,0.2547784282220579,314.30907285790215,363.6349888387221,47.380872423129986,31.041666666666668,24.0,14.697916666666666,19.580208333333335
42,mi_concept,0.0003162277660168,0.3,10.0,0.1,,1.0,True,0.1,exemplar_mean,0.2494338475028376,315.43414031336386,357.4659976782665,66.36439656240266,20.75,18.05208333333333,9.104166666666666,13.327083333333334
42,mi_concept,0.001,0.3,10.0,0.1,,1.0,True,0.1,exemplar_mean,0.2510483215821887,315.09470694544905,362.3632059734882,106.07217302653072,14.09375,10.760416666666666,6.927083333333333,8.594791666666666
42,mi_concept,0.0031622776601683,0.3,10.0,0.1,,1.0,True,0.1,exemplar_mean,0.1792940225921534,329.8435582820239,385.0783868014341,115.1698992350024,9.479166666666666,8.052083333333334,4.1875,5.528125000000001
42,mi_concept,0.01,0.3,10.0,0.1,,1.0,True,0.1,exemplar_mean,0.1702888316451037,331.6482245040675,372.394616633551,186.71212989847615,5.708333333333333,4.947916666666667,2.8854166666666665,3.703125
42,mi_concept,0.0316227766016837,0.3,10.0,0.1,,1.0,True,0.1,exemplar_mean,0.126286386578545,340.32884506547384,385.86675395363824,252.98782569727632,3.59375,3.21875,2.0,2.3843749999999995
42,mi_concept,0.1,0.3,10.0,0.1,,1.0,True,0.1,exemplar_mean,0.0601669934486353,352.971430674824,390.0229700268322,414.6064707754829,1.8958333333333333,2.1875,1.375,1.6177083333333335
42,mi_concept,0.3162277660168379,0.3,10.0,0.1,,1.0,True,0.1,exemplar_mean,0.0299758285623017,358.5960379270281,382.7901579288027,706.719681950103,1.3541666666666667,1.2916666666666667,1.1041666666666667,1.2666666666666666
42,mi_concept,1.0,0.3,10.0,0.1,,1.0,True,0.1,exemplar_mean,0.0240734205765802,364.0945755317696,360.26577905524965,-1462.976418889937,1.0833333333333333,1.1770833333333333,1.0520833333333333,1.071875
42,mi_concept,3.1622776601683795,0.3,10.0,0.1,,1.0,True,0.1,exemplar_mean,0.0174705923351911,364.0945755317696,360.26577905524965,-2294.429902918611,1.0104166666666667,1.0416666666666667,1.0208333333333333,1.025
43,mi_concept,3.1622776601683795e-05,0.3,10.0,0.1,,1.0,True,0.2,exemplar_mean,0.237166905862893,318.0013557762294,362.31006877727975,27.381450433391382,61.489583333333336,54.15625,35.5625,44.65208333333333
43,mi_concept,0.0001,0.3,10.0,0.1,,1.0,True,0.2,exemplar_mean,0.220821277804902,321.39028947608637,372.36071834909944,29.13341347661546,47.0625,39.489583333333336,22.416666666666668,28.646875
43,mi_concept,0.0003162277660168,0.3,10.0,0.1,,1.0,True,0.2,exemplar_mean,0.2129917784164279,323.0009824432283,381.0658743663148,36.29288980345506,34.510416666666664,24.92708333333333,14.28125,18.413541666666667
43,mi_concept,0.001,0.3,10.0,0.1,,1.0,True,0.2,exemplar_mean,0.1477072541769175,336.131028723631,391.0663557752552,55.17851019725835,18.71875,15.739583333333334,8.229166666666666,11.266666666666667
43,mi_concept,0.0031622776601683,0.3,10.0,0.1,,1.0,True,0.2,exemplar_mean,0.0880933038577258,347.6877671774533,383.3782252865819,62.83407547973715,10.677083333333334,10.416666666666666,5.552083333333333,7.169791666666667
43,mi_concept,0.01,0.3,10.0,0.1,,1.0,True,0.2,exemplar_mean,0.0349424913090898,357.6768282480804,385.5916230343458,69.02667323535634,5.75,6.6875,3.53125,4.38125
43,mi_concept,0.0316227766016837,0.3,10.0,0.1,,1.0,True,0.2,exemplar_mean,0.1147326989665648,342.5716505544141,379.9477402770815,244.36484481919487,3.65625,3.6458333333333335,2.34375,2.7885416666666663
43,mi_concept,0.1,0.3,10.0,0.1,,1.0,True,0.2,exemplar_mean,0.0010601445788225,363.9015279083897,373.3799043820594,59.8342385870129,1.84375,2.145833333333333,1.71875,1.7760416666666663
43,mi_concept,0.3162277660168379,0.3,10.0,0.1,,1.0,True,0.2,exemplar_mean,0.0720382253517209,364.0945755317696,360.26577905524965,-1406.203629416652,1.1875,1.2604166666666667,1.2604166666666667,1.2833333333333334
43,mi_concept,1.0,0.3,10.0,0.1,,1.0,True,0.2,exemplar_mean,0.0041424990640358,364.0945755317696,360.73705649587,-941.0997878281164,1.0833333333333333,1.1145833333333333,1.09375,1.0958333333333332
43,mi_concept,3.1622776601683795,0.3,10.0,0.1,,1.0,True,0.2,exemplar_mean,0.0267416106748232,364.0945755317696,366.9840068323768,-3589.860855727685,1.0416666666666667,1.0520833333333333,1.0208333333333333,1.028125
44,mi_concept,3.1622776601683795e-05,0.3,10.0,1.0,,0.5,True,0.1,exemplar_mean,0.212660318908244,323.0689934713112,378.8524297451358,58.64125442124016,23.260416666666668,17.135416666666668,10.822916666666666,13.351041666666667
44,mi_concept,0.0001,0.3,10.0,1.0,,0.5,True,0.1,exemplar_mean,0.1946815450669868,326.7367873052794,381.8434133290214,84.09216971309601,15.604166666666666,12.25,7.697916666666667,9.085416666666664
44,mi_concept,0.0003162277660168,0.3,10.0,1.0,,0.5,True,0.1,exemplar_mean,0.1696964437051042,331.7665966323187,385.17871154665994,106.01456396616872,11.0625,7.791666666666667,5.104166666666667,6.055208333333334
44,mi_concept,0.001,0.3,10.0,1.0,,0.5,True,0.1,exemplar_mean,0.2207701209811413,321.4008397106314,379.68852376263413,168.1153620824143,8.09375,5.34375,3.333333333333333,4.20625
44,mi_concept,0.0031622776601683,0.3,10.0,1.0,,0.5,True,0.1,exemplar_mean,0.1636825723212757,332.9659181637602,384.3877795712374,170.6175229749699,5.96875,4.322916666666667,2.3229166666666665,2.965625
44,mi_concept,0.01,0.3,10.0,1.0,,0.5,True,0.1,exemplar_mean,0.2229780188250516,320.94518238832876,376.8443307183282,253.4765108532019,4.71875,2.8854166666666665,1.8020833333333333,2.14375
44,mi_concept,0.0316227766016837,0.3,10.0,1.0,,0.5,True,0.1,exemplar_mean,0.1746952988726699,330.7663859975566,387.80865001098294,322.8544380888692,3.177083333333333,2.5104166666666665,1.3125,1.5802083333333332
44,mi_concept,0.1,0.3,10.0,1.0,,0.5,True,0.1,exemplar_mean,0.2135703085124778,322.8822415341878,373.745999308685,570.9074062282187,2.270833333333333,1.6666666666666667,1.0833333333333333,1.3479166666666669
44,mi_concept,0.3162277660168379,0.3,10.0,1.0,,0.5,True,0.1,exemplar_mean,0.1861954342342291,328.4537840739309,385.90787194590274,1047.4206730405388,1.7083333333333333,1.375,1.0625,1.1510416666666663
44,mi_concept,1.0,0.3,10.0,1.0,,0.5,True,0.1,exemplar_mean,0.0541615057275032,354.09737009925004,393.7104314126786,1524.0041067971945,1.1979166666666667,1.2083333333333333,1.0208333333333333,1.0739583333333336
44,mi_concept,3.1622776601683795,0.3,10.0,1.0,,0.5,True,0.1,exemplar_mean,0.2023477632234278,325.1778852297018,372.9005643513444,6654.4155230606475,1.1041666666666667,1.03125,1.0,1.0239583333333333
45,mi_concept,3.1622776601683795e-05,0.3,10.0,1.0,,0.5,True,0.2,exemplar_mean,0.1394696462424006,337.75151489344586,386.9138923624913,38.97824494880109,30.947916666666668,26.42708333333333,18.416666666666668,20.922916666666666
45,mi_concept,0.0001,0.3,10.0,1.0,,0.5,True,0.2,exemplar_mean,0.1466248549917843,336.3444017181997,385.3159159533338,49.94904732709747,23.697916666666668,17.5,12.09375,14.011458333333332
45,mi_concept,0.0003162277660168,0.3,10.0,1.0,,0.5,True,0.2,exemplar_mean,0.168701648374405,331.9652836437365,387.7551231219978,75.16896757780741,15.947916666666666,13.385416666666666,8.15625,9.482291666666669
45,mi_concept,0.001,0.3,10.0,1.0,,0.5,True,0.2,exemplar_mean,0.1400707764888391,337.6335247955951,387.6427089308336,89.45770047261763,11.104166666666666,8.739583333333334,5.28125,6.338541666666667
45,mi_concept,0.0031622776601683,0.3,10.0,1.0,,0.5,True,0.2,exemplar_mean,0.1704835215228222,331.60931196263255,387.16954825943986,137.9815010230484,7.927083333333333,6.052083333333333,3.333333333333333,4.258333333333334
45,mi_concept,0.01,0.3,10.0,1.0,,0.5,True,0.2,exemplar_mean,0.2000220845442945,325.65159344122134,379.2806222450003,227.75710841406945,5.083333333333333,4.239583333333333,2.1979166666666665,2.8968750000000005
45,mi_concept,0.0316227766016837,0.3,10.0,1.0,,0.5,True,0.2,exemplar_mean,0.2120879232539652,323.18640765400556,371.27311646943735,346.80902397670167,3.6875,2.75,1.6770833333333333,2.0249999999999995
45,mi_concept,0.1,0.3,10.0,1.0,,0.5,True,0.2,exemplar_mean,0.1881208284999606,328.0650067461242,384.77570350705935,537.9311159176306,2.4166666666666665,1.90625,1.15625,1.4541666666666668
45,mi_concept,0.3162277660168379,0.3,10.0,1.0,,0.5,True,0.2,exemplar_mean,0.1328623071794211,339.0457001500276,384.6810562727015,1060.2564520844753,1.5729166666666667,1.3125,1.09375,1.1791666666666667
45,mi_concept,1.0,0.3,10.0,1.0,,0.5,True,0.2,exemplar_mean,0.0508524294968408,354.71624538245527,385.65575257730313,1807.7357833264928,1.1979166666666667,1.1354166666666667,1.0208333333333333,1.053125
45,mi_concept,3.1622776601683795,0.3,10.0,1.0,,0.5,True,0.2,exemplar_mean,0.1102665015661778,343.4347049970125,380.172766294622,6063.255315057757,1.0625,1.0520833333333333,1.0104166666666667,1.0281249999999995
46,mi_concept,3.1622776601683795e-05,0.3,10.0,1.0,,1.0,True,0.1,exemplar_mean,0.1780477892242776,330.09389526618247,385.76285703141485,60.12340690618349,22.375,17.5625,11.916666666666666,13.738541666666666
46,mi_concept,0.0001,0.3,10.0,1.0,,1.0,True,0.1,exemplar_mean,0.17426845046942,330.851911290646,384.990636342408,79.12365952517466,15.864583333333334,12.177083333333334,7.708333333333333,9.2875
46,mi_concept,0.0003162277660168,0.3,10.0,1.0,,1.0,True,0.1,exemplar_mean,0.244555306935728,316.45761157251485,361.8395701444415,129.7575639587555,10.6875,7.833333333333333,4.833333333333333,6.223958333333333
46,mi_concept,0.001,0.3,10.0,1.0,,1.0,True,0.1,exemplar_mean,0.1831513793666551,329.0675052016358,382.3956629669232,137.18435347715092,8.15625,6.239583333333333,3.302083333333333,4.322916666666666
46,mi_concept,0.0031622776601683,0.3,10.0,1.0,,1.0,True,0.1,exemplar_mean,0.2429786038838776,316.7876818018704,373.4715423479112,201.26687002077503,6.166666666666667,4.072916666666667,2.333333333333333,2.992708333333333
46,mi_concept,0.01,0.3,10.0,1.0,,1.0,True,0.1,exemplar_mean,0.1550182129164555,334.6862594274426,386.5244855007022,199.7453271736837,4.65625,3.177083333333333,1.6458333333333333,2.08125
46,mi_concept,0.0316227766016837,0.3,10.0,1.0,,1.0,True,0.1,exemplar_mean,0.188256273965669,328.03764013012966,385.1970233398492,307.27354260618404,3.40625,2.5625,1.3541666666666667,1.6447916666666669
46,mi_concept,0.1,0.3,10.0,1.0,,1.0,True,0.1,exemplar_mean,0.1500250883939574,335.6736586365986,387.77308226658016,447.4631827262703,2.4479166666666665,1.8645833333333333,1.0729166666666667,1.3177083333333333
46,mi_concept,0.3162277660168379,0.3,10.0,1.0,,1.0,True,0.1,exemplar_mean,0.1812487889898193,329.45051161963795,385.25084084074126,1199.1199763344075,1.6041666666666667,1.3229166666666667,1.0520833333333333,1.1874999999999998
46,mi_concept,1.0,0.3,10.0,1.0,,1.0,True,0.1,exemplar_mean,0.1956484920355991,326.5405717351519,382.6722559861698,2278.067797392962,1.3333333333333333,1.09375,1.0208333333333333,1.0770833333333336
46,mi_concept,3.1622776601683795,0.3,10.0,1.0,,1.0,True,0.1,exemplar_mean,0.0002051421083502,364.0945755317696,364.4829437040976,-211.36462142827963,1.0416666666666667,1.1041666666666667,1.0208333333333333,1.0270833333333331
47,mi_concept,3.1622776601683795e-05,0.3,10.0,1.0,,1.0,True,0.2,exemplar_mean,0.0998711791289381,345.4351618744423,389.2724354842896,30.619234776637832,32.583333333333336,28.78125,18.84375,21.2875
47,mi_concept,0.0001,0.3,10.0,1.0,,1.0,True,0.2,exemplar_mean,0.1880647585360824,328.0763349561232,382.42893601725063,56.85378205364411,23.40625,17.677083333333332,11.625,14.186458333333334
47,mi_concept,0.0003162277660168,0.3,10.0,1.0,,1.0,True,0.2,exemplar_mean,0.1634103240728132,333.0201093170801,384.9860999043973,69.51977620608018,15.75,13.479166666666666,7.958333333333333,9.635416666666666
47,mi_concept,0.001,0.3,10.0,1.0,,1.0,True,0.2,exemplar_mean,0.158743871057291,333.9476020275341,388.23792080565585,92.75940923050024,11.145833333333334,9.333333333333334,4.541666666666667,6.354166666666666
47,mi_concept,0.0031622776601683,0.3,10.0,1.0,,1.0,True,0.2,exemplar_mean,0.1911607464904721,327.45024408101847,382.30207697947645,148.5908760084028,7.916666666666667,5.822916666666667,3.53125,4.319791666666666
47,mi_concept,0.01,0.3,10.0,1.0,,1.0,True,0.2,exemplar_mean,0.1653343076731094,332.6369501319357,384.8577339291532,174.97782625939743,5.979166666666667,4.15625,2.208333333333333,2.815625
47,mi_concept,0.0316227766016837,0.3,10.0,1.0,,1.0,True,0.2,exemplar_mean,0.2237650625289287,320.78259890448084,377.5844330855765,289.2707034987595,4.177083333333333,2.864583333333333,1.59375,1.9958333333333331
47,mi_concept,0.1,0.3,10.0,1.0,,1.0,True,0.2,exemplar_mean,0.154264511952676,334.8354917153007,385.4216182629607,461.88024955678935,2.46875,1.9791666666666667,1.2395833333333333,1.4875
47,mi_concept,0.3162277660168379,0.3,10.0,1.0,,1.0,True,0.2,exemplar_mean,0.1673211554207357,332.24080784832296,385.75166350124584,1030.9830173663138,1.625,1.40625,1.0416666666666667,1.1999999999999995
47,mi_concept,1.0,0.3,10.0,1.0,,1.0,True,0.2,exemplar_mean,0.0093342527447275,362.39131615422025,381.8132776634168,545.5403294101909,1.21875,1.2395833333333333,1.0416666666666667,1.0635416666666666
47,mi_concept,3.1622776601683795,0.3,10.0,1.0,,1.0,True,0.2,exemplar_mean,0.0658587197041211,351.90099172750894,380.74138868593985,3853.119051601882,1.0625,1.03125,1.0208333333333333,1.03125
0,surprisal_b,0.01,0.03,1.0,0.1,,0.5,True,0.1,exemplar_mean,,,,,80.0,80.0,80.0,80.0
0,surprisal_b,0.0251188643150957,0.03,1.0,0.1,,0.5,True,0.1,exemplar_mean,0.0139561255619677,361.5449738294651,382.5976231339499,17.088858037974425,70.79166666666667,69.98958333333333,69.125,67.24375
0,surprisal_b,0.0630957344480193,0.03,1.0,0.1,,0.5,True,0.1,exemplar_mean,0.327969984183877,298.47540085664565,317.4176967663712,70.69163328328192,55.052083333333336,58.29166666666666,47.34375,53.27708333333334
0,surprisal_b,0.1584893192461114,0.03,1.0,0.1,,0.5,True,0.1,exemplar_mean,0.3313637600198282,297.7207911755626,322.94466258704523,65.83554710886195,35.854166666666664,30.86458333333333,27.70833333333333,32.89375
0,surprisal_b,0.3981071705534973,0.03,1.0,0.1,,0.5,True,0.1,exemplar_mean,0.0739304156465583,350.3773462094605,380.01446964371735,59.48571072755055,16.3125,18.166666666666668,12.1875,14.963541666666668
0,surprisal_b,1.0,0.03,1.0,0.1,,0.5,True,0.1,exemplar_mean,0.149498841768888,335.7775557011242,394.33213954141263,160.87270557319428,8.864583333333334,7.447916666666667,5.25,6.557291666666667
0,surprisal_b,2.511886431509582,0.03,1.0,0.1,,0.5,True,0.1,exemplar_mean,0.1034409642574668,344.74950760468477,380.98254428210174,297.71185680557556,4.135416666666667,3.7708333333333335,2.645833333333333,3.2145833333333327
0,surprisal_b,6.309573444801936,0.03,1.0,0.1,,0.5,True,0.1,exemplar_mean,0.2736096717294716,310.31247497143056,331.20807011957214,1294.8860701576975,2.2916666666666665,2.1354166666666665,1.6145833333333333,1.9677083333333332
0,surprisal_b,15.848931924611142,0.03,1.0,0.1,,0.5,True,0.1,exemplar_mean,0.3430375696027442,295.1103735316243,303.12667529214843,2712.6911004065796,1.5833333333333333,1.3854166666666667,1.375,1.415625
0,surprisal_b,39.81071705534973,0.03,1.0,0.1,,0.5,True,0.1,exemplar_mean,0.1146564602968373,342.5864012656505,377.85866353851776,2728.458083080063,1.2291666666666667,1.21875,1.1145833333333333,1.15
0,surprisal_b,100.0,0.03,1.0,0.1,,0.5,True,0.1,exemplar_mean,0.0002443898769666,364.0500822989204,369.290919681048,222.57114217224623,1.0729166666666667,1.03125,1.0520833333333333,1.0666666666666669
1,surprisal_b,0.01,0.03,1.0,0.1,,0.5,True,0.2,exemplar_mean,0.1250392158545632,340.57165735852834,347.8194266626601,68.85962505518616,74.95833333333333,72.63541666666667,71.29166666666667,74.23125
1,surprisal_b,0.0251188643150957,0.03,1.0,0.1,,0.5,True,0.2,exemplar_mean,0.367582516217227,289.54504857793,305.44006683254173,94.63179059708276,69.34375,67.27083333333333,67.01041666666667,66.26979166666666
1,surprisal_b,0.0630957344480193,0.03,1.0,0.1,,0.5,True,0.2,exemplar_mean,0.0001033628655388,364.0945755317696,365.84425782669194,-1.5851063645714123,52.802083333333336,48.864583333333336,48.875,48.494791666666664
1,surprisal_b,0.1584893192461114,0.03,1.0,0.1,,0.5,True,0.2,exemplar_mean,0.0301602566821169,358.5619468503201,392.33533427731,24.74083566344617,31.40625,31.98958333333333,26.010416666666668,27.38958333333333
1,surprisal_b,0.3981071705534973,0.03,1.0,0.1,,0.5,True,0.2,exemplar_mean,0.0019560648688304,363.7383049203174,381.3343457170424,9.634832765740054,14.375,16.802083333333332,11.708333333333334,12.497916666666669
1,surprisal_b,1.0,0.03,1.0,0.1,,0.5,True,0.2,exemplar_mean,0.2402533749878414,317.35737730244716,350.83987958778016,284.8165511932047,6.645833333333333,5.583333333333333,4.541666666666667,5.930208333333334
1,surprisal_b,2.511886431509582,0.03,1.0,0.1,,0.5,True,0.2,exemplar_mean,0.2364920347626266,318.1419910486491,321.65045320770474,587.2600502239638,3.71875,3.239583333333333,3.125,3.0010416666666666
1,surprisal_b,6.309573444801936,0.03,1.0,0.1,,0.5,True,0.2,exemplar_mean,0.2942049048730247,305.8817221181412,327.6749240096641,1353.713181877817,2.2604166666666665,1.9479166666666667,1.7604166666666667,1.84375
1,surprisal_b,15.848931924611142,0.03,1.0,0.1,,0.5,True,0.2,exemplar_mean,0.1147543470327916,342.56746195561016,361.94143283764566,1600.5699364678146,1.4166666666666667,1.4583333333333333,1.375,1.3385416666666667
1,surprisal_b,39.81071705534973,0.03,1.0,0.1,,0.5,True,0.2,exemplar_mean,0.0415800400083548,356.44467698648435,361.2380013701477,1964.980865217677,1.1354166666666667,1.1458333333333333,1.0729166666666667,1.1479166666666667
1,surprisal_b,100.0,0.03,1.0,0.1,,0.5,True,0.2,exemplar_mean,0.0120324942150717,361.89746340836655,391.3029682961988,2328.1822687726503,1.0729166666666667,1.0625,1.0625,1.0583333333333331
2,surprisal_b,0.01,0.03,1.0,0.1,,1.0,True,0.1,exemplar_mean,0.278115875985686,309.34845690070335,319.9711941744641,123.42584665340306,75.20833333333333,75.52083333333333,73.21875,75.225
2,surprisal_b,0.0251188643150957,0.03,1.0,0.1,,1.0,True,0.1,exemplar_mean,2.3955440500914123e-05,364.0945755317696,366.6871846488313,-0.579894410945666,67.71875,65.78125,64.16666666666667,67.56875
2,surprisal_b,0.0630957344480193,0.03,1.0,0.1,,1.0,True,0.1,exemplar_mean,0.3594547420944971,291.3997124125755,296.2862547801339,55.114381509816006,61.94791666666666,57.60416666666666,48.239583333333336,53.40520833333333
2,surprisal_b,0.1584893192461114,0.03,1.0,0.1,,1.0,True,0.1,exemplar_mean,0.0318029550764986,358.25815503143906,372.02804796478864,19.705029110541023,35.020833333333336,32.979166666666664,29.09375,31.869791666666664
2,surprisal_b,0.3981071705534973,0.03,1.0,0.1,,1.0,True,0.1,exemplar_mean,0.083034563551625,348.65082051380847,396.18028269146464,63.91671977746442,18.40625,15.21875,12.96875,14.342708333333334
2,surprisal_b,1.0,0.03,1.0,0.1,,1.0,True,0.1,exemplar_mean,0.1588383954483347,333.9288401550268,343.9493267302819,196.92550977871403,7.4375,7.291666666666667,5.552083333333333,6.796875
2,surprisal_b,2.511886431509582,0.03,1.0,0.1,,1.0,True,0.1,exemplar_mean,0.2163207181783681,322.317133001068,359.6282309463622,550.1835962813066,3.9270833333333335,3.65625,2.71875,3.258333333333333
2,surprisal_b,6.309573444801936,0.03,1.0,0.1,,1.0,True,0.1,exemplar_mean,0.1227770822838187,341.01163208296464,400.78955865716534,854.3240036175629,2.270833333333333,2.0104166666666665,1.8333333333333333,1.94375
2,surprisal_b,15.848931924611142,0.03,1.0,0.1,,1.0,True,0.1,exemplar_mean,0.1971800266993062,326.22954696186713,379.7629179240802,1223.0374286244337,1.84375,1.5520833333333333,1.3020833333333333,1.3958333333333333
2,surprisal_b,39.81071705534973,0.03,1.0,0.1,,1.0,True,0.1,exemplar_mean,0.007021588453283,362.81406262967846,366.3917436833312,803.3402275255175,1.1875,1.2083333333333333,1.125,1.1572916666666666
2,surprisal_b,100.0,0.03,1.0,0.1,,1.0,True,0.1,exemplar_mean,0.0804859843582533,349.134997799914,388.93701582822183,3304.1537393987373,1.125,1.0833333333333333,1.0520833333333333,1.0666666666666669
3,surprisal_b,0.01,0.03,1.0,0.1,,1.0,True,0.2,exemplar_mean,0.0001033642461971,364.0757578648164,373.5258680247095,2.2016135088887485,74.46875,69.82291666666667,74.21875,73.03958333333334
3,surprisal_b,0.0251188643150957,0.03,1.0,0.1,,1.0,True,0.2,exemplar_mean,0.0047105418936605,363.23602189943136,382.7014054983035,9.701587974930726,64.4375,67.875,65.0625,64.9
3,surprisal_b,0.0630957344480193,0.03,1.0,0.1,,1.0,True,0.2,exemplar_mean,0.3036628724407985,303.8253343289523,317.7579893657249,65.96815507133196,51.34375,51.15625,45.51041666666666,49.50208333333333
3,surprisal_b,0.1584893192461114,0.03,1.0,0.1,,1.0,True,0.2,exemplar_mean,0.0877932823100402,347.7449579207273,398.8300728464996,40.69710069348291,36.25,33.0625,27.36458333333333,27.90833333333333
3,surprisal_b,0.3981071705534973,0.03,1.0,0.1,,1.0,True,0.2,exemplar_mean,0.0617171803616239,352.68021005103736,381.2216868334454,68.97275517590377,16.46875,14.645833333333334,12.25,12.895833333333334
3,surprisal_b,1.0,0.03,1.0,0.1,,1.0,True,0.2,exemplar_mean,0.0071272079770308,362.7947665064653,383.5084280175974,57.37413144370835,7.0625,5.614583333333333,5.541666666666667,5.744791666666667
3,surprisal_b,2.511886431509582,0.03,1.0,0.1,,1.0,True,0.2,exemplar_mean,0.2774281644150925,309.49577408241845,346.7218540666545,599.4964209514068,3.8541666666666665,3.1354166666666665,2.8229166666666665,2.958333333333333
3,surprisal_b,6.309573444801936,0.03,1.0,0.1,,1.0,True,0.2,exemplar_mean,0.1605866778684908,333.5816383932612,385.7561805823419,853.3470367313305,2.25,2.03125,1.71875,1.7895833333333333
3,surprisal_b,15.848931924611142,0.03,1.0,0.1,,1.0,True,0.2,exemplar_mean,0.1017273766545734,345.07880910631246,360.55002343626626,1899.6490059380055,1.40625,1.375,1.375,1.3489583333333337
3,surprisal_b,39.81071705534973,0.03,1.0,0.1,,1.0,True,0.2,exemplar_mean,0.0677323402029654,351.54790817157465,372.10261816042606,2924.774255989409,1.1354166666666667,1.1354166666666667,1.1354166666666667,1.1385416666666666
3,surprisal_b,100.0,0.03,1.0,0.1,,1.0,True,0.2,exemplar_mean,0.2432362551220666,316.7337680783363,322.746448272199,9107.314771221469,1.1145833333333333,1.0833333333333333,1.0625,1.0572916666666667
4,surprisal_b,0.01,0.03,1.0,1.0,,0.5,True,0.1,exemplar_mean,0.0803845404063281,364.0945755317696,360.26577905524965,-60.24375500627917,74.34375,77.86458333333333,73.47916666666667,75.52708333333332
4,surprisal_b,0.0251188643150957,0.03,1.0,1.0,,0.5,True,0.1,exemplar_mean,0.0457591512994199,355.66670416143853,370.1399970678796,44.79139598672557,71.6875,70.42708333333333,72.0625,70.46874999999999
4,surprisal_b,0.0630957344480193,0.03,1.0,1.0,,0.5,True,0.1,exemplar_mean,0.001351159133368,364.0945755317696,373.1634358932041,-4.033828797068973,64.19791666666667,66.25,55.333333333333336,58.932291666666664
4,surprisal_b,0.1584893192461114,0.03,1.0,1.0,,0.5,True,0.1,exemplar_mean,0.0764125436249125,349.90747604045436,375.80495296220175,27.386973496359435,48.35416666666666,44.65625,34.25,40.96666666666666
4,surprisal_b,0.3981071705534973,0.03,1.0,1.0,,0.5,True,0.1,exemplar_mean,0.1427078913539246,337.1154228201136,353.60706742761846,54.93724521878513,27.447916666666668,21.30208333333333,18.23958333333333,20.38958333333333
4,surprisal_b,1.0,0.03,1.0,1.0,,0.5,True,0.1,exemplar_mean,0.0757218303288337,350.03829233435124,381.7501338569253,104.58720826058835,11.114583333333334,8.71875,8.6875,8.56875
4,surprisal_b,2.511886431509582,0.03,1.0,1.0,,0.5,True,0.1,exemplar_mean,0.0669360464349408,351.6980129480866,389.9810624103806,254.6874375062345,4.395833333333333,4.21875,3.7395833333333335,4.110416666666667
4,surprisal_b,6.309573444801936,0.03,1.0,1.0,,0.5,True,0.1,exemplar_mean,0.1248478359081386,340.60890189736125,391.11538227595184,578.9643947684472,2.9791666666666665,2.15625,2.333333333333333,2.269791666666667
4,surprisal_b,15.848931924611142,0.03,1.0,1.0,,0.5,True,0.1,exemplar_mean,0.0635941424391571,352.327278743413,389.0008201555968,908.6126544186714,1.7083333333333333,1.4270833333333333,1.4583333333333333,1.5281250000000002
4,surprisal_b,39.81071705534973,0.03,1.0,1.0,,0.5,True,0.1,exemplar_mean,0.3045904398619725,303.6229091073902,312.4037105095371,2650.6051863237853,1.4791666666666667,1.25,1.1458333333333333,1.2166666666666668
4,surprisal_b,100.0,0.03,1.0,1.0,,0.5,True,0.1,exemplar_mean,0.0028952926033532,364.0945755317696,369.9253927751193,-499.4270125611697,1.1145833333333333,1.1145833333333333,1.0625,1.059375
5,surprisal_b,0.01,0.03,1.0,1.0,,0.5,True,0.2,exemplar_mean,0.0934629970848617,346.6625892915353,381.88346010028266,59.89974888330949,77.69791666666667,73.64583333333333,72.98958333333333,75.00104166666667
5,surprisal_b,0.0251188643150957,0.03,1.0,1.0,,0.5,True,0.2,exemplar_mean,0.0188836870894254,360.64046722138175,389.195135974005,24.29946708729274,69.48958333333333,66.15625,65.70833333333333,67.628125
5,surprisal_b,0.0630957344480193,0.03,1.0,1.0,,0.5,True,0.2,exemplar_mean,0.0009334211882108,363.92460906427726,380.20771573726336,3.1140488671350357,58.96875,59.083333333333336,57.82291666666666,55.19895833333332
5,surprisal_b,0.1584893192461114,0.03,1.0,1.0,,0.5,True,0.2,exemplar_mean,0.0085748588748213,362.5301849032506,370.6265240517791,9.98302240546498,37.13541666666666,40.5625,35.614583333333336,34.56041666666666
5,surprisal_b,0.3981071705534973,0.03,1.0,1.0,,0.5,True,0.2,exemplar_mean,0.0621165583989359,352.605143280792,392.9878174328402,37.64338681384755,20.75,16.979166666666668,14.854166666666666,16.804166666666667
5,surprisal_b,1.0,0.03,1.0,1.0,,0.5,True,0.2,exemplar_mean,0.0355418905514829,357.56573408115577,356.41320947486116,77.37428732397616,6.96875,8.010416666666666,6.96875,7.654166666666667
5,surprisal_b,2.511886431509582,0.03,1.0,1.0,,0.5,True,0.2,exemplar_mean,0.1427905281533912,337.0991746762924,375.8325847304123,344.03749431838537,4.239583333333333,4.447916666666667,3.40625,3.6166666666666663
5,surprisal_b,6.309573444801936,0.03,1.0,1.0,,0.5,True,0.2,exemplar_mean,0.1050792298144741,344.4343864215318,387.6971559900075,665.2794933227127,2.5416666666666665,2.46875,2.1979166666666665,2.0645833333333328
5,surprisal_b,15.848931924611142,0.03,1.0,1.0,,0.5,True,0.2,exemplar_mean,0.174592146662123,330.787056071164,360.7544278275929,1831.5892426880323,1.6666666666666667,1.4479166666666667,1.2604166666666667,1.415625
5,surprisal_b,39.81071705534973,0.03,1.0,1.0,,0.5,True,0.2,exemplar_mean,0.1205534660560438,341.44356281772826,397.9085530494052,2891.9840540501596,1.25,1.25,1.1354166666666667,1.1635416666666667
5,surprisal_b,100.0,0.03,1.0,1.0,,0.5,True,0.2,exemplar_mean,0.050986491708677,364.0945755317696,360.26577905524965,-3438.066237631466,1.0520833333333333,1.1041666666666667,1.0729166666666667,1.0593750000000002
6,surprisal_b,0.01,0.03,1.0,1.0,,1.0,True,0.1,exemplar_mean,,,,,80.0,80.0,80.0,80.0
6,surprisal_b,0.0251188643150957,0.03,1.0,1.0,,1.0,True,0.1,exemplar_mean,0.0069115763877586,364.0945755317696,364.8847977485114,-16.42017234615118,69.19791666666667,71.20833333333333,71.10416666666667,70.865625
6,surprisal_b,0.0630957344480193,0.03,1.0,1.0,,1.0,True,0.1,exemplar_mean,0.0864064496799785,348.00919676445506,369.7272275990323,27.47381729576409,62.47916666666666,66.29166666666667,54.78125,59.45833333333333
6,surprisal_b,0.1584893192461114,0.03,1.0,1.0,,1.0,True,0.1,exemplar_mean,0.008292718890878,362.5817656935296,368.8430317975208,9.819649810978971,41.82291666666666,47.57291666666666,40.84375,41.64791666666667
6,surprisal_b,0.3981071705534973,0.03,1.0,1.0,,1.0,True,0.1,exemplar_mean,0.0544804174824141,354.037668926747,369.44600353531456,28.749343417777403,22.77083333333333,24.17708333333333,19.385416666666668,21.209375
6,surprisal_b,1.0,0.03,1.0,1.0,,1.0,True,0.1,exemplar_mean,0.1408523098973481,337.4800634097767,380.19093120415255,116.43649640328866,11.291666666666666,11.125,8.739583333333334,8.95625
6,surprisal_b,2.511886431509582,0.03,1.0,1.0,,1.0,True,0.1,exemplar_mean,0.1458985139579298,336.48750922521515,384.6823513416701,236.73407632193707,6.03125,5.28125,3.5,4.242708333333334
6,surprisal_b,6.309573444801936,0.03,1.0,1.0,,1.0,True,0.1,exemplar_mean,0.0147311753052444,361.40285519166974,386.0650770635527,180.55578605888087,3.020833333333333,2.5,2.0,2.23125
6,surprisal_b,15.848931924611142,0.03,1.0,1.0,,1.0,True,0.1,exemplar_mean,0.2287997493723315,319.74060299517413,351.0001841629008,1695.805458300666,1.8125,1.6979166666666667,1.3645833333333333,1.55
6,surprisal_b,39.81071705534973,0.03,1.0,1.0,,1.0,True,0.1,exemplar_mean,0.2867231116073909,307.49870048872754,332.7392812016059,2973.818749835229,1.34375,1.2708333333333333,1.1875,1.2447916666666663
6,surprisal_b,100.0,0.03,1.0,1.0,,1.0,True,0.1,exemplar_mean,0.0529999351521234,354.3147343137612,370.4501282828368,2682.604036809488,1.1458333333333333,1.0520833333333333,1.09375,1.0947916666666666
7,surprisal_b,0.01,0.03,1.0,1.0,,1.0,True,0.2,exemplar_mean,0.017292190805795,364.0945755317696,362.7919079572871,-27.628361203866767,76.21875,78.95833333333333,73.69791666666667,74.82604166666667
7,surprisal_b,0.0251188643150957,0.03,1.0,1.0,,1.0,True,0.2,exemplar_mean,0.0426592039017023,356.2439452701396,370.72511550427214,32.76228903013692,73.23958333333333,69.88541666666667,65.36458333333333,69.40312499999999
7,surprisal_b,0.0630957344480193,0.03,1.0,1.0,,1.0,True,0.2,exemplar_mean,0.0338082700554612,357.8869533068027,378.40409616715186,19.084623170152963,60.96875,55.71875,53.083333333333336,54.547916666666666
7,surprisal_b,0.1584893192461114,0.03,1.0,1.0,,1.0,True,0.2,exemplar_mean,0.0013246109107958,363.8533538004094,391.344400892686,4.230051331254603,42.239583333333336,37.72916666666666,35.239583333333336,34.38229166666666
7,surprisal_b,0.3981071705534973,0.03,1.0,1.0,,1.0,True,0.2,exemplar_mean,0.3293831006565816,298.16142495176007,315.69458346220847,103.3043520277298,22.260416666666668,15.864583333333334,15.041666666666666,16.853125
7,surprisal_b,1.0,0.03,1.0,1.0,,1.0,True,0.2,exemplar_mean,0.1570158896503462,334.2903984758109,332.6923559013429,186.68308544494403,8.34375,7.3125,6.635416666666667,7.671875
7,surprisal_b,2.511886431509582,0.03,1.0,1.0,,1.0,True,0.2,exemplar_mean,0.1993388376076737,325.7906303828555,352.05247786985444,408.9991070562239,4.604166666666667,3.9791666666666665,3.1875,3.5197916666666673
7,surprisal_b,6.309573444801936,0.03,1.0,1.0,,1.0,True,0.2,exemplar_mean,0.0908064435924958,347.1701549037995,381.86463057990267,563.6814366776526,2.583333333333333,2.270833333333333,1.8645833333333333,2.0854166666666667
7,surprisal_b,15.848931924611142,0.03,1.0,1.0,,1.0,True,0.2,exemplar_mean,0.119251137345064,341.69628270266554,363.9135863027195,1664.8660048946608,1.4791666666666667,1.5104166666666667,1.34375,1.4572916666666669
7,surprisal_b,39.81071705534973,0.03,1.0,1.0,,1.0,True,0.2,exemplar_mean,0.1104347432766023,343.4022330410912,374.0659699132576,1912.5694544206824,1.3541666666666667,1.0625,1.1145833333333333,1.1552083333333334
7,surprisal_b,100.0,0.03,1.0,1.0,,1.0,True,0.2,exemplar_mean,0.0072848110130649,364.0945755317696,361.186103407434,-1209.2681805108857,1.125,1.0520833333333333,1.0625,1.05
8,surprisal_b,0.01,0.03,10.0,0.1,,0.5,True,0.1,exemplar_mean,0.0350941544480862,364.0945755317696,360.6682684205624,-54.41232281778155,71.6875,72.70833333333333,73.98958333333333,73.475
8,surprisal_b,0.0251188643150957,0.03,10.0,0.1,,0.5,True,0.1,exemplar_mean,0.0635797073129246,352.32999437633146,350.40053377635337,30.321575143102702,62.54166666666666,62.739583333333336,65.96875,67.35208333333333
8,surprisal_b,0.0630957344480193,0.03,10.0,0.1,,0.5,True,0.1,exemplar_mean,0.0505962706365175,354.76410810800076,357.9066844968775,32.43252851632645,48.958333333333336,51.40625,42.208333333333336,51.69583333333334
8,surprisal_b,0.1584893192461114,0.03,10.0,0.1,,0.5,True,0.1,exemplar_mean,0.0137359281640811,361.58534060240424,375.9380735537662,22.053414638206473,31.42708333333333,28.479166666666668,25.15625,28.952083333333334
8,surprisal_b,0.3981071705534973,0.03,10.0,0.1,,0.5,True,0.1,exemplar_mean,0.0525967304525796,354.3901546690456,359.3948852923165,48.89241628598285,15.020833333333334,14.208333333333334,12.510416666666666,13.073958333333334
8,surprisal_b,1.0,0.03,10.0,0.1,,0.5,True,0.1,exemplar_mean,0.5279304998867629,250.1596033745651,274.0449251415983,488.94145510118346,6.78125,6.552083333333333,5.114583333333333,6.275
8,surprisal_b,2.511886431509582,0.03,10.0,0.1,,0.5,True,0.1,exemplar_mean,0.3268865875505914,298.71589385146086,316.14130970591583,819.7499065590814,3.28125,2.958333333333333,2.8229166666666665,3.1531249999999997
8,surprisal_b,6.309573444801936,0.03,10.0,0.1,,0.5,True,0.1,exemplar_mean,0.1680418469778794,332.09699791533734,385.1875791908309,727.5316985928004,2.1875,2.28125,1.7083333333333333,1.8270833333333332
8,surprisal_b,15.848931924611142,0.03,10.0,0.1,,0.5,True,0.1,exemplar_mean,0.1565794487614749,334.37692390238016,372.36560627921045,1721.3260005997606,1.4895833333333333,1.375,1.28125,1.31875
8,surprisal_b,39.81071705534973,0.03,10.0,0.1,,0.5,True,0.1,exemplar_mean,0.0837326772274215,348.51807600654445,377.7083956349879,2463.434087927601,1.1875,1.1041666666666667,1.21875,1.1270833333333334
8,surprisal_b,100.0,0.03,10.0,0.1,,0.5,True,0.1,exemplar_mean,0.018155035282418,360.7743619250007,398.2504693879802,2277.363945939365,1.0833333333333333,1.0416666666666667,1.0208333333333333,1.0500000000000005
9,surprisal_b,0.01,0.03,10.0,0.1,,0.5,True,0.2,exemplar_mean,0.1692747117158868,364.0945755317696,360.26577905524965,-75.3585998760446,72.92708333333333,72.63541666666667,71.35416666666667,71.82916666666667
9,surprisal_b,0.0251188643150957,0.03,10.0,0.1,,0.5,True,0.2,exemplar_mean,0.0090694566201963,362.43974490271745,388.4437808691745,15.276002020847628,64.57291666666667,59.96875,62.97916666666666,64.95729166666668
9,surprisal_b,0.0630957344480193,0.03,10.0,0.1,,0.5,True,0.2,exemplar_mean,0.0009187230624837,363.9272860580329,373.7012464566373,4.2526702569880594,49.15625,49.958333333333336,47.677083333333336,47.41041666666666
9,surprisal_b,0.1584893192461114,0.03,10.0,0.1,,0.5,True,0.2,exemplar_mean,0.0768558019342449,349.82350023020325,377.5275538743003,42.34945268916305,30.0625,25.89583333333333,25.40625,26.834375
9,surprisal_b,0.3981071705534973,0.03,10.0,0.1,,0.5,True,0.2,exemplar_mean,0.1580324009477267,334.08878585693395,343.257091239105,148.63691515271307,13.635416666666666,10.0625,10.072916666666666,11.760416666666668
9,surprisal_b,1.0,0.03,10.0,0.1,,0.5,True,0.2,exemplar_mean,0.1541799662215036,334.8522275649931,386.0154853153607,235.1940071476244,6.385416666666667,5.958333333333333,4.979166666666667,5.260416666666667
9,surprisal_b,2.511886431509582,0.03,10.0,0.1,,0.5,True,0.2,exemplar_mean,0.12599758241123,364.0945755317696,360.26577905524965,-617.7079937392771,2.9375,2.7291666666666665,2.65625,2.7135416666666665
9,surprisal_b,6.309573444801936,0.03,10.0,0.1,,0.5,True,0.2,exemplar_mean,0.166113278364493,332.4816934095496,337.6496463070451,1331.3867354504855,1.8333333333333333,1.9270833333333333,1.6666666666666667,1.7864583333333333
9,surprisal_b,15.848931924611142,0.03,10.0,0.1,,0.5,True,0.2,exemplar_mean,0.1382140452676044,337.9978319163771,340.41477854225207,1882.821482777434,1.34375,1.2708333333333333,1.3854166666666667,1.3364583333333333
9,surprisal_b,39.81071705534973,0.03,10.0,0.1,,0.5,True,0.2,exemplar_mean,0.0044006184718778,363.2925715732739,371.7972228589212,773.7737674686273,1.15625,1.125,1.0833333333333333,1.1197916666666663
9,surprisal_b,100.0,0.03,10.0,0.1,,0.5,True,0.2,exemplar_mean,0.0355921774023841,357.5564122200155,363.3933537993234,2965.881317294666,1.0520833333333333,1.0625,1.0729166666666667,1.0489583333333334
10,surprisal_b,0.01,0.03,10.0,0.1,,1.0,True,0.1,exemplar_mean,0.1687536931693805,331.95489186591357,368.5202691026052,73.24486356908818,76.80208333333333,74.86458333333333,67.41666666666667,73.86979166666666
10,surprisal_b,0.0251188643150957,0.03,10.0,0.1,,1.0,True,0.1,exemplar_mean,0.0015125713247694,363.8191118204963,370.22334078744746,6.57856876999517,63.47916666666666,66.625,68.0,66.03541666666666
10,surprisal_b,0.0630957344480193,0.03,10.0,0.1,,1.0,True,0.1,exemplar_mean,0.126744335483098,340.23964326811085,351.0956813356673,38.96144511136759,52.44791666666666,48.5,42.427083333333336,50.621875
10,surprisal_b,0.1584893192461114,0.03,10.0,0.1,,1.0,True,0.1,exemplar_mean,0.0102374063952528,362.2260890477235,369.6215446842607,15.488650524249818,27.75,27.416666666666668,29.34375,29.19895833333333
10,surprisal_b,0.3981071705534973,0.03,10.0,0.1,,1.0,True,0.1,exemplar_mean,0.1318042641819264,339.2524813645244,357.7462152884881,136.65746829624558,12.885416666666666,12.625,12.34375,12.973958333333332
10,surprisal_b,1.0,0.03,10.0,0.1,,1.0,True,0.1,exemplar_mean,0.5540692121602315,243.13525542214865,247.219747099918,409.3624206273925,7.770833333333333,5.833333333333333,6.020833333333333,6.053125
10,surprisal_b,2.511886431509582,0.03,10.0,0.1,,1.0,True,0.1,exemplar_mean,2.744205218214214e-07,364.0945755317696,373.5741603833864,-0.5695921364365206,3.1354166666666665,3.8125,2.6979166666666665,2.9385416666666666
10,surprisal_b,6.309573444801936,0.03,10.0,0.1,,1.0,True,0.1,exemplar_mean,0.0975165867655157,345.8866682398664,372.0193740710461,975.8534876031924,2.0625,1.9166666666666667,1.8541666666666667,1.80625
10,surprisal_b,15.848931924611142,0.03,10.0,0.1,,1.0,True,0.1,exemplar_mean,0.3615940004049185,290.91270497496845,299.1737991223104,2074.988291794232,1.40625,1.4375,1.2291666666666667,1.384375
10,surprisal_b,39.81071705534973,0.03,10.0,0.1,,1.0,True,0.1,exemplar_mean,0.166105109230335,332.48332197661756,360.25739761643143,3417.1849419073274,1.2708333333333333,1.1666666666666667,1.09375,1.1354166666666663
10,surprisal_b,100.0,0.03,10.0,0.1,,1.0,True,0.1,exemplar_mean,0.0012569179672213,363.865685078147,363.21311804332834,647.3475748962832,1.0625,1.03125,1.0416666666666667,1.05625
11,surprisal_b,0.01,0.03,10.0,0.1,,1.0,True,0.2,exemplar_mean,0.0061915150999519,362.9656768892474,374.0155597191512,21.048833752230145,72.46875,73.6875,75.29166666666667,73.42916666666667
11,surprisal_b,0.0251188643150957,0.03,10.0,0.1,,1.0,True,0.2,exemplar_mean,0.0043354212122677,363.30446656476784,377.61088954240415,8.942748599012576,62.96875,66.66666666666667,59.60416666666666,64.20104166666667
11,surprisal_b,0.0630957344480193,0.03,10.0,0.1,,1.0,True,0.2,exemplar_mean,0.0429108171455628,356.1971272584956,413.6319916781315,21.390149674741306,51.083333333333336,48.5625,44.677083333333336,46.860416666666666
11,surprisal_b,0.1584893192461114,0.03,10.0,0.1,,1.0,True,0.2,exemplar_mean,0.0190077877481714,360.6176579304076,367.36610390332135,19.19394094254713,24.52083333333333,26.59375,26.27083333333333,26.880208333333332
11,surprisal_b,0.3981071705534973,0.03,10.0,0.1,,1.0,True,0.2,exemplar_mean,0.0127599015335303,361.7642123982488,372.60329816285514,31.587564345529405,11.427083333333334,13.104166666666666,9.53125,12.339583333333332
11,surprisal_b,1.0,0.03,10.0,0.1,,1.0,True,0.2,exemplar_mean,0.0097140295785445,362.3218472038468,383.49196000760105,75.39393546068746,5.791666666666667,5.708333333333333,5.25,5.2562500000000005
11,surprisal_b,2.511886431509582,0.03,10.0,0.1,,1.0,True,0.2,exemplar_mean,0.3725424187124281,288.4073965356034,292.9547305151796,783.8206569704956,3.6979166666666665,2.770833333333333,2.427083333333333,2.8583333333333334
11,surprisal_b,6.309573444801936,0.03,10.0,0.1,,1.0,True,0.2,exemplar_mean,0.1097394300093415,343.53641402839816,368.8574152092911,945.8268518197718,1.9583333333333333,1.8229166666666667,1.5416666666666667,1.7645833333333332
11,surprisal_b,15.848931924611142,0.03,10.0,0.1,,1.0,True,0.2,exemplar_mean,0.0001641675599254,364.0945755317696,366.2212830392139,-55.04670912372671,1.3020833333333333,1.2916666666666667,1.3020833333333333,1.3260416666666668
11,surprisal_b,39.81071705534973,0.03,10.0,0.1,,1.0,True,0.2,exemplar_mean,0.0001527691277914,364.0667632641463,374.91062575010903,110.01909789390682,1.1458333333333333,1.1875,1.1041666666666667,1.1041666666666663
11,surprisal_b,100.0,0.03,10.0,0.1,,1.0,True,0.2,exemplar_mean,0.0202986912819605,360.3803085145891,378.29878181727264,2417.051107537294,1.0833333333333333,1.0625,1.0416666666666667,1.05625
12,surprisal_b,0.01,0.03,10.0,1.0,,0.5,True,0.1,exemplar_mean,0.0047918922789309,364.0945755317696,372.9285003449582,-18.859543198682346,77.5625,76.13541666666667,73.14583333333333,75.15729166666667
12,surprisal_b,0.0251188643150957,0.03,10.0,1.0,,0.5,True,0.1,exemplar_mean,0.007524231313203,362.72222328047576,382.6455077986632,13.090945244779064,69.25,74.10416666666667,67.02083333333333,68.21770833333332
12,surprisal_b,0.0630957344480193,0.03,10.0,1.0,,0.5,True,0.1,exemplar_mean,0.0122256817281629,364.0945755317696,377.5020356710175,-13.629503446109652,57.625,59.04166666666666,59.9375,54.755208333333336
12,surprisal_b,0.1584893192461114,0.03,10.0,1.0,,0.5,True,0.1,exemplar_mean,0.029012593385403,358.7740368996471,384.9836573346932,27.95854510651868,40.25,36.770833333333336,31.84375,35.2875
12,surprisal_b,0.3981071705534973,0.03,10.0,1.0,,0.5,True,0.1,exemplar_mean,0.2096568706999728,323.68460920100534,339.234835108926,103.74673486022596,18.447916666666668,16.71875,18.010416666666668,17.648958333333333
12,surprisal_b,1.0,0.03,10.0,1.0,,0.5,True,0.1,exemplar_mean,0.0426884387583625,356.23850581731887,365.35616186267765,99.27565383254004,7.854166666666667,9.0,7.885416666666667,7.6875
12,surprisal_b,2.511886431509582,0.03,10.0,1.0,,0.5,True,0.1,exemplar_mean,0.1524182698389989,335.2007657202273,381.8718279886048,518.0594125296691,4.59375,3.8125,4.21875,3.6666666666666665
12,surprisal_b,6.309573444801936,0.03,10.0,1.0,,0.5,True,0.1,exemplar_mean,0.0400228296131102,356.7341294716962,382.4406368893802,413.7245352348014,2.4375,2.3125,1.9895833333333333,2.0375
12,surprisal_b,15.848931924611142,0.03,10.0,1.0,,0.5,True,0.1,exemplar_mean,0.2590953371164293,313.3973880840011,352.9148349408038,1858.4339269897584,1.6666666666666667,1.375,1.4270833333333333,1.4395833333333334
12,surprisal_b,39.81071705534973,0.03,10.0,1.0,,0.5,True,0.1,exemplar_mean,0.2078973301312855,324.04471833782395,347.8820146358788,3454.529593869046,1.3229166666666667,1.1458333333333333,1.09375,1.1593750000000005
12,surprisal_b,100.0,0.03,10.0,1.0,,0.5,True,0.1,exemplar_mean,0.1527757061582612,335.1300789899784,369.4866233355541,6222.290114110732,1.1145833333333333,1.0416666666666667,1.0520833333333333,1.059375
13,surprisal_b,0.01,0.03,10.0,1.0,,0.5,True,0.2,exemplar_mean,0.1433608464227651,336.9870166726628,327.7256956915767,73.20994702960716,72.59375,74.77083333333333,71.36458333333333,74.71354166666666
13,surprisal_b,0.0251188643150957,0.03,10.0,1.0,,0.5,True,0.2,exemplar_mean,0.0550988949675652,353.92185950841605,392.12096502918274,45.2143760904262,70.04166666666667,65.51041666666667,63.302083333333336,66.69895833333332
13,surprisal_b,0.0630957344480193,0.03,10.0,1.0,,0.5,True,0.2,exemplar_mean,0.1879533547288032,328.0988414919355,325.9752607933936,56.6820730506431,51.54166666666666,48.65625,46.364583333333336,52.365625
13,surprisal_b,0.1584893192461114,0.03,10.0,1.0,,0.5,True,0.2,exemplar_mean,0.2288671526817924,319.72662994101694,353.3139658746587,64.95639949339748,36.72916666666666,29.48958333333333,31.25,30.090625
13,surprisal_b,0.3981071705534973,0.03,10.0,1.0,,0.5,True,0.2,exemplar_mean,0.002577303034069,364.0945755317696,363.8583092778775,-13.751207580724332,13.84375,15.958333333333334,14.25,13.365625
13,surprisal_b,1.0,0.03,10.0,1.0,,0.5,True,0.2,exemplar_mean,0.0002792651510904,364.0945755317696,365.4629954304913,-11.218356492029692,6.3125,6.34375,5.833333333333333,6.152083333333334
13,surprisal_b,2.511886431509582,0.03,10.0,1.0,,0.5,True,0.2,exemplar_mean,0.1573922887314194,334.21575848791986,355.40961901716594,517.2686485495035,3.53125,3.583333333333333,2.8125,3.2416666666666663
13,surprisal_b,6.309573444801936,0.03,10.0,1.0,,0.5,True,0.2,exemplar_mean,0.0031701419519384,364.0945755317696,361.9134517158062,-140.73750956413582,2.03125,1.84375,1.6354166666666667,1.765625
13,surprisal_b,15.848931924611142,0.03,10.0,1.0,,0.5,True,0.2,exemplar_mean,0.0643320169279558,364.0945755317696,360.26577905524965,-1562.7752296702183,1.3854166666666667,1.4583333333333333,1.3541666666666667,1.3375
13,surprisal_b,39.81071705534973,0.03,10.0,1.0,,0.5,True,0.2,exemplar_mean,0.2731046222828431,310.42033427603553,316.7864841738577,4044.760583973315,1.28125,1.1770833333333333,1.125,1.1520833333333331
13,surprisal_b,100.0,0.03,10.0,1.0,,0.5,True,0.2,exemplar_mean,0.054266479785682,354.07771977333783,389.990090808356,2686.1845272366195,1.125,1.125,1.0729166666666667,1.05625
14,surprisal_b,0.01,0.03,10.0,1.0,,1.0,True,0.1,exemplar_mean,,,,,80.0,80.0,80.0,80.0
14,surprisal_b,0.0251188643150957,0.03,10.0,1.0,,1.0,True,0.1,exemplar_mean,0.0224752697911347,359.9797618476231,381.0842307192466,28.11357680603339,72.67708333333333,69.40625,67.86458333333333,68.46458333333332
14,surprisal_b,0.0630957344480193,0.03,10.0,1.0,,1.0,True,0.1,exemplar_mean,0.0127040072982184,361.7744531936997,396.6623445859622,13.498274351591697,58.989583333333336,54.09375,59.270833333333336,55.07291666666667
14,surprisal_b,0.1584893192461114,0.03,10.0,1.0,,1.0,True,0.1,exemplar_mean,0.3730385401678128,288.29335425084406,302.1767205934825,65.60600306604688,40.927083333333336,36.44791666666666,29.09375,36.329166666666666
14,surprisal_b,0.3981071705534973,0.03,10.0,1.0,,1.0,True,0.1,exemplar_mean,0.1635180149089301,332.99867445525086,342.4485610802972,69.14882124200199,19.14583333333333,18.03125,19.95833333333333,18.184374999999996
14,surprisal_b,1.0,0.03,10.0,1.0,,1.0,True,0.1,exemplar_mean,0.0959569170907455,346.18541947639994,348.2749359621347,144.55239873394078,8.229166666666666,8.75,7.333333333333333,7.630208333333334
14,surprisal_b,2.511886431509582,0.03,10.0,1.0,,1.0,True,0.1,exemplar_mean,0.0515398713762708,354.58776642993257,383.8512323396176,275.5555554411341,4.427083333333333,3.9375,3.8229166666666665,3.490625
14,surprisal_b,6.309573444801936,0.03,10.0,1.0,,1.0,True,0.1,exemplar_mean,0.1011601578940032,364.0945755317696,360.26577905524965,-603.677044002806,2.270833333333333,2.364583333333333,1.8125,1.9687499999999996
14,surprisal_b,15.848931924611142,0.03,10.0,1.0,,1.0,True,0.1,exemplar_mean,0.0020912268050351,364.0945755317696,366.8458053565929,-167.19805839163763,1.5,1.6041666666666667,1.5729166666666667,1.4625
14,surprisal_b,39.81071705534973,0.03,10.0,1.0,,1.0,True,0.1,exemplar_mean,0.0806608847389577,349.10179180903066,380.8814241402686,2062.306819599877,1.2395833333333333,1.21875,1.0729166666666667,1.1593749999999998
14,surprisal_b,100.0,0.03,10.0,1.0,,1.0,True,0.1,exemplar_mean,0.0002104140626128,364.0945755317696,363.43224997140663,-175.23113383423168,1.0729166666666667,1.09375,1.1145833333333333,1.075
15,surprisal_b,0.01,0.03,10.0,1.0,,1.0,True,0.2,exemplar_mean,0.0255376248405474,364.0945755317696,360.65727773677423,-46.14783897755101,73.94791666666667,71.08333333333333,75.125,73.76041666666667
15,surprisal_b,0.0251188643150957,0.03,10.0,1.0,,1.0,True,0.2,exemplar_mean,0.2122756284812577,323.14790882061504,316.7790115045423,64.65036494939335,66.69791666666667,65.625,64.80208333333333,66.7625
15,surprisal_b,0.0630957344480193,0.03,10.0,1.0,,1.0,True,0.2,exemplar_mean,0.065563811448523,351.95653488804595,381.6777587259271,29.521292836330844,53.91666666666666,49.26041666666666,48.520833333333336,51.346875
15,surprisal_b,0.1584893192461114,0.03,10.0,1.0,,1.0,True,0.2,exemplar_mean,0.1282187135728547,339.95229683921315,340.2669448054422,55.97282040220189,30.072916666666668,33.083333333333336,30.854166666666668,32.16250000000001
15,surprisal_b,0.3981071705534973,0.03,10.0,1.0,,1.0,True,0.2,exemplar_mean,0.0316152224161877,364.0945755317696,360.26577905524965,-51.11835741822623,13.25,14.458333333333334,14.864583333333334,13.761458333333334
15,surprisal_b,1.0,0.03,10.0,1.0,,1.0,True,0.2,exemplar_mean,0.1577559325810546,334.14363202919736,347.25991821352244,402.9612668818871,6.520833333333333,6.197916666666667,5.625,6.201041666666667
15,surprisal_b,2.511886431509582,0.03,10.0,1.0,,1.0,True,0.2,exemplar_mean,0.1562146398631601,334.44923094383853,363.78272272468206,502.3494874462852,3.625,3.427083333333333,3.1666666666666665,3.1260416666666666
15,surprisal_b,6.309573444801936,0.03,10.0,1.0,,1.0,True,0.2,exemplar_mean,0.0011803599913444,364.0945755317696,375.6314543962162,-73.58372487942742,2.1354166666666665,1.9479166666666667,1.9375,1.8052083333333335
15,surprisal_b,15.848931924611142,0.03,10.0,1.0,,1.0,True,0.2,exemplar_mean,0.2208963196471567,321.374812731513,349.2924312243704,2418.0990776737267,1.5104166666666667,1.40625,1.3229166666666667,1.35
15,surprisal_b,39.81071705534973,0.03,10.0,1.0,,1.0,True,0.2,exemplar_mean,0.0368014627970144,357.33216923570296,389.7824889618072,1517.8770909606164,1.2083333333333333,1.1458333333333333,1.15625,1.140625
15,surprisal_b,100.0,0.03,10.0,1.0,,1.0,True,0.2,exemplar_mean,0.0611168445301671,352.7930186342311,391.56794825831264,2836.032993514579,1.1145833333333333,1.0520833333333333,1.0,1.0500000000000005
16,surprisal_b,0.01,0.1,1.0,0.1,,0.5,True,0.1,exemplar_mean,0.2288068344071631,319.7391342595828,359.6214755769619,78.46946832293746,77.85416666666667,76.48958333333333,73.125,75.71145833333334
16,surprisal_b,0.0251188643150957,0.1,1.0,0.1,,0.5,True,0.1,exemplar_mean,0.1799339621588582,329.71493663636465,333.9013860017916,64.03961123418219,66.78125,63.22916666666666,64.38541666666667,68.72395833333334
16,surprisal_b,0.0630957344480193,0.1,1.0,0.1,,0.5,True,0.1,exemplar_mean,0.0429538439833896,356.1891205812933,385.1850890921969,27.419233217954073,58.72916666666666,54.5625,52.07291666666666,52.3375
16,surprisal_b,0.1584893192461114,0.1,1.0,0.1,,0.5,True,0.1,exemplar_mean,0.171652859514896,331.37550098520927,384.1253673922997,47.47593878993811,39.145833333333336,34.697916666666664,27.166666666666668,32.01354166666666
16,surprisal_b,0.3981071705534973,0.1,1.0,0.1,,0.5,True,0.1,exemplar_mean,0.0102717809209499,362.2197989241133,368.0951894236477,23.276097520915854,14.010416666666666,16.135416666666668,12.65625,15.019791666666666
16,surprisal_b,1.0,0.1,1.0,0.1,,0.5,True,0.1,exemplar_mean,0.0885375610316259,347.6030646510632,393.9395482755917,151.32400432048826,8.322916666666666,7.135416666666667,6.166666666666667,6.321875
16,surprisal_b,2.511886431509582,0.1,1.0,0.1,,0.5,True,0.1,exemplar_mean,0.1772251339625118,330.259042073869,384.4974428688471,395.0602794528434,4.510416666666667,3.6979166666666665,3.0625,3.373958333333333
16,surprisal_b,6.309573444801936,0.1,1.0,0.1,,0.5,True,0.1,exemplar_mean,0.3207134644727574,300.08252937422253,321.62739841503975,1154.829335196982,2.2604166666666665,2.125,1.8020833333333333,1.9458333333333333
16,surprisal_b,15.848931924611142,0.1,1.0,0.1,,0.5,True,0.1,exemplar_mean,0.267005018632804,311.7200298914904,346.68617379005445,2615.689075837111,1.5416666666666667,1.3958333333333333,1.3125,1.3916666666666668
16,surprisal_b,39.81071705534973,0.1,1.0,0.1,,0.5,True,0.1,exemplar_mean,0.1117380219375448,343.1505860470999,375.44358247370377,2391.5173890301057,1.2291666666666667,1.15625,1.09375,1.1458333333333337
16,surprisal_b,100.0,0.1,1.0,0.1,,0.5,True,0.1,exemplar_mean,0.031587488315837,358.29801697396766,376.6180184405244,2498.615085993471,1.0833333333333333,1.0520833333333333,1.0520833333333333,1.0677083333333337
17,surprisal_b,0.01,0.1,1.0,0.1,,0.5,True,0.2,exemplar_mean,0.0004292132438813,364.0945755317696,376.5765555670349,-4.352462186926018,76.83333333333333,74.66666666666667,74.02083333333333,72.51041666666666
17,surprisal_b,0.0251188643150957,0.1,1.0,0.1,,0.5,True,0.2,exemplar_mean,0.1649996919541737,332.7036201771593,354.88060693637937,55.2924627240318,69.32291666666667,65.5625,69.0,64.903125
17,surprisal_b,0.0630957344480193,0.1,1.0,0.1,,0.5,True,0.2,exemplar_mean,0.0374013677289308,364.0945755317696,360.26577905524965,-23.632376128379416,53.22916666666666,54.04166666666666,52.29166666666666,47.51458333333333
17,surprisal_b,0.1584893192461114,0.1,1.0,0.1,,0.5,True,0.2,exemplar_mean,0.2290957216220799,319.67924187204596,305.1564110876221,63.07026581312178,30.197916666666668,27.4375,25.75,29.35729166666667
17,surprisal_b,0.3981071705534973,0.1,1.0,0.1,,0.5,True,0.2,exemplar_mean,0.2496742523052438,315.3836198128764,323.698848730549,127.49423810052151,16.5,13.916666666666666,11.90625,12.861458333333337
17,surprisal_b,1.0,0.1,1.0,0.1,,0.5,True,0.2,exemplar_mean,0.099974841008548,345.4152705609169,356.3326859820857,216.74290319874817,6.822916666666667,6.302083333333333,5.8125,5.80625
17,surprisal_b,2.511886431509582,0.1,1.0,0.1,,0.5,True,0.2,exemplar_mean,0.3890213477634853,284.5949744021626,286.873310015279,728.7725443481683,3.8854166666666665,2.84375,2.7291666666666665,2.940625
17,surprisal_b,6.309573444801936,0.1,1.0,0.1,,0.5,True,0.2,exemplar_mean,0.0913751613059002,347.0615571795731,398.7498537483541,550.1432146237008,2.2916666666666665,2.0625,1.59375,1.7770833333333331
17,surprisal_b,15.848931924611142,0.1,1.0,0.1,,0.5,True,0.2,exemplar_mean,0.0927482465166901,346.7992237927695,397.2445456334124,1201.903926871258,1.5,1.34375,1.15625,1.33125
17,surprisal_b,39.81071705534973,0.1,1.0,0.1,,0.5,True,0.2,exemplar_mean,0.0356016697662586,357.55465255784645,355.2367545696398,1464.61199747631,1.1145833333333333,1.0729166666666667,1.1770833333333333,1.14375
17,surprisal_b,100.0,0.1,1.0,0.1,,0.5,True,0.2,exemplar_mean,0.1152475489103827,342.47202039420324,369.2715841071258,5608.50370400693,1.0729166666666667,1.0729166666666667,1.0208333333333333,1.0552083333333333
18,surprisal_b,0.01,0.1,1.0,0.1,,1.0,True,0.1,exemplar_mean,0.0855002491611879,364.0945755317696,360.26577905524965,-79.07950850581345,76.07291666666667,75.08333333333333,75.15625,73.92604166666666
18,surprisal_b,0.0251188643150957,0.1,1.0,0.1,,1.0,True,0.1,exemplar_mean,3.8625621965866834e-05,364.0875437741503,367.6031567634777,0.8373615566274898,67.61458333333333,70.5625,63.114583333333336,65.628125
18,surprisal_b,0.0630957344480193,0.1,1.0,0.1,,1.0,True,0.1,exemplar_mean,0.1555466864197722,334.5815823287179,354.19447194728883,46.92298483874696,60.395833333333336,58.052083333333336,48.71875,53.307291666666664
18,surprisal_b,0.1584893192461114,0.1,1.0,0.1,,1.0,True,0.1,exemplar_mean,0.2181037911775686,321.95024678301024,352.5656701405831,60.87059683097945,36.53125,32.947916666666664,30.125,31.93958333333333
18,surprisal_b,0.3981071705534973,0.1,1.0,0.1,,1.0,True,0.1,exemplar_mean,0.0637433940850397,352.29919929402,391.40516461184086,50.14967004711779,18.197916666666668,15.0625,14.34375,15.124999999999996
18,surprisal_b,1.0,0.1,1.0,0.1,,1.0,True,0.1,exemplar_mean,0.3854249498603303,285.4313497835476,298.44902714836473,321.0138431382099,7.104166666666667,7.5,6.104166666666667,6.726041666666667
18,surprisal_b,2.511886431509582,0.1,1.0,0.1,,1.0,True,0.1,exemplar_mean,0.1107198747178731,343.34719344714864,390.6559750616282,375.88350823605936,4.09375,3.71875,2.875,3.1687499999999997
18,surprisal_b,6.309573444801936,0.1,1.0,0.1,,1.0,True,0.1,exemplar_mean,0.2905634011126162,306.66979532047,340.1577022180675,856.6377112151165,2.6354166666666665,2.34375,1.9166666666666667,1.983333333333333
18,surprisal_b,15.848931924611142,0.1,1.0,0.1,,1.0,True,0.1,exemplar_mean,0.0237449280427682,359.7459059830739,358.97149924530316,608.1382628088569,1.3229166666666667,1.5104166666666667,1.3645833333333333,1.403125
18,surprisal_b,39.81071705534973,0.1,1.0,0.1,,1.0,True,0.1,exemplar_mean,0.0888858246864195,347.5366499121988,385.1454344042738,2137.8724585047303,1.2291666666666667,1.1354166666666667,1.1354166666666667,1.1458333333333333
18,surprisal_b,100.0,0.1,1.0,0.1,,1.0,True,0.1,exemplar_mean,0.0008038031516679,363.9482159311212,371.88400334767033,372.5652044742705,1.0520833333333333,1.0729166666666667,1.0416666666666667,1.0749999999999995
19,surprisal_b,0.01,0.1,1.0,0.1,,1.0,True,0.2,exemplar_mean,0.0117944398722632,361.9410610334514,380.70416034544814,23.84491880727396,75.4375,75.17708333333333,75.27083333333333,72.95625
19,surprisal_b,0.0251188643150957,0.1,1.0,0.1,,1.0,True,0.2,exemplar_mean,0.0056665746885335,364.0945755317696,361.76047112699194,-11.24216568786121,62.85416666666666,61.38541666666666,65.09375,64.81770833333334
19,surprisal_b,0.0630957344480193,0.1,1.0,0.1,,1.0,True,0.2,exemplar_mean,0.3156995075147244,301.18797940401964,316.1555190074836,57.67488385566637,56.71875,46.26041666666666,49.10416666666666,50.44479166666666
19,surprisal_b,0.1584893192461114,0.1,1.0,0.1,,1.0,True,0.2,exemplar_mean,0.1530964446267493,335.06663694507006,362.31561046601865,68.53677237726492,35.114583333333336,29.67708333333333,26.947916666666668,27.367708333333336
19,surprisal_b,0.3981071705534973,0.1,1.0,0.1,,1.0,True,0.2,exemplar_mean,0.0363344504790251,357.4187860104917,403.3366636764508,68.22603863304941,13.041666666666666,11.760416666666666,13.583333333333334,12.798958333333331
19,surprisal_b,1.0,0.1,1.0,0.1,,1.0,True,0.2,exemplar_mean,0.1706590351284584,331.5742282563336,371.8388228218315,360.3184597017208,6.385416666666667,6.09375,5.40625,5.884375
19,surprisal_b,2.511886431509582,0.1,1.0,0.1,,1.0,True,0.2,exemplar_mean,0.3045152747925166,303.6393175821252,332.044443937149,676.1934452362374,3.6979166666666665,3.125,2.614583333333333,3.0062499999999996
19,surprisal_b,6.309573444801936,0.1,1.0,0.1,,1.0,True,0.2,exemplar_mean,0.1717276928949744,331.3605323158602,360.89797759469855,964.283275323627,1.8958333333333333,1.96875,1.625,1.8052083333333333
19,surprisal_b,15.848931924611142,0.1,1.0,0.1,,1.0,True,0.2,exemplar_mean,0.0074183656320582,362.7415682420804,370.3145974961415,377.4383086034099,1.5729166666666667,1.46875,1.28125,1.2927083333333336
19,surprisal_b,39.81071705534973,0.1,1.0,0.1,,1.0,True,0.2,exemplar_mean,0.012773573870246,361.7617073443838,377.9546098937085,832.1688443183364,1.1458333333333333,1.21875,1.1145833333333333,1.1416666666666666
19,surprisal_b,100.0,0.1,1.0,0.1,,1.0,True,0.2,exemplar_mean,0.0137206747393452,361.58813670621214,358.2965545425789,1593.2971733195322,1.0416666666666667,1.0520833333333333,1.0416666666666667,1.0541666666666667
20,surprisal_b,0.01,0.1,1.0,1.0,,0.5,True,0.1,exemplar_mean,0.0010900656832523,364.0945755317696,365.6106905906123,-7.537665088989189,74.15625,78.82291666666667,76.33333333333333,76.125
20,surprisal_b,0.0251188643150957,0.1,1.0,1.0,,0.5,True,0.1,exemplar_mean,0.1373175838382765,338.17358510679753,350.27655381712447,57.53325754505506,72.36458333333333,68.70833333333333,66.0625,71.03333333333333
20,surprisal_b,0.0630957344480193,0.1,1.0,1.0,,0.5,True,0.1,exemplar_mean,0.0704646565303337,351.0323668959649,394.5123067267267,36.753815263676174,62.82291666666666,62.28125,60.145833333333336,59.229166666666664
20,surprisal_b,0.1584893192461114,0.1,1.0,1.0,,0.5,True,0.1,exemplar_mean,0.0647243754253855,352.11458670329057,362.12152950920546,23.557260869965976,43.145833333333336,45.427083333333336,41.76041666666666,41.71666666666667
20,surprisal_b,0.3981071705534973,0.1,1.0,1.0,,0.5,True,0.1,exemplar_mean,0.1371734308509387,338.20183808572006,378.922211805174,56.42001382236322,23.375,19.64583333333333,16.177083333333332,20.384375
20,surprisal_b,1.0,0.1,1.0,1.0,,0.5,True,0.1,exemplar_mean,0.0100840794383722,362.2541447014401,390.4003269326208,38.91657920512296,9.895833333333334,9.510416666666666,7.635416666666667,9.054166666666667
20,surprisal_b,2.511886431509582,0.1,1.0,1.0,,0.5,True,0.1,exemplar_mean,0.1785201006616388,329.9990421084031,375.8473630646119,257.86891149114615,5.895833333333333,5.65625,3.6458333333333335,4.151041666666667
20,surprisal_b,6.309573444801936,0.1,1.0,1.0,,0.5,True,0.1,exemplar_mean,0.1208979456586258,341.3766844695145,367.4434180584364,613.4202892745025,2.6041666666666665,2.59375,1.90625,2.3322916666666664
20,surprisal_b,15.848931924611142,0.1,1.0,1.0,,0.5,True,0.1,exemplar_mean,0.1316245748849164,339.28758686176,383.2820515469194,1240.4770088920163,1.75,1.5625,1.5104166666666667,1.5197916666666669
20,surprisal_b,39.81071705534973,0.1,1.0,1.0,,0.5,True,0.1,exemplar_mean,0.0252106497671434,359.47574838435486,386.02141654151507,954.5884987724264,1.3020833333333333,1.3125,1.1666666666666667,1.2166666666666666
20,surprisal_b,100.0,0.1,1.0,1.0,,0.5,True,0.1,exemplar_mean,0.0742056905036378,350.3252673786358,349.87470337132305,4137.0133516553215,1.1041666666666667,1.1041666666666667,1.0833333333333333,1.09375
21,surprisal_b,0.01,0.1,1.0,1.0,,0.5,True,0.2,exemplar_mean,,,,,80.0,80.0,80.0,80.0
21,surprisal_b,0.0251188643150957,0.1,1.0,1.0,,0.5,True,0.2,exemplar_mean,0.0067678178602633,364.0945755317696,361.71906508639546,-14.494366624603384,67.88541666666667,70.40625,65.8125,67.96354166666666
21,surprisal_b,0.0630957344480193,0.1,1.0,1.0,,0.5,True,0.2,exemplar_mean,0.1963066455642197,326.4069499241473,357.6299835448507,51.13038595467502,61.57291666666666,57.927083333333336,48.625,55.50416666666666
21,surprisal_b,0.1584893192461114,0.1,1.0,1.0,,0.5,True,0.2,exemplar_mean,0.0018749289671349,363.7530896580117,366.6798876845275,3.8131223147853825,34.739583333333336,40.125,34.010416666666664,34.68333333333333
21,surprisal_b,0.3981071705534973,0.1,1.0,1.0,,0.5,True,0.2,exemplar_mean,0.149866406182176,335.7049907100848,356.911914734657,69.87160771633162,18.39583333333333,17.552083333333332,14.958333333333334,17.417708333333334
21,surprisal_b,1.0,0.1,1.0,1.0,,0.5,True,0.2,exemplar_mean,0.1043625867462175,344.5722685265625,398.4072830869908,173.2846041768786,8.760416666666666,8.020833333333334,6.21875,7.144791666666667
21,surprisal_b,2.511886431509582,0.1,1.0,1.0,,0.5,True,0.2,exemplar_mean,0.1104596643590661,343.3974228176469,363.99291899569533,273.9733638107362,3.9375,3.8958333333333335,2.5625,3.6104166666666666
21,surprisal_b,6.309573444801936,0.1,1.0,1.0,,0.5,True,0.2,exemplar_mean,0.000103954153581,364.0756504682107,376.2693305134249,17.494920816137356,2.3541666666666665,2.458333333333333,1.75,2.0
21,surprisal_b,15.848931924611142,0.1,1.0,1.0,,0.5,True,0.2,exemplar_mean,0.3353334893487886,296.8356833093735,301.28445570160335,1838.765005421371,1.84375,1.3645833333333333,1.4270833333333333,1.4677083333333334
21,surprisal_b,39.81071705534973,0.1,1.0,1.0,,0.5,True,0.2,exemplar_mean,0.4350370168108888,273.6681178600039,276.490630588933,6408.049535468966,1.2708333333333333,1.15625,1.125,1.1614583333333337
21,surprisal_b,100.0,0.1,1.0,1.0,,0.5,True,0.2,exemplar_mean,0.006154225082616,362.9724864856765,400.30283802624206,908.6456929057262,1.0833333333333333,1.09375,1.0104166666666667,1.0677083333333337
22,surprisal_b,0.01,0.1,1.0,1.0,,1.0,True,0.1,exemplar_mean,,,,,80.0,80.0,80.0,80.0
22,surprisal_b,0.0251188643150957,0.1,1.0,1.0,,1.0,True,0.1,exemplar_mean,0.070898131157523,350.9505080568285,359.9355458928922,47.74620368520379,72.97916666666667,68.01041666666667,72.39583333333333,71.35625
22,surprisal_b,0.0630957344480193,0.1,1.0,1.0,,1.0,True,0.1,exemplar_mean,0.0065441162425729,362.90128145073606,373.0622419913688,13.317229334358862,58.864583333333336,63.32291666666666,56.625,58.925
22,surprisal_b,0.1584893192461114,0.1,1.0,1.0,,1.0,True,0.1,exemplar_mean,0.0991076427074318,345.5816389190721,382.12319065099973,36.34577322882675,46.47916666666666,38.958333333333336,33.6875,39.816666666666656
22,surprisal_b,0.3981071705534973,0.1,1.0,1.0,,1.0,True,0.1,exemplar_mean,0.0358730398490246,357.50434323061125,395.8076821918078,32.74173084016198,24.041666666666668,26.572916666666668,18.916666666666668,20.551041666666663
22,surprisal_b,1.0,0.1,1.0,1.0,,1.0,True,0.1,exemplar_mean,0.0944858034820283,346.4669719144007,394.0317508834791,107.374491769086,11.645833333333334,10.729166666666666,7.572916666666667,8.954166666666667
22,surprisal_b,2.511886431509582,0.1,1.0,1.0,,1.0,True,0.1,exemplar_mean,0.0308964584465148,358.4258294896071,387.4683644049201,157.72808420181798,4.833333333333333,4.927083333333333,3.9583333333333335,4.273958333333334
22,surprisal_b,6.309573444801936,0.1,1.0,1.0,,1.0,True,0.1,exemplar_mean,0.042401869201219,356.2918215173614,378.64960253132176,285.94396027646025,2.989583333333333,2.78125,2.239583333333333,2.3010416666666664
22,surprisal_b,15.848931924611142,0.1,1.0,1.0,,1.0,True,0.1,exemplar_mean,0.194842042693016,326.7042268371522,381.5111304458828,1511.8780529198575,1.71875,1.6041666666666667,1.3854166666666667,1.5052083333333333
22,surprisal_b,39.81071705534973,0.1,1.0,1.0,,1.0,True,0.1,exemplar_mean,0.0967843292415065,346.0269626520158,352.8941570417829,1961.722670864624,1.2291666666666667,1.3020833333333333,1.25,1.2364583333333332
22,surprisal_b,100.0,0.1,1.0,1.0,,1.0,True,0.1,exemplar_mean,0.0079573302858249,362.6430718446021,382.250923870494,975.2062480459352,1.15625,1.09375,1.0625,1.0833333333333333
23,surprisal_b,0.01,0.1,1.0,1.0,,1.0,True,0.2,exemplar_mean,,,,,80.0,80.0,80.0,80.0
23,surprisal_b,0.0251188643150957,0.1,1.0,1.0,,1.0,True,0.2,exemplar_mean,0.0780167921779451,349.6034536503792,387.6465078278808,45.84212263209905,74.95833333333333,69.41666666666667,68.90625,68.04791666666668
23,surprisal_b,0.0630957344480193,0.1,1.0,1.0,,1.0,True,0.2,exemplar_mean,0.1826574260784454,329.16698471762464,347.51076680343556,38.33149799595856,62.01041666666666,59.583333333333336,51.177083333333336,55.70520833333334
23,surprisal_b,0.1584893192461114,0.1,1.0,1.0,,1.0,True,0.2,exemplar_mean,0.0043706532680629,363.29803865885225,381.0536315434459,8.437167282352988,40.0625,38.28125,33.125,34.671875
23,surprisal_b,0.3981071705534973,0.1,1.0,1.0,,1.0,True,0.2,exemplar_mean,0.0028868149697543,364.0945755317696,374.57667431465063,-11.307245803476857,19.48958333333333,19.33333333333333,15.697916666666666,16.24583333333333
23,surprisal_b,1.0,0.1,1.0,1.0,,1.0,True,0.2,exemplar_mean,0.1431525265972914,337.02798888879596,377.2748761152022,156.32550158340024,8.802083333333334,8.104166666666666,6.34375,7.369791666666667
23,surprisal_b,2.511886431509582,0.1,1.0,1.0,,1.0,True,0.2,exemplar_mean,0.0829259843244184,348.6714620312335,382.5031864542413,300.4213444357745,4.291666666666667,3.84375,3.0,3.3760416666666666
23,surprisal_b,6.309573444801936,0.1,1.0,1.0,,1.0,True,0.2,exemplar_mean,0.0783193909741433,349.5460782747237,378.7775531198829,554.5008255375986,2.28125,1.8541666666666667,1.96875,2.05
23,surprisal_b,15.848931924611142,0.1,1.0,1.0,,1.0,True,0.2,exemplar_mean,0.0176774764238008,364.0945755317696,368.1281060656842,-509.8577095006537,1.5,1.4895833333333333,1.5625,1.3802083333333333
23,surprisal_b,39.81071705534973,0.1,1.0,1.0,,1.0,True,0.2,exemplar_mean,0.0213070019991226,360.1948086745313,385.8909597188872,1295.3119578726655,1.25,1.1354166666666667,1.125,1.15
23,surprisal_b,100.0,0.1,1.0,1.0,,1.0,True,0.2,exemplar_mean,0.0568300464879332,353.597501092806,389.7158506133768,2594.6782661718075,1.1354166666666667,1.0833333333333333,1.1145833333333333,1.0708333333333333
24,surprisal_b,0.01,0.1,10.0,0.1,,0.5,True,0.1,exemplar_mean,0.0087727304070812,364.0945755317696,366.0527825936368,-20.769286662293517,75.17708333333333,74.64583333333333,72.36458333333333,73.34270833333332
24,surprisal_b,0.0251188643150957,0.1,10.0,0.1,,0.5,True,0.1,exemplar_mean,0.1990327584279988,325.8528965481817,316.893618266656,76.45188179740828,65.33333333333333,66.92708333333333,66.20833333333333,67.70729166666668
24,surprisal_b,0.0630957344480193,0.1,10.0,0.1,,0.5,True,0.1,exemplar_mean,0.0117605174557647,361.94727320759335,376.13200253033136,9.905904833235644,51.239583333333336,50.59375,48.35416666666666,49.68125
24,surprisal_b,0.1584893192461114,0.1,10.0,0.1,,0.5,True,0.1,exemplar_mean,0.0403541716263244,356.6725596711325,369.86611624844744,26.897480412713012,29.71875,28.21875,24.666666666666668,29.350000000000005
24,surprisal_b,0.3981071705534973,0.1,10.0,0.1,,0.5,True,0.1,exemplar_mean,0.3093498707893911,302.5821171857103,308.2502531357321,168.82839115544314,13.927083333333334,12.65625,13.395833333333334,13.130208333333332
24,surprisal_b,1.0,0.1,10.0,0.1,,0.5,True,0.1,exemplar_mean,0.2556550376208253,314.12415647102284,313.2043746675339,396.1303189506205,5.864583333333333,6.21875,5.572916666666667,5.889583333333334
24,surprisal_b,2.511886431509582,0.1,10.0,0.1,,0.5,True,0.1,exemplar_mean,0.4316150677867731,274.4956628548295,295.2777737015953,700.2675759185445,3.489583333333333,3.2916666666666665,2.458333333333333,3.1489583333333333
24,surprisal_b,6.309573444801936,0.1,10.0,0.1,,0.5,True,0.1,exemplar_mean,0.0938554100961649,346.5875511879112,363.30269339712834,949.814588095263,1.8958333333333333,1.9583333333333333,1.7604166666666667,1.8302083333333337
24,surprisal_b,15.848931924611142,0.1,10.0,0.1,,0.5,True,0.1,exemplar_mean,0.0020662881430927,364.0945755317696,366.4038840342617,-285.81440657278085,1.2083333333333333,1.3645833333333333,1.3125,1.3125
24,surprisal_b,39.81071705534973,0.1,10.0,0.1,,0.5,True,0.1,exemplar_mean,0.0651499980154697,352.0344579301731,350.85283726255926,2869.82369543274,1.1145833333333333,1.1145833333333333,1.15625,1.1364583333333331
24,surprisal_b,100.0,0.1,10.0,0.1,,0.5,True,0.1,exemplar_mean,0.1038847162361969,344.664180144627,347.54007223708805,6496.939211182273,1.0416666666666667,1.0416666666666667,1.0625,1.053125
25,surprisal_b,0.01,0.1,10.0,0.1,,0.5,True,0.2,exemplar_mean,0.0263182383419341,359.2714660980092,361.6748913294501,29.498018892728503,73.125,69.92708333333333,72.27083333333333,73.55
25,surprisal_b,0.0251188643150957,0.1,10.0,0.1,,0.5,True,0.2,exemplar_mean,0.0163443250281752,361.1068772172887,400.3391068776108,18.618803974661745,62.927083333333336,65.0625,63.875,64.44479166666667
25,surprisal_b,0.0630957344480193,0.1,10.0,0.1,,0.5,True,0.2,exemplar_mean,0.0068847687523755,362.8390573330535,392.659908286516,11.229026079988827,51.96875,49.01041666666666,49.208333333333336,46.79791666666666
25,surprisal_b,0.1584893192461114,0.1,10.0,0.1,,0.5,True,0.2,exemplar_mean,0.0940743655870014,346.5456749614096,351.60774682481264,53.502442222381326,23.697916666666668,27.322916666666668,26.67708333333333,26.930208333333333
25,surprisal_b,0.3981071705534973,0.1,10.0,0.1,,0.5,True,0.2,exemplar_mean,0.2694620992104107,311.1971312415017,324.9604678851623,156.96534726793612,13.59375,12.541666666666666,10.4375,11.811458333333333
25,surprisal_b,1.0,0.1,10.0,0.1,,0.5,True,0.2,exemplar_mean,0.1136946490381902,342.7724386629307,353.2688303102229,302.92114945452136,5.322916666666667,4.875,4.40625,5.409375
25,surprisal_b,2.511886431509582,0.1,10.0,0.1,,0.5,True,0.2,exemplar_mean,0.1299108772922089,339.6222058108375,362.352548296034,694.3765394508353,3.0625,2.6666666666666665,2.78125,2.753125
25,surprisal_b,6.309573444801936,0.1,10.0,0.1,,0.5,True,0.2,exemplar_mean,0.164766828167791,332.75000891692315,343.5273781687094,1337.85037587012,1.8541666666666667,1.7083333333333333,1.5833333333333333,1.740625
25,surprisal_b,15.848931924611142,0.1,10.0,0.1,,0.5,True,0.2,exemplar_mean,0.0126303830419476,364.0945755317696,360.26577905524965,-827.7413323943222,1.3125,1.3125,1.3333333333333333,1.3010416666666669
25,surprisal_b,39.81071705534973,0.1,10.0,0.1,,0.5,True,0.2,exemplar_mean,0.1079191161185611,343.88744876696785,372.5987154829275,3117.1531037546065,1.15625,1.15625,1.1041666666666667,1.128125
25,surprisal_b,100.0,0.1,10.0,0.1,,0.5,True,0.2,exemplar_mean,0.0003731678986575,364.02663498903894,381.3028511593554,289.43513790605135,1.0625,1.0208333333333333,1.0729166666666667,1.0458333333333334
26,surprisal_b,0.01,0.1,10.0,0.1,,1.0,True,0.1,exemplar_mean,0.0189411935617404,364.0945755317696,360.26577905524965,-34.24881790212482,74.44791666666667,73.36458333333333,72.84375,72.76875
26,surprisal_b,0.0251188643150957,0.1,10.0,0.1,,1.0,True,0.1,exemplar_mean,0.0359330574866232,357.4932155986027,362.7842335191741,36.76273997326363,64.73958333333333,63.958333333333336,63.38541666666666,65.403125
26,surprisal_b,0.0630957344480193,0.1,10.0,0.1,,1.0,True,0.1,exemplar_mean,0.1393820647697798,337.7687019817972,322.30707587836247,50.48047530750079,46.8125,49.22916666666666,47.614583333333336,51.296875
26,surprisal_b,0.1584893192461114,0.1,10.0,0.1,,1.0,True,0.1,exemplar_mean,0.3423794561480587,295.25815024130037,313.9967792400563,84.00324082476048,30.479166666666668,32.552083333333336,23.729166666666668,29.59270833333333
26,surprisal_b,0.3981071705534973,0.1,10.0,0.1,,1.0,True,0.1,exemplar_mean,0.245533313990346,316.2527004690601,332.39202239929244,118.03959109728916,15.229166666666666,12.90625,13.979166666666666,13.023958333333333
26,surprisal_b,1.0,0.1,10.0,0.1,,1.0,True,0.1,exemplar_mean,0.3940679755178159,283.4171730040147,264.31610709685344,326.7716174722529,6.5625,5.541666666666667,6.333333333333333,6.2822916666666675
26,surprisal_b,2.511886431509582,0.1,10.0,0.1,,1.0,True,0.1,exemplar_mean,0.2109634023506685,323.41695386657887,359.430419319452,649.6659722822133,3.6041666666666665,3.1875,3.427083333333333,3.0166666666666666
26,surprisal_b,6.309573444801936,0.1,10.0,0.1,,1.0,True,0.1,exemplar_mean,0.1825001533337731,329.19865228682437,338.4860938787115,907.3524176320036,2.0104166666666665,2.0416666666666665,1.5520833333333333,1.9333333333333331
26,surprisal_b,15.848931924611142,0.1,10.0,0.1,,1.0,True,0.1,exemplar_mean,0.1919943269375508,327.28146735418704,364.9923026453756,2177.8155869275115,1.5,1.4270833333333333,1.2708333333333333,1.3625
26,surprisal_b,39.81071705534973,0.1,10.0,0.1,,1.0,True,0.1,exemplar_mean,0.2936614198152374,305.99946886640225,355.2604015878292,3110.01928164475,1.2708333333333333,1.1458333333333333,1.0833333333333333,1.1697916666666668
26,surprisal_b,100.0,0.1,10.0,0.1,,1.0,True,0.1,exemplar_mean,0.2324921557580503,318.97424640303495,348.8525445519382,7072.805680651036,1.09375,1.0625,1.0625,1.0604166666666668
27,surprisal_b,0.01,0.1,10.0,0.1,,1.0,True,0.2,exemplar_mean,0.0161623517319333,364.0945755317696,360.26577905524965,-28.85173867311077,71.89583333333333,71.95833333333333,74.32291666666667,72.725
27,surprisal_b,0.0251188643150957,0.1,10.0,0.1,,1.0,True,0.2,exemplar_mean,0.2117467499058442,323.2563714598787,315.03224387924547,69.31629607383657,65.20833333333333,66.33333333333333,62.458333333333336,65.26041666666667
27,surprisal_b,0.0630957344480193,0.1,10.0,0.1,,1.0,True,0.2,exemplar_mean,0.1822198388644172,329.2550873044006,338.44083217442693,46.76990044751002,48.96875,46.84375,42.46875,48.28333333333333
27,surprisal_b,0.1584893192461114,0.1,10.0,0.1,,1.0,True,0.2,exemplar_mean,0.006600439044548,362.890994176256,377.2385214253162,12.057198000454788,26.166666666666668,27.46875,22.447916666666668,27.070833333333333
27,surprisal_b,0.3981071705534973,0.1,10.0,0.1,,1.0,True,0.2,exemplar_mean,0.3233861151068807,299.491610698317,318.1842818662293,183.22370395701185,14.333333333333334,11.916666666666666,10.822916666666666,12.291666666666668
27,surprisal_b,1.0,0.1,10.0,0.1,,1.0,True,0.2,exemplar_mean,0.1383205854812172,337.97693840212935,349.79980126080073,279.55473089031096,5.677083333333333,4.916666666666667,5.09375,5.94375
27,surprisal_b,2.511886431509582,0.1,10.0,0.1,,1.0,True,0.2,exemplar_mean,0.1080019178285914,343.8714888186598,352.331900718976,480.35623014266577,2.708333333333333,2.9166666666666665,2.8541666666666665,2.7625
27,surprisal_b,6.309573444801936,0.1,10.0,0.1,,1.0,True,0.2,exemplar_mean,0.1040845190301322,344.62575389163226,392.0216361746147,807.1171710954635,2.0625,1.8333333333333333,1.59375,1.740625
27,surprisal_b,15.848931924611142,0.1,10.0,0.1,,1.0,True,0.2,exemplar_mean,0.0990918093340488,345.5846757408619,372.98323932732274,1262.789293011412,1.3645833333333333,1.4583333333333333,1.28125,1.3604166666666668
27,surprisal_b,39.81071705534973,0.1,10.0,0.1,,1.0,True,0.2,exemplar_mean,0.007637453739046,362.7015328703592,383.3769517077252,677.3027067876865,1.25,1.2083333333333333,1.09375,1.096875
27,surprisal_b,100.0,0.1,10.0,0.1,,1.0,True,0.2,exemplar_mean,0.0014870632953772,363.823758974312,371.6992228768409,733.2909570776512,1.0520833333333333,1.0625,1.0520833333333333,1.053125
28,surprisal_b,0.01,0.1,10.0,1.0,,0.5,True,0.1,exemplar_mean,0.0098762878543898,362.2921627852272,377.5598530081048,21.504720251903947,73.85416666666667,75.53125,76.76041666666667,75.37812500000001
28,surprisal_b,0.0251188643150957,0.1,10.0,1.0,,0.5,True,0.1,exemplar_mean,0.0011234857335739,363.8899905228956,370.5680898474335,5.175245244325267,73.375,66.9375,70.625,68.5375
28,surprisal_b,0.0630957344480193,0.1,10.0,1.0,,0.5,True,0.1,exemplar_mean,0.0576686670080413,364.0945755317696,360.26577905524965,-29.810296689481024,56.82291666666666,56.79166666666666,52.427083333333336,55.54479166666666
28,surprisal_b,0.1584893192461114,0.1,10.0,1.0,,0.5,True,0.1,exemplar_mean,0.2599572261081052,364.0945755317696,360.26577905524965,-86.11847646033928,33.052083333333336,37.79166666666666,37.333333333333336,35.248958333333334
28,surprisal_b,0.3981071705534973,0.1,10.0,1.0,,0.5,True,0.1,exemplar_mean,0.1172598506169113,342.08233549691124,351.857004369231,90.43162241350564,20.20833333333333,16.3125,19.260416666666668,17.715624999999996
28,surprisal_b,1.0,0.1,10.0,1.0,,0.5,True,0.1,exemplar_mean,0.0060856503865129,362.9850086995032,373.53319841400105,48.081483515084585,8.072916666666666,8.125,7.364583333333333,7.465625
28,surprisal_b,2.511886431509582,0.1,10.0,1.0,,0.5,True,0.1,exemplar_mean,0.0081016581713741,364.0945755317696,362.05395621563395,-129.48503413983315,3.9270833333333335,3.7083333333333335,3.7604166666666665,3.6385416666666663
28,surprisal_b,6.309573444801936,0.1,10.0,1.0,,0.5,True,0.1,exemplar_mean,0.1641697725889886,332.8689186802935,374.1881959930412,1070.3222618089492,2.5625,2.0,1.9479166666666667,2.0510416666666664
28,surprisal_b,15.848931924611142,0.1,10.0,1.0,,0.5,True,0.1,exemplar_mean,0.0812040415645562,348.99864976210074,379.25593014923305,1581.516853996022,1.4895833333333333,1.4895833333333333,1.34375,1.425
28,surprisal_b,39.81071705534973,0.1,10.0,1.0,,0.5,True,0.1,exemplar_mean,0.1125956465696961,342.9848886106108,370.68288060753673,2391.8320247960523,1.2395833333333333,1.1458333333333333,1.1145833333333333,1.1895833333333334
28,surprisal_b,100.0,0.1,10.0,1.0,,0.5,True,0.1,exemplar_mean,0.0013793398647834,363.8433838008963,382.9381927529563,559.029151285869,1.1041666666666667,1.0833333333333333,1.0416666666666667,1.0625
29,surprisal_b,0.01,0.1,10.0,1.0,,0.5,True,0.2,exemplar_mean,8.055013815667804e-05,364.0945755317696,372.1710796756582,-1.899688411593626,76.83333333333333,74.09375,73.875,73.81979166666666
29,surprisal_b,0.0251188643150957,0.1,10.0,1.0,,0.5,True,0.2,exemplar_mean,0.0641375611083019,352.22503194261935,372.9999817813809,51.85096114380696,67.64583333333333,68.84375,63.489583333333336,66.44895833333334
29,surprisal_b,0.0630957344480193,0.1,10.0,1.0,,0.5,True,0.2,exemplar_mean,0.060484033352766,364.0945755317696,360.26577905524965,-25.027773706640613,44.864583333333336,57.489583333333336,49.770833333333336,50.53645833333333
29,surprisal_b,0.1584893192461114,0.1,10.0,1.0,,0.5,True,0.2,exemplar_mean,0.0002897641302095,364.0945755317696,365.6068351170133,-2.326027785656191,29.447916666666668,32.3125,24.822916666666668,31.476041666666664
29,surprisal_b,0.3981071705534973,0.1,10.0,1.0,,0.5,True,0.2,exemplar_mean,0.0698581590106219,364.0945755317696,360.26577905524965,-64.13085355164118,13.322916666666666,13.510416666666666,13.177083333333334,13.702083333333334
29,surprisal_b,1.0,0.1,10.0,1.0,,0.5,True,0.2,exemplar_mean,0.0773257621258187,349.7344436945574,393.9661626136062,132.63395451816027,7.71875,6.8125,5.302083333333333,5.852083333333334
29,surprisal_b,2.511886431509582,0.1,10.0,1.0,,0.5,True,0.2,exemplar_mean,0.056124259142413,353.72977734377594,396.5239244630821,325.80763913604824,3.4791666666666665,3.4375,3.1041666666666665,3.14375
29,surprisal_b,6.309573444801936,0.1,10.0,1.0,,0.5,True,0.2,exemplar_mean,0.0060279075694288,364.0945755317696,368.73478477084,-262.62308957566455,1.9270833333333333,1.8541666666666667,1.9791666666666667,1.8187499999999996
29,surprisal_b,15.848931924611142,0.1,10.0,1.0,,0.5,True,0.2,exemplar_mean,0.1303151734098419,339.5432921169463,389.1324540693892,1249.9300105735613,1.6875,1.4166666666666667,1.3645833333333333,1.3166666666666669
29,surprisal_b,39.81071705534973,0.1,10.0,1.0,,0.5,True,0.2,exemplar_mean,0.1825967856064141,329.1791953082301,361.33917080439943,4289.797810521895,1.1875,1.125,1.0729166666666667,1.1333333333333335
29,surprisal_b,100.0,0.1,10.0,1.0,,0.5,True,0.2,exemplar_mean,0.0510391523737407,354.6813525493044,370.36183310077337,2296.5237950008877,1.1666666666666667,1.09375,1.0416666666666667,1.0500000000000005
30,surprisal_b,0.01,0.1,10.0,1.0,,1.0,True,0.1,exemplar_mean,,,,,80.0,80.0,80.0,80.0
30,surprisal_b,0.0251188643150957,0.1,10.0,1.0,,1.0,True,0.1,exemplar_mean,0.0992083893477342,345.5623152106311,356.6823519396174,41.296466631194825,72.6875,71.39583333333333,64.5625,68.37708333333333
30,surprisal_b,0.0630957344480193,0.1,10.0,1.0,,1.0,True,0.1,exemplar_mean,0.154121379582328,334.86382431498043,375.8600101363566,45.88345359885723,60.0,57.864583333333336,49.8125,55.60625
30,surprisal_b,0.1584893192461114,0.1,10.0,1.0,,1.0,True,0.1,exemplar_mean,0.0004045665092618,364.02091784542574,380.8131501281236,2.6129507713992024,40.51041666666666,39.864583333333336,35.666666666666664,34.901041666666664
30,surprisal_b,0.3981071705534973,0.1,10.0,1.0,,1.0,True,0.1,exemplar_mean,0.0491499793118477,364.0945755317696,360.26577905524965,-52.239006143443085,18.21875,19.39583333333333,15.052083333333334,16.019791666666666
30,surprisal_b,1.0,0.1,10.0,1.0,,1.0,True,0.1,exemplar_mean,0.0065459326197649,364.0945755317696,361.6105633051796,-37.4650575590181,8.8125,7.270833333333333,6.40625,7.225
30,surprisal_b,2.511886431509582,0.1,10.0,1.0,,1.0,True,0.1,exemplar_mean,0.0327147429179433,364.0945755317696,360.26577905524965,-222.99887793257903,3.7708333333333335,3.8854166666666665,3.7604166666666665,3.690625
30,surprisal_b,6.309573444801936,0.1,10.0,1.0,,1.0,True,0.1,exemplar_mean,0.2944190320384328,305.8353187391376,310.3749526803161,1088.5034875144063,2.4166666666666665,2.09375,1.7395833333333333,2.0916666666666663
30,surprisal_b,15.848931924611142,0.1,10.0,1.0,,1.0,True,0.1,exemplar_mean,0.0006481745367414,363.9765579882653,380.8339061989512,118.05313291232343,1.5,1.5729166666666667,1.34375,1.4822916666666666
30,surprisal_b,39.81071705534973,0.1,10.0,1.0,,1.0,True,0.1,exemplar_mean,0.0339854876530739,357.8541302279752,387.8145335783937,1881.5780206129311,1.21875,1.15625,1.1666666666666667,1.1750000000000005
30,surprisal_b,100.0,0.1,10.0,1.0,,1.0,True,0.1,exemplar_mean,0.0304457551203619,358.50916678463767,381.8519876410397,2044.0568188765644,1.09375,1.1041666666666667,1.03125,1.0802083333333332
31,surprisal_b,0.01,0.1,10.0,1.0,,1.0,True,0.2,exemplar_mean,0.0507244010397924,364.0945755317696,360.26577905524965,-58.117021761831936,74.09375,75.05208333333333,75.875,73.92708333333334
31,surprisal_b,0.0251188643150957,0.1,10.0,1.0,,1.0,True,0.2,exemplar_mean,0.0846460921516557,348.3443161324911,377.68314032904885,42.60809494660709,69.95833333333333,66.3125,64.07291666666667,67.46979166666668
31,surprisal_b,0.0630957344480193,0.1,10.0,1.0,,1.0,True,0.2,exemplar_mean,0.123968369474539,340.7800029290319,342.7034012757822,51.470039210288306,55.09375,50.66666666666666,45.71875,49.89270833333333
31,surprisal_b,0.1584893192461114,0.1,10.0,1.0,,1.0,True,0.2,exemplar_mean,0.3599106007992691,291.29600331756177,295.0142101799521,74.25703525894882,36.44791666666666,30.916666666666668,30.58333333333333,31.21666666666666
31,surprisal_b,0.3981071705534973,0.1,10.0,1.0,,1.0,True,0.2,exemplar_mean,0.0441757145940006,355.9616728162245,415.2201684660921,59.416850359025595,15.677083333333334,13.416666666666666,13.208333333333334,13.013541666666663
31,surprisal_b,1.0,0.1,10.0,1.0,,1.0,True,0.2,exemplar_mean,0.0608420365948038,352.84464552053555,381.62718514327327,125.82067220951352,7.052083333333333,6.583333333333333,6.28125,6.455208333333333
31,surprisal_b,2.511886431509582,0.1,10.0,1.0,,1.0,True,0.2,exemplar_mean,0.0337358476158079,357.90036604870096,377.4387166201291,240.80243290765577,3.6979166666666665,3.125,2.645833333333333,3.1322916666666663
31,surprisal_b,6.309573444801936,0.1,10.0,1.0,,1.0,True,0.2,exemplar_mean,0.0798618656669261,349.25346511615663,387.39966896768,655.6868509028228,2.239583333333333,1.9270833333333333,1.78125,1.8260416666666668
31,surprisal_b,15.848931924611142,0.1,10.0,1.0,,1.0,True,0.2,exemplar_mean,0.353656934357399,292.7155239557867,313.78810961998397,2876.0225736753055,1.5625,1.4270833333333333,1.3125,1.3416666666666668
31,surprisal_b,39.81071705534973,0.1,10.0,1.0,,1.0,True,0.2,exemplar_mean,0.0050408336529867,364.0945755317696,362.0970846388455,-540.2246481539005,1.15625,1.25,1.09375,1.1270833333333334
31,surprisal_b,100.0,0.1,10.0,1.0,,1.0,True,0.2,exemplar_mean,0.0364300435426377,364.0945755317696,360.26577905524965,-3210.710213402939,1.0729166666666667,1.0833333333333333,1.0729166666666667,1.0500000000000005
32,surprisal_b,0.01,0.3,1.0,0.1,,0.5,True,0.1,exemplar_mean,0.0297259066032132,358.6422302050652,379.0727641807108,34.465393653385846,75.41666666666667,76.76041666666667,73.46875,74.44583333333334
32,surprisal_b,0.0251188643150957,0.3,1.0,0.1,,0.5,True,0.1,exemplar_mean,0.0972656446779655,345.93475305144244,396.1078568208228,43.69781816182563,71.08333333333333,69.10416666666667,65.9375,66.190625
32,surprisal_b,0.0630957344480193,0.3,1.0,0.1,,0.5,True,0.1,exemplar_mean,0.0403964378335652,356.6647050221187,363.24122961072675,23.85283302118084,54.1875,46.864583333333336,50.44791666666666,53.5875
32,surprisal_b,0.1584893192461114,0.3,1.0,0.1,,0.5,True,0.1,exemplar_mean,0.0719771591030726,350.74665774156983,385.1228787112988,31.002793126050836,35.322916666666664,37.3125,32.583333333333336,32.58229166666666
32,surprisal_b,0.3981071705534973,0.3,1.0,0.1,,0.5,True,0.1,exemplar_mean,0.1448912027575648,336.68587426973124,338.91064733164404,105.54809265371918,14.5,11.177083333333334,12.927083333333334,14.776041666666666
32,surprisal_b,1.0,0.3,1.0,0.1,,0.5,True,0.1,exemplar_mean,0.4357070477712406,273.5057881885283,283.20672643253477,274.3074092334708,8.979166666666666,6.46875,6.28125,6.915625
32,surprisal_b,2.511886431509582,0.3,1.0,0.1,,0.5,True,0.1,exemplar_mean,0.1211184192561953,341.33387415815895,368.3083821673213,376.8290654773767,4.083333333333333,3.71875,2.78125,3.3645833333333335
32,surprisal_b,6.309573444801936,0.3,1.0,0.1,,0.5,True,0.1,exemplar_mean,0.1531833379121367,335.0494473916843,381.45631798334426,948.424427094769,2.2916666666666665,1.90625,1.8125,1.95625
32,surprisal_b,15.848931924611142,0.3,1.0,0.1,,0.5,True,0.1,exemplar_mean,0.0097163874704765,362.32141585558264,391.058178297094,473.6554647455601,1.46875,1.6145833333333333,1.3958333333333333,1.4010416666666663
32,surprisal_b,39.81071705534973,0.3,1.0,0.1,,0.5,True,0.1,exemplar_mean,0.0377172978055119,357.16224832850287,355.5547875414043,1881.892233255482,1.2083333333333333,1.1458333333333333,1.1666666666666667,1.1427083333333334
32,surprisal_b,100.0,0.3,1.0,0.1,,0.5,True,0.1,exemplar_mean,0.145043723632468,364.0945755317696,360.26577905524965,-4177.458672442334,1.03125,1.0416666666666667,1.125,1.0666666666666669
33,surprisal_b,0.01,0.3,1.0,0.1,,0.5,True,0.2,exemplar_mean,0.0012130492271194,364.0945755317696,363.0877611725095,-7.71561848720399,75.79166666666667,72.16666666666667,71.80208333333333,73.43645833333332
33,surprisal_b,0.0251188643150957,0.3,1.0,0.1,,0.5,True,0.2,exemplar_mean,0.0528483782202968,364.0945755317696,360.26577905524965,-30.346656925381563,63.875,68.02083333333333,65.83333333333333,64.01354166666667
33,surprisal_b,0.0630957344480193,0.3,1.0,0.1,,0.5,True,0.2,exemplar_mean,0.0810148553842759,349.03457848078506,373.8866741420464,29.18663477159423,53.69791666666666,53.53125,50.41666666666666,49.05833333333333
33,surprisal_b,0.1584893192461114,0.3,1.0,0.1,,0.5,True,0.2,exemplar_mean,0.083869650116091,348.49202503285863,368.7255974674863,48.065466593523645,29.25,30.166666666666668,26.80208333333333,28.59791666666667
33,surprisal_b,0.3981071705534973,0.3,1.0,0.1,,0.5,True,0.2,exemplar_mean,0.0028478539884514,363.57576179742045,389.2373161025771,16.752159088530348,14.447916666666666,14.864583333333334,11.854166666666666,12.169791666666663
33,surprisal_b,1.0,0.3,1.0,0.1,,0.5,True,0.2,exemplar_mean,0.0045765380460337,363.26047377414346,392.2619404724796,47.40585226992237,6.21875,5.197916666666667,5.5625,5.835416666666667
33,surprisal_b,2.511886431509582,0.3,1.0,0.1,,0.5,True,0.2,exemplar_mean,0.1333800809890674,338.9444617893475,372.8042284790732,422.43033364041753,3.8541666666666665,2.6979166666666665,2.708333333333333,3.0197916666666664
33,surprisal_b,6.309573444801936,0.3,1.0,0.1,,0.5,True,0.2,exemplar_mean,0.0090778094338017,364.0945755317696,369.67578130437585,-331.19690596859846,1.875,1.9583333333333333,1.9270833333333333,1.775
33,surprisal_b,15.848931924611142,0.3,1.0,0.1,,0.5,True,0.2,exemplar_mean,0.1449649624845535,336.6713530802649,344.0416038927143,1710.6531965942277,1.40625,1.3020833333333333,1.2291666666666667,1.3270833333333332
33,surprisal_b,39.81071705534973,0.3,1.0,0.1,,0.5,True,0.2,exemplar_mean,0.0001561337685143,364.0945755317696,372.131952890037,-127.14067521795366,1.1875,1.1041666666666667,1.125,1.1197916666666663
33,surprisal_b,100.0,0.3,1.0,0.1,,0.5,True,0.2,exemplar_mean,0.0229686666620267,359.88890209728754,384.9236876386855,2284.1009086338913,1.1145833333333333,1.09375,1.0416666666666667,1.0583333333333331
34,surprisal_b,0.01,0.3,1.0,0.1,,1.0,True,0.1,exemplar_mean,,,,,80.0,80.0,80.0,80.0
34,surprisal_b,0.0251188643150957,0.3,1.0,0.1,,1.0,True,0.1,exemplar_mean,0.0449872780929389,355.81052220607876,363.9107731464223,32.83141714909667,67.85416666666667,68.15625,69.92708333333333,68.92395833333333
34,surprisal_b,0.0630957344480193,0.3,1.0,0.1,,1.0,True,0.1,exemplar_mean,0.0293842095596459,358.7053753530639,405.54626489915375,22.350594753065675,59.13541666666666,54.958333333333336,51.57291666666666,51.9375
34,surprisal_b,0.1584893192461114,0.3,1.0,0.1,,1.0,True,0.1,exemplar_mean,0.328932789264642,298.26151410442174,318.9617560148885,77.98216269214984,38.41666666666666,33.635416666666664,30.4375,33.46041666666667
34,surprisal_b,0.3981071705534973,0.3,1.0,0.1,,1.0,True,0.1,exemplar_mean,0.0503092009478524,354.81773878251033,389.118875670009,50.70249501488657,16.125,18.104166666666668,13.229166666666666,14.929166666666664
34,surprisal_b,1.0,0.3,1.0,0.1,,1.0,True,0.1,exemplar_mean,0.5584098817012606,241.9490280606172,254.80284114091936,360.3505608689679,8.9375,6.854166666666667,5.84375,6.83125
34,surprisal_b,2.511886431509582,0.3,1.0,0.1,,1.0,True,0.1,exemplar_mean,0.0021289837366284,363.7067933113384,368.59598787653584,38.57545351734528,4.229166666666667,3.8958333333333335,2.739583333333333,3.2
34,surprisal_b,6.309573444801936,0.3,1.0,0.1,,1.0,True,0.1,exemplar_mean,0.0014845433433145,364.0945755317696,377.7515252669026,-81.58636862353205,2.145833333333333,2.2291666666666665,1.8333333333333333,1.9322916666666667
34,surprisal_b,15.848931924611142,0.3,1.0,0.1,,1.0,True,0.1,exemplar_mean,0.0013588488569324,363.84711668951275,378.0393679615111,121.03460763207396,1.53125,1.4895833333333333,1.375,1.3864583333333331
34,surprisal_b,39.81071705534973,0.3,1.0,0.1,,1.0,True,0.1,exemplar_mean,0.0003071546537175,364.0945755317696,376.78717177206545,-127.4371922304918,1.2083333333333333,1.15625,1.1145833333333333,1.13125
34,surprisal_b,100.0,0.3,1.0,0.1,,1.0,True,0.1,exemplar_mean,0.1984267853817386,325.9761355081686,359.21345784124213,5801.8251707632735,1.0833333333333333,1.09375,1.0,1.0645833333333332
35,surprisal_b,0.01,0.3,1.0,0.1,,1.0,True,0.2,exemplar_mean,,,,,80.0,80.0,80.0,80.0
35,surprisal_b,0.0251188643150957,0.3,1.0,0.1,,1.0,True,0.2,exemplar_mean,0.1195403972803384,341.6401672959672,363.4419374120985,56.8122067376651,68.05208333333333,66.75,63.79166666666666,66.26041666666667
35,surprisal_b,0.0630957344480193,0.3,1.0,0.1,,1.0,True,0.2,exemplar_mean,0.0410592075040229,364.0945755317696,360.26577905524965,-19.31522667336372,51.625,51.35416666666666,48.59375,47.49270833333333
35,surprisal_b,0.1584893192461114,0.3,1.0,0.1,,1.0,True,0.2,exemplar_mean,0.0601471282989239,352.9751610147959,359.2519119363477,39.94607139394813,32.4375,31.041666666666668,26.75,27.49375
35,surprisal_b,0.3981071705534973,0.3,1.0,0.1,,1.0,True,0.2,exemplar_mean,7.708860169000424e-06,364.0931721519795,378.2045999308058,0.6320253830890735,14.447916666666666,15.520833333333334,12.447916666666666,12.426041666666666
35,surprisal_b,1.0,0.3,1.0,0.1,,1.0,True,0.2,exemplar_mean,0.1409132479749542,337.4680947161442,368.3416028699912,241.5367715608816,6.854166666666667,6.34375,4.71875,5.747916666666667
35,surprisal_b,2.511886431509582,0.3,1.0,0.1,,1.0,True,0.2,exemplar_mean,0.0006950201953524,363.9680269979946,372.2401481054329,35.119842928621864,3.364583333333333,3.083333333333333,3.0,3.0072916666666663
35,surprisal_b,6.309573444801936,0.3,1.0,0.1,,1.0,True,0.2,exemplar_mean,0.0775379676137423,349.69422373776524,366.6169641266287,799.4524400892743,2.0104166666666665,2.083333333333333,1.8854166666666667,1.8375
35,surprisal_b,15.848931924611142,0.3,1.0,0.1,,1.0,True,0.2,exemplar_mean,0.3043154929587424,303.68292548734104,324.1699360390429,3299.9849937225295,1.4583333333333333,1.3229166666666667,1.25,1.3447916666666668
35,surprisal_b,39.81071705534973,0.3,1.0,0.1,,1.0,True,0.2,exemplar_mean,0.0697333596226896,351.17042426820854,376.9595070134213,1913.414346236699,1.2083333333333333,1.1666666666666667,1.125,1.1197916666666663
35,surprisal_b,100.0,0.3,1.0,0.1,,1.0,True,0.2,exemplar_mean,0.2796376470625583,309.02222317689814,324.9052518132144,7245.387335789472,1.1145833333333333,1.0833333333333333,1.03125,1.0541666666666667
36,surprisal_b,0.01,0.3,1.0,1.0,,0.5,True,0.1,exemplar_mean,0.0874198451709679,347.81613016265175,380.393294081712,103.84957695512196,77.59375,76.29166666666667,74.52083333333333,76.6125
36,surprisal_b,0.0251188643150957,0.3,1.0,1.0,,0.5,True,0.1,exemplar_mean,0.0392188366089738,356.88348287628594,379.8970981127026,35.47870793251704,72.05208333333333,73.4375,71.65625,70.82916666666667
36,surprisal_b,0.0630957344480193,0.3,1.0,1.0,,0.5,True,0.1,exemplar_mean,0.0021392044514438,364.0945755317696,368.07219211822746,-6.154254735926707,66.375,58.47916666666666,57.10416666666666,57.88437500000001
36,surprisal_b,0.1584893192461114,0.3,1.0,1.0,,0.5,True,0.1,exemplar_mean,0.0524663992759788,354.41452997940263,382.11798139519544,28.68785425325815,49.677083333333336,45.88541666666666,43.40625,41.20104166666666
36,surprisal_b,0.3981071705534973,0.3,1.0,1.0,,0.5,True,0.1,exemplar_mean,0.1991014201103839,325.8389296301655,353.52843964276883,61.13511773104477,27.75,19.42708333333333,16.895833333333332,21.02916666666666
36,surprisal_b,1.0,0.3,1.0,1.0,,0.5,True,0.1,exemplar_mean,0.0793989990733794,349.3412983613346,351.25433036152873,111.41444650489606,8.46875,9.197916666666666,7.34375,9.275
36,surprisal_b,2.511886431509582,0.3,1.0,1.0,,0.5,True,0.1,exemplar_mean,0.1477778075959426,336.1171158490677,359.46223985804755,263.85968046629085,4.895833333333333,4.802083333333333,3.8333333333333335,4.372916666666666
36,surprisal_b,6.309573444801936,0.3,1.0,1.0,,0.5,True,0.1,exemplar_mean,0.0759840128602702,349.98864254400075,388.2541451206576,542.6319240083354,2.65625,2.2916666666666665,2.2291666666666665,2.3072916666666665
36,surprisal_b,15.848931924611142,0.3,1.0,1.0,,0.5,True,0.1,exemplar_mean,0.0873847666296595,347.82281492627527,371.7255160672421,979.9423187905176,1.8229166666666667,1.6666666666666667,1.4479166666666667,1.534375
36,surprisal_b,39.81071705534973,0.3,1.0,1.0,,0.5,True,0.1,exemplar_mean,0.0777213210180261,364.0945755317696,360.26577905524965,-1812.1146490747624,1.1979166666666667,1.28125,1.1979166666666667,1.16875
36,surprisal_b,100.0,0.3,1.0,1.0,,0.5,True,0.1,exemplar_mean,0.3306635678200869,297.87663617525783,301.82152939925845,8615.734140229008,1.125,1.09375,1.0833333333333333,1.1
37,surprisal_b,0.01,0.3,1.0,1.0,,0.5,True,0.2,exemplar_mean,0.0069791866747259,364.0945755317696,365.9474285576133,-23.298046270690367,74.51041666666667,73.16666666666667,75.20833333333333,75.72708333333333
37,surprisal_b,0.0251188643150957,0.3,1.0,1.0,,0.5,True,0.2,exemplar_mean,0.0237746127756406,359.740436591617,391.10992020570694,26.864965522684603,71.96875,71.23958333333333,68.35416666666667,68.85625
37,surprisal_b,0.0630957344480193,0.3,1.0,1.0,,0.5,True,0.2,exemplar_mean,0.0301872195436801,358.556962561216,379.2658543113406,20.193703259630393,54.19791666666666,57.09375,56.875,54.96666666666666
37,surprisal_b,0.1584893192461114,0.3,1.0,1.0,,0.5,True,0.2,exemplar_mean,0.1150479525769441,342.51064832041754,365.7699922551753,32.14271875122811,41.63541666666666,37.04166666666666,34.364583333333336,34.9125
37,surprisal_b,0.3981071705534973,0.3,1.0,1.0,,0.5,True,0.2,exemplar_mean,0.064216185316041,352.2102359669477,384.9986827901727,50.640418683007475,18.98958333333333,20.03125,15.40625,16.45625
37,surprisal_b,1.0,0.3,1.0,1.0,,0.5,True,0.2,exemplar_mean,0.2049914657888458,324.6385605287449,358.50750355406586,146.9609485397198,10.041666666666666,8.25,6.03125,7.512500000000001
37,surprisal_b,2.511886431509582,0.3,1.0,1.0,,0.5,True,0.2,exemplar_mean,0.0830574483799825,348.6464698242132,383.9460414302348,303.9409887840923,4.291666666666667,3.8125,3.427083333333333,3.64375
37,surprisal_b,6.309573444801936,0.3,1.0,1.0,,0.5,True,0.2,exemplar_mean,0.1421285058121613,337.2293202946243,368.8678137989289,740.7808514805835,2.2916666666666665,2.052083333333333,1.8229166666666667,2.01875
37,surprisal_b,15.848931924611142,0.3,1.0,1.0,,0.5,True,0.2,exemplar_mean,0.0018343621163407,363.7604816010707,374.59924099234496,251.39501887380163,1.4270833333333333,1.4583333333333333,1.3958333333333333,1.4260416666666669
37,surprisal_b,39.81071705534973,0.3,1.0,1.0,,0.5,True,0.2,exemplar_mean,0.0151438603930085,361.3271595103746,370.6647042157571,879.1709800146874,1.1770833333333333,1.2083333333333333,1.1458333333333333,1.1802083333333333
37,surprisal_b,100.0,0.3,1.0,1.0,,0.5,True,0.2,exemplar_mean,0.0228694201217342,359.9071803347407,375.0389955979295,2126.0299929668563,1.1145833333333333,1.0729166666666667,1.0416666666666667,1.059375
38,surprisal_b,0.01,0.3,1.0,1.0,,1.0,True,0.1,exemplar_mean,0.0832009829513884,348.61918088443196,366.0609372078729,76.15127786374173,76.57291666666667,78.59375,76.60416666666667,76.1875
38,surprisal_b,0.0251188643150957,0.3,1.0,1.0,,1.0,True,0.1,exemplar_mean,0.021676776482751,364.0945755317696,360.26577905524965,-30.936701872416343,70.40625,71.125,69.44791666666667,70.76770833333333
38,surprisal_b,0.0630957344480193,0.3,1.0,1.0,,1.0,True,0.1,exemplar_mean,0.0001892612743604,364.0601193997132,365.7803978905241,1.884259471511072,64.14583333333333,62.895833333333336,58.5,59.09687499999999
38,surprisal_b,0.1584893192461114,0.3,1.0,1.0,,1.0,True,0.1,exemplar_mean,0.0701465804766164,351.0924213310392,356.84210412888234,32.87880529371427,43.78125,45.489583333333336,35.229166666666664,41.48854166666666
38,surprisal_b,0.3981071705534973,0.3,1.0,1.0,,1.0,True,0.1,exemplar_mean,0.0763444515932906,349.9203743705639,404.8059980493253,58.36484134175621,24.08333333333333,21.17708333333333,19.92708333333333,20.65208333333333
38,surprisal_b,1.0,0.3,1.0,1.0,,1.0,True,0.1,exemplar_mean,0.0515515195355758,354.5855890545493,394.3206403987989,70.28454100439748,10.9375,10.708333333333334,7.604166666666667,9.054166666666667
38,surprisal_b,2.511886431509582,0.3,1.0,1.0,,1.0,True,0.1,exemplar_mean,0.104923255303797,344.46440061164213,382.1952671510299,317.43310468477637,4.854166666666667,4.041666666666667,4.552083333333333,4.169791666666667
38,surprisal_b,6.309573444801936,0.3,1.0,1.0,,1.0,True,0.1,exemplar_mean,0.0005280706553472,364.0945755317696,373.36363599010537,-43.171452370827275,2.4375,2.5416666666666665,2.020833333333333,2.234375
38,surprisal_b,15.848931924611142,0.3,1.0,1.0,,1.0,True,0.1,exemplar_mean,0.0050730013975842,363.16987514378945,377.5576764696386,243.95398495985097,1.5416666666666667,1.59375,1.3645833333333333,1.5052083333333337
38,surprisal_b,39.81071705534973,0.3,1.0,1.0,,1.0,True,0.1,exemplar_mean,0.0022735989621072,363.6804374773366,375.8776109400057,316.8704584861644,1.2395833333333333,1.2395833333333333,1.2395833333333333,1.2052083333333334
38,surprisal_b,100.0,0.3,1.0,1.0,,1.0,True,0.1,exemplar_mean,0.0360908840528641,364.0945755317696,360.26577905524965,-2353.023382919641,1.0520833333333333,1.0625,1.1458333333333333,1.0822916666666669
39,surprisal_b,0.01,0.3,1.0,1.0,,1.0,True,0.2,exemplar_mean,0.0031197751343952,364.0945755317696,365.5292052121165,-14.902543035988872,75.90625,76.60416666666667,78.19791666666667,74.68333333333334
39,surprisal_b,0.0251188643150957,0.3,1.0,1.0,,1.0,True,0.2,exemplar_mean,0.0999954910224626,345.411307965546,354.07114105921295,46.57736834014355,72.4375,69.05208333333333,62.177083333333336,68.18958333333335
39,surprisal_b,0.0630957344480193,0.3,1.0,1.0,,1.0,True,0.2,exemplar_mean,0.0069719993775079,362.8231219351057,382.3366110844475,8.165877643093426,54.75,61.583333333333336,53.85416666666666,55.41979166666666
39,surprisal_b,0.1584893192461114,0.3,1.0,1.0,,1.0,True,0.2,exemplar_mean,0.0093647405348811,362.38573980546835,397.91610744739626,11.532957596382833,39.63541666666666,36.34375,29.55208333333333,33.46249999999999
39,surprisal_b,0.3981071705534973,0.3,1.0,1.0,,1.0,True,0.2,exemplar_mean,3.658922382642885e-07,364.0945755317696,373.55302225593186,-0.1220501625596656,17.520833333333332,19.197916666666668,14.145833333333334,16.25
39,surprisal_b,1.0,0.3,1.0,1.0,,1.0,True,0.2,exemplar_mean,0.1375886149696603,338.12045850556785,386.0189424961727,164.3250488863292,9.395833333333334,8.520833333333334,6.760416666666667,7.275000000000001
39,surprisal_b,2.511886431509582,0.3,1.0,1.0,,1.0,True,0.2,exemplar_mean,0.0017614616731552,364.0945755317696,363.40640930449626,-43.19942060583734,4.239583333333333,3.552083333333333,3.4791666666666665,3.4427083333333335
39,surprisal_b,6.309573444801936,0.3,1.0,1.0,,1.0,True,0.2,exemplar_mean,0.0962821743707697,346.12313845260735,377.0093590129723,597.2958595147475,2.5729166666666665,2.1979166666666665,1.9166666666666667,2.0125
39,surprisal_b,15.848931924611142,0.3,1.0,1.0,,1.0,True,0.2,exemplar_mean,0.2086487525665474,323.8909805362904,341.1002998376897,2591.4026936972728,1.5,1.3958333333333333,1.4166666666666667,1.4541666666666666
39,surprisal_b,39.81071705534973,0.3,1.0,1.0,,1.0,True,0.2,exemplar_mean,0.1135098985326245,342.8081622888015,373.3531885651419,2563.2644648372425,1.2708333333333333,1.1666666666666667,1.15625,1.1666666666666663
39,surprisal_b,100.0,0.3,1.0,1.0,,1.0,True,0.2,exemplar_mean,0.0314696401262528,364.0945755317696,362.38019032830954,-2102.928807822629,1.09375,1.0833333333333333,1.03125,1.059375
40,surprisal_b,0.01,0.3,10.0,0.1,,0.5,True,0.1,exemplar_mean,0.0732691016271594,350.5024275766669,354.0125724151327,56.83823513245645,73.0,74.53125,75.5,74.20625
40,surprisal_b,0.0251188643150957,0.3,10.0,0.1,,0.5,True,0.1,exemplar_mean,0.0021419928624078,363.70442250250386,378.41613374155867,7.431696849077721,61.458333333333336,62.427083333333336,65.95833333333333,66.19166666666666
40,surprisal_b,0.0630957344480193,0.3,10.0,0.1,,0.5,True,0.1,exemplar_mean,0.3750117655202664,287.8393262963577,318.0356219983199,87.5642740540839,52.94791666666666,49.53125,44.96875,51.44895833333332
40,surprisal_b,0.1584893192461114,0.3,10.0,0.1,,0.5,True,0.1,exemplar_mean,0.1740455212870357,330.89656961127736,324.40855122822717,64.77171411700456,28.98958333333333,27.71875,22.58333333333333,30.60729166666667
40,surprisal_b,0.3981071705534973,0.3,10.0,0.1,,0.5,True,0.1,exemplar_mean,0.2201790568781083,321.5227116343855,349.09838794284775,130.82450150978917,14.65625,11.416666666666666,11.5,13.155208333333334
40,surprisal_b,1.0,0.3,10.0,0.1,,0.5,True,0.1,exemplar_mean,0.4872860658156832,260.7064457779171,273.49654617237826,380.2813833128935,7.6875,6.375,6.145833333333333,6.326041666666667
40,surprisal_b,2.511886431509582,0.3,10.0,0.1,,0.5,True,0.1,exemplar_mean,0.2422878245815548,316.9321826556262,308.64157346500446,763.9530389460002,3.2291666666666665,2.958333333333333,2.78125,3.0291666666666663
40,surprisal_b,6.309573444801936,0.3,10.0,0.1,,0.5,True,0.1,exemplar_mean,0.0139768329738449,364.0945755317696,360.26577905524965,-493.3589447418212,1.9270833333333333,1.84375,1.71875,1.7947916666666668
40,surprisal_b,15.848931924611142,0.3,10.0,0.1,,0.5,True,0.1,exemplar_mean,0.1075997843466194,343.94899271704975,376.6145137903349,1450.6592103090218,1.4479166666666667,1.3854166666666667,1.2395833333333333,1.3354166666666667
40,surprisal_b,39.81071705534973,0.3,10.0,0.1,,0.5,True,0.1,exemplar_mean,0.0007089875533766,363.9654833853793,374.5218216244756,307.0360169930441,1.1354166666666667,1.1145833333333333,1.1041666666666667,1.1229166666666666
40,surprisal_b,100.0,0.3,10.0,0.1,,0.5,True,0.1,exemplar_mean,0.0328840378787488,358.05808475200746,387.9783018614929,2737.622554267528,1.0729166666666667,1.0520833333333333,1.0625,1.05625
41,surprisal_b,0.01,0.3,10.0,0.1,,0.5,True,0.2,exemplar_mean,0.005154678478511,364.0945755317696,366.6002261777067,-13.768589188265931,72.65625,75.65625,72.02083333333333,72.665625
41,surprisal_b,0.0251188643150957,0.3,10.0,0.1,,0.5,True,0.2,exemplar_mean,0.066415637543456,351.7960776407824,403.9782070271576,29.057324343759532,69.45833333333333,61.13541666666666,62.333333333333336,63.26145833333334
41,surprisal_b,0.0630957344480193,0.3,10.0,0.1,,0.5,True,0.2,exemplar_mean,0.0738293784113795,350.39645934814104,343.3890965958223,38.588091142758174,47.40625,43.09375,45.84375,48.28645833333333
41,surprisal_b,0.1584893192461114,0.3,10.0,0.1,,0.5,True,0.2,exemplar_mean,0.1131977096314973,342.8685191290903,364.014732794029,48.28054899563726,28.89583333333333,25.78125,25.125,27.686458333333334
41,surprisal_b,0.3981071705534973,0.3,10.0,0.1,,0.5,True,0.2,exemplar_mean,0.1084000912927064,343.7947309265556,350.1023383577582,116.57199701902076,12.9375,10.895833333333334,14.270833333333334,12.407291666666666
41,surprisal_b,1.0,0.3,10.0,0.1,,0.5,True,0.2,exemplar_mean,0.1126687827545482,342.97075462367377,383.4747160238935,206.0826823217098,6.791666666666667,5.739583333333333,5.291666666666667,5.55625
41,surprisal_b,2.511886431509582,0.3,10.0,0.1,,0.5,True,0.2,exemplar_mean,0.0539551301113461,354.13599882792835,358.91661643235597,284.0950869128347,2.677083333333333,2.489583333333333,2.78125,2.9229166666666666
41,surprisal_b,6.309573444801936,0.3,10.0,0.1,,0.5,True,0.2,exemplar_mean,7.313869261767907e-05,364.081260587684,378.35161789672776,24.185301494632995,1.625,1.6458333333333333,1.6770833333333333,1.7270833333333333
41,surprisal_b,15.848931924611142,0.3,10.0,0.1,,0.5,True,0.2,exemplar_mean,0.0137951860231442,361.57447784484214,368.6429572127081,683.4060829905778,1.3229166666666667,1.3333333333333333,1.28125,1.321875
41,surprisal_b,39.81071705534973,0.3,10.0,0.1,,0.5,True,0.2,exemplar_mean,0.0017590624876533,363.7742020256146,369.3648150027371,355.9069904204106,1.1041666666666667,1.0833333333333333,1.15625,1.1375000000000002
41,surprisal_b,100.0,0.3,10.0,0.1,,0.5,True,0.2,exemplar_mean,0.0109090671746096,362.1031634350524,368.1260278290137,1702.4115970194198,1.0208333333333333,1.0416666666666667,1.0208333333333333,1.046875
42,surprisal_b,0.01,0.3,10.0,0.1,,1.0,True,0.1,exemplar_mean,0.0333450314282933,357.9727371057062,398.0373977316016,37.055642630215985,73.30208333333333,71.96875,73.10416666666667,73.73958333333334
42,surprisal_b,0.0251188643150957,0.3,10.0,0.1,,1.0,True,0.1,exemplar_mean,0.298339100725208,304.9845550710479,293.2696989574928,88.68685691306702,68.45833333333333,65.27083333333333,65.5,66.96041666666666
42,surprisal_b,0.0630957344480193,0.3,10.0,0.1,,1.0,True,0.1,exemplar_mean,0.0997861676242954,345.4514735783127,365.5995239116499,33.83493376235787,50.520833333333336,52.0625,47.76041666666666,50.60520833333333
42,surprisal_b,0.1584893192461114,0.3,10.0,0.1,,1.0,True,0.1,exemplar_mean,0.4008606644028346,281.82409780390634,292.144434568766,90.75202579875776,32.25,30.916666666666668,28.625,30.146875
42,surprisal_b,0.3981071705534973,0.3,10.0,0.1,,1.0,True,0.1,exemplar_mean,0.0785216498448731,349.507722973858,359.5698289023916,69.16333275390483,11.40625,11.854166666666666,11.510416666666666,13.917708333333334
42,surprisal_b,1.0,0.3,10.0,0.1,,1.0,True,0.1,exemplar_mean,0.4705754974960319,264.920903325553,258.97081622477396,329.7918134453563,6.375,6.03125,5.333333333333333,6.263541666666667
42,surprisal_b,2.511886431509582,0.3,10.0,0.1,,1.0,True,0.1,exemplar_mean,0.1632802821559478,333.045991115423,346.8659918527354,806.8255639598318,3.0625,3.302083333333333,2.9375,3.1031249999999995
42,surprisal_b,6.309573444801936,0.3,10.0,0.1,,1.0,True,0.1,exemplar_mean,0.2686914630359071,311.36122714537186,325.59270220495847,1747.0490892712803,1.9375,1.7395833333333333,1.8125,1.8489583333333333
42,surprisal_b,15.848931924611142,0.3,10.0,0.1,,1.0,True,0.1,exemplar_mean,0.1573543355115186,334.2232853721231,341.83846264394396,2138.632107714952,1.3958333333333333,1.3958333333333333,1.2916666666666667,1.3729166666666668
42,surprisal_b,39.81071705534973,0.3,10.0,0.1,,1.0,True,0.1,exemplar_mean,0.1561391454845156,334.4641923743941,344.65745106262136,3311.791243784178,1.15625,1.125,1.1145833333333333,1.1520833333333331
42,surprisal_b,100.0,0.3,10.0,0.1,,1.0,True,0.1,exemplar_mean,0.128616451773852,339.8747387161214,376.45091034308814,5292.405972744171,1.0833333333333333,1.0729166666666667,1.0416666666666667,1.059375
43,surprisal_b,0.01,0.3,10.0,0.1,,1.0,True,0.2,exemplar_mean,0.0015643210936127,363.8096836602849,372.0733477757982,7.357466444734582,69.40625,73.875,69.98958333333333,73.76041666666666
43,surprisal_b,0.0251188643150957,0.3,10.0,0.1,,1.0,True,0.2,exemplar_mean,0.0316128889330016,358.29331802061427,361.59963489266295,21.955682467713643,65.9375,62.677083333333336,62.22916666666666,64.70416666666667
43,surprisal_b,0.0630957344480193,0.3,10.0,0.1,,1.0,True,0.2,exemplar_mean,0.1535999105747962,364.0945755317696,360.26577905524965,-43.739290946080686,47.94791666666666,53.520833333333336,45.66666666666666,46.31249999999999
43,surprisal_b,0.1584893192461114,0.3,10.0,0.1,,1.0,True,0.2,exemplar_mean,0.0012725499116253,363.8628375237966,368.994282235286,7.161230491927193,24.92708333333333,25.15625,24.23958333333333,26.625
43,surprisal_b,0.3981071705534973,0.3,10.0,0.1,,1.0,True,0.2,exemplar_mean,0.4623205458069618,266.978279141265,294.96205751870576,247.35443504503303,13.583333333333334,13.239583333333334,11.645833333333334,12.6125
43,surprisal_b,1.0,0.3,10.0,0.1,,1.0,True,0.2,exemplar_mean,0.0211715469348863,360.2197340203612,387.96084166139633,84.24762953982395,6.541666666666667,6.010416666666667,6.697916666666667,5.254166666666666
43,surprisal_b,2.511886431509582,0.3,10.0,0.1,,1.0,True,0.2,exemplar_mean,0.1339105363872615,338.84071247727707,346.1841992868489,496.2805104824184,3.1041666666666665,2.520833333333333,2.53125,2.8541666666666665
43,surprisal_b,6.309573444801936,0.3,10.0,0.1,,1.0,True,0.2,exemplar_mean,0.0104891052655143,362.1800286616148,373.8722764903578,344.39086268906425,1.9375,1.7083333333333333,1.8541666666666667,1.7041666666666668
43,surprisal_b,15.848931924611142,0.3,10.0,0.1,,1.0,True,0.2,exemplar_mean,0.0853038879000741,348.2191292570817,344.10933278632336,2021.0371070444028,1.3125,1.2604166666666667,1.34375,1.3166666666666669
43,surprisal_b,39.81071705534973,0.3,10.0,0.1,,1.0,True,0.2,exemplar_mean,0.1085101053440624,343.7735199452602,362.2073640378885,3207.1021603050476,1.15625,1.1354166666666667,1.1666666666666667,1.1385416666666666
43,surprisal_b,100.0,0.3,10.0,0.1,,1.0,True,0.2,exemplar_mean,0.0983150987639271,345.7336151357751,367.48287789324377,7157.388265572284,1.0625,1.03125,1.03125,1.0499999999999998
44,surprisal_b,0.01,0.3,10.0,1.0,,0.5,True,0.1,exemplar_mean,0.0024018031272229,364.0945755317696,384.3742562117095,-9.41038652737113,77.30208333333333,77.45833333333333,73.44791666666667,74.596875
44,surprisal_b,0.0251188643150957,0.3,10.0,1.0,,0.5,True,0.1,exemplar_mean,0.174300051554422,330.84558031091564,338.021915060589,57.3659019290591,72.88541666666667,71.58333333333333,68.86458333333333,70.15520833333333
44,surprisal_b,0.0630957344480193,0.3,10.0,1.0,,0.5,True,0.1,exemplar_mean,0.3785138038104176,287.0317587782436,296.1014217787511,63.102627273816026,59.46875,53.32291666666666,54.333333333333336,57.469791666666666
44,surprisal_b,0.1584893192461114,0.3,10.0,1.0,,0.5,True,0.1,exemplar_mean,0.0046731793334053,363.2428396649975,367.3917983711211,10.930518131017378,34.375,31.375,36.90625,36.04583333333333
44,surprisal_b,0.3981071705534973,0.3,10.0,1.0,,0.5,True,0.1,exemplar_mean,0.0352276267196014,357.6239848358199,381.6446571324022,43.49642632346121,18.02083333333333,17.760416666666668,12.96875,17.235416666666662
44,surprisal_b,1.0,0.3,10.0,1.0,,0.5,True,0.1,exemplar_mean,0.0327969036117878,358.07421437206386,378.948146060379,79.7926528365281,7.9375,6.21875,7.40625,7.326041666666667
44,surprisal_b,2.511886431509582,0.3,10.0,1.0,,0.5,True,0.1,exemplar_mean,0.1908103651070049,327.52116054957514,344.7246676949418,461.06448817560744,4.052083333333333,3.6354166666666665,3.7708333333333335,3.565625
44,surprisal_b,6.309573444801936,0.3,10.0,1.0,,0.5,True,0.1,exemplar_mean,0.0157010825498221,361.2249273273744,380.5426853794647,291.71213645987416,2.114583333333333,2.333333333333333,2.145833333333333,2.0229166666666667
44,surprisal_b,15.848931924611142,0.3,10.0,1.0,,0.5,True,0.1,exemplar_mean,0.1247805739202264,340.62199081640716,349.3328590931437,1600.161967637326,1.5416666666666667,1.5416666666666667,1.3645833333333333,1.4447916666666667
44,surprisal_b,39.81071705534973,0.3,10.0,1.0,,0.5,True,0.1,exemplar_mean,0.03070458212884,364.0945755317696,360.26577905524965,-1273.3965604077823,1.1979166666666667,1.1979166666666667,1.1666666666666667,1.1697916666666668
44,surprisal_b,100.0,0.3,10.0,1.0,,0.5,True,0.1,exemplar_mean,0.0007541655872563,364.0945755317696,361.6609016430374,-373.5445520849436,1.0625,1.03125,1.0625,1.0677083333333333
45,surprisal_b,0.01,0.3,10.0,1.0,,0.5,True,0.2,exemplar_mean,0.217055762161197,322.1659405079947,326.95051128450734,96.93694226752086,76.66666666666667,71.3125,72.84375,74.53333333333333
45,surprisal_b,0.0251188643150957,0.3,10.0,1.0,,0.5,True,0.2,exemplar_mean,7.047948058841526e-05,364.0945755317696,365.245512827342,-1.164301942102148,67.16666666666667,69.65625,64.33333333333333,66.553125
45,surprisal_b,0.0630957344480193,0.3,10.0,1.0,,0.5,True,0.2,exemplar_mean,0.246239758780642,316.1046042045229,331.44184083757534,57.896059020066744,56.520833333333336,52.13541666666666,47.29166666666666,52.90520833333333
45,surprisal_b,0.1584893192461114,0.3,10.0,1.0,,0.5,True,0.2,exemplar_mean,0.1206185730685566,341.4309237425187,357.05046147799436,52.7345630798296,34.666666666666664,32.5625,33.239583333333336,30.59166666666667
45,surprisal_b,0.3981071705534973,0.3,10.0,1.0,,0.5,True,0.2,exemplar_mean,0.1619880840737417,333.30306367602753,361.6163944514304,139.7147898042162,15.895833333333334,14.302083333333334,12.416666666666666,13.792708333333334
45,surprisal_b,1.0,0.3,10.0,1.0,,0.5,True,0.2,exemplar_mean,0.0028386786144936,363.57743452906715,382.19523798986035,31.762730694945873,6.854166666666667,6.15625,5.989583333333333,6.0354166666666655
45,surprisal_b,2.511886431509582,0.3,10.0,1.0,,0.5,True,0.2,exemplar_mean,0.0329179740970651,364.0945755317696,360.26577905524965,-245.84849221941283,3.083333333333333,3.2604166666666665,3.1875,2.984375
45,surprisal_b,6.309573444801936,0.3,10.0,1.0,,0.5,True,0.2,exemplar_mean,0.0892514357943354,347.46691331245324,381.2460358650366,835.646360601683,2.09375,1.7604166666666667,1.8125,1.8729166666666668
45,surprisal_b,15.848931924611142,0.3,10.0,1.0,,0.5,True,0.2,exemplar_mean,0.0638436950447422,364.0945755317696,360.26577905524965,-1455.719590614769,1.3125,1.4479166666666667,1.3645833333333333,1.3260416666666668
45,surprisal_b,39.81071705534973,0.3,10.0,1.0,,0.5,True,0.2,exemplar_mean,0.0556571032856957,353.8173028985289,357.4965699691993,1579.081103132896,1.2604166666666667,1.125,1.1041666666666667,1.1229166666666663
45,surprisal_b,100.0,0.3,10.0,1.0,,0.5,True,0.2,exemplar_mean,0.0145661058993939,361.4331281763704,365.0552560701829,1745.4344304115943,1.0208333333333333,1.0625,1.0104166666666667,1.0520833333333337
46,surprisal_b,0.01,0.3,10.0,1.0,,1.0,True,0.1,exemplar_mean,0.0001313474535854,364.0945755317696,372.44918098900627,-2.9426595108079026,76.59375,75.75,74.64583333333333,75.41458333333334
46,surprisal_b,0.0251188643150957,0.3,10.0,1.0,,1.0,True,0.1,exemplar_mean,0.0087226188327955,362.50316852112167,367.3862852425855,21.80329776563785,70.36458333333333,67.65625,68.59375,68.48854166666668
46,surprisal_b,0.0630957344480193,0.3,10.0,1.0,,1.0,True,0.1,exemplar_mean,0.0028029415104852,364.0945755317696,364.330079288485,-7.062604036802385,59.13541666666666,59.28125,53.69791666666666,55.39791666666666
46,surprisal_b,0.1584893192461114,0.3,10.0,1.0,,1.0,True,0.1,exemplar_mean,0.0999818797349469,345.4139198829316,368.92068921467495,40.7826194344594,39.0,36.22916666666666,37.614583333333336,36.59999999999999
46,surprisal_b,0.3981071705534973,0.3,10.0,1.0,,1.0,True,0.1,exemplar_mean,0.2583428610559025,313.5564937000024,327.17948551459176,101.8892091873206,22.11458333333333,18.58333333333333,14.760416666666666,16.503125
46,surprisal_b,1.0,0.3,10.0,1.0,,1.0,True,0.1,exemplar_mean,0.0249026436624941,359.53253602784395,379.75433519160595,71.44910135264183,9.15625,7.875,6.479166666666667,6.846875
46,surprisal_b,2.511886431509582,0.3,10.0,1.0,,1.0,True,0.1,exemplar_mean,0.0115179926614452,361.99168339590506,378.33415002003176,111.72475559376664,3.9270833333333335,3.6145833333333335,3.0729166666666665,3.6208333333333336
46,surprisal_b,6.309573444801936,0.3,10.0,1.0,,1.0,True,0.1,exemplar_mean,0.1010435742539511,345.2101282750699,368.83411675143645,814.4843533214834,2.28125,2.125,2.114583333333333,2.09375
46,surprisal_b,15.848931924611142,0.3,10.0,1.0,,1.0,True,0.1,exemplar_mean,0.133516854285428,338.91771397316484,356.05127927734395,1294.1696122161825,1.4791666666666667,1.5520833333333333,1.3229166666666667,1.4479166666666663
46,surprisal_b,39.81071705534973,0.3,10.0,1.0,,1.0,True,0.1,exemplar_mean,0.1016769003250889,345.0885044184734,375.51324920912833,2169.3987984431583,1.2708333333333333,1.2708333333333333,1.1666666666666667,1.1864583333333332
46,surprisal_b,100.0,0.3,10.0,1.0,,1.0,True,0.1,exemplar_mean,0.2535712986119985,314.56353292851816,312.6439122513054,7079.325122892707,1.0833333333333333,1.0416666666666667,1.0833333333333333,1.0854166666666667
47,surprisal_b,0.01,0.3,10.0,1.0,,1.0,True,0.2,exemplar_mean,0.1512332626056872,335.4350066068369,331.0760401429234,95.91031447440224,74.35416666666667,74.4375,74.90625,74.89895833333334
47,surprisal_b,0.0251188643150957,0.3,10.0,1.0,,1.0,True,0.2,exemplar_mean,0.008076982037147,362.6212017232784,383.81551332379985,14.02103758509768,68.42708333333333,65.88541666666667,61.708333333333336,65.98854166666666
47,surprisal_b,0.0630957344480193,0.3,10.0,1.0,,1.0,True,0.2,exemplar_mean,0.0300292684765497,358.5861600260326,366.0108549526073,20.23588189498245,55.4375,54.40625,44.989583333333336,50.634375
47,surprisal_b,0.1584893192461114,0.3,10.0,1.0,,1.0,True,0.2,exemplar_mean,0.2489989148229577,315.5255198316277,347.8524379570299,66.52110415116596,36.34375,33.364583333333336,29.20833333333333,30.614583333333332
47,surprisal_b,0.3981071705534973,0.3,10.0,1.0,,1.0,True,0.2,exemplar_mean,0.0048397614844583,363.21244145591936,365.2537411197139,22.7837896391064,12.90625,14.625,12.875,13.547916666666666
47,surprisal_b,1.0,0.3,10.0,1.0,,1.0,True,0.2,exemplar_mean,0.0910273269327145,347.12798084693605,383.3809508341068,154.08806112932825,8.739583333333334,6.458333333333333,5.833333333333333,6.116666666666666
47,surprisal_b,2.511886431509582,0.3,10.0,1.0,,1.0,True,0.2,exemplar_mean,0.2521171566001223,314.8697895648232,355.5033126857561,675.9996421602796,3.875,3.3125,3.0416666666666665,3.0406249999999995
47,surprisal_b,6.309573444801936,0.3,10.0,1.0,,1.0,True,0.2,exemplar_mean,0.0137378640656315,361.5849857309328,383.4429956192407,336.935838044138,2.145833333333333,1.9166666666666667,1.7083333333333333,1.7958333333333332
47,surprisal_b,15.848931924611142,0.3,10.0,1.0,,1.0,True,0.2,exemplar_mean,0.0081784013647575,364.0945755317696,360.26577905524965,-530.4144374820216,1.4479166666666667,1.46875,1.375,1.3375
47,surprisal_b,39.81071705534973,0.3,10.0,1.0,,1.0,True,0.2,exemplar_mean,0.0610376400945194,364.0945755317696,360.26577905524965,-2236.262088283665,1.1979166666666667,1.21875,1.2291666666666667,1.1177083333333333
47,surprisal_b,100.0,0.3,10.0,1.0,,1.0,True,0.2,exemplar_mean,0.0110959505362089,362.06895310564585,364.5747488934632,2048.9530064223154,1.0625,1.0416666666666667,1.0729166666666667,1.0604166666666666
