setting,metric,world_EIGs,V_prior,alpha_prior,beta_prior,sigma_true,pooled_rmse,pooled_r2,within_r2,within_b,pred_bg1,pred_bg10,pred_dev10
0,eig_code,1e-07,1.0,1.0,0.1,0.1,4.905567597117955,0.05186359678162945,0.0023684617919036417,5.334276584443851,499.7671375257735,499.37810687502105,499.501766420793
0,eig_code,2.1544346900318822e-07,1.0,1.0,0.1,0.1,4.907778996089307,0.05020623834167688,0.0022870488413824722,2.4653539827707704,499.4986199808014,498.67766743808846,498.9310842559448
0,eig_code,4.641588833612782e-07,1.0,1.0,0.1,0.1,4.912296066026634,0.046822570122835305,0.0021219764771161233,1.132922427920359,498.9212307470237,497.2276093407946,497.7174706711448
0,eig_code,1e-06,1.0,1.0,0.1,0.1,4.920964178855348,0.040336025851825406,0.0018097140229977383,0.513097898526481,497.6824233129592,494.34082540283924,495.1724524046976
0,eig_code,2.1544346900318822e-06,1.0,1.0,0.1,0.1,4.935517719043663,0.029458684165110334,0.0012978918831533298,0.22363383736950712,495.0370357431848,488.94971953661883,489.97705433863007
0,eig_code,4.641588833612773e-06,1.0,1.0,0.1,0.1,4.95422221891171,0.015382650626810443,0.0006563280930504876,0.08804400877955215,489.44394831403474,479.62512929291415,479.85142644493595
0,eig_code,1e-05,1.0,1.0,0.1,0.1,4.968782336295465,0.003484991747162837,0.00013584907483619814,0.024442494408654213,477.858785002385,464.3336408423127,461.40173331498744
0,eig_code,2.1544346900318823e-05,1.0,1.0,0.1,0.1,4.9688858831445675,0.0005413455275287586,3.212210325295683e-05,-0.008201533177816633,454.8136273566945,439.8365850810556,430.39243609613504
0,eig_code,4.641588833612772e-05,1.0,1.0,0.1,0.1,4.942814680074898,0.018061684862642882,0.0008142210501234038,-0.03296497399334346,412.2436737622474,401.4467286118282,382.34621296870154
0,eig_code,0.0001,1.0,1.0,0.1,0.1,4.86148131262942,0.08411494715323745,0.0037470928780181686,-0.065258932905039,342.7344735495251,344.01682322275536,314.03283608545996
0,eig_code,0.00021544346900318823,1.0,1.0,0.1,0.1,4.709030587262614,0.2118318336660046,0.009789393898946364,-0.10902320251748421,249.05718953511504,265.8352886213056,228.6078875568063
0,eig_code,0.00046415888336127773,1.0,1.0,0.1,0.1,4.5903245489792575,0.3082545154783859,0.014500000905842057,-0.16165399127208327,153.78753721778142,175.64662759548318,141.9125754657678
0,eig_code,0.001,1.0,1.0,0.1,0.1,4.646960489379672,0.24337678714361857,0.01065661517953172,-0.22703632694931072,85.66065827836486,96.74171048100055,76.38055424350422
0,eig_code,0.002154434690031882,1.0,1.0,0.1,0.1,4.8510762398654705,0.019311039592279807,0.00022139472869993796,-0.053597126098262796,49.28034824963391,48.137319572102456,39.515694012640786
0,eig_code,0.004641588833612773,1.0,1.0,0.1,0.1,4.812702401950489,0.04804472265257238,0.004040472463188353,0.259702306240071,31.367866290133176,24.678920905027805,21.551979878936077
0,eig_code,0.01,1.0,1.0,0.1,0.1,4.738329384742276,0.1300156855641087,0.008336412282465067,0.39489980958461157,21.795680812045575,13.657690661896758,12.486654705245657
0,eig_code,0.021544346900318822,1.0,1.0,0.1,0.1,4.713615709649632,0.16544736445604735,0.009879485776278363,0.4773678454053943,15.896587233752427,8.002338089200085,7.5163004873794
0,eig_code,0.046415888336127725,1.0,1.0,0.1,0.1,4.7142999444520886,0.17517505406551212,0.010137458485739367,0.5691794257957891,11.833222415158462,4.895630797774682,4.682353576261426
0,eig_code,0.1,1.0,1.0,0.1,0.1,4.724445492409101,0.17264796424276704,0.009837380265768345,0.7005866117483235,8.834247769240518,3.156155274162465,3.059793997372495
0,kl,1e-07,1.0,1.0,0.1,0.1,4.466255718270499,0.4110540623606217,0.0214290302109884,1.2510793969558502,498.57670675960753,494.13405834214365,496.35400079182295
0,kl,2.1544346900318822e-07,1.0,1.0,0.1,0.1,4.48740712673283,0.3911493614096773,0.02034038565499865,0.6221972312706816,496.9609430284013,488.37246615426693,492.44924762829856
0,kl,4.641588833612782e-07,1.0,1.0,0.1,0.1,4.523974322488828,0.35624423073096295,0.018474972268795246,0.3259707245326148,493.5733982548957,478.20391250691597,484.85746640708754
0,kl,1e-06,1.0,1.0,0.1,0.1,4.57362055650907,0.3072293444249341,0.01596524698292233,0.1833526671508958,486.66221742976495,461.55594414133503,470.9553405598029
0,kl,2.1544346900318822e-06,1.0,1.0,0.1,0.1,4.619568963562509,0.2581966613850992,0.013674131105024382,0.11332126609695849,473.2123442282293,435.7436724367021,447.2051807693351
0,kl,4.641588833612773e-06,1.0,1.0,0.1,0.1,4.6472383131628945,0.22349623644885733,0.012377446300429725,0.07863252423358227,448.7823789859779,397.6670110672008,409.7160301068371
0,kl,1e-05,1.0,1.0,0.1,0.1,4.66328772894897,0.20116382030534843,0.011826525777644174,0.06077451987973109,408.05084557212325,344.56903729952586,355.48246725875487
0,kl,2.1544346900318823e-05,1.0,1.0,0.1,0.1,4.680655108983368,0.1816017962887164,0.011316453029050544,0.0517248967465275,346.93370316221893,276.2616823512368,284.5987970085687
0,kl,4.641588833612772e-05,1.0,1.0,0.1,0.1,4.697359777224591,0.1649229020346326,0.010733539113382798,0.0497130141012641,267.78381834106284,198.14773835395843,203.16588630712513
0,kl,0.0001,1.0,1.0,0.1,0.1,4.703085500378139,0.1599533743866728,0.01057283359782893,0.05631641881871905,184.34312133919514,123.07942527766829,125.74749338894566
0,kl,0.00021544346900318823,1.0,1.0,0.1,0.1,4.6970691652285925,0.1660427182088407,0.010816009713652772,0.07569368187401775,114.2593931402427,66.5301856163912,67.44269762679973
0,kl,0.00046415888336127773,1.0,1.0,0.1,0.1,4.681864628305698,0.1793769045604056,0.011212383714156317,0.1184863525134853,65.44413047133362,32.76232661409045,32.60589632257195
0,kl,0.001,1.0,1.0,0.1,0.1,4.6599913240707025,0.20439131164341184,0.012002436163534412,0.2062229626996988,36.59043763333536,15.959412389692284,16.167180508401316
0,kl,0.002154434690031882,1.0,1.0,0.1,0.1,4.647478248119118,0.22514677629935026,0.012676464688372743,0.3317466845159285,22.52988801132972,8.877999436437186,9.380798060284397
0,kl,0.004641588833612773,1.0,1.0,0.1,0.1,4.654902044950553,0.22467218816833767,0.012409069483788313,0.4421102576745398,15.946024966283728,5.650936859343038,6.045736939564885
0,kl,0.01,1.0,1.0,0.1,0.1,4.66850237864578,0.21611977623389436,0.011744400424875909,0.5619164852002902,11.839214391964871,3.8024351593742893,4.101901314834213
0,kl,0.021544346900318822,1.0,1.0,0.1,0.1,4.678594606882262,0.20774709470130903,0.011121585547881794,0.7357969369952791,8.780743400184077,2.6660491808433044,2.911066866281472
0,kl,0.046415888336127725,1.0,1.0,0.1,0.1,4.683468980875507,0.20237380249650302,0.010699101339442638,1.0168726099342893,6.394004954923801,1.9571873295270448,2.1575228122931276
0,kl,0.1,1.0,1.0,0.1,0.1,4.683281299558255,0.20155626292949916,0.010551717121865539,1.5215801114956509,4.51346971575893,1.5219734806489156,1.675089551039948
0,mi,1e-05,1.0,1.0,0.1,0.1,4.176271272330703,0.7051473826954016,0.033278912673784355,1.0120744245445612,34.05605445701094,26.548441592966146,32.124387451780734
0,mi,1.8957356524063752e-05,1.0,1.0,0.1,0.1,4.180795642507477,0.6945425299763193,0.03276655673686142,1.2985216269292819,27.18851898914677,21.23133246022448,25.32293740860372
0,mi,3.5938136638046256e-05,1.0,1.0,0.1,0.1,4.19778510170357,0.6751279910209714,0.0318145967293253,1.5269887587411286,22.1298410726961,17.031931041076167,20.248902616614416
0,mi,6.812920690579608e-05,1.0,1.0,0.1,0.1,4.2242679319800125,0.6486202972619581,0.030516867769507357,1.735489536573335,18.124300493548464,13.653159386190667,16.219594668714322
0,mi,0.0001291549665014884,1.0,1.0,0.1,0.1,4.259392730573283,0.6148194668107151,0.028883638359960512,1.9341854819967905,14.889506859659742,10.929114601933252,12.965840318830752
0,mi,0.00024484367468222265,1.0,1.0,0.1,0.1,4.302476528863817,0.5740267631823412,0.026939430059940053,2.1183969661749136,12.265449575208473,8.733823402862946,10.33498307279501
0,mi,0.0004641588833612782,1.0,1.0,0.1,0.1,4.351320763403809,0.5279741887814281,0.024776647976428298,2.287145380440218,10.126759108150457,6.9659873795429865,8.210232044769727
0,mi,0.0008799225435691075,1.0,1.0,0.1,0.1,4.402001538740253,0.47999248311556525,0.022563431376173525,2.450927532779649,8.37025623614049,5.544309752289107,6.4982849268369725
0,mi,0.0016681005372000592,1.0,1.0,0.1,0.1,4.450176027215649,0.43399951732956715,0.020483911967659973,2.634782171314909,6.912044654977663,4.404881786134157,5.125102094580286
0,mi,0.0031622776601683794,1.0,1.0,0.1,0.1,4.492645754885588,0.39295014313050053,0.018662709663905874,2.8770108542988218,5.686477562899185,3.4974164947674082,4.031418985425464
0,mi,0.005994842503189409,1.0,1.0,0.1,0.1,4.527752429274964,0.35845736833826886,0.017156117770192787,3.2317315608465327,4.645769510715808,2.7818762506426453,3.169947988988883
0,mi,0.011364636663857255,1.0,1.0,0.1,0.1,4.555182997233526,0.3310404660553163,0.015973434263358396,3.7814678156564154,3.7591997574252733,2.2268184872428542,2.5030042749319104
0,mi,0.021544346900318846,1.0,1.0,0.1,0.1,4.575870405049136,0.31019959740215663,0.015084075086808549,4.662513674565125,3.011932445018457,1.8081657509520725,2.0001647732445704
0,mi,0.04084238652674522,1.0,1.0,0.1,0.1,4.5917169588799736,0.2944882348842072,0.014418539026280885,6.115609283178377,2.4005689406297415,1.5063251008381817,1.6356382996367564
0,mi,0.07742636826811278,1.0,1.0,0.1,0.1,4.604581479076385,0.28219216985725126,0.01389640514852864,8.595696153068229,1.9243872377117066,1.301737511131673,1.385078123886691
0,mi,0.14677992676220705,1.0,1.0,0.1,0.1,4.61518156322036,0.27236355797488326,0.013473946275890112,12.9931948089732,1.5769281667924882,1.1722935966597963,1.223279707300091
0,mi,0.2782559402207126,1.0,1.0,0.1,0.1,4.623314001274422,0.2649107806225844,0.01314935119487895,21.044132225928475,1.3417715819635079,1.095336480974961,1.1250270852385513
0,mi,0.527499706370262,1.0,1.0,0.1,0.1,4.628902900318671,0.25979092607505516,0.01292430016842402,36.07923259174069,1.1940734410229283,1.051684228161738,1.0683237426582244
0,mi,1.0,1.0,1.0,0.1,0.1,4.6323841119284825,0.2565926087246879,0.012782962808110698,64.42470122211617,1.106949970664459,1.0276783859666654,1.036767482275127
0,surprisal,0.0031622776601683794,1.0,1.0,0.1,0.1,4.606590525890065,0.34931082841858574,0.016249614263801157,-0.05280465485178982,388.5019247400187,494.9514174594646,454.83229392768254
0,surprisal,0.005623413251903491,1.0,1.0,0.1,0.1,4.622307512201212,0.3378117909074057,0.015801374358377168,-0.03660531801105301,342.03162876050243,494.08454435422345,433.02122323902427
0,surprisal,0.01,1.0,1.0,0.1,0.1,4.607995414452823,0.3529976670085434,0.016534836393090127,-0.02734265346724974,285.73974107526095,492.9365447137083,405.4560862346688
0,surprisal,0.01778279410038923,1.0,1.0,0.1,0.1,4.602504582798469,0.3576331730142052,0.016698081583676815,-0.020791592917979627,216.04490632611598,491.28740644277553,380.5991917013991
0,surprisal,0.03162277660168379,1.0,1.0,0.1,0.1,4.591396703440732,0.37216406402103663,0.017214024557297255,-0.017089474126783605,149.40773800706023,488.93416742518093,348.88142992197095
0,surprisal,0.05623413251903491,1.0,1.0,0.1,0.1,4.547768569930215,0.4062494387489081,0.018459217706873757,-0.014355905700598335,74.25757750929962,483.3110964585446,306.4025329686071
0,surprisal,0.1,1.0,1.0,0.1,0.1,4.5258990327087325,0.44060734985906036,0.019944224374371357,-0.013082171399568184,24.81454526035675,467.03941061186373,264.1782234640548
0,surprisal,0.1778279410038923,1.0,1.0,0.1,0.1,4.470639452550772,0.4698591032675057,0.021388607077348746,-0.012276466478262724,4.2021477712606226,455.1733553380307,216.03886406723316
0,surprisal,0.31622776601683794,1.0,1.0,0.1,0.1,4.408193040481538,0.5149358430549027,0.024391438653086555,-0.013004678904972826,2.3553102595462714,401.45086742926463,142.669304634849
0,surprisal,0.5623413251903491,1.0,1.0,0.1,0.1,4.300231196376992,0.6160820148258245,0.02938648428633707,-0.017134087613516782,2.001568757433967,307.17951340958325,70.66365836917662
0,surprisal,1.0,1.0,1.0,0.1,0.1,4.095258564270882,0.7258373549859839,0.03837887725086601,-0.06846153318709253,1.7040356617145624,117.39042920801448,19.71971427923359
0,surprisal,1.7782794100389228,1.0,1.0,0.1,0.1,4.451000469937915,0.49150974974320377,0.02755916802363652,-3.658856563474834,1.467361922618027,3.0375287564115485,1.5939834847116403
0,surprisal,3.1622776601683795,1.0,1.0,0.1,0.1,4.799079226030454,0.07696915865852322,0.004807548725763634,10.613093148713256,1.295035926406664,1.0009979601105894,1.0143829314397486
0,surprisal,5.623413251903491,1.0,1.0,0.1,0.1,4.798934115838431,0.07705344734581293,0.004813408282793438,17.509588686593148,1.1789588883811246,1.0006125631789888,1.0089726206752572
0,surprisal,10.0,1.0,1.0,0.1,0.1,4.798822352522521,0.07712544386773475,0.004818046428627174,29.722228548108863,1.1054843969915977,1.000363163032558,1.0053929157084356
0,surprisal,17.78279410038923,1.0,1.0,0.1,0.1,4.798746233816098,0.0771773616614461,0.004821269173505413,51.406292990471904,1.0610123560004967,1.0002106499342012,1.0031586369215195
0,surprisal,31.622776601683793,1.0,1.0,0.1,0.1,4.798698275509105,0.07721114239825687,0.0048233259810692,89.94608607694659,1.0348783477781225,1.000120591759334,1.0018195353623063
0,surprisal,56.23413251903491,1.0,1.0,0.1,0.1,4.79866946312884,0.0772318095917014,0.0048245713360441245,158.46844992018174,1.0197996762735329,1.0000685079469254,1.0010375832704854
0,surprisal,100.0,1.0,1.0,0.1,0.1,4.798652634243947,0.07724400549922951,0.004825302054442331,280.31331731210304,1.0111942209432074,1.0000387479118829,1.000588155356587
0,surprisal_b,0.0031622776601683794,1.0,1.0,0.1,0.1,4.369857880379386,0.48190750767784973,0.024471376815437,0.45554497889368606,444.09145070481895,429.0408348369744,433.82060193148
0,surprisal_b,0.005623413251903491,1.0,1.0,0.1,0.1,4.371217217144468,0.48098539354599634,0.0243913535355074,0.29455942540170416,406.3393512583066,383.08832223351334,390.4513183244496
0,surprisal_b,0.01,1.0,1.0,0.1,0.1,4.373574767110836,0.4793892482940816,0.024254904562711236,0.21073777793838827,349.5224788630512,317.0833952579406,327.3067413948358
0,surprisal_b,0.01778279410038923,1.0,1.0,0.1,0.1,4.3775106265697055,0.4767283328276378,0.024033054886113212,0.17748437345760099,273.51534345477234,235.11417140677625,247.12281175719636
0,surprisal_b,0.03162277660168379,1.0,1.0,0.1,0.1,4.38346004001971,0.4726911581635778,0.023710351007745347,0.18944694104316537,188.90910141380627,153.0873816209593,164.15703309882502
0,surprisal_b,0.05623413251903491,1.0,1.0,0.1,0.1,4.3907487801797505,0.46760564618696887,0.023337094048148304,0.2647367330334795,115.63686146437202,90.12437495973892,97.86848245027629
0,surprisal_b,0.1,1.0,1.0,0.1,0.1,4.398416119946977,0.46175866414518796,0.02298006633146014,0.44044960483637813,66.53423430495056,51.27157284220551,55.77316403221899
0,surprisal_b,0.1778279410038923,1.0,1.0,0.1,0.1,4.408039425193877,0.4538155252918695,0.022551311606887715,0.7565444342147791,38.067791515303405,29.23945361421622,31.738015913234022
0,surprisal_b,0.31622776601683794,1.0,1.0,0.1,0.1,4.419995064931514,0.44347746941270055,0.021999265058488943,1.2835809320438734,22.03186263522446,16.872890594874512,18.26603329724369
0,surprisal_b,0.5623413251903491,1.0,1.0,0.1,0.1,4.433611129799727,0.431219677017401,0.021336629223172702,2.1406716465303424,12.99409049641406,9.932676416656058,10.72084110054356
0,surprisal_b,1.0,1.0,1.0,0.1,0.1,4.448999340459924,0.41727753848524973,0.020572688038252337,3.5023383308056624,7.880321120698003,6.032464094722248,6.4840876432214705
0,surprisal_b,1.7782794100389228,1.0,1.0,0.1,0.1,4.46588089367848,0.4022943609815369,0.019753541278705912,5.640383337412996,4.967835232464988,3.8369965593574187,4.097449912497355
0,surprisal_b,3.1622776601683795,1.0,1.0,0.1,0.1,4.482377578031136,0.3880185428326956,0.018984111999589846,9.034041495312952,3.2953321864899965,2.5997493247321772,2.7505959446498616
0,surprisal_b,5.623413251903491,1.0,1.0,0.1,0.1,4.496085043515293,0.37656600064430784,0.0183752843618878,14.593380787902396,2.3271735726370175,1.9020312736015434,1.9897562347278923
0,surprisal_b,10.0,1.0,1.0,0.1,0.1,4.5058580320365795,0.3687842078766294,0.017963873481411295,24.026496437128642,1.764330998158047,1.5084670569839043,1.5595610338013586
0,surprisal_b,17.78279410038923,1.0,1.0,0.1,0.1,4.512093074123072,0.3640877607685788,0.0177151401581511,40.42720530582948,1.437653838727034,1.2864818315495103,1.31613878763313
0,surprisal_b,31.622776601683793,1.0,1.0,0.1,0.1,4.515802394945624,0.3614508359408203,0.01757495393812751,69.3117853929118,1.249188681921312,1.1613222622209767,1.1784165710317784
0,surprisal_b,56.23413251903491,1.0,1.0,0.1,0.1,4.517927650396631,0.3600203497698739,0.017498734575097222,120.48223910042606,1.1412481225044375,1.0907997067328818,1.100578448544583
0,surprisal_b,100.0,1.0,1.0,0.1,0.1,4.5191258753289665,0.35924970837365,0.01745766324601884,211.35183706205532,1.0798153392189398,1.0510886182316952,1.0566479372245978
1,eig_code,1e-07,1.0,1.0,0.1,0.2,4.822161151693329,0.0840789740749493,0.005309072144148003,15.77377614534369,499.76347916316075,499.61198793816123,499.58301837068575
1,eig_code,2.1544346900318822e-07,1.0,1.0,0.1,0.2,4.822113860469382,0.08409863067349443,0.0053103237390357645,7.3307869827463525,499.4906279590968,499.16462533240855,499.1022948418797
1,eig_code,4.641588833612782e-07,1.0,1.0,0.1,0.2,4.822012068799898,0.08414094701315068,0.005313018228637792,3.4119122514113274,498.903503153439,498.2028899117345,498.0689851132984
1,eig_code,1e-06,1.0,1.0,0.1,0.2,4.821793178492685,0.08423198408931339,0.0053188148256291526,1.592961355366919,497.6418936193035,496.14049621604175,495.85377118155856
1,eig_code,2.1544346900318822e-06,1.0,1.0,0.1,0.2,4.82132351519955,0.08442750798351269,0.00533126364100442,0.7487431573364379,494.93913811735956,491.7413462692846,491.1317074081505
1,eig_code,4.641588833612773e-06,1.0,1.0,0.1,0.2,4.820320544875376,0.08484593436220894,0.005357900919131064,0.3570306760278529,489.18649541470467,482.4643590151274,481.18754387593316
1,eig_code,1e-05,1.0,1.0,0.1,0.2,4.818200646446076,0.0857344554943419,0.005414448520098458,0.17551760170251623,477.11161928158043,463.3689804588768,460.77910589369793
1,eig_code,2.1544346900318823e-05,1.0,1.0,0.1,0.2,4.81381993090028,0.08758985976905494,0.005532456847668146,0.09194210955552971,452.5065503344601,425.9977971262404,421.0840556983858
1,eig_code,4.641588833612772e-05,1.0,1.0,0.1,0.2,4.805206812927795,0.09132673323362984,0.005769793581175229,0.05470247775652858,405.39510693723986,359.9099429812861,351.7616521112359
1,eig_code,0.0001,1.0,1.0,0.1,0.2,4.790017648721864,0.09829510227476126,0.006210779788359608,0.041207982057762944,325.9376904957716,263.22186551728714,252.7267200944963
1,eig_code,0.00021544346900318823,1.0,1.0,0.1,0.2,4.768487538573714,0.10945336321577971,0.006908870940442352,0.044941861832393425,220.63952254968288,159.541128671304,150.53805815790568
1,eig_code,0.00046415888336127773,1.0,1.0,0.1,0.2,4.7459230499582254,0.1240308347128077,0.007786229415010835,0.07246822700309871,126.05427326866784,84.96767795186287,80.06176854671268
1,eig_code,0.001,1.0,1.0,0.1,0.2,4.722549488109154,0.14276588858538825,0.008843652868729844,0.13296510140380616,70.37878602190285,45.61708476869702,43.52459728285359
1,eig_code,0.002154434690031882,1.0,1.0,0.1,0.2,4.696671396940024,0.1654544503625075,0.010048089170908561,0.21530655599524223,43.06637198320721,26.072642818391415,25.254965647867834
1,eig_code,0.004641588833612773,1.0,1.0,0.1,0.2,4.676342534373235,0.18482441483460216,0.010981178068266097,0.29589213211604787,28.967549230503277,15.589175500854878,15.298192800981655
1,eig_code,0.01,1.0,1.0,0.1,0.2,4.667066207727377,0.19605486650972123,0.0114054102474826,0.3745809216040778,20.576115669168214,9.50159665633374,9.42595670957029
1,eig_code,0.021544346900318822,1.0,1.0,0.1,0.2,4.6685903861597104,0.19883469099180115,0.011341954598143949,0.4730116977679038,14.869354084839907,5.888766332066996,5.895200703538483
1,eig_code,0.046415888336127725,1.0,1.0,0.1,0.2,4.677464219348013,0.19479387395723766,0.01092197695345453,0.6089672874484607,10.782167276753919,3.756923969322123,3.782502695026247
1,eig_code,0.1,1.0,1.0,0.1,0.2,4.689606619455377,0.1865183953497881,0.010318772948482706,0.8039141727037975,7.81377747138636,2.512234875592293,2.5341102357173555
1,kl,1e-07,1.0,1.0,0.1,0.2,4.7977799741902825,0.09419469806425289,0.005774099658161288,2.4394615845654704,499.0842915646237,498.1064406691587,497.9750471492251
1,kl,2.1544346900318822e-07,1.0,1.0,0.1,0.2,4.797425483158717,0.09442182222728783,0.005789620064814163,1.1438548928732986,498.03227653709746,495.9403744120675,495.6639481567948
1,kl,4.641588833612782e-07,1.0,1.0,0.1,0.2,4.796656390423126,0.0949116497561744,0.0058228090667540875,0.5425175928055299,495.78412527999393,491.34477540259564,490.77834186645345
1,kl,1e-06,1.0,1.0,0.1,0.2,4.794982443003979,0.09596546502974797,0.005893037482959453,0.2634652968405183,491.02350465541554,481.7607023518687,480.6595716127153
1,kl,2.1544346900318822e-06,1.0,1.0,0.1,0.2,4.791361956404389,0.09819771041338646,0.006037507770485124,0.13407462787147206,481.13068674272,462.46534136630925,460.51931994992884
1,kl,4.641588833612773e-06,1.0,1.0,0.1,0.2,4.783907608938209,0.10263700647743154,0.006312776424826227,0.07429997271727874,461.3263819958292,426.20060309509546,423.18140457661315
1,kl,1e-05,1.0,1.0,0.1,0.2,4.770784451800372,0.11001195173703807,0.006750307228805728,0.04720387743181746,424.34859892192077,365.92773825358,361.52713168589116
1,kl,2.1544346900318823e-05,1.0,1.0,0.1,0.2,4.753476236956839,0.11902567700393014,0.007275696558952581,0.03631756491180817,363.18712273493173,283.18512011804756,276.458471717973
1,kl,4.641588833612772e-05,1.0,1.0,0.1,0.2,4.736153913706792,0.12883151135086876,0.007842955768211937,0.03548592155169986,279.7720438898609,193.9517822808452,185.212567900306
1,kl,0.0001,1.0,1.0,0.1,0.2,4.717737163879642,0.14394052811241392,0.008643453852504934,0.04379707336506711,191.76460070047196,117.12995360286908,109.68631804941987
1,kl,0.00021544346900318823,1.0,1.0,0.1,0.2,4.6930671416759004,0.16852013305374058,0.009874219393545306,0.06340199174943036,119.20284487140981,61.570980164000616,57.8981993624241
1,kl,0.00046415888336127773,1.0,1.0,0.1,0.2,4.667434242036521,0.19586065253086057,0.01120113771884988,0.10502320136917351,68.27430698736553,29.409901763941335,28.854540187828718
1,kl,0.001,1.0,1.0,0.1,0.2,4.648364704714281,0.21663927896284468,0.012157872121557113,0.19511094495089285,37.86965405422368,15.45542839920138,15.941545047370786
1,kl,0.002154434690031882,1.0,1.0,0.1,0.2,4.637822366017325,0.22771891449403814,0.012636697969579887,0.32445354292191425,23.32708550323206,9.39440752200035,9.92362481171745
1,kl,0.004641588833612773,1.0,1.0,0.1,0.2,4.642270083280755,0.22667533650023608,0.01246832018380963,0.4404703718637639,16.357588072932803,5.994424647858387,6.400613345010869
1,kl,0.01,1.0,1.0,0.1,0.2,4.6534452886230415,0.22065774657073517,0.012015473760657642,0.5773183847452523,11.878006932143775,3.9530483815041855,4.238827477190601
1,kl,0.021544346900318822,1.0,1.0,0.1,0.2,4.6644882541455726,0.21400064797892768,0.011529073238313573,0.7733496756160878,8.635869680049945,2.706076373658423,2.9091510089263313
1,kl,0.046415888336127725,1.0,1.0,0.1,0.2,4.674553819859735,0.20660417723240948,0.01102695990298135,1.0671867949416016,6.243845929208512,1.9479474842928088,2.087461800548174
1,kl,0.1,1.0,1.0,0.1,0.2,4.683881703140946,0.19862111380621775,0.010537422776914532,1.548978690963375,4.444173899031606,1.500658093412242,1.590448067343052
1,mi,1e-05,1.0,1.0,0.1,0.2,4.296026752197621,0.5645135075040748,0.027497602604179952,0.371411214302325,64.27551709084506,43.85373449367964,52.46654452698446
1,mi,1.8957356524063752e-05,1.0,1.0,0.1,0.2,4.302566583780051,0.5562177474789746,0.027227156001473296,0.6156860612340249,45.22540448231934,32.95636755667226,38.021981946835744
1,mi,3.5938136638046256e-05,1.0,1.0,0.1,0.2,4.3144970932611475,0.5425129476861872,0.02674378728470432,0.8924099067316731,34.18581363745371,25.795201091081115,29.13967479120339
1,mi,6.812920690579608e-05,1.0,1.0,0.1,0.2,4.335114882664592,0.5216934269255631,0.025875912005724637,1.1219526729336735,27.022101744575526,20.46784317739972,22.931079839747582
1,mi,0.0001291549665014884,1.0,1.0,0.1,0.2,4.363501393491911,0.4946920087571093,0.024630886315390954,1.301668903963966,21.73353845984144,16.238101529378856,18.131831287666696
1,mi,0.00024484367468222265,1.0,1.0,0.1,0.2,4.39640214067385,0.4636017321459454,0.023156593041782008,1.4719100592142005,17.527092687890747,12.83289718900283,14.279646253145666
1,mi,0.0004641588833612782,1.0,1.0,0.1,0.2,4.431725618118222,0.42985418730788244,0.021551743486760845,1.6491514590618475,14.116231328516315,10.092092941172703,11.175013151633552
1,mi,0.0008799225435691075,1.0,1.0,0.1,0.2,4.46759379008048,0.39517528989408707,0.019909337349907612,1.8400232465743025,11.341117215444433,7.891171779520175,8.682509371952648
1,mi,0.0016681005372000592,1.0,1.0,0.1,0.2,4.50149483517217,0.36206240486641494,0.018356513209978116,2.059789754645053,9.075257834471781,6.1316810840124445,6.695738241312589
1,mi,0.0031622776601683794,1.0,1.0,0.1,0.2,4.531242718986611,0.33267611925803847,0.01699750243773641,2.336956971893833,7.218216190353054,4.7365136611393615,5.12868846824866
1,mi,0.005994842503189409,1.0,1.0,0.1,0.2,4.555676769737369,0.30821567877011563,0.01588512455392245,2.7158977733296674,5.694795778674224,3.6446760008026016,3.9101519515960703
1,mi,0.011364636663857255,1.0,1.0,0.1,0.2,4.574422942136497,0.28923826965673916,0.01504410538078713,3.26875695253301,4.451283005787483,2.8072328711490666,2.981802878147786
1,mi,0.021544346900318846,1.0,1.0,0.1,0.2,4.587886163910023,0.27560416081866107,0.014470073034949486,4.118282261771648,3.4515887518503825,2.184361243805992,2.2958652465058775
1,mi,0.04084238652674522,1.0,1.0,0.1,0.2,4.597099626660487,0.26649831125736917,0.01412216960617464,5.483232420131642,2.6707978168325623,1.7410069476370573,1.81027148145954
1,mi,0.07742636826811278,1.0,1.0,0.1,0.2,4.603276827198858,0.26078834904935694,0.013935278436505839,7.776074142630425,2.086543053469812,1.4425680559689305,1.4843920670431585
1,mi,0.14677992676220705,1.0,1.0,0.1,0.2,4.607481873120202,0.2573343400767179,0.013840990706290576,11.797354215686456,1.672669671085471,1.2536965329942495,1.2781900458500999
1,mi,0.2782559402207126,1.0,1.0,0.1,0.2,4.610411588180511,0.255241823375615,0.01378942448759654,19.102300115239082,1.3973876067115152,1.140905954009037,1.1548166996903995
1,mi,0.527499706370262,1.0,1.0,0.1,0.2,4.612414278955421,0.25396292204853765,0.013756791961753268,32.67950991117762,1.2256914769389529,1.0765986785271509,1.0842944753209987
1,mi,1.0,1.0,1.0,0.1,0.2,4.613702474730032,0.2531941422464911,0.013735303843970852,58.2171920126793,1.124509403695238,1.0410922352888405,1.0452691056987378
1,surprisal,0.0031622776601683794,1.0,1.0,0.1,0.2,4.633299168302975,0.2403372866039159,0.012848416070864533,-0.019955946885117835,103.6392263718954,328.264945997478,326.281197026201
1,surprisal,0.005623413251903491,1.0,1.0,0.1,0.2,4.625084066306528,0.24575596027824617,0.013408792514817313,-0.020810083321709683,58.94178860903108,272.94534219078156,263.621348847257
1,surprisal,0.01,1.0,1.0,0.1,0.2,4.592955587484172,0.2723036388679527,0.01482311260558415,-0.026091950029623518,29.980369098225125,208.1024487075662,194.71126464668683
1,surprisal,0.01778279410038923,1.0,1.0,0.1,0.2,4.566925004081431,0.29806054790581477,0.016651937189316495,-0.03884778129727907,16.38935386244371,140.25721565093588,127.04762827181088
1,surprisal,0.03162277660168379,1.0,1.0,0.1,0.2,4.515305403913444,0.3422416870383927,0.019785225033795883,-0.07211294714590451,10.948894696065734,79.21630438841602,66.89116848216533
1,surprisal,0.05623413251903491,1.0,1.0,0.1,0.2,4.6102633249611324,0.25441717989773405,0.015661634088584734,-0.16082554066621854,7.991536672126415,35.45449214189217,28.935029460905465
1,surprisal,0.1,1.0,1.0,0.1,0.2,4.705876800826571,0.2013691021309997,0.012980695648679152,-0.43880296724158313,5.920836405442521,14.237628241174797,10.51493663321083
1,surprisal,0.1778279410038923,1.0,1.0,0.1,0.2,4.656959158663479,0.21397889429225853,0.013251971538164218,-1.1537144462447755,4.464675734137386,6.750765754703148,6.2196515312498475
1,surprisal,0.31622776601683794,1.0,1.0,0.1,0.2,4.730752243773218,0.14566513187425575,0.00851760115298101,-1.6632427931680418,3.367758289438484,4.042704048520231,3.9293578146345953
1,surprisal,0.5623413251903491,1.0,1.0,0.1,0.2,4.884122699847762,0.07089884139638393,0.0028594680212362857,-1.778767888524621,2.566110647795746,2.4231643526979467,2.352083392168211
1,surprisal,1.0,1.0,1.0,0.1,0.2,4.907988211851042,0.09035261312200378,0.0058224890842924195,4.002662070908722,2.004212788658793,1.287340906385104,1.2666203024234208
1,surprisal,1.7782794100389228,1.0,1.0,0.1,0.2,4.715329006101612,0.20263214147003838,0.010516491489810213,8.100927483134852,1.6258587979477535,1.05178460244645,1.111080845288851
1,surprisal,3.1622776601683795,1.0,1.0,0.1,0.2,4.708726553225686,0.20929180764598257,0.01079244592732677,13.722498046969205,1.38004078821712,1.0328593047660364,1.0717878524955324
1,surprisal,5.623413251903491,1.0,1.0,0.1,0.2,4.7033639937921095,0.21479780838219756,0.01102329677824586,23.638065647850095,1.2255642897926005,1.020014024414157,1.0444158964435142
1,surprisal,10.0,1.0,1.0,0.1,0.2,4.699351624960359,0.2190736365522105,0.011204932119966331,41.229107354504926,1.1314422095929115,1.011833058247608,1.0265796815067934
1,surprisal,17.78279410038923,1.0,1.0,0.1,0.2,4.696577885793863,0.22214331849719002,0.011336659942594354,72.50494099148638,1.075578995111217,1.0068583973675664,1.0155371535840887
1,surprisal,31.622776601683793,1.0,1.0,0.1,0.2,4.694786460143563,0.22418508617040425,0.011424868732879253,128.13473852284744,1.0430732142451975,1.003925772500287,1.0089431369506565
1,surprisal,56.23413251903491,1.0,1.0,0.1,0.2,4.693687209476018,0.22546317879931066,0.01148031453606625,227.07657774591965,1.0244120221783817,1.0022303181859742,1.0050983003445717
1,surprisal,100.0,1.0,1.0,0.1,0.2,4.693035656604853,0.2262302472274901,0.011513673191214545,403.03642257207133,1.013789807948457,1.0012615403742398,1.0028896772499463
1,surprisal_b,0.0031622776601683794,1.0,1.0,0.1,0.2,4.504283610083771,0.371155638556934,0.018500044377041995,0.532554782881848,430.7822319192432,419.80208110836185,422.15807654297845
1,surprisal_b,0.005623413251903491,1.0,1.0,0.1,0.2,4.503260606732107,0.37290415532055166,0.018554366223085095,0.35699514749295486,385.7468461476762,369.32784596096354,372.881444226293
1,surprisal_b,0.01,1.0,1.0,0.1,0.2,4.501388889081564,0.37595067147066386,0.01865196246903708,0.2710636802509136,320.72403891045155,299.0088411806768,303.77951032020775
1,surprisal_b,0.01778279410038923,1.0,1.0,0.1,0.2,4.497960756765421,0.3810447491249343,0.018824131676671706,0.24998227711541757,239.3174387104177,215.60004063708035,220.93857355998932
1,surprisal_b,0.03162277660168379,1.0,1.0,0.1,0.2,4.492045910594719,0.3884831825904416,0.01910033937934428,0.29926492693236056,156.93469190728356,136.89532735165594,141.55313062098534
1,surprisal_b,0.05623413251903491,1.0,1.0,0.1,0.2,4.484536428216691,0.3953801886832392,0.019411886537829937,0.4571016959620259,92.94398022956567,79.64375223861983,82.80007722007946
1,surprisal_b,0.1,1.0,1.0,0.1,0.2,4.481000761212529,0.3955806872015197,0.019529721760700256,0.7692315193580355,53.16706848730512,45.19764278298832,47.06322980803659
1,surprisal_b,0.1778279410038923,1.0,1.0,0.1,0.2,4.483739105142739,0.38965732897236677,0.019400136225474644,1.2842838512406671,30.544658594933832,25.76736372460873,26.8525295574408
1,surprisal_b,0.31622776601683794,1.0,1.0,0.1,0.2,4.491351308919883,0.38084391593310885,0.019067560206435085,2.1068693761015744,17.79836338642823,14.897647255055729,15.53745462763896
1,surprisal_b,0.5623413251903491,1.0,1.0,0.1,0.2,4.502667278584944,0.37065128865346986,0.018562456695537025,3.4131473251417073,10.595673463526072,8.816490015253335,9.195833429614817
1,surprisal_b,1.0,1.0,1.0,0.1,0.2,4.516566146386192,0.3596625585608556,0.01795707256374693,5.4758898401383105,6.5044363300216235,5.404372866259339,5.627314394821343
1,surprisal_b,1.7782794100389228,1.0,1.0,0.1,0.2,4.530612439895402,0.3496017552731958,0.017396209139443328,8.754442939166445,4.166319993769483,3.4832044162682188,3.61352652567107
1,surprisal_b,3.1622776601683795,1.0,1.0,0.1,0.2,4.541803087535524,0.3425927466876948,0.016998261445415684,14.096505564676363,2.822158754933198,2.3992568926847793,2.47567499551233
1,surprisal_b,5.623413251903491,1.0,1.0,0.1,0.2,4.549477753071885,0.3384937743699394,0.01674860322232692,23.060035192956914,2.046447686487518,1.787813093551555,1.8323879298887518
1,surprisal_b,10.0,1.0,1.0,0.1,0.2,4.554483864652717,0.3362747725414223,0.016596823929045088,38.45165463518489,1.5987588526123708,1.4433094444062586,1.4690232815650985
1,surprisal_b,17.78279410038923,1.0,1.0,0.1,0.2,4.557570813838026,0.3352647507139805,0.016514645124361706,65.29439759546695,1.3411648150045308,1.2493694412047183,1.2640992246264304
1,surprisal_b,31.622776601683793,1.0,1.0,0.1,0.2,4.559335788829243,0.3349400800661389,0.016476698691366223,112.5648490043427,1.1936279128096972,1.1402471144231099,1.1486521977771316
1,surprisal_b,56.23413251903491,1.0,1.0,0.1,0.2,4.5602876402812145,0.33491432843840596,0.016461535914153638,196.26753733175653,1.1095430059162712,1.0788687850953893,1.0836476145719753
1,surprisal_b,100.0,1.0,1.0,0.1,0.2,4.560788071122408,0.33497750084985556,0.016456216520294623,344.8700852030362,1.0618306596602072,1.0443509551378483,1.0470586316073451
2,eig_code,1e-07,1.0,1.0,0.1,0.3,4.723371820882637,0.15616418845982885,0.0093387582633006,16.73626680141775,499.7222344308778,499.5092910026628,499.50212873845845
2,eig_code,2.1544346900318822e-07,1.0,1.0,0.1,0.3,4.723334917867008,0.15618438919527075,0.009339927363581371,7.778289422071782,499.40184145724487,498.94362629315407,498.92822276674156
2,eig_code,4.641588833612782e-07,1.0,1.0,0.1,0.3,4.723255481820463,0.15622788115995334,0.009342444274379278,3.620381389980278,498.71255482294094,497.7279422663546,497.69488180301033
2,eig_code,1e-06,1.0,1.0,0.1,0.3,4.723084659005718,0.15632144845961468,0.00934785853374725,1.6904876013588543,497.2320643684561,495.12270808542934,495.0520599094439
2,eig_code,2.1544346900318822e-06,1.0,1.0,0.1,0.3,4.722718105180112,0.15652241406772413,0.009359484857504381,0.7947884888489168,494.0633631845156,489.57368061384886,489.4241214837634
2,eig_code,4.641588833612773e-06,1.0,1.0,0.1,0.3,4.721935221964841,0.15695250270254357,0.009384354773707667,0.3792118344048241,487.3325166912937,477.9084658500185,477.598178075531
2,eig_code,1e-05,1.0,1.0,0.1,0.3,4.720280230280837,0.15786568746035531,0.009437105624390006,0.18669155533082235,473.2649676324357,454.06169391389705,453.445122519717
2,eig_code,2.1544346900318823e-05,1.0,1.0,0.1,0.3,4.7168610803088935,0.15977041123438246,0.009546884280644902,0.09816831681035072,444.85977141383677,408.09864609595746,406.98047529353875
2,eig_code,4.641588833612772e-05,1.0,1.0,0.1,0.3,4.710163138035723,0.16358112249717735,0.009765384704825074,0.05903348483143119,391.4973667266172,329.5656368234293,327.88785907814423
2,eig_code,0.0001,1.0,1.0,0.1,0.3,4.698632069267131,0.17045504395264696,0.01015466405495431,0.045766181560958415,304.86131696600745,223.11316230662263,221.37639467433442
2,eig_code,0.00021544346900318823,1.0,1.0,0.1,0.3,4.6841549918549426,0.17997879634119265,0.010676394275257479,0.052813361457116896,197.70948530127183,124.581601223978,123.6112352834101
2,eig_code,0.00046415888336127773,1.0,1.0,0.1,0.3,4.673890774793275,0.18800574966434427,0.011074931675498086,0.08831120461700195,110.33830850223619,65.35621033709829,65.09548758885988
2,eig_code,0.001,1.0,1.0,0.1,0.3,4.666174251026085,0.19507036319677837,0.011382783064892838,0.15570392653134787,62.34622781255106,36.21365625779839,36.25932026408616
2,eig_code,0.002154434690031882,1.0,1.0,0.1,0.3,4.657453563209193,0.20338453949400448,0.011731039625280878,0.2386759081729364,38.85454716231542,21.34325130409591,21.50297698700528
2,eig_code,0.004641588833612773,1.0,1.0,0.1,0.3,4.651554886943367,0.21002015247066688,0.011978732429744864,0.31914702070354867,26.39804879470564,13.003890669228676,13.173945549944493
2,eig_code,0.01,1.0,1.0,0.1,0.3,4.652875172200664,0.21190764114554905,0.011965750018812853,0.4048551848916916,18.73782422447854,8.040502135522965,8.162909437356317
2,eig_code,0.021544346900318822,1.0,1.0,0.1,0.3,4.661437539151768,0.20863765312379365,0.01166963711633759,0.5169035512673202,13.473208258266718,5.057374315187251,5.12208081293081
2,eig_code,0.046415888336127725,1.0,1.0,0.1,0.3,4.674842926161082,0.2012425300272996,0.011154191867553283,0.6721459410016815,9.731258766430221,3.272377405997812,3.297761481176695
2,eig_code,0.1,1.0,1.0,0.1,0.3,4.691442068908579,0.19023503286797913,0.010464196987383928,0.8903038718138763,7.054280548037912,2.2237419422708333,2.228849655997857
2,kl,1e-07,1.0,1.0,0.1,0.3,4.676324997596474,0.21703080295021543,0.012105431010955143,4.095354362276593,499.0830055903895,498.1754827618856,498.2795108542171
2,kl,2.1544346900318822e-07,1.0,1.0,0.1,0.3,4.67634050739732,0.2169729864656365,0.012106957068271085,1.9148889393523587,498.0291104620381,496.0878846182604,496.3075652503017
2,kl,4.641588833612782e-07,1.0,1.0,0.1,0.3,4.676396555307415,0.2168313260399043,0.012109101910469822,0.9027757381467865,495.7755358511121,491.65678766134624,492.110232277433
2,kl,1e-06,1.0,1.0,0.1,0.3,4.676609458967199,0.21645673842681407,0.012108980168658258,0.4329373312840346,490.9974237820302,482.4057124192245,483.2976788721496
2,kl,2.1544346900318822e-06,1.0,1.0,0.1,0.3,4.677388089697857,0.21541088190317353,0.0120914743537292,0.21477461316708008,481.0448311472008,463.72829592369106,465.3168286897412
2,kl,4.641588833612773e-06,1.0,1.0,0.1,0.3,4.679816833684815,0.21261457831023417,0.012007289171158318,0.11348796161006891,461.04478559994556,428.36781894011125,430.68876184120035
2,kl,1e-05,1.0,1.0,0.1,0.3,4.685282129739156,0.2065669243115328,0.011771616635274129,0.06689562462096925,423.5229619834202,368.6335813061219,370.941808669769
2,kl,2.1544346900318823e-05,1.0,1.0,0.1,0.3,4.692746960933782,0.19754420733029016,0.01137450666427295,0.04710836954157583,361.17863125269383,284.69924628373235,285.5836966289433
2,kl,4.641588833612772e-05,1.0,1.0,0.1,0.3,4.698542122688924,0.18867312059934527,0.01095845085922642,0.042677628703783575,275.82600768956473,193.4377855757934,192.57103848559962
2,kl,0.0001,1.0,1.0,0.1,0.3,4.699047261209226,0.18427860856164027,0.010714653481669067,0.049707240518982614,186.16948856350947,116.58555737485263,115.63781678816206
2,kl,0.00021544346900318823,1.0,1.0,0.1,0.3,4.687006591745517,0.1897777079032477,0.010927759499735299,0.06826982250561177,114.33469429090434,62.15345326566942,62.208201736737244
2,kl,0.00046415888336127773,1.0,1.0,0.1,0.3,4.661933556180485,0.20463208651870854,0.01169296189404605,0.10943852244637763,66.06208068806946,30.522692326602414,30.978702046040024
2,kl,0.001,1.0,1.0,0.1,0.3,4.640022849832869,0.22050475313493814,0.012490975434665319,0.20087016951343203,37.67832462786713,16.245271394560238,16.728300316180402
2,kl,0.002154434690031882,1.0,1.0,0.1,0.3,4.6396628024467645,0.2240690863557033,0.012534899146467831,0.33018423884874876,23.526783810801295,9.860163978567657,10.27531755856794
2,kl,0.004641588833612773,1.0,1.0,0.1,0.3,4.64875001826876,0.21985668257181268,0.012180064794013368,0.44511218451321893,16.43665718781332,6.242157498881636,6.559020646851043
2,kl,0.01,1.0,1.0,0.1,0.3,4.660894649527602,0.21306437186288588,0.011675527541831852,0.5779401455022428,11.888556964435153,4.069256249526853,4.283196589645628
2,kl,0.021544346900318822,1.0,1.0,0.1,0.3,4.674402450973549,0.20431479698223948,0.011082536940102266,0.7619191854187448,8.637214249819449,2.765144390122634,2.8924049737681554
2,kl,0.046415888336127725,1.0,1.0,0.1,0.3,4.687830402068202,0.19377835313153385,0.010430085797453081,1.0312938011033357,6.258492720201985,1.9853482770402273,2.0557146913136823
2,kl,0.1,1.0,1.0,0.1,0.3,4.700002725814526,0.1825008976513015,0.009785847841979757,1.4625494703639033,4.487064916940619,1.5293672449398354,1.5682279506801897
2,mi,1e-05,1.0,1.0,0.1,0.3,4.433080605278331,0.42743114488106054,0.02169564354835675,0.1613706737517961,106.85961830310693,66.27246844275156,76.78132031067246
2,mi,1.8957356524063752e-05,1.0,1.0,0.1,0.3,4.438826139874286,0.42129393084373074,0.021417695389612912,0.28671692385164105,68.30893041563668,45.62923443013943,51.360197570275176
2,mi,3.5938136638046256e-05,1.0,1.0,0.1,0.3,4.445995242572852,0.41293664020410503,0.02108801265923471,0.47649786862775356,47.19661091358959,33.685655895110436,37.00175548453331
2,mi,6.812920690579608e-05,1.0,1.0,0.1,0.3,4.457553783811895,0.4001157838385507,0.0205794395239185,0.6944891965127974,35.08135842073569,25.966411269850937,28.106583030214882
2,mi,0.0001291549665014884,1.0,1.0,0.1,0.3,4.475038314198706,0.382300733365892,0.019814387191947072,0.8766261233573736,27.340115538338534,20.308826649643432,21.84557630677
2,mi,0.00024484367468222265,1.0,1.0,0.1,0.3,4.496621093043644,0.3612877842600548,0.018852562277300037,1.019569272913675,21.698024270048066,15.856011766842146,17.00762014844245
2,mi,0.0004641588833612782,1.0,1.0,0.1,0.3,4.518745779361746,0.3399409964315892,0.01786434487545695,1.1633128795534593,17.230640113045343,12.297421770597738,13.155841071474796
2,mi,0.0008799225435691075,1.0,1.0,0.1,0.3,4.539567408905388,0.31975918854719776,0.016944470465665856,1.3312496259100128,13.612122252276821,9.461230944558897,10.088042289241956
2,mi,0.0016681005372000592,1.0,1.0,0.1,0.3,4.55877711495058,0.3009901101773766,0.016103997668168474,1.5361716597712687,10.679129893392442,7.215624031995702,7.659735459827112
2,mi,0.0031622776601683794,1.0,1.0,0.1,0.3,4.576343553050727,0.28371620327651714,0.015337964704821367,1.7953128421221543,8.311398291684371,5.457467187012267,5.75868489634789
2,mi,0.005994842503189409,1.0,1.0,0.1,0.3,4.591719243383712,0.26858112562311454,0.014670278801235406,2.1393047098982425,6.413685032047776,4.103899981187143,4.297179430135578
2,mi,0.011364636663857255,1.0,1.0,0.1,0.3,4.604262140621314,0.25629963360409413,0.014131638523371775,2.6209050580789564,4.910435618399916,3.085645886419704,3.2027551724289864
2,mi,0.021544346900318846,1.0,1.0,0.1,0.3,4.614093346669486,0.24680657271152867,0.013717373853347939,3.330261830871799,3.7410253316025224,2.344331431330944,2.411528623093864
2,mi,0.04084238652674522,1.0,1.0,0.1,0.3,4.621813523438528,0.2395670253260687,0.013401882627193341,4.4325512523049,2.854266047608045,1.828441456425339,1.8650840045729387
2,mi,0.07742636826811278,1.0,1.0,0.1,0.3,4.627812640859602,0.23424827487128166,0.013169010881873902,6.245554956358249,2.2043472921837632,1.4887818817560996,1.508000450299739
2,mi,0.14677992676220705,1.0,1.0,0.1,0.3,4.6322862083498,0.23064031370368762,0.013007653326495814,9.384872856181705,1.7484124012437585,1.2778442420294236,1.2877401181555277
2,mi,0.2782559402207126,1.0,1.0,0.1,0.3,4.635473233127723,0.22836897932412584,0.012900382603578484,15.038997788410219,1.4450439165971585,1.1535528218348035,1.1586373722467709
2,mi,0.527499706370262,1.0,1.0,0.1,0.3,4.637633452834186,0.2269972226045589,0.01283011793410374,25.49104470891836,1.254497752914683,1.083253420584294,1.085879327789209
2,mi,1.0,1.0,1.0,0.1,0.3,4.63901011926024,0.22618939107955635,0.012785424439247269,45.09544705200609,1.1411765266882736,1.0446026392096395,1.0459678222140323
2,surprisal,0.0031622776601683794,1.0,1.0,0.1,0.3,4.789986543077857,0.1579064266638843,0.009286557124436432,0.04625458853201271,241.3046718398829,162.14768765777467,183.00716729270889
2,surprisal,0.005623413251903491,1.0,1.0,0.1,0.3,4.747913054474598,0.20385651555714165,0.011547321621794733,0.06439229454062603,162.87414027545205,99.99950933790105,117.72318893134121
2,surprisal,0.01,1.0,1.0,0.1,0.3,4.724736405861238,0.2430446142473351,0.01320216848921574,0.09801628134203651,99.18599905025577,52.34450879336228,65.8282257303067
2,surprisal,0.01778279410038923,1.0,1.0,0.1,0.3,4.705821419105828,0.25735224028956416,0.014044209308161198,0.1521934030702607,56.60012870145661,25.251853895861146,33.609101947729606
2,surprisal,0.03162277660168379,1.0,1.0,0.1,0.3,4.682342124971911,0.24622973476370416,0.01318127122121846,0.23809751787562344,32.00342485698388,12.04398590317444,15.739742136355202
2,surprisal,0.05623413251903491,1.0,1.0,0.1,0.3,4.661374658929548,0.2562250381898504,0.013652415987945287,0.4048571595898634,18.670427233863855,6.927257118277957,8.151450786413138
2,surprisal,0.1,1.0,1.0,0.1,0.3,4.653746590882463,0.24628620234423748,0.013281932520346627,0.6756688877194101,11.41185681795556,4.647893163017177,5.119173099798399
2,surprisal,0.1778279410038923,1.0,1.0,0.1,0.3,4.654112222671587,0.24287337763102965,0.013340207238499237,1.1046239507602507,7.263238247053011,3.177605777461949,3.4540207376204957
2,surprisal,0.31622776601683794,1.0,1.0,0.1,0.3,4.625443806177456,0.2661758421747485,0.014492279534176245,1.8726460850206719,4.78945828321321,2.2522940708218226,2.4503477400530707
2,surprisal,0.5623413251903491,1.0,1.0,0.1,0.3,4.607288890789656,0.28177353313440223,0.015193494704372597,3.2955835198808003,3.286540798864472,1.7839404174272255,1.9231166462316933
2,surprisal,1.0,1.0,1.0,0.1,0.3,4.598747336466646,0.29635589828798836,0.015755095169669893,5.9908514401833735,2.3714856238868243,1.5254169606106924,1.6131105880925813
2,surprisal,1.7782794100389228,1.0,1.0,0.1,0.3,4.590924025190201,0.3088098240278433,0.016166084414869414,10.886643052897982,1.8155633248670562,1.3405828653967242,1.3965358490220927
2,surprisal,3.1622776601683795,1.0,1.0,0.1,0.3,4.586793153976187,0.31686113424562734,0.01635287275144399,19.674473116579296,1.4797058261848697,1.2140344513532595,1.2487162211642622
2,surprisal,5.623413251903491,1.0,1.0,0.1,0.3,4.586294721381373,0.3211771633449039,0.016384944473105217,35.398327633639724,1.2788323811892124,1.1307871757375498,1.1518070213105747
2,surprisal,10.0,1.0,1.0,0.1,0.3,4.588077663877792,0.323184762552448,0.016349521378338543,63.49356758749776,1.1603453503469352,1.078004157381166,1.0905022171616954
2,surprisal,17.78279410038923,1.0,1.0,0.1,0.3,4.590605530648535,0.3240562937167061,0.016302274512807902,113.61602099533599,1.0914519070168738,1.045624935131953,1.0529299368879446
2,surprisal,31.622776601683793,1.0,1.0,0.1,0.3,4.592887486846792,0.3244417839079459,0.01626465656939446,202.90447358838622,1.0518672206212416,1.0263050153612976,1.030516276679929
2,surprisal,56.23413251903491,1.0,1.0,0.1,0.3,4.594568963509126,0.32462539606070434,0.016239658247984453,361.810985043133,1.0293129767412537,1.0150185693075309,1.0174228245007755
2,surprisal,100.0,1.0,1.0,0.1,0.3,4.595674571148484,0.32471952849192437,0.016224367000232463,644.4806702122874,1.0165313033461747,1.0085215378064414,1.0098856266697895
2,surprisal_b,0.0031622776601683794,1.0,1.0,0.1,0.3,4.574887030811379,0.2874284551245338,0.015178030214661166,0.7559039016989902,423.96396144806323,417.6309165445948,418.4348618882857
2,surprisal_b,0.005623413251903491,1.0,1.0,0.1,0.3,4.573058239314891,0.2891237991758956,0.015257160210770223,0.5171458156057542,375.48010732165403,366.1981897884945,367.4337039672734
2,surprisal_b,0.01,1.0,1.0,0.1,0.3,4.569767066213901,0.29213140981021635,0.01540051403407808,0.4059905327429627,306.9969432375283,295.11528915508353,296.8215970787201
2,surprisal_b,0.01778279410038923,1.0,1.0,0.1,0.3,4.563732938175786,0.2975022950490067,0.015664046355070467,0.3935967736669456,224.10148017665915,211.72696358214634,213.7103586872747
2,surprisal_b,0.03162277660168379,1.0,1.0,0.1,0.3,4.552521076477064,0.30716370782469754,0.01614695921181605,0.5002411083491879,143.90715062306415,133.96320334098388,135.76851498116613
2,surprisal_b,0.05623413251903491,1.0,1.0,0.1,0.3,4.534459100164411,0.3229244042730481,0.016904998605220864,0.7939337907869927,84.32759730861832,77.78072114644401,79.05436581478874
2,surprisal_b,0.1,1.0,1.0,0.1,0.3,4.517959190217315,0.3395365397322258,0.01761824168591512,1.323546249032395,48.15047257387824,43.99526303266435,44.78234161143803
2,surprisal_b,0.1778279410038923,1.0,1.0,0.1,0.3,4.514530255820568,0.3471046337378828,0.017864157813133514,2.1288125088846255,27.660266905245248,24.983896714310266,25.46311875450891
2,surprisal_b,0.31622776601683794,1.0,1.0,0.1,0.3,4.524065928242278,0.3429861079644274,0.01760075018676066,3.3465703279512415,16.12171291944207,14.413128432618628,14.705213579445505
2,surprisal_b,0.5623413251903491,1.0,1.0,0.1,0.3,4.5399498584153495,0.33188366338692105,0.0170733421308045,5.244972595143362,9.603224492739889,8.532548092085106,8.711036616791025
2,surprisal_b,1.0,1.0,1.0,0.1,0.3,4.55587823913768,0.321478453745422,0.016619564942042343,8.319838988236087,5.903000360032137,5.2442839693484915,5.352511956359435
2,surprisal_b,1.7782794100389228,1.0,1.0,0.1,0.3,4.568308569046016,0.3163764778462238,0.01640585529118057,13.526319963112785,3.7953823582324007,3.39864548802122,3.4621290728928464
2,surprisal_b,3.1622776601683795,1.0,1.0,0.1,0.3,4.5767889715047865,0.31607173648254483,0.016367576084126697,22.582837590866752,2.5932875678762777,2.3592254553768863,2.3950494356531755
2,surprisal_b,5.623413251903491,1.0,1.0,0.1,0.3,4.581429434733863,0.3185849800175302,0.016403772816184315,38.47029373802649,1.9072111306815016,1.7709195211030215,1.791048996619143
2,surprisal_b,10.0,1.0,1.0,0.1,0.3,4.582871762543219,0.3221294192571515,0.016450882186239624,66.4261149682146,1.515585151412079,1.4367594906310257,1.4484242458327543
2,surprisal_b,17.78279410038923,1.0,1.0,0.1,0.3,4.582652825109525,0.32530940935451924,0.01647928996870686,115.80876618728256,1.2922792227446271,1.2469748778225311,1.253896619741123
2,surprisal_b,31.622776601683793,1.0,1.0,0.1,0.3,4.582003827691042,0.3276112497966055,0.016490829390681968,203.36777963059114,1.1652731536469718,1.1394139198264508,1.14351796512526
2,surprisal_b,56.23413251903491,1.0,1.0,0.1,0.3,4.581430203474706,0.3291224544394543,0.01649539233902943,358.93534587653454,1.0932676851394598,1.078591929949973,1.0809936272731777
2,surprisal_b,100.0,1.0,1.0,0.1,0.3,4.581033010572146,0.3300664791880252,0.016497891595179188,635.5306753316329,1.0525599585222247,1.0442630629437013,1.045649492392168
3,eig_code,1e-07,1.0,1.0,0.1,0.5,4.693017482364983,0.18103560997007434,0.010525300213424498,10.94621886523365,499.6109969029815,499.25769134436973,499.2509477217886
3,eig_code,2.1544346900318822e-07,1.0,1.0,0.1,0.5,4.692972722228574,0.18105847457512667,0.010526607441182058,5.09025655886479,499.16244540454704,498.4026348267906,498.38814044422884
3,eig_code,4.641588833612782e-07,1.0,1.0,0.1,0.5,4.692876436432115,0.1811076775991263,0.01052942026385476,2.372182543915575,498.197986578818,496.5673306244878,496.53626202282686
3,eig_code,1e-06,1.0,1.0,0.1,0.5,4.692669678253337,0.18121341410617886,0.010535463874645786,1.1106138304221587,496.1289838535726,492.644904876209,492.5786991768846
3,eig_code,2.1544346900318822e-06,1.0,1.0,0.1,0.5,4.6922273986915055,0.18143997191981392,0.01054840816839108,0.5251527504760112,491.7122547762104,484.33887319256866,484.1995589684925
3,eig_code,4.641588833612773e-06,1.0,1.0,0.1,0.5,4.691289202543288,0.1819222946073365,0.010575941739343874,0.25363977916058716,482.38287306786106,467.0939697440329,466.80861811122463
3,eig_code,1e-05,1.0,1.0,0.1,0.5,4.689335577240303,0.18293457238476046,0.010633618609636231,0.12813241329569472,463.11631410087324,432.75778783600066,432.2058533130427
3,eig_code,2.1544346900318823e-05,1.0,1.0,0.1,0.5,4.6854353226653895,0.18499104375429065,0.010750293710125185,0.0710563710476458,425.1827659916292,370.09268928914565,369.14535053956985
3,eig_code,4.641588833612772e-05,1.0,1.0,0.1,0.5,4.678390411377856,0.18885528029309898,0.010967370107180793,0.04740009717839538,357.521563972223,273.9476136771156,272.6668176618654
3,eig_code,0.0001,1.0,1.0,0.1,0.5,4.6684655046629135,0.19481407508946097,0.01129402767735324,0.04381745950582338,258.16299535879756,166.02379716818953,164.8921564840376
3,eig_code,0.00021544346900318823,1.0,1.0,0.1,0.5,4.660601785875952,0.2004954613698911,0.011587575270670766,0.062047868114916964,154.29344180236697,87.86956183939678,87.29697562652359
3,eig_code,0.00046415888336127773,1.0,1.0,0.1,0.5,4.657496451975003,0.20334430477316057,0.01172839213287793,0.11226577433394934,84.58821966977762,47.41555037048767,47.22448135441013
3,eig_code,0.001,1.0,1.0,0.1,0.5,4.655179126608999,0.20564642218427293,0.011847843136090963,0.1903364137138629,49.49633176746085,27.375664964394016,27.324360602414732
3,eig_code,0.002154434690031882,1.0,1.0,0.1,0.5,4.6536348382320485,0.20750927756323428,0.011921538308698324,0.276142313586603,31.910374508822443,16.54513604681947,16.505106020438408
3,eig_code,0.004641588833612773,1.0,1.0,0.1,0.5,4.655097880560091,0.20758817617431735,0.011859320942403334,0.36012466421196615,21.978660941046783,10.13944692686178,10.06606202103877
3,eig_code,0.01,1.0,1.0,0.1,0.5,4.660867445438184,0.20495897940994492,0.011612668675763696,0.45966060971719175,15.537128140411582,6.245600206776758,6.154844795790947
3,eig_code,0.021544346900318822,1.0,1.0,0.1,0.5,4.669865352989367,0.19976571142681257,0.011202156897415725,0.5930802713416249,11.100178487704937,3.905906278402521,3.8259019383437796
3,eig_code,0.046415888336127725,1.0,1.0,0.1,0.5,4.6814565880152985,0.19181083174178132,0.010634957324229605,0.7740196775142584,8.027198600052904,2.541361589911076,2.483725166604195
3,eig_code,0.1,1.0,1.0,0.1,0.5,4.69634305203259,0.18000421257251223,0.009891766565518392,1.0192031081452904,5.8953575229008495,1.7838262660381525,1.7472813003966836
3,kl,1e-07,1.0,1.0,0.1,0.5,4.702502756838932,0.16654356065640863,0.0096785967620472,4.561971502516309,499.1810747909944,498.4240990061721,498.3822766748326
3,kl,2.1544346900318822e-07,1.0,1.0,0.1,0.5,4.70254850113159,0.16644635474169656,0.009670790834866362,2.1289076045484605,498.2389111590119,496.6171850724852,496.5270123419452
3,kl,4.641588833612782e-07,1.0,1.0,0.1,0.5,4.702646964024918,0.16623857932963249,0.009654209458375631,0.9996251947606082,496.2207684520588,492.76870002356617,492.57415338768675
3,kl,1e-06,1.0,1.0,0.1,0.5,4.702858525068698,0.16579845145391411,0.009619543282112335,0.47555800177684393,491.9263283921202,484.6780183772553,484.25803837675744
3,kl,2.1544346900318822e-06,1.0,1.0,0.1,0.5,4.70331041773235,0.16488368688761748,0.009549412159049161,0.23252395111625118,482.9155460273282,468.12715061581025,467.22230272234333
3,kl,4.641588833612773e-06,1.0,1.0,0.1,0.5,4.704258161529957,0.1630543650336478,0.009416412458885894,0.12019387539587559,464.55590483554937,436.0989555139306,434.17942893961026
3,kl,1e-05,1.0,1.0,0.1,0.5,4.706158295726437,0.15964881347961007,0.009191446029398247,0.06911581346584317,429.30828115854985,380.3727134388141,376.5449741173868
3,kl,2.1544346900318823e-05,1.0,1.0,0.1,0.5,4.709676845788636,0.15402266796492933,0.00887114025710243,0.04777537698108376,368.89109461444656,299.5153060260795,293.0467903684409
3,kl,4.641588833612772e-05,1.0,1.0,0.1,0.5,4.714940736620582,0.14688918732572737,0.008535182549893489,0.04297201202764051,283.6103521940211,208.43545194522122,200.26255517292955
3,kl,0.0001,1.0,1.0,0.1,0.5,4.716050829613542,0.1453755027946866,0.008556214434210917,0.050594857524191274,192.4903236744242,128.42975657568948,121.29874740849449
3,kl,0.00021544346900318823,1.0,1.0,0.1,0.5,4.7011179368458675,0.1606376251689221,0.009476736687722418,0.0709668751038259,119.22999028992672,69.37889935536809,65.49610574765394
3,kl,0.00046415888336127773,1.0,1.0,0.1,0.5,4.675245582929886,0.18717217352330598,0.010896500883490255,0.11338348658575606,69.09962838838818,33.89235111836954,32.79592700307572
3,kl,0.001,1.0,1.0,0.1,0.5,4.653497688593854,0.2102041972500622,0.011965186533405982,0.20433186260445832,38.73424399740801,17.622421032440624,17.537479195128117
3,kl,0.002154434690031882,1.0,1.0,0.1,0.5,4.645322235803527,0.21883690141449574,0.012281327666628065,0.33846608888055474,23.57396671022552,10.50793547681691,10.532380782376293
3,kl,0.004641588833612773,1.0,1.0,0.1,0.5,4.6486446861132364,0.21779649121295583,0.012117986682032272,0.457288338730273,16.263408359125446,6.5472026264554595,6.551725271668739
3,kl,0.01,1.0,1.0,0.1,0.5,4.658072760249434,0.21189149984492636,0.011668469889880231,0.5874993719223761,11.714737381979532,4.166332522687105,4.149353122617119
3,kl,0.021544346900318822,1.0,1.0,0.1,0.5,4.671226647783047,0.20138612734277297,0.010978764343811074,0.7575503313235004,8.551524621271176,2.7593914544317326,2.7323874226582388
3,kl,0.046415888336127725,1.0,1.0,0.1,0.5,4.687821154944787,0.18633483183394445,0.010097942977470022,0.9866050493447279,6.304984870171012,1.9575078130820056,1.9308992260083802
3,kl,0.1,1.0,1.0,0.1,0.5,4.705880396783435,0.16912514296506007,0.00917953809717512,1.322061690074856,4.652301022910671,1.5124318447163725,1.4925436701384518
3,mi,1e-05,1.0,1.0,0.1,0.5,4.531615385501603,0.32612600670612985,0.01718156748840642,0.07196234544920788,200.95583030487285,123.4455723232926,133.8211351574807
3,mi,1.8957356524063752e-05,1.0,1.0,0.1,0.5,4.5414249298613845,0.31736118825142295,0.016663119240931116,0.11227071535757727,125.57122123870936,76.55516299541439,82.60123850587631
3,mi,3.5938136638046256e-05,1.0,1.0,0.1,0.5,4.5461559265867155,0.31266589114602467,0.016435327097961038,0.19865176874252072,78.1355015567834,50.61598815595256,53.9189454315841
3,mi,6.812920690579608e-05,1.0,1.0,0.1,0.5,4.551343321862007,0.3072028785420651,0.01622453968781063,0.3375202087214701,51.983355051372676,35.92884049412817,37.80838528750983
3,mi,0.0001291549665014884,1.0,1.0,0.1,0.5,4.559325696029268,0.2990900214057857,0.015920538982435048,0.5104182042265907,37.24938555335187,26.790119364921424,27.94895273386889
3,mi,0.00024484367468222265,1.0,1.0,0.1,0.5,4.570266666787535,0.28838387199787163,0.015497799507854453,0.6693410788057018,28.146663480657676,20.349751259247622,21.1174587671538
3,mi,0.0004641588833612782,1.0,1.0,0.1,0.5,4.5831594186027935,0.2759037678874524,0.014963230815294763,0.7999515057441408,21.751517641710326,15.412279849257722,15.920837300970078
3,mi,0.0008799225435691075,1.0,1.0,0.1,0.5,4.596928973686117,0.26255499618912187,0.014364541040821964,0.9314948167940132,16.819052551867447,11.54677290578684,11.862134331078833
3,mi,0.0016681005372000592,1.0,1.0,0.1,0.5,4.6107263855932175,0.24913423102735577,0.013752489648929193,1.0862090067307295,12.912938718427215,8.541843738651217,8.720551645558158
3,mi,0.0031622776601683794,1.0,1.0,0.1,0.5,4.6236341756017385,0.23654139754897105,0.013174829287820208,1.2782209363930581,9.834334825674718,6.241765308243301,6.332627457879899
3,mi,0.005994842503189409,1.0,1.0,0.1,0.5,4.634634629937786,0.22578343838207182,0.01267991234372231,1.5285386328475103,7.436278944560954,4.520174560009507,4.5585759690949965
3,mi,0.011364636663857255,1.0,1.0,0.1,0.5,4.642851412684443,0.2177428742788015,0.01230560907008868,1.8749770358741333,5.59601862520988,3.2717701690342658,3.2812680282222586
3,mi,0.021544346900318846,1.0,1.0,0.1,0.5,4.648170677016056,0.21264539735206042,0.012059298818478411,2.3846111194829165,4.207740280110585,2.404891610907866,2.401158102893903
3,mi,0.04084238652674522,1.0,1.0,0.1,0.5,4.651582941880782,0.20979621830111597,0.011906023171614936,3.1745057281401734,3.1799095184104917,1.8336827497184143,1.8261910429561343
3,mi,0.07742636826811278,1.0,1.0,0.1,0.5,4.65451816312936,0.2080681713697697,0.011789452527006304,4.4542918432811875,2.435441501104532,1.4771668621774026,1.4704010297809857
3,mi,0.14677992676220705,1.0,1.0,0.1,0.5,4.657875528479771,0.20651822232507264,0.01166500092400498,6.613295391517016,1.911287550644363,1.265384492538701,1.2606243693272852
3,mi,0.2782559402207126,1.0,1.0,0.1,0.5,4.661595564011694,0.20477017429985023,0.011522873413325165,10.396873133319573,1.555783935546742,1.1445832428994003,1.1416341787182123
3,mi,0.527499706370262,1.0,1.0,0.1,0.5,4.665049898536458,0.20298739037746777,0.011383233612867959,17.24908825048043,1.3256493857192495,1.0777108019570065,1.0760084191735555
3,mi,1.0,1.0,1.0,0.1,0.5,4.667728100189581,0.20148592709397828,0.011269574370723871,29.9515200893914,1.184207079049446,1.041425001966828,1.0404808882498136
3,surprisal,0.0031622776601683794,1.0,1.0,0.1,0.5,4.624491045865478,0.2704838662376094,0.014420748053791357,0.3930003385821702,352.6911236973538,340.02212400830075,342.26079611611834
3,surprisal,0.005623413251903491,1.0,1.0,0.1,0.5,4.637917429264975,0.25898167432374697,0.013849874877146154,0.3474799730600858,279.0646864855535,265.03553645364764,267.2912269940128
3,surprisal,0.01,1.0,1.0,0.1,0.5,4.650003790635363,0.2465269550748509,0.013215983033316768,0.3901441883824516,196.66720094427683,184.37852194366312,186.08461563376423
3,surprisal,0.01778279410038923,1.0,1.0,0.1,0.5,4.638675268052937,0.24963192158520947,0.013328319072448138,0.5611916392475295,123.16880659418575,114.37607193736557,115.46562701148575
3,surprisal,0.03162277660168379,1.0,1.0,0.1,0.5,4.584007049780084,0.28855375308384323,0.015162712754890709,0.9063785195724722,71.26184045272582,65.29303530138706,66.09715941547587
3,surprisal,0.05623413251903491,1.0,1.0,0.1,0.5,4.528251779931831,0.33296581141990605,0.017255650377588274,1.400091067030702,40.172793261873444,36.05714732786398,36.68014200218988
3,surprisal,0.1,1.0,1.0,0.1,0.5,4.498426794383272,0.3585744925775609,0.018503493370647755,2.174433500168653,22.782823779808695,20.07634552190231,20.517483974438942
3,surprisal,0.1778279410038923,1.0,1.0,0.1,0.5,4.478316475401119,0.3772689196459777,0.019528922231301326,3.6545813137761276,13.192855698934393,11.561090232289379,11.84384600110043
3,surprisal,0.31622776601683794,1.0,1.0,0.1,0.5,4.462426576292053,0.39240833952060317,0.020544284606472996,6.517129492602707,7.87387710083089,6.960576708558641,7.119254523090703
3,surprisal,0.5623413251903491,1.0,1.0,0.1,0.5,4.4593841923936,0.3948972898437771,0.02103861592094502,11.663223536698903,4.8924084209766825,4.404057042241775,4.481961554535743
3,surprisal,1.0,1.0,1.0,0.1,0.5,4.477199547156954,0.3773583256568621,0.020478194088395,20.280248106880627,3.2144820181572773,2.958712534482262,2.9938471752540097
3,surprisal,1.7782794100389228,1.0,1.0,0.1,0.5,4.511476984908839,0.3448438593209398,0.0190972623341693,34.38969024745025,2.266032093138026,2.1332113567324944,2.148605508373211
3,surprisal,3.1622776601683795,1.0,1.0,0.1,0.5,4.5496492643201885,0.30884972469705835,0.01768919547399688,58.27264793277156,1.725240083461726,1.6575864520133978,1.6642927170944963
3,surprisal,5.623413251903491,1.0,1.0,0.1,0.5,4.5830863639521215,0.27654671782578416,0.016747838272744547,100.19359000440375,1.4147969111487388,1.3813588924794047,1.3842766578612373
3,surprisal,10.0,1.0,1.0,0.1,0.5,4.610233288683066,0.2497510080376056,0.016235613506148276,174.50351015927188,1.2364283278948756,1.2202284028630923,1.2215108046188081
3,surprisal,17.78279410038923,1.0,1.0,0.1,0.5,4.6317003336992615,0.22866627099762493,0.015936429088001976,305.69875098205387,1.1342586069889438,1.1263896695603768,1.1269609467825628
3,surprisal,31.622776601683793,1.0,1.0,0.1,0.5,4.647680351911833,0.2132530076960139,0.015724227698059767,536.9541509119016,1.0759941485599822,1.072085545711631,1.0723440365967651
3,surprisal,56.23413251903491,1.0,1.0,0.1,0.5,4.658632584445712,0.2028625134739204,0.015567297102968567,945.6733786266803,1.0429106842766027,1.0409074597556796,1.0410277550199263
3,surprisal,100.0,1.0,1.0,0.1,0.5,4.6656180904053475,0.1963091070705889,0.015458749934725806,1670.2572172542953,1.0241902742251674,1.0231324125509835,1.0231907235719173
3,surprisal_b,0.0031622776601683794,1.0,1.0,0.1,0.5,4.695541155641117,0.22054439440487314,0.011893436718088455,1.56622891157712,418.15980122673324,415.3182796326601,415.7530833186507
3,surprisal_b,0.005623413251903491,1.0,1.0,0.1,0.5,4.701024929310075,0.21613338253039727,0.011670689672148092,1.0894284505376366,366.95183500377834,362.89857973089744,363.50390200714196
3,surprisal_b,0.01,1.0,1.0,0.1,0.5,4.7089779436677945,0.20956852282644411,0.01133978672328926,0.8795490714444539,296.0378257584577,291.0677626518434,291.78295394271896
3,surprisal_b,0.01778279410038923,1.0,1.0,0.1,0.5,4.716051600555536,0.2030123363848825,0.011011583236480776,0.8929039274660172,212.6371377915983,207.75419398611794,208.42918605922918
3,surprisal_b,0.03162277660168379,1.0,1.0,0.1,0.5,4.7034999300814055,0.21004272977260033,0.01136296309686685,1.2190856452086538,134.70507657096658,130.95817258672858,131.48347445254043
3,surprisal_b,0.05623413251903491,1.0,1.0,0.1,0.5,4.633504464055755,0.2600209550785468,0.01374046028559666,2.069006497501794,78.41865184671843,75.8795397029772,76.28055672983893
3,surprisal_b,0.1,1.0,1.0,0.1,0.5,4.538039123389133,0.3314716338453765,0.0169317407305177,3.3490391558240993,44.61256180568003,42.85152712773333,43.159412882104505
3,surprisal_b,0.1778279410038923,1.0,1.0,0.1,0.5,4.485288353972995,0.37278438460829927,0.018717549262466028,5.026327804731993,25.5209842487015,24.30837171468771,24.53139259251795
3,surprisal_b,0.31622776601683794,1.0,1.0,0.1,0.5,4.462390921837343,0.39230101889289803,0.01963500299055435,7.830871194501893,14.809501261033011,14.025407496156257,14.171676825391858
3,surprisal_b,0.5623413251903491,1.0,1.0,0.1,0.5,4.449472675951082,0.40412746552639367,0.020371126041465192,13.090277050853288,8.786892127971711,8.318651713056225,8.40183546842368
3,surprisal_b,1.0,1.0,1.0,0.1,0.5,4.445279805848294,0.4076916136888997,0.02088676750900181,22.70439931002678,5.39050665270427,5.129590442723084,5.170832608042288
3,surprisal_b,1.7782794100389228,1.0,1.0,0.1,0.5,4.459544653948948,0.3938739974430163,0.020660103659174422,39.133511861825525,3.475340881081342,3.336919523342519,3.356003737399156
3,surprisal_b,3.1622776601683795,1.0,1.0,0.1,0.5,4.496242385849438,0.3599239263378154,0.019502829647998314,65.8385328579896,2.3967513172311077,2.3255201962851606,2.33432836632603
3,surprisal_b,5.623413251903491,1.0,1.0,0.1,0.5,4.542168014728336,0.3170959610383938,0.018056571675955115,109.85100803870534,1.7888012277254834,1.7531263066399643,1.7571587753559788
3,surprisal_b,10.0,1.0,1.0,0.1,0.5,4.582547733294556,0.27776063477870444,0.01697459848104819,185.49507263109857,1.445480084482518,1.4280967757078653,1.4298680109079387
3,surprisal_b,17.78279410038923,1.0,1.0,0.1,0.5,4.613579603093805,0.24667079803636657,0.016322745747858188,317.898031948475,1.2514352721312618,1.2430524685884023,1.243803446842734
3,surprisal_b,31.622776601683793,1.0,1.0,0.1,0.5,4.636160786782675,0.22428947163614985,0.01593073567152591,550.4443510399116,1.141791862928427,1.1376883910309707,1.1380065347777055
3,surprisal_b,56.23413251903491,1.0,1.0,0.1,0.5,4.651572188316676,0.2094069967462812,0.015682145624343155,960.3436567380894,1.079892194631105,1.0778206749109442,1.077959947260571
3,surprisal_b,100.0,1.0,1.0,0.1,0.5,4.661424423949803,0.20010701062687947,0.015523894624783641,1685.8288050952888,1.0449836165156954,1.0439028607121223,1.043967135009454
4,eig_code,1e-07,1.0,1.0,1.0,0.1,4.776922893884425,0.13307038106008784,0.009459499151272654,3.2830046542550213,499.2857746378526,498.8995373804262,498.28387315929695
4,eig_code,2.1544346900318822e-07,1.0,1.0,1.0,0.1,4.787148104462322,0.12047740905862558,0.008582539706264748,1.5727595094000006,498.4646228431443,497.74593523449374,496.4520073781542
4,eig_code,4.641588833612782e-07,1.0,1.0,1.0,0.1,4.801162679353807,0.10160769408794018,0.007271111050837817,0.7740759209236181,496.7076537443595,495.54936979985274,492.92036482681834
4,eig_code,1e-06,1.0,1.0,1.0,0.1,4.814438402843652,0.08102262293941491,0.005816902386453696,0.4001162769899029,492.97753588391475,491.52105202802665,486.54585580199654
4,eig_code,2.1544346900318822e-06,1.0,1.0,1.0,0.1,4.826276185546188,0.06410601483103673,0.004523399632849768,0.22201658294070936,485.1855739213852,484.0498939299196,475.63037414863834
4,eig_code,4.641588833612773e-06,1.0,1.0,1.0,0.1,4.848115490199456,0.04682455667328463,0.003071432995325392,0.12749607792774112,469.42791300452177,470.04292682779914,457.46266535711726
4,eig_code,1e-05,1.0,1.0,1.0,0.1,4.896658176212954,0.020920976508754085,0.0010729061434967381,0.059343779512794306,439.4254613368533,444.79057803845336,428.2211717727159
4,eig_code,2.1544346900318823e-05,1.0,1.0,1.0,0.1,4.969030904113704,3.6952162286934123e-06,8.63257293804436e-05,-0.01435975665751924,387.70683031777895,402.143174785577,383.2271724424015
4,eig_code,4.641588833612772e-05,1.0,1.0,1.0,0.1,4.978450352456912,0.038039281838466346,0.0033878226588060652,-0.07418192823217344,310.54103906924996,336.63725653924945,318.16200324637845
4,eig_code,0.0001,1.0,1.0,1.0,0.1,4.899555243292202,0.1010225857332384,0.0074374969639720255,-0.09594458749306421,216.49729003483318,249.86512398346983,234.26974453531633
4,eig_code,0.00021544346900318823,1.0,1.0,1.0,0.1,4.827797619409315,0.13175552876043953,0.009189200426899205,-0.13168523348033306,130.02157461332237,157.2932514802177,146.0331735105615
4,eig_code,0.00046415888336127773,1.0,1.0,1.0,0.1,4.829407605647363,0.10666210675205823,0.007758841577645404,-0.27601849870057726,72.93308643615167,84.13417446394058,77.86826136295393
4,eig_code,0.001,1.0,1.0,1.0,0.1,4.793657055855059,0.0791603348186893,0.004396448729980886,0.7206715743423086,43.287198499348,42.36459592695103,39.5751276792913
4,eig_code,0.002154434690031882,1.0,1.0,1.0,0.1,4.627543072084886,0.2547103426548976,0.01426160454798566,0.7103950834095666,28.307998410518124,22.38585690467232,21.126670897647948
4,eig_code,0.004641588833612773,1.0,1.0,1.0,0.1,4.6515994602506225,0.24559104394360115,0.013827317753082604,0.5957759602930587,19.906125210007634,12.553164985838187,11.977506216470864
4,eig_code,0.01,1.0,1.0,1.0,0.1,4.669080865453389,0.23414125792685667,0.013113798103954336,0.6023676495471688,14.571462409905223,7.268335620091357,7.056077117621899
4,eig_code,0.021544346900318822,1.0,1.0,1.0,0.1,4.6860006538989625,0.22041786942834488,0.012251075110796117,0.6671736095530163,10.882442509856864,4.342274206146442,4.306638815258758
4,eig_code,0.046415888336127725,1.0,1.0,1.0,0.1,4.703363582244746,0.20401455597288662,0.011271929541706093,0.7920830828678623,8.162028096376241,2.7511450643830173,2.776990385575886
4,eig_code,0.1,1.0,1.0,1.0,0.1,4.719630413511408,0.18603360597662819,0.010250273347296628,1.0050534041981196,6.064504077770816,1.9059316474679011,1.9373474077086577
4,kl,1e-07,1.0,1.0,1.0,0.1,4.570124573046089,0.3186288686595915,0.016904525884676443,1.0050530355219973,498.55929624043057,494.58943861861417,494.01224760053265
4,kl,2.1544346900318822e-07,1.0,1.0,1.0,0.1,4.594504886899152,0.29332109479320306,0.01537357233389621,0.5198735727636954,496.92601841537584,489.43887498017403,488.22731764258083
4,kl,4.641588833612782e-07,1.0,1.0,1.0,0.1,4.62091229673409,0.2638824239774824,0.013648852509864147,0.28639774984969035,493.50905214366253,480.25991814580425,478.03947702226
4,kl,1e-06,1.0,1.0,1.0,0.1,4.638499147664923,0.24074179252145486,0.012294110168783385,0.16975929831574815,486.5648206155188,464.6265020414962,460.957803621807
4,kl,2.1544346900318822e-06,1.0,1.0,1.0,0.1,4.646480682921501,0.22761716900169104,0.011462310941687745,0.10876098459215215,473.1276790616562,439.3289671784298,433.3709982292456
4,kl,4.641588833612773e-06,1.0,1.0,1.0,0.1,4.648398147390626,0.2244073359599515,0.011188241100692114,0.07615166127792561,448.8493688051729,400.15213630902537,391.58552343733066
4,kl,1e-05,1.0,1.0,1.0,0.1,4.646494675770859,0.2291699808380529,0.011431596887901293,0.05893640206604834,408.4470613263066,343.08075349798537,333.7099873555513
4,kl,2.1544346900318823e-05,1.0,1.0,1.0,0.1,4.641184933558684,0.23794740355026658,0.012034330081397673,0.05107169380244688,347.8469008845761,268.791739849933,261.14352334305704
4,kl,4.641588833612772e-05,1.0,1.0,1.0,0.1,4.6286941462832125,0.24969971549289807,0.01297802669032101,0.05119722113095037,269.0724309653675,186.2295067369297,181.24774195669485
4,kl,0.0001,1.0,1.0,1.0,0.1,4.607844269020092,0.26258242432372236,0.014105640847720547,0.06085707119553187,185.10266473962952,111.54176585505273,108.6160797272351
4,kl,0.00021544346900318823,1.0,1.0,1.0,0.1,4.590145579232756,0.2702117571928271,0.0148261472473897,0.08464408941721346,113.74923439101734,58.97406312808661,57.096451736445005
4,kl,0.00046415888336127773,1.0,1.0,1.0,0.1,4.598014829268077,0.2646265081866327,0.01464061977175475,0.13173324270687997,64.40367862180574,29.209149895253663,28.19776456302976
4,kl,0.001,1.0,1.0,1.0,0.1,4.6259072952043265,0.24728916062403095,0.013817973076732734,0.21242928278133213,36.08525197978383,14.630784807137003,14.442217542305002
4,kl,0.002154434690031882,1.0,1.0,1.0,0.1,4.646689913987878,0.23385152603156703,0.013178782944086951,0.31394683914223775,22.45497867385006,8.18138409983356,8.2733507572308
4,kl,0.004641588833612773,1.0,1.0,1.0,0.1,4.663636766003531,0.22431750009640114,0.012586927243960442,0.4124368731893906,15.82401253132438,5.078537950143029,5.219899648542372
4,kl,0.01,1.0,1.0,1.0,0.1,4.681743755024402,0.2103970855568057,0.011688259520082893,0.5281212359863932,11.664107558495965,3.3991816582570014,3.5168336742670108
4,kl,0.021544346900318822,1.0,1.0,1.0,0.1,4.697526641327615,0.19421302093169082,0.010691630035917823,0.6935077643740881,8.626843491730211,2.45091592694632,2.5229217615357826
4,kl,0.046415888336127725,1.0,1.0,1.0,0.1,4.708600104386434,0.1794786377616252,0.009818534153644405,0.9563286906434776,6.274009806425728,1.874537656605984,1.9133005328839323
4,kl,0.1,1.0,1.0,1.0,0.1,4.713321905324255,0.1700277183346724,0.009256803009488656,1.4348416185411883,4.40492786130367,1.5011109407196317,1.5224866029931619
4,mi,1e-05,1.0,1.0,1.0,0.1,4.586020207423015,0.30577247911391126,0.015786451894437427,1.3497513428531336,16.499856664484035,12.478030235193415,12.97558628479612
4,mi,1.8957356524063752e-05,1.0,1.0,1.0,0.1,4.600764858426166,0.2928366250005798,0.015141559312555935,1.4703226733940742,13.671735836991077,10.053147078683685,10.462132927630872
4,mi,3.5938136638046256e-05,1.0,1.0,1.0,0.1,4.61733709654862,0.2779611118268398,0.014395640611770075,1.5729947265578448,11.399774452458551,8.096193095675993,8.42966309868401
4,mi,6.812920690579608e-05,1.0,1.0,1.0,0.1,4.63516191188968,0.2615932877805294,0.013579042902581707,1.6591799263125677,9.566896330399034,6.518090666561446,6.787412302441717
4,mi,0.0001291549665014884,1.0,1.0,1.0,0.1,4.653409520178261,0.24438462782811682,0.012728643790495747,1.7343254807706574,8.078922511657852,5.247114952503203,5.462257649934931
4,mi,0.00024484367468222265,1.0,1.0,1.0,0.1,4.6711648927334535,0.22710540427848408,0.011884592124149336,1.8070052665549428,6.860261566582476,4.225677275346492,4.395306694225922
4,mi,0.0004641588833612782,1.0,1.0,1.0,0.1,4.6876520073415495,0.21054769385425515,0.011085658698999953,1.8887381618381267,5.849698852769921,3.407383089095226,3.5391715519382174
4,mi,0.0008799225435691075,1.0,1.0,1.0,0.1,4.702388815403111,0.19533503791519985,0.010359770484721897,1.9940475185886697,4.998464012575091,2.7552290896260736,2.8559845906203662
4,mi,0.0016681005372000592,1.0,1.0,1.0,0.1,4.71530817757875,0.18166568553440848,0.009713337033821759,2.140453169013491,4.269670400767713,2.240357039254314,2.315971868220068
4,mi,0.0031622776601683794,1.0,1.0,1.0,0.1,4.726806185799352,0.16920509548261897,0.009128052025750238,2.3507773135999175,3.6371473827833753,1.8411803808447849,1.896588630302005
4,mi,0.005994842503189409,1.0,1.0,1.0,0.1,4.737629913614583,0.1571819903528088,0.008566224996455254,2.6601385004275957,3.083733281179395,1.5422736968769675,1.581455112072019
4,mi,0.011364636663857255,1.0,1.0,1.0,0.1,4.7483098066505445,0.1448981696688919,0.007994222218822811,3.1304025079613242,2.599831534804899,1.3309723167413015,1.3572402301516966
4,mi,0.021544346900318846,1.0,1.0,1.0,0.1,4.758473695884224,0.13256354312313504,0.0074209604147429725,3.877638021487465,2.1820782632662294,1.1922469052224347,1.2087504886618052
4,mi,0.04084238652674522,1.0,1.0,1.0,0.1,4.767159847093621,0.12134685649400291,0.0069002867242037936,5.125715244906295,1.8315908279231634,1.107537848109154,1.1172964848553772
4,mi,0.07742636826811278,1.0,1.0,1.0,0.1,4.773708882205656,0.11243294510617331,0.006486734782534704,7.31560851871466,1.5515639720474024,1.0586704490573469,1.0641833894508401
4,mi,0.14677992676220705,1.0,1.0,1.0,0.1,4.778117591205925,0.10621849064849942,0.006198318404651777,11.311029148906849,1.3435530794778785,1.0315313744313255,1.0345549292162817
4,mi,0.2782559402207126,1.0,1.0,1.0,0.1,4.780830658728657,0.10231712386532346,0.006017091171680849,18.768894252662218,1.2022033236028378,1.016801686349852,1.018431110134747
4,mi,0.527499706370262,1.0,1.0,1.0,0.1,4.78239841990419,0.10003877566049092,0.005911161226031413,32.831258153620965,1.114002971251905,1.0089109250424053,1.0097804231631053
4,mi,1.0,1.0,1.0,1.0,0.1,4.783269086492592,0.09876655528177584,0.005851971191348031,59.44471169366993,1.0624761050837075,1.004714035571262,1.0051755299355136
4,surprisal,0.0031622776601683794,1.0,1.0,1.0,0.1,4.644600242501299,0.23533334557663793,0.013322595494162577,0.017934997392521478,368.2922413430046,111.9622705281614,134.43864424721912
4,surprisal,0.005623413251903491,1.0,1.0,1.0,0.1,4.6291904082735655,0.23696934941744638,0.013416883071419798,0.019515656776943547,297.37658477592964,64.26400674465494,78.64972140587813
4,surprisal,0.01,1.0,1.0,1.0,0.1,4.623247371478524,0.23733900923885434,0.013396164869158156,0.025781416918348187,213.43961355106532,36.57739180016356,44.70810502205691
4,surprisal,0.01778279410038923,1.0,1.0,1.0,0.1,4.624352933065582,0.2358868505330856,0.013241597010863262,0.040296890848491924,134.83096026590965,21.057796329222093,25.536072172314135
4,surprisal,0.03162277660168379,1.0,1.0,1.0,0.1,4.625722652370735,0.23464659860759982,0.013136757950489185,0.06951250224689869,78.44886562052942,12.382943582693592,14.86439253790819
4,surprisal,0.05623413251903491,1.0,1.0,1.0,0.1,4.626057925046858,0.23433969639619867,0.013110851024577682,0.12294941821613442,44.879061799413456,7.513123740342089,8.911117506017126
4,surprisal,0.1,1.0,1.0,1.0,0.1,4.625822150560305,0.23461061363639607,0.013110763705797064,0.2175756731205005,25.913150685411605,4.759247379004621,5.556400835317955
4,surprisal,0.1778279410038923,1.0,1.0,1.0,0.1,4.625323211744094,0.23516774359534934,0.013116377229006845,0.3837357774765159,15.221815845573289,3.1894449927953095,3.6454964812761204
4,surprisal,0.31622776601683794,1.0,1.0,1.0,0.1,4.624789434047713,0.2357903963942007,0.013114046282688861,0.6726569563981526,9.17830469841961,2.2843699296401514,2.546063698139311
4,surprisal,0.5623413251903491,1.0,1.0,1.0,0.1,4.62443689297247,0.23625987430223996,0.013092973600289652,1.1685736018905795,5.743659441555113,1.7550234630755657,1.9060259220208093
4,surprisal,1.0,1.0,1.0,1.0,0.1,4.624382330971162,0.23645422474730685,0.013052487061086315,2.0094737955836437,3.7733615953096487,1.4419261760402844,1.5295854023442612
4,surprisal,1.7782794100389228,1.0,1.0,1.0,0.1,4.624630152273349,0.2363794414334019,0.013001808422480303,3.4285775506114455,2.6285683858069575,1.2564239191379356,1.3074548937375983
4,surprisal,3.1622776601683795,1.0,1.0,1.0,0.1,4.625121556230788,0.23610657583674147,0.012950970627122083,5.838461984251528,1.9552908170734347,1.1473844873175927,1.1770006255268357
4,surprisal,5.623413251903491,1.0,1.0,1.0,0.1,4.625742641882712,0.23573160745190289,0.012905770203909166,9.987397675708113,1.55694259206835,1.084052685084737,1.101117863585419
4,surprisal,10.0,1.0,1.0,1.0,0.1,4.626351733531225,0.23535376345113995,0.012869055517637864,17.23067675199313,1.3218955993884445,1.0476722545848258,1.0574301822997731
4,surprisal,17.78279410038923,1.0,1.0,1.0,0.1,4.626846414293018,0.2350425214799064,0.0128419004162076,29.998821695343686,1.1844649373157883,1.0269434565000364,1.0324889645867863
4,surprisal,31.622776601683793,1.0,1.0,1.0,0.1,4.627196911799122,0.23482006159246133,0.01282350830626065,52.621955085874596,1.1049931699105502,1.0151955578525942,1.018333911639686
4,surprisal,56.23413251903491,1.0,1.0,1.0,0.1,4.6274235193806845,0.2346754521249943,0.01281187708216347,92.79766351042028,1.0594777089792748,1.008559293285532,1.0103306932516245
4,surprisal,100.0,1.0,1.0,1.0,0.1,4.627561827083351,0.2345869020655376,0.012804857268313746,164.20739274754112,1.0335919914681715,1.004817780299706,1.0058160439348478
4,surprisal_b,0.0031622776601683794,1.0,1.0,1.0,0.1,4.6191480023688065,0.2412761787250896,0.013535762169393931,0.43688515779931353,460.08633905799616,449.45026785998635,449.99493475124956
4,surprisal_b,0.005623413251903491,1.0,1.0,1.0,0.1,4.619155243219355,0.2412031120334851,0.013528642258989164,0.27096782939842473,431.9605361062402,414.81331628406434,415.68236201243053
4,surprisal_b,0.01,1.0,1.0,1.0,0.1,4.619195034284679,0.24106742846710827,0.013515780781494565,0.1807513921421226,387.51239602037293,361.81073589279276,363.0904147389003
4,surprisal_b,0.01778279410038923,1.0,1.0,1.0,0.1,4.6193358570756455,0.2408139672139992,0.01349267804110268,0.13618020978538356,323.05966753565843,288.95586350710136,290.60490634679053
4,surprisal_b,0.03162277660168379,1.0,1.0,1.0,0.1,4.619727364411682,0.24035641602169183,0.013452929004549316,0.12424730606139674,241.8439768008997,204.48319483245612,206.21167360815048
4,surprisal_b,0.05623413251903491,1.0,1.0,1.0,0.1,4.6205130745241485,0.23965388401764445,0.013394676246569773,0.14729243731460198,158.97792897750978,127.48182513036384,128.86349495526892
4,surprisal_b,0.1,1.0,1.0,1.0,0.1,4.621377944176526,0.23895730965554857,0.013338987753350956,0.22595112236624942,94.13719156361145,73.6100237755142,74.47925472532084
4,surprisal_b,0.1778279410038923,1.0,1.0,1.0,0.1,4.621847333893329,0.2385464558085553,0.013307883215719395,0.3924932473544728,53.7079516750297,41.88640235515301,42.38546332926286
4,surprisal_b,0.31622776601683794,1.0,1.0,1.0,0.1,4.6221845833565105,0.23823148804412056,0.013281138389758364,0.6916854965878575,30.715269693175287,24.00135020423792,24.286076285904272
4,surprisal_b,0.5623413251903491,1.0,1.0,1.0,0.1,4.622466850968397,0.23799360505135297,0.013249228377759359,1.2135775971919098,17.775906614580258,13.94235726332358,14.104968543369475
4,surprisal_b,1.0,1.0,1.0,1.0,0.1,4.622669228137341,0.2378744777620615,0.013210873928919922,2.1153841279584924,10.490451752510896,8.284507449242929,8.377448472268608
4,surprisal_b,1.7782794100389228,1.0,1.0,1.0,0.1,4.6228892075887975,0.23779117399654864,0.01316161098511162,3.657364085029436,6.38272390001858,5.101701280120518,5.154911107547325
4,surprisal_b,3.1622776601683795,1.0,1.0,1.0,0.1,4.623292902948218,0.2375844469372178,0.013098094770973555,6.271416506454407,4.060823847914997,3.3106629993191183,3.34112380381659
4,surprisal_b,5.623413251903491,1.0,1.0,1.0,0.1,4.624012722139685,0.23711174039186422,0.013022979630918547,10.695709094646283,2.743469319234357,2.302225894879108,2.3195989843971367
4,surprisal_b,10.0,1.0,1.0,1.0,0.1,4.624955708612468,0.236435519653733,0.01294896145526749,18.24257331756289,1.9931364381083132,1.7340057188832751,1.7438659221532973
4,surprisal_b,17.78279410038923,1.0,1.0,1.0,0.1,4.625861114830094,0.2357777453402131,0.0128903381934359,31.29102422179279,1.5647857577266524,1.4136405138262516,1.4192173569816369
4,surprisal_b,31.622776601683793,1.0,1.0,1.0,0.1,4.626560535334674,0.23527832289055217,0.012851142710543412,54.13763427167694,1.3203485218725994,1.232996445359246,1.236144187144126
4,surprisal_b,56.23413251903491,1.0,1.0,1.0,0.1,4.627034230468588,0.23494830150333146,0.012827335631222353,94.4720854160524,1.181221134202744,1.131176579382233,1.1329508387759386
4,surprisal_b,100.0,1.0,1.0,1.0,0.1,4.627331491893241,0.23474548060950687,0.012813487118199315,165.98539048980996,1.10229787966792,1.0738213120815856,1.0748204644055857
5,eig_code,1e-07,1.0,1.0,1.0,0.2,4.88255166926149,0.05822614518487243,0.0029760026201652427,14.101177918933647,499.4469996306498,499.3294844186208,499.2948651822508
5,eig_code,2.1544346900318822e-07,1.0,1.0,1.0,0.2,4.882510431555032,0.05824968712085174,0.002977234311536097,6.561763427981815,498.8096757412115,498.55711907960836,498.4827038356951
5,eig_code,4.641588833612782e-07,1.0,1.0,1.0,0.2,4.882421683668481,0.058300391890724654,0.0029798876215234526,3.062329126327179,497.440521152419,496.89927827323623,496.73973972504814
5,eig_code,1e-06,1.0,1.0,1.0,0.2,4.882230925118524,0.058409556902736526,0.002985602270281702,1.4381477281075128,494.5088558090832,493.3559845520617,493.0158777809257
5,eig_code,2.1544346900318822e-06,1.0,1.0,1.0,0.2,4.881821962596104,0.0586443979742195,0.002997906184156719,0.6845128528182542,488.2757702659938,485.85190106265765,485.1356023902947
5,eig_code,4.641588833612773e-06,1.0,1.0,1.0,0.2,4.8809498263940405,0.0591487344459529,0.0030243779702187985,0.33523912954545143,475.22278328982924,470.26581612649284,468.7958869369298
5,eig_code,1e-05,1.0,1.0,1.0,0.2,4.879108478183042,0.06022794176524799,0.003081254576421647,0.1743070105211452,448.7550027959305,439.18726022209734,436.3323320782024
5,eig_code,2.1544346900318823e-05,1.0,1.0,1.0,0.2,4.87527930247276,0.06252238507879507,0.0032033186731296047,0.10234829495387196,398.5904015485896,382.15458182571257,377.20703035829985
5,eig_code,4.641588833612772e-05,1.0,1.0,1.0,0.2,4.867355621204171,0.06738537456212679,0.0034680490614756062,0.07571581366099517,315.6676655364915,292.9325698322429,286.0686869014748
5,eig_code,0.0001,1.0,1.0,1.0,0.2,4.849753398314107,0.07816668395328831,0.004087165095100332,0.0817916687380252,209.60379977829152,186.97009788261406,180.440158116509
5,eig_code,0.00021544346900318823,1.0,1.0,1.0,0.2,4.80642263930852,0.10420629210449289,0.005693218342525128,0.13431547573850805,118.71651648996927,101.57112099794061,97.72793839723509
5,eig_code,0.00046415888336127773,1.0,1.0,1.0,0.2,4.734276364106497,0.14968847599743038,0.008546009177307148,0.23788039278115908,66.82112438612207,53.46923648006079,51.93226070580908
5,eig_code,0.001,1.0,1.0,1.0,0.2,4.676435750804963,0.19014089542655585,0.0109505102611615,0.3334273896670174,41.371161638281684,29.62787874777678,29.200810712546247
5,eig_code,0.002154434690031882,1.0,1.0,1.0,0.2,4.649453382232714,0.2114616608008651,0.012085385312835479,0.39295239916074015,28.114443882762178,17.191193231478366,17.21194931218015
5,eig_code,0.004641588833612773,1.0,1.0,1.0,0.2,4.643318029959376,0.21835871349828573,0.012334584448783265,0.4458653332217438,20.128094860046414,10.171583051498578,10.333562232491314
5,eig_code,0.01,1.0,1.0,1.0,0.2,4.6501065573052855,0.21622462975990558,0.012067589631119889,0.5234666066344689,14.660439198940793,6.123524722539838,6.285771807906168
5,eig_code,0.021544346900318822,1.0,1.0,1.0,0.2,4.666516482318455,0.20688489695432538,0.011434517600778018,0.6407845993979224,10.726237109599564,3.8277404016771452,3.9423424400047273
5,eig_code,0.046415888336127725,1.0,1.0,1.0,0.2,4.688600714544089,0.1921272232866365,0.010561969311019902,0.8149952595554751,7.838023129054892,2.544691669399491,2.6079565995768603
5,eig_code,0.1,1.0,1.0,1.0,0.2,4.711167705277724,0.17522868341353134,0.00962669633174693,1.0818501493593866,5.695199405290011,1.8327041470610508,1.8579058540361488
5,kl,1e-07,1.0,1.0,1.0,0.2,4.758570879127497,0.10301558966286496,0.0055608112027659895,1.7601970356205485,499.06469787519217,497.7978056966301,497.06771824088133
5,kl,2.1544346900318822e-07,1.0,1.0,1.0,0.2,4.751368568786594,0.11027430307322576,0.005962395830246918,0.879064984982301,497.9909097185301,495.32477361471894,493.90958696005754
5,kl,4.641588833612782e-07,1.0,1.0,1.0,0.2,4.740575630666809,0.12111148876858377,0.006574371704653175,0.45791078410089714,495.6988232578686,490.21532909441044,487.6649263680876
5,kl,1e-06,1.0,1.0,1.0,0.2,4.729612430847197,0.13203016479974403,0.007230083313590559,0.24677605736091163,490.85641644975516,480.0029077572712,475.6918046139545
5,kl,2.1544346900318822e-06,1.0,1.0,1.0,0.2,4.72322227965809,0.13826979289635533,0.0076838070967634375,0.1363576464708516,480.8387167486796,460.47080595062465,453.3717502511318
5,kl,4.641588833612773e-06,1.0,1.0,1.0,0.2,4.719902651942524,0.14150452143323594,0.008002335241987521,0.07918902813633408,460.9359848507094,425.1740051452255,413.91128706074113
5,kl,1e-05,1.0,1.0,1.0,0.2,4.716566034866272,0.14493500771729334,0.008347964258528108,0.05081982726602394,424.1104639529767,367.14031844784625,350.72621301275535
5,kl,2.1544346900318823e-05,1.0,1.0,1.0,0.2,4.711987337108678,0.14955547564428043,0.008809369429658638,0.0386326645321885,363.31012117431277,285.8051197398383,265.316384623734
5,kl,4.641588833612772e-05,1.0,1.0,1.0,0.2,4.7050499037472555,0.15641891994939852,0.009448996310985358,0.0371420504962715,279.0505877860719,194.3945071240746,174.6426637682821
5,kl,0.0001,1.0,1.0,1.0,0.2,4.693101831357456,0.1682460844047118,0.010292894186765792,0.04523823954585369,188.1976812933187,113.80567661268289,100.35707464807103
5,kl,0.00021544346900318823,1.0,1.0,1.0,0.2,4.675392175847575,0.18572680728806848,0.01121818819433985,0.06475205022396716,113.75406869822477,57.32549990103391,51.20778499065454
5,kl,0.00046415888336127773,1.0,1.0,1.0,0.2,4.661763160336497,0.20062715724498098,0.011803524552670829,0.10528275881191025,64.15380776867828,26.63100714231408,24.988567414091538
5,kl,0.001,1.0,1.0,1.0,0.2,4.657344356768421,0.20716387454723703,0.011890027752894746,0.18599662914775694,36.269597390536475,13.688854518807934,13.587656209047992
5,kl,0.002154434690031882,1.0,1.0,1.0,0.2,4.656156385533151,0.20964352851408094,0.011869044843616255,0.29422909647026624,22.834649474711355,8.154368649414225,8.264857548003478
5,kl,0.004641588833612773,1.0,1.0,1.0,0.2,4.661789025041881,0.20921082538782204,0.01169895125612111,0.401479459486775,16.04930293630635,5.209471655512763,5.314172645756568
5,kl,0.01,1.0,1.0,1.0,0.2,4.674521596146569,0.20343218872796684,0.011215011562260591,0.5356465687807233,11.652428816789246,3.5281667473450127,3.6060647600713835
5,kl,0.021544346900318822,1.0,1.0,1.0,0.2,4.689191596694554,0.19321067081339974,0.010528656220021276,0.7263586744210727,8.477908295169266,2.5290110020074477,2.5807097354360016
5,kl,0.046415888336127725,1.0,1.0,1.0,0.2,4.7008511725676785,0.1816161316122891,0.009818758408303856,1.0160028850363025,6.109508343842127,1.901073200636804,1.9351637910877166
5,kl,0.1,1.0,1.0,1.0,0.2,4.7074285538436875,0.1725225060195958,0.009284741705120616,1.5139736524637384,4.29721789833173,1.4987564022648827,1.5216215516649243
5,mi,1e-05,1.0,1.0,1.0,0.2,4.589915325025915,0.2861943253406405,0.015077160476567365,1.00841563489783,24.835440382889757,19.616129618668293,20.24318603396011
5,mi,1.8957356524063752e-05,1.0,1.0,1.0,0.2,4.595081558774671,0.2815904806470307,0.014847978730310926,1.1737946705055755,20.250148537247274,15.807064328867133,16.309026425019674
5,mi,3.5938136638046256e-05,1.0,1.0,1.0,0.2,4.602976887761143,0.2750366776744986,0.014504317183978422,1.3369224440731529,16.58363313814901,12.728306347390989,13.126910778745028
5,mi,6.812920690579608e-05,1.0,1.0,1.0,0.2,4.612750408349632,0.2670318436480785,0.014082468226053907,1.5024376422218018,13.622720396221887,10.239532390448469,10.553683453664586
5,mi,0.0001291549665014884,1.0,1.0,1.0,0.2,4.623934172925146,0.2577767342037214,0.013599465208738401,1.6723508332450006,11.220168890729111,8.228713559814727,8.474637396708305
5,mi,0.00024484367468222265,1.0,1.0,1.0,0.2,4.635944014653023,0.24763093915095363,0.01307770048823764,1.8522818019259177,9.259450987709458,6.605653729358171,6.796603288220957
5,mi,0.0004641588833612782,1.0,1.0,1.0,0.2,4.648155867504467,0.23703185141496738,0.012540272449635289,2.0516015237136283,7.648974647765296,5.29780954293486,5.4444980684379685
5,mi,0.0008799225435691075,1.0,1.0,1.0,0.2,4.660003419397029,0.22645057875606434,0.012009624778636329,2.284630243059443,6.317270287041254,4.246931627924675,4.357777200607753
5,mi,0.0016681005372000592,1.0,1.0,1.0,0.2,4.671052375664306,0.2163004712016301,0.011504245437028058,2.5718834889458044,5.209631410155146,3.406186986275209,3.4878691258966747
5,mi,0.0031622776601683794,1.0,1.0,1.0,0.2,4.680990097329457,0.20689277862720437,0.011037291733236674,2.9435769950769703,4.284765028769139,2.738310076958133,2.796665431551913
5,mi,0.005994842503189409,1.0,1.0,1.0,0.2,4.689674845167836,0.1984382769445336,0.010617829734775106,3.449094191291484,3.511610220614187,2.2144647306411853,2.254938246779063
5,mi,0.011364636663857255,1.0,1.0,1.0,0.2,4.697319530828368,0.1909502521388632,0.010245833897822142,4.173516481910353,2.8682495256371237,1.8129640691137263,1.8403855360960684
5,mi,0.021544346900318846,1.0,1.0,1.0,0.2,4.704563657887209,0.18406605405241314,0.009902948952114117,5.271540413258497,2.340539984623782,1.5172686114031164,1.5354245532433437
5,mi,0.04084238652674522,1.0,1.0,1.0,0.2,4.711938550483757,0.1772709568346966,0.009564315752294923,7.043542751275458,1.9193457007026218,1.3121837286273936,1.3237904903469175
5,mi,0.07742636826811278,1.0,1.0,1.0,0.2,4.71907862484591,0.17065020326470695,0.00923577043852177,10.089419590454684,1.597614862192471,1.1798452909546862,1.1869160168360702
5,mi,0.14677992676220705,1.0,1.0,1.0,0.2,4.72503739084638,0.16495518072633802,0.008955199051457778,15.58958127253685,1.367036019139509,1.1000663614012014,1.1041700125822775
5,mi,0.2782559402207126,1.0,1.0,1.0,0.2,4.729287244585102,0.1607640178729433,0.00875017199525763,25.81078686735822,1.2141431470054973,1.054422051712249,1.0567155329064917
5,mi,0.527499706370262,1.0,1.0,1.0,0.2,4.731975128598618,0.1580512269336015,0.008618162692923748,45.05179787098439,1.1201313588998563,1.0291962372270167,1.0304465840908494
5,mi,1.0,1.0,1.0,1.0,0.2,4.733547260082051,0.15644123907498073,0.008540080623811543,81.44597463064679,1.0656542709018997,1.01554230648968,1.0162139400446406
5,surprisal,0.0031622776601683794,1.0,1.0,1.0,0.2,4.6485266720667235,0.22302697580885975,0.012905618890390526,0.029560519440374522,374.2530841628045,224.5638067269006,233.1219014726047
5,surprisal,0.005623413251903491,1.0,1.0,1.0,0.2,4.636639454199996,0.22787962985586574,0.013111059946909103,0.02785411032262518,305.22064468844025,144.8859209597807,152.80344309093567
5,surprisal,0.01,1.0,1.0,1.0,0.2,4.629628991407065,0.23103427904506457,0.013185238943091279,0.032895084221601485,221.9169876722183,84.89857485443659,90.54550443087088
5,surprisal,0.01778279410038923,1.0,1.0,1.0,0.2,4.629241837835634,0.23118618091491328,0.013081682598299248,0.048335455816366085,141.8427009026319,47.97445882296511,51.3161681951245
5,surprisal,0.03162277660168379,1.0,1.0,1.0,0.2,4.630274595053248,0.2304413949116716,0.012972108253385559,0.081576999258417,82.93465688608713,27.17023096489694,29.02399341508277
5,surprisal,0.05623413251903491,1.0,1.0,1.0,0.2,4.630689890626941,0.2301124929029282,0.012925975038152633,0.14323193967742925,47.43038612912357,15.675647879656351,16.697605315385044
5,surprisal,0.1,1.0,1.0,1.0,0.2,4.630762191209248,0.2301368631511476,0.01290685292930997,0.25232472493939756,27.340717543100258,9.30991656087274,9.88087018440705
5,surprisal,0.1778279410038923,1.0,1.0,1.0,0.2,4.630489849988589,0.23052543029071262,0.012906003381686253,0.44356931006731354,16.015343714369262,5.737927863269372,6.062668632026611
5,surprisal,0.31622776601683794,1.0,1.0,1.0,0.2,4.630027914754837,0.23115533113306366,0.012912147810223096,0.775428214668057,9.611303333935616,3.711617738169096,3.8992762746416347
5,surprisal,0.5623413251903491,1.0,1.0,1.0,0.2,4.6296768047044825,0.23176113239818433,0.012911062887637728,1.3452849740417054,5.970762853507103,2.5555448950432793,2.6656320816234955
5,surprisal,1.0,1.0,1.0,1.0,0.2,4.6297703172267415,0.23200459825382677,0.012887729440028568,2.314522443527691,3.8854991070624485,1.8930119603500495,1.9574746919796286
5,surprisal,1.7782794100389228,1.0,1.0,1.0,0.2,4.630426686509169,0.23174157600408682,0.012837905705337622,3.9549307726561618,2.680476950960925,1.5119466856840251,1.5489916346899302
5,surprisal,3.1622776601683795,1.0,1.0,1.0,0.2,4.63146586256065,0.2311154141532925,0.012771703464961079,6.741423636484149,1.9784371500545126,1.2924987659330773,1.3134154585272773
5,surprisal,5.623413251903491,1.0,1.0,1.0,0.2,4.632592242533329,0.23037671581043337,0.012704256256524497,11.529390945131036,1.5674253608225326,1.166412383190078,1.1781341556728508
5,surprisal,10.0,1.0,1.0,1.0,0.2,4.633578267688684,0.22971259911877023,0.012646829950779573,19.869238954155627,1.3269300002210322,1.0943122849387088,1.1008738431440828
5,surprisal,17.78279410038923,1.0,1.0,1.0,0.2,4.634323237406216,0.22920533090505,0.012604030042279009,34.548033829762616,1.1870432410276626,1.053294749163309,1.0569708887623364
5,surprisal,31.622776601683793,1.0,1.0,1.0,0.2,4.634829503010554,0.228858597611986,0.01257514302846091,60.53698919811993,1.1063742555194782,1.0300574773152495,1.032119361085841
5,surprisal,56.23413251903491,1.0,1.0,1.0,0.2,4.635149333859589,0.22863878733739262,0.012556957877207042,106.6756326409928,1.0602359334028126,1.0169313874702917,1.0180889358276604
5,surprisal,100.0,1.0,1.0,1.0,0.2,4.635342071978744,0.22850604393226018,0.012546019262731314,188.6746852756307,1.034013334895681,1.0095305429120711,1.0101808178664238
5,surprisal_b,0.0031622776601683794,1.0,1.0,1.0,0.2,4.628179128377483,0.23234120546910633,0.013246023837302166,0.32975351747675785,450.38015315027695,436.62057121180334,437.2126175808612
5,surprisal_b,0.005623413251903491,1.0,1.0,1.0,0.2,4.627996295901979,0.23244400499420279,0.013243380090019775,0.21000971344654948,416.2979431709782,394.68207881687084,395.60260465305026
5,surprisal_b,0.01,1.0,1.0,1.0,0.2,4.627742267884899,0.23259682575583662,0.013237450609224622,0.14650212929207027,363.9997311167643,332.9883585842138,334.28618544958636
5,surprisal_b,0.01778279410038923,1.0,1.0,1.0,0.2,4.627474407451513,0.23278993687650779,0.01322412387739223,0.11862885946997032,291.7849289883221,253.43979255111574,255.00061333668518
5,surprisal_b,0.03162277660168379,1.0,1.0,1.0,0.2,4.6273665540360955,0.23297162924922454,0.013197199166009246,0.12014278144833695,207.46964829368162,169.54340827892943,171.0289953277829
5,surprisal_b,0.05623413251903491,1.0,1.0,1.0,0.2,4.627496505554188,0.23314239762065628,0.013159356061705372,0.1601324550837356,129.91274380338416,101.39641394756431,102.47364937465524
5,surprisal_b,0.1,1.0,1.0,1.0,0.2,4.627331836202532,0.2335829311309826,0.013139120263995907,0.2638680625575125,75.20548581653195,57.8539766118931,58.5040279548115
5,surprisal_b,0.1778279410038923,1.0,1.0,1.0,0.2,4.626724799636568,0.23432714517609982,0.013141057191888775,0.46344097624901504,42.8759284576394,32.967703296266635,33.34394877477653
5,surprisal_b,0.31622776601683794,1.0,1.0,1.0,0.2,4.626234949462898,0.23496058624656785,0.013137096119432647,0.814045612473024,24.635652877050163,18.978668747444612,19.196033314128567
5,surprisal_b,0.5623413251903491,1.0,1.0,1.0,0.2,4.626120816992078,0.23524626597051446,0.013117287683470012,1.4212842391610103,14.366452326763302,11.118119384072001,11.242985552089069
5,surprisal_b,1.0,1.0,1.0,1.0,0.2,4.626317489915744,0.23527569527732894,0.013083892580163715,2.463166113647353,8.577332928044124,6.69810169492798,6.7693054864502775
5,surprisal_b,1.7782794100389228,1.0,1.0,1.0,0.2,4.626691512436674,0.23522279167501417,0.013042361137680206,4.235625393990925,5.306527258438385,4.210440787473879,4.2509997815243965
5,surprisal_b,3.1622776601683795,1.0,1.0,1.0,0.2,4.627349158371491,0.2349746685304394,0.012989897453643883,7.23552596155083,3.452753496311759,2.8094044451038194,2.83261445877873
5,surprisal_b,5.623413251903491,1.0,1.0,1.0,0.2,4.628499660687801,0.23426648257541682,0.012918200188888071,12.315643342353352,2.398349222235914,2.019944780619358,2.0331345347613157
5,surprisal_b,10.0,1.0,1.0,1.0,0.2,4.630094477720013,0.23307064906904296,0.012828910733838563,20.984306567618443,1.796794886346792,1.5748936800078468,1.5822321899933396
5,surprisal_b,17.78279410038923,1.0,1.0,1.0,0.2,4.631756986754207,0.2317076776776772,0.01273876576893548,35.967664617714014,1.453130646899569,1.323924453139562,1.3279394146270362
5,surprisal_b,31.622776601683793,1.0,1.0,1.0,0.2,4.6331297041777315,0.23052943250324945,0.012664752095592794,62.1959111819046,1.2569892113000798,1.1824215584223154,1.1846124306721773
5,surprisal_b,56.23413251903491,1.0,1.0,1.0,0.2,4.634097706101778,0.22967762378665998,0.012612531925373505,108.50093729700515,1.1453605592555183,1.1026825774087088,1.1038854084953722
5,surprisal_b,100.0,1.0,1.0,1.0,0.2,4.634717503449341,0.22912477857324157,0.012579065579384461,190.6064681816993,1.0820464891794757,1.0577773728186717,1.0584428341242977
6,eig_code,1e-07,1.0,1.0,1.0,0.3,4.795729009929783,0.11571086667225865,0.0069460164732862,19.756381144341816,499.4117222842668,499.2780696303774,499.26583157682893
6,eig_code,2.1544346900318822e-07,1.0,1.0,1.0,0.3,4.795687084297353,0.11573117117313939,0.006947284879650445,9.189400113457056,498.73380045092307,498.44643336630384,498.42012812245804
6,eig_code,4.641588833612782e-07,1.0,1.0,1.0,0.3,4.795596790186292,0.115774906124371,0.006950017062954385,4.2846961674596376,497.27764256411655,496.6612056910369,496.60481401026715
6,eig_code,1e-06,1.0,1.0,1.0,0.3,4.795402408177409,0.11586908604172448,0.00695590085899364,2.0082513205554164,494.1606641867094,492.8449167034487,492.7247184653772
6,eig_code,2.1544346900318822e-06,1.0,1.0,1.0,0.3,4.794984327351209,0.11607178436139072,0.006968565364500291,0.9518732219266036,487.53806165869224,484.7596051233929,484.50653877709095
6,eig_code,4.641588833612773e-06,1.0,1.0,1.0,0.3,4.794086897557458,0.1165075126858759,0.006995794509425595,0.4621015419555962,473.68949740307966,467.9550655846083,467.4361092738279
6,eig_code,1e-05,1.0,1.0,1.0,0.3,4.7921691201101595,0.11744159725359081,0.0070541875134727365,0.2360056974324663,445.69556288542884,434.4202741822765,433.4139143147042
6,eig_code,2.1544346900318823e-05,1.0,1.0,1.0,0.3,4.788113691677647,0.11943086850289858,0.007178617962154286,0.1339062834549856,392.98591673007263,372.932699755936,371.1955060632794
6,eig_code,4.641588833612772e-05,1.0,1.0,1.0,0.3,4.77976219337736,0.12359467322479965,0.007439161800346913,0.09348045725389097,307.02906215151285,277.7346294379427,275.3543510871096
6,eig_code,0.0001,1.0,1.0,1.0,0.3,4.763770245810755,0.13187743190128445,0.007955445984651845,0.09309097884282766,199.9073908710095,169.21614132775056,167.03559503531716
6,eig_code,0.00021544346900318823,1.0,1.0,1.0,0.3,4.738409043934441,0.14607133713071627,0.008817294079980834,0.1378876746041172,111.73877406700751,89.20559231341412,87.96414089366283
6,eig_code,0.00046415888336127773,1.0,1.0,1.0,0.3,4.708725840003424,0.16429575501279337,0.009847369143154464,0.2231660821228183,63.06638872554152,47.47952602893499,46.902618576658604
6,eig_code,0.001,1.0,1.0,1.0,0.3,4.683832393793713,0.18080461561051778,0.010689050045396204,0.30819366759571715,39.26053549135919,26.88771242871532,26.614608984089106
6,eig_code,0.002154434690031882,1.0,1.0,1.0,0.3,4.669813280014738,0.19132177263330755,0.011145591722580195,0.373816503505222,26.67806554808918,15.899796953814539,15.768606545277537
6,eig_code,0.004641588833612773,1.0,1.0,1.0,0.3,4.665914316150612,0.19632395518242154,0.011274990718769824,0.4421347022161152,18.972945914079773,9.570858215435432,9.523751635757142
6,eig_code,0.01,1.0,1.0,1.0,0.3,4.671187835776893,0.19635821357664762,0.011115822263659916,0.541208662617682,13.691640612365921,5.87403660028112,5.883487448861394
6,eig_code,0.021544346900318822,1.0,1.0,1.0,0.3,4.684893452459828,0.19094601814049306,0.010671207920831038,0.6872011192939073,9.935177572061571,3.7444826581292863,3.784217463065612
6,eig_code,0.046415888336127725,1.0,1.0,1.0,0.3,4.704261846726061,0.1798043998583066,0.009963865698425976,0.8969259245002531,7.230080385962428,2.528978435795898,2.573696192923714
6,eig_code,0.1,1.0,1.0,1.0,0.3,4.724384878247019,0.1641862300634042,0.009083121645373551,1.199071310953144,5.271807254613408,1.8384809321461202,1.8720991624591556
6,kl,1e-07,1.0,1.0,1.0,0.3,4.712000842426419,0.15904508609772858,0.008783852046530432,3.573030359401012,499.06488871603625,498.01665995889124,498.11956684447836
6,kl,2.1544346900318822e-07,1.0,1.0,1.0,0.3,4.713178511483764,0.1580805205466816,0.008747262235450104,1.6747985655782673,497.99074781596374,495.7633986958619,495.971242039237
6,kl,4.641588833612782e-07,1.0,1.0,1.0,0.3,4.715426586352107,0.15619720611836163,0.008676111422143027,0.7934243532785807,495.69590023899156,491.0332117290564,491.4217819360728
6,kl,1e-06,1.0,1.0,1.0,0.3,4.719131929486007,0.1529174256470355,0.00855423305126558,0.38387125561642055,490.83898119158795,481.35688963163096,481.96258632830126
6,kl,2.1544346900318822e-06,1.0,1.0,1.0,0.3,4.7234699876945605,0.1484418316010486,0.008399738109715435,0.19328071850071055,480.75666365709634,462.43595337127175,462.9773076743104
6,kl,4.641588833612773e-06,1.0,1.0,1.0,0.3,4.7250106088237285,0.14495344145054254,0.008329818101173355,0.1046572841230133,460.6091904575134,427.9327982726988,427.2291922055331
6,kl,1e-05,1.0,1.0,1.0,0.3,4.719795578400204,0.146307731886366,0.008537581538069414,0.06423203512452277,423.05766697777784,371.15867311217534,366.97212110609854
6,kl,2.1544346900318823e-05,1.0,1.0,1.0,0.3,4.70780194931741,0.15490544789384328,0.009082996907592658,0.0478056685085469,360.82079448743775,291.13424603693556,282.25623247428484
6,kl,4.641588833612772e-05,1.0,1.0,1.0,0.3,4.693445423689601,0.16810875379572365,0.009715942840714155,0.045286071348517185,275.2808701206917,200.18208563201287,189.56016055583999
6,kl,0.0001,1.0,1.0,1.0,0.3,4.682105020749873,0.18001494822729386,0.010145965420960587,0.05266909036102886,185.3562201337809,118.66339948489265,111.13496684186514
6,kl,0.00021544346900318823,1.0,1.0,1.0,0.3,4.674861105153262,0.18903339609946332,0.010470470695720291,0.06878927859835,113.77052994470581,59.820189037614746,57.13930620985255
6,kl,0.00046415888336127773,1.0,1.0,1.0,0.3,4.664147381368128,0.19762439052479927,0.010920949359541715,0.10467416725090428,65.67523922980367,27.423681616526164,27.346248434015596
6,kl,0.001,1.0,1.0,1.0,0.3,4.659138717056594,0.20274894619197636,0.01132769763629153,0.1853380263780515,37.029221346937824,14.265788718202357,14.395436085054811
6,kl,0.002154434690031882,1.0,1.0,1.0,0.3,4.663752019415074,0.20264658103476077,0.011469427541531792,0.30504980281075494,22.657222348142273,8.69475604310295,8.723533461007383
6,kl,0.004641588833612773,1.0,1.0,1.0,0.3,4.673380792359776,0.19948797979394328,0.011260539916998867,0.42301460743590535,15.694144868367166,5.613689952245179,5.645494764584039
6,kl,0.01,1.0,1.0,1.0,0.3,4.687170270190078,0.19251183212911382,0.010750793055745639,0.5659648361047106,11.334014661974914,3.7950938643409624,3.851187334026195
6,kl,0.021544346900318822,1.0,1.0,1.0,0.3,4.699879755573793,0.1826756122609749,0.01008041775826881,0.766436071661782,8.221305365010211,2.6792754232728124,2.7456663713395546
6,kl,0.046415888336127725,1.0,1.0,1.0,0.3,4.708267698740849,0.17276587533863869,0.009434045691773873,1.0661684428273037,5.927274403510837,1.970451157093109,2.0272654085728754
6,kl,0.1,1.0,1.0,1.0,0.3,4.712695337432867,0.16545904552284882,0.008967136721942704,1.5678112640507218,4.200590537758626,1.5260793417768064,1.5650773711071275
6,mi,1e-05,1.0,1.0,1.0,0.3,4.586291718334282,0.2806742431237502,0.014505663799219125,0.7105612190676536,32.79984832701567,25.424434958696324,26.167945426702186
6,mi,1.8957356524063752e-05,1.0,1.0,1.0,0.3,4.587028755468916,0.2794185891665333,0.014484101906951949,0.8999898329864872,26.20631458677912,20.42248537599099,20.985064811899555
6,mi,3.5938136638046256e-05,1.0,1.0,1.0,0.3,4.592304164018009,0.2744995133432607,0.014265218130648568,1.06457208836486,21.251993860586325,16.419695709108844,16.85751212320799
6,mi,6.812920690579608e-05,1.0,1.0,1.0,0.3,4.599085130141437,0.26831968314550797,0.013976615245370555,1.236493111889969,17.290417429297268,13.182251707023868,13.523928778017854
6,mi,0.0001291549665014884,1.0,1.0,1.0,0.3,4.606076541099651,0.26186425479517217,0.013673675182068249,1.4293269172595293,14.074404560393075,10.563164006881564,10.831005817322017
6,mi,0.00024484367468222265,1.0,1.0,1.0,0.3,4.613029186631165,0.25536599322212156,0.013369274046756143,1.6507910338515674,11.452490164709369,8.44706175075721,8.658816765709505
6,mi,0.0004641588833612782,1.0,1.0,1.0,0.3,4.61976970129513,0.24904297106668094,0.013074388739821356,1.9122675236371005,9.306854119070016,6.740998314099998,6.9094444708735425
6,mi,0.0008799225435691075,1.0,1.0,1.0,0.3,4.626142537607592,0.24303636008537982,0.012794215032545912,2.230456525260197,7.545599313960576,5.369295395515697,5.503277182690101
6,mi,0.0016681005372000592,1.0,1.0,1.0,0.3,4.632088165342757,0.2373604327363131,0.012527767903554523,2.629445163387327,6.097721714917568,4.270581540564311,4.376630663592441
6,mi,0.0031622776601683794,1.0,1.0,1.0,0.3,4.63764114685024,0.23195225495975183,0.012274190931193316,3.1461855761212583,4.90758583115747,3.395933094813591,3.478980553930405
6,mi,0.005994842503189409,1.0,1.0,1.0,0.3,4.642745102060524,0.22688932600449202,0.012042267771816433,3.8430378288071703,3.931764943371871,2.7069613078235757,2.770794728871095
6,mi,0.011364636663857255,1.0,1.0,1.0,0.3,4.64724145314721,0.2224513398209721,0.011848754750213363,4.828881673999638,3.1382922805265636,2.173671920021138,2.2214790997507357
6,mi,0.021544346900318846,1.0,1.0,1.0,0.3,4.651174689899201,0.21879520507076208,0.01169913586548802,6.29863271095874,2.504558244944438,1.7724409722328316,1.8070540595589895
6,mi,0.04084238652674522,1.0,1.0,1.0,0.3,4.654874096430342,0.2157465311121748,0.011577559075680732,8.625133614008199,2.0132825575188242,1.4836158577783765,1.5075469341131817
6,mi,0.07742636826811278,1.0,1.0,1.0,0.3,4.65854929751718,0.21304659718499885,0.011463916249531171,12.556091833747816,1.6488443093735687,1.2879980868515004,1.3035913919308093
6,mi,0.14677992676220705,1.0,1.0,1.0,0.3,4.661948300505905,0.21068841392098164,0.011356460686742526,19.57720944086431,1.3942076220778794,1.1643228683712359,1.1738625632769641
6,mi,0.2782559402207126,1.0,1.0,1.0,0.3,4.664650144803368,0.20884247978721382,0.011267529479023874,32.55617728689897,1.2284343155385167,1.0908664070101455,1.0963962113778205
6,mi,0.527499706370262,1.0,1.0,1.0,0.3,4.666503751848068,0.20757573917255115,0.011204593587991654,56.937821893104314,1.1276494966172748,1.0492380380863053,1.0523221847914574
6,mi,1.0,1.0,1.0,1.0,0.3,4.667645718424573,0.20679264700229194,0.011165062754479425,103.02254134987976,1.0696150091157288,1.0263607530547283,1.028039498519961
6,surprisal,0.0031622776601683794,1.0,1.0,1.0,0.3,4.612490958991614,0.2486835181499593,0.013712913375188427,0.054823388910308,381.84356450830114,297.190579468693,302.57918735406605
6,surprisal,0.005623413251903491,1.0,1.0,1.0,0.3,4.612432010729112,0.2477000261103754,0.013650153560616099,0.04590097437109365,315.3988677581392,214.5348605786861,220.22641018443343
6,surprisal,0.01,1.0,1.0,1.0,0.3,4.614813365233245,0.24524629977458057,0.013499277539114996,0.047833650180110585,233.23590116029837,136.76277504473094,141.36383900722657
6,surprisal,0.01778279410038923,1.0,1.0,1.0,0.3,4.619976600539214,0.24100100362978846,0.013253925071364055,0.0639786139464124,151.54189010383445,79.67033390628863,82.54644967739554
6,surprisal,0.03162277660168379,1.0,1.0,1.0,0.3,4.6254048958786775,0.23600415554260085,0.01300941826024248,0.10319362685858331,89.30137356043973,44.95152667740302,46.51963397644789
6,surprisal,0.05623413251903491,1.0,1.0,1.0,0.3,4.630136555219783,0.23117038916035718,0.012816956021507064,0.17742344437385035,51.063790087407995,25.455543011579493,26.278145968969042
6,surprisal,0.1,1.0,1.0,1.0,0.3,4.633797399306559,0.2274993764353034,0.012675798810398929,0.30790100342675886,29.360708205333555,14.699397028496861,15.132402081460016
6,surprisal,0.1778279410038923,1.0,1.0,1.0,0.3,4.635577864220169,0.22584605732470084,0.012604112569141011,0.5370982173205806,17.126664205357667,8.743929699690364,8.986156132554008
6,surprisal,0.31622776601683794,1.0,1.0,1.0,0.3,4.635837543414793,0.22579487234157386,0.012585574812843607,0.9375263991347608,10.21079794615125,5.401022491480883,5.550459595841364
6,surprisal,0.5623413251903491,1.0,1.0,1.0,0.3,4.63522293558162,0.2266967551147729,0.012602909921034796,1.6317543748871517,6.283289775016214,3.506710897987651,3.606001093454253
6,surprisal,1.0,1.0,1.0,1.0,0.3,4.634254844099095,0.22804366251025943,0.012636245056540889,2.8290377579380936,4.041060342772156,2.429488019504046,2.4963454860889724
6,surprisal,1.7782794100389228,1.0,1.0,1.0,0.3,4.6335504589174,0.2292374980743346,0.01265624202699001,4.883866001405666,2.754425763892845,1.815376972695584,1.8588667238509429
6,surprisal,3.1622776601683795,1.0,1.0,1.0,0.3,4.6335120083235015,0.2298817838590749,0.012648238264522877,8.40744670036429,2.0125520335246834,1.4646364579147377,1.491695736140243
6,surprisal,5.623413251903491,1.0,1.0,1.0,0.3,4.634031966457959,0.2300348507118886,0.012622083279509,14.48803001188901,1.5831317970627587,1.264219345932707,1.2805251946499154
6,surprisal,10.0,1.0,1.0,1.0,0.3,4.634739180133666,0.22996659621724466,0.012594089824676954,25.091572283390622,1.3343641048741588,1.1498409727586638,1.1594731400410427
6,surprisal,17.78279410038923,1.0,1.0,1.0,0.3,4.6353685454812545,0.2298541866830274,0.012572163266798745,43.75381290119895,1.1907218277068117,1.0847502692047635,1.0903574752503664
6,surprisal,31.622776601683793,1.0,1.0,1.0,0.3,4.635829776333243,0.229760226664612,0.01255726129758061,76.78770476709478,1.108275224845355,1.0478340965389767,1.051060428033
6,surprisal,56.23413251903491,1.0,1.0,1.0,0.3,4.636132766891575,0.2296954016800239,0.012547880743447608,135.4244113541317,1.061250942916794,1.0269590034339104,1.0287995340247693
6,surprisal,100.0,1.0,1.0,1.0,0.3,4.6363193073682805,0.2296545319059136,0.012542239394165433,239.62821321403013,1.0345669891932485,1.0151799720611692,1.0162239302065939
6,surprisal_b,0.0031622776601683794,1.0,1.0,1.0,0.3,4.610417563302466,0.24974704492320118,0.013671035237692803,0.33257480255155136,443.163065068275,429.1487738440755,429.85588200147123
6,surprisal_b,0.005623413251903491,1.0,1.0,1.0,0.3,4.610817338336359,0.24945322325067587,0.013651641884389706,0.215511321256092,404.87583190126105,383.2539462335244,384.32770822737524
6,surprisal_b,0.01,1.0,1.0,1.0,0.3,4.611560581959594,0.24891389180929085,0.013616932129856556,0.15474953319002316,347.4103529339382,317.3115661513937,318.7667372519321
6,surprisal_b,0.01778279410038923,1.0,1.0,1.0,0.3,4.612930438416516,0.24792520358577474,0.01355599628127443,0.13109809463198652,270.877620212075,235.37785449054857,237.02223879433896
6,surprisal_b,0.03162277660168379,1.0,1.0,1.0,0.3,4.615277332799254,0.24618595092681367,0.01345667637092886,0.14109757899009168,186.25662405693473,153.32231087163902,154.75939965749922
6,surprisal_b,0.05623413251903491,1.0,1.0,1.0,0.3,4.6185574068656425,0.24349245733081462,0.01332319854321083,0.19891088042018176,113.58360173966379,90.27887785286678,91.2351540409672
6,surprisal_b,0.1,1.0,1.0,1.0,0.3,4.622179104489382,0.23998543472591252,0.013181569021352955,0.33328570223736464,65.21188218226658,51.355641199844136,51.90042148492569
6,surprisal_b,0.1778279410038923,1.0,1.0,1.0,0.3,4.626084096549054,0.23596933909111162,0.013031088638368613,0.5785027698093322,37.228182012783115,29.287053712237153,29.58693153313554
6,surprisal_b,0.31622776601683794,1.0,1.0,1.0,0.3,4.629724479319702,0.23230421649260602,0.012883667976436258,1.0024319200214358,21.46268519474796,16.904755345506484,17.069072714062298
6,surprisal_b,0.5623413251903491,1.0,1.0,1.0,0.3,4.632180428710795,0.22997732076992078,0.012772064453760402,1.734683565124386,12.580225004980903,9.955915587306478,10.047906031109369
6,surprisal_b,1.0,1.0,1.0,1.0,0.3,4.633215956980013,0.22922154350500065,0.012713230838297377,2.997190843757879,7.56691622789722,6.048091794100961,6.1029814269829314
6,surprisal_b,1.7782794100389228,1.0,1.0,1.0,0.3,4.633076894504735,0.22974753876733553,0.012707090325795286,5.166320028031494,4.730856058534912,3.8462077539314534,3.8815789043543525
6,surprisal_b,3.1622776601683795,1.0,1.0,1.0,0.3,4.632379158791538,0.2308980587832349,0.012726531604994016,8.880958254469961,3.1225207067657554,2.604767547172172,2.6281796648362863
6,surprisal_b,5.623413251903491,1.0,1.0,1.0,0.3,4.632020077352268,0.23176344417155958,0.012729088654399801,15.232507280940705,2.2082271204884223,1.9047429354702532,1.9197497693439896
6,surprisal_b,10.0,1.0,1.0,1.0,0.3,4.632479408670402,0.23184354110848834,0.012697947017248707,26.1430071979231,1.6873751762895652,1.509985742128193,1.5191563829180659
6,surprisal_b,17.78279410038923,1.0,1.0,1.0,0.3,4.633486796916182,0.23135791605064357,0.012650022987651834,45.08541214662281,1.3903673856037706,1.2873731977910428,1.29279197136246
6,surprisal_b,31.622776601683793,1.0,1.0,1.0,0.3,4.634518703180562,0.2307685144391116,0.012607241497669251,78.33518322664455,1.2211606237752959,1.1618564022706588,1.165002784379716
6,surprisal_b,56.23413251903491,1.0,1.0,1.0,0.3,4.635305254626807,0.23031180360573542,0.012577549183035967,137.1197963706906,1.1250039544377688,1.091117546167674,1.0929263119243726
6,surprisal_b,100.0,1.0,1.0,1.0,0.3,4.635823926574197,0.23001510683115242,0.012559262270233223,241.41743553913716,1.070523686066412,1.0512746742009964,1.0523069703604286
7,eig_code,1e-07,1.0,1.0,1.0,0.5,4.732801298485681,0.16011155349969458,0.009346757003066329,11.652422494391049,499.32882210890267,499.02440412914757,499.02249081914744
7,eig_code,2.1544346900318822e-07,1.0,1.0,1.0,0.5,4.732746503945267,0.16013718750144706,0.009348251277259665,5.422918083610921,498.55556542929907,497.901398244493,497.89729358381834
7,eig_code,4.641588833612782e-07,1.0,1.0,1.0,0.5,4.732628599683032,0.16019235448199917,0.009351466989887902,2.5314886781938206,496.89534864117786,495.49375624258033,495.4849934260126
7,eig_code,1e-06,1.0,1.0,1.0,0.5,4.732375270347606,0.16031092552580767,0.009358377973293128,1.1895150678161652,493.34487349833495,490.36092733857845,490.3424162277859
7,eig_code,2.1544346900318822e-06,1.0,1.0,1.0,0.5,4.731832686165484,0.1605650642910955,0.0093731878609218,0.5668630853578863,485.81625273960384,479.54964258228273,479.51141602072306
7,eig_code,4.641588833612773e-06,1.0,1.0,1.0,0.5,4.7306786145540425,0.16110645509345128,0.009404724397554458,0.2783739167517286,470.139978164815,457.3571091513582,457.2819308701282
7,eig_code,1e-05,1.0,1.0,1.0,0.5,4.728261779026158,0.16224408210159888,0.009470930620432645,0.14563527008845317,438.7350344588129,414.21273658976776,414.0796134449422
7,eig_code,2.1544346900318823e-05,1.0,1.0,1.0,0.5,4.7233800915378765,0.1645592612977678,0.009605365897179384,0.0867468322730049,380.68871931921814,339.2133084674842,339.02509984041416
7,eig_code,4.641588833612772e-05,1.0,1.0,1.0,0.5,4.714360413055227,0.16890900510470377,0.009856466399102684,0.0662376322190074,289.3920470650699,234.29707404465623,234.13366484513418
7,eig_code,0.0001,1.0,1.0,1.0,0.5,4.701104456718823,0.17553277396283581,0.010232510070690036,0.07500049049044813,182.44000500350728,132.63236586406694,132.5943668933461
7,eig_code,0.00021544346900318823,1.0,1.0,1.0,0.5,4.68881382982288,0.18208565018651898,0.010590286445123243,0.12152919696554487,100.81309874270073,69.1964944876502,69.24549174391136
7,eig_code,0.00046415888336127773,1.0,1.0,1.0,0.5,4.678621189680599,0.1879930679721635,0.01090336841268048,0.20155751339737876,57.429188650386756,37.82643681769907,37.900516030324866
7,eig_code,0.001,1.0,1.0,1.0,0.5,4.668303904488884,0.1945006595311534,0.011228652710161373,0.2886820672667533,36.06021715910731,21.98198532640292,22.048273574564742
7,eig_code,0.002154434690031882,1.0,1.0,1.0,0.5,4.660529942278785,0.20036936520032728,0.011476525605280721,0.36925827212058043,24.52084979319848,13.239982709560921,13.275291992525945
7,eig_code,0.004641588833612773,1.0,1.0,1.0,0.5,4.658588889960662,0.20378684880864922,0.011534136175655144,0.46152813074399274,17.330577864738252,8.131229507207246,8.13069565388099
7,eig_code,0.01,1.0,1.0,1.0,0.5,4.664374362528697,0.2028533902712632,0.011310312951462993,0.5878161394003181,12.434336352003685,5.124562347190929,5.105566734199075
7,eig_code,0.021544346900318822,1.0,1.0,1.0,0.5,4.677339934252923,0.19616784931237918,0.01077838888296997,0.7587865376947052,9.029076464075207,3.358330757914524,3.3344730779817104
7,eig_code,0.046415888336127725,1.0,1.0,1.0,0.5,4.695207096068724,0.18324661950928686,0.00997142548579332,0.9817203609872597,6.6462819260640265,2.3228638446338117,2.2956572510210713
7,eig_code,0.1,1.0,1.0,1.0,0.5,4.714901354749635,0.16567186069057707,0.009007483635653794,1.2709234486774967,4.963957213282071,1.7212666835909067,1.6934140011412493
7,kl,1e-07,1.0,1.0,1.0,0.5,4.716924186234777,0.15644736821704053,0.010812050648591772,3.774374465189797,499.12511989351424,498.1333077231416,498.1812597479132
7,kl,2.1544346900318822e-07,1.0,1.0,1.0,0.5,4.71677015836225,0.15658732542392478,0.010803182751156049,1.7659629688431446,498.12021790882727,495.9959298006756,496.1049864186848
7,kl,4.641588833612782e-07,1.0,1.0,1.0,0.5,4.716478344057821,0.15685147918291403,0.010783123019584328,0.8336019484359658,495.9734123824764,491.45403151238173,491.7131179990788
7,kl,1e-06,1.0,1.0,1.0,0.5,4.716009358287627,0.1572707169125312,0.010736606553134565,0.40057863564124063,491.4297585401509,481.9511291683486,482.5992912663508
7,kl,2.1544346900318822e-06,1.0,1.0,1.0,0.5,4.71553224593611,0.15766671615531977,0.010629433684001008,0.19918260199669544,481.99288853916136,462.6972055434149,464.3483712772679
7,kl,4.641588833612773e-06,1.0,1.0,1.0,0.5,4.715697382410498,0.1573324183488092,0.010409562153170763,0.10532564382028343,463.0879932371877,426.10124404310204,429.96165764824036
7,kl,1e-05,1.0,1.0,1.0,0.5,4.716870606074187,0.155511584274213,0.01007802582698183,0.06201735910433693,427.5980254612043,364.27458021235867,371.4444068716087
7,kl,2.1544346900318823e-05,1.0,1.0,1.0,0.5,4.717286164229427,0.15303041883400287,0.009768613837324532,0.043689534993104316,368.0791712102239,278.0715930764134,287.58213284876615
7,kl,4.641588833612772e-05,1.0,1.0,1.0,0.5,4.71490131228911,0.15198270487157237,0.009621138363673705,0.0394229305714943,285.1890214234313,185.26430052094705,193.8005355044847
7,kl,0.0001,1.0,1.0,1.0,0.5,4.707504967212502,0.15654285714734237,0.00977132775526941,0.04540300481954599,195.9680264987921,107.99422458548588,113.21379768441062
7,kl,0.00021544346900318823,1.0,1.0,1.0,0.5,4.689857452058375,0.17206647362709993,0.0103851998643157,0.0625818514353971,121.40002057760091,55.33661879587513,57.64147703244429
7,kl,0.00046415888336127773,1.0,1.0,1.0,0.5,4.666721467571839,0.19447536437875348,0.01126111966348819,0.10286493410092133,68.71216062505049,26.9509464124443,27.524232043364595
7,kl,0.001,1.0,1.0,1.0,0.5,4.654680735069977,0.2088392897259261,0.011738673089570866,0.19426517381704328,37.30675176424189,14.79800634011026,14.83072985498863
7,kl,0.002154434690031882,1.0,1.0,1.0,0.5,4.656103291485647,0.2089290500676555,0.01163507712753693,0.3308999438925653,22.246687394487264,9.128333807418834,9.145539404125492
7,kl,0.004641588833612773,1.0,1.0,1.0,0.5,4.663348026851367,0.20487581979579286,0.011335291331262907,0.46384242095392836,15.213207352096774,5.869957204112686,5.907340964396448
7,kl,0.01,1.0,1.0,1.0,0.5,4.674089564974624,0.19791182681256372,0.010821538991855442,0.617701582414875,10.947407655527693,3.9120245816928976,3.9540865247212893
7,kl,0.021544346900318822,1.0,1.0,1.0,0.5,4.686875958983392,0.18722421522256075,0.010138470470723854,0.8174235783811488,8.001061268395715,2.721908334994755,2.749519612280659
7,kl,0.046415888336127725,1.0,1.0,1.0,0.5,4.701128136724273,0.17314704928864189,0.009347077886480726,1.0821611419243207,5.8960524700794075,1.991105184727692,1.995890751958596
7,kl,0.1,1.0,1.0,1.0,0.5,4.714656622826894,0.15907265143701543,0.008619297346123092,1.48247395484795,4.315725391997932,1.5446266768620847,1.5346232783257256
7,mi,1e-05,1.0,1.0,1.0,0.5,4.607898861182834,0.25841100724998683,0.013632936294063883,0.36796761120005667,49.86526583103728,36.265795488382345,37.33594708758786
7,mi,1.8957356524063752e-05,1.0,1.0,1.0,0.5,4.603138153373179,0.26140348952259573,0.013826322344284565,0.5807323117488414,36.87928713311705,28.205556506671282,28.907836650868674
7,mi,3.5938136638046256e-05,1.0,1.0,1.0,0.5,4.601094339574599,0.26190407058893156,0.01391405715711304,0.7963823734095935,28.76416607137546,22.42915053341469,22.948693902142093
7,mi,6.812920690579608e-05,1.0,1.0,1.0,0.5,4.603732556974452,0.2584399893571211,0.013794416587566643,0.9888426701028339,22.97318019446861,17.9019738640371,18.30636688170044
7,mi,0.0001291549665014884,1.0,1.0,1.0,0.5,4.608833895383452,0.25288625936101183,0.013561567729223935,1.1892410627581855,18.429225899584484,14.257761129620393,14.56993602463056
7,mi,0.00024484367468222265,1.0,1.0,1.0,0.5,4.614131139048178,0.24727629806502427,0.013332741355315744,1.4258008998192375,14.752985921664,11.317962782684196,11.553491050326691
7,mi,0.0004641588833612782,1.0,1.0,1.0,0.5,4.618421420357709,0.2427726436890461,0.013171758552107152,1.7151868768528815,11.768478149380263,8.94986885585096,9.124530468366286
7,mi,0.0008799225435691075,1.0,1.0,1.0,0.5,4.621498873324423,0.2395184518605587,0.013086174908970152,2.0765240486618888,9.346254342416094,7.047433698558694,7.175177304378429
7,mi,0.0016681005372000592,1.0,1.0,1.0,0.5,4.624181194802721,0.23664325218373494,0.01303337106960515,2.5350204877051286,7.38261213673151,5.525837974398282,5.6175694960663485
7,mi,0.0031622776601683794,1.0,1.0,1.0,0.5,4.627532716107167,0.23309875009439304,0.012959528688470272,3.1237400156008506,5.797309620794308,4.317382295783545,4.381319822945284
7,mi,0.005994842503189409,1.0,1.0,1.0,0.5,4.632048699455268,0.2284557117967082,0.012834081522569384,3.8887747875782512,4.529334608070358,3.3681584064018044,3.4103115967590267
7,mi,0.011364636663857255,1.0,1.0,1.0,0.5,4.637499150549971,0.22299592017259692,0.012657589223536977,4.9072728624249,3.5297462917423448,2.63546943466891,2.6605167849554094
7,mi,0.021544346900318846,1.0,1.0,1.0,0.5,4.643192233039626,0.21740110543365895,0.012452544588927555,6.33253588878434,2.7569081320232685,2.08516810660636,2.097604076525168
7,mi,0.04084238652674522,1.0,1.0,1.0,0.5,4.648268695592137,0.21244991136222466,0.012253380676515092,8.486973162358305,2.174655674472557,1.6880676976442732,1.6925013234473356
7,mi,0.07742636826811278,1.0,1.0,1.0,0.5,4.652142181729678,0.20864847876109577,0.012089867827839912,12.031750089223399,1.7513200618943967,1.416254680508464,1.4166703526203623
7,mi,0.14677992676220705,1.0,1.0,1.0,0.5,4.654759035857635,0.2060516162788674,0.011973075367973096,18.27285922100415,1.4581479574329086,1.24119867858029,1.2402411701515506
7,mi,0.2782559402207126,1.0,1.0,1.0,0.5,4.656400494649716,0.20442089960256749,0.011897499309650988,29.724202507902707,1.2670250989416554,1.135026162758292,1.1339705910257691
7,mi,0.527499706370262,1.0,1.0,1.0,0.5,4.657383245108786,0.2034556266136717,0.01185174486303348,51.16252607791116,1.1500228759656177,1.0737805277359056,1.0730122220937315
7,mi,1.0,1.0,1.0,1.0,0.5,4.657949281033773,0.20290800464264275,0.011825343516830174,91.62932178627362,1.0821393839264044,1.0397022230564517,1.0392258521639814
7,surprisal,0.0031622776601683794,1.0,1.0,1.0,0.5,4.700196225328493,0.16126564885565642,0.00988017243963837,0.12768612389739706,396.43134601303944,366.2548071121144,366.79551618635037
7,surprisal,0.005623413251903491,1.0,1.0,1.0,0.5,4.697673636847119,0.16363687917894976,0.009978288216208974,0.09670961938010786,335.53267105514186,295.343314690478,296.1439616978709
7,surprisal,0.01,1.0,1.0,1.0,0.5,4.693813696651072,0.1675477398257122,0.010135822398298274,0.08859613438142361,256.64982028386765,212.18269977614727,213.20197456701456
7,surprisal,0.01778279410038923,1.0,1.0,1.0,0.5,4.687842676510375,0.17394208722579022,0.010390432581782351,0.10485143751856389,172.80037153293213,134.4754310170848,135.50113876376412
7,surprisal,0.03162277660168379,1.0,1.0,1.0,0.5,4.677852788287924,0.18441278730881164,0.010821791693126031,0.15981014422078577,103.91132467656472,78.07493942614538,78.85851442068896
7,surprisal,0.05623413251903491,1.0,1.0,1.0,0.5,4.663067520468832,0.1993385194395492,0.011462926921636626,0.27767267845698757,59.430268312442536,44.07297636792374,44.569489287268794
7,surprisal,0.1,1.0,1.0,1.0,0.5,4.647744392079721,0.214667473200204,0.01212283823842331,0.49202472044097084,33.911774273490394,24.982198281920585,25.283624034540523
7,surprisal,0.1778279410038923,1.0,1.0,1.0,0.5,4.63740230991556,0.224944872360568,0.012554449387765372,0.8699007241985112,19.559619391527367,14.409201019844081,14.594572850994718
7,surprisal,0.31622776601683794,1.0,1.0,1.0,0.5,4.634063926494434,0.22814618081619473,0.012678133356864595,1.533570755520173,11.48576348993713,8.544613925451275,8.658976303554269
7,surprisal,0.5623413251903491,1.0,1.0,1.0,0.5,4.634282783411507,0.22781084474974386,0.012658401473500154,2.6957024177743376,6.934417702514726,5.262579332279267,5.332339744022952
7,surprisal,1.0,1.0,1.0,1.0,0.5,4.634223931279328,0.2278508869603691,0.012666392306725031,4.732779212968364,4.36467285435121,3.413724489509286,3.4560995760219875
7,surprisal,1.7782794100389228,1.0,1.0,1.0,0.5,4.634452570213551,0.2276650111212703,0.012653035238694736,8.274026012274478,2.912529873284452,2.3698753356049793,2.39445337366489
7,surprisal,3.1622776601683795,1.0,1.0,1.0,0.5,4.637316845153617,0.22490717563999266,0.012482502010542835,14.32268043503082,2.0900826924058555,1.7792353203624458,1.791407186498926
7,surprisal,5.623413251903491,1.0,1.0,1.0,0.5,4.642463876909934,0.2199773754024177,0.012172174991150494,24.58824728849697,1.6221891871365204,1.4436564642980596,1.4482060135326773
7,surprisal,10.0,1.0,1.0,1.0,0.5,4.64780887187033,0.21492543228194094,0.011842978663267119,42.19770027327856,1.3547807245021337,1.252267648130622,1.2532109729232388
7,surprisal,17.78279410038923,1.0,1.0,1.0,0.5,4.652020873699766,0.21099924933073788,0.011577711339010761,72.88447869088074,1.2017320703652719,1.1430634999916345,1.1427833074624612
7,surprisal,31.622776601683793,1.0,1.0,1.0,0.5,4.654879485229348,0.20836501595344337,0.011394181615581119,126.95777956436802,1.1143319954434203,1.080912647147598,1.0804206771201257
7,surprisal,56.23413251903491,1.0,1.0,1.0,0.5,4.656666400126257,0.20673144978238148,0.011277789798795602,222.77107343079325,1.0646190131488964,1.0456647280517866,1.0452650480263461
7,surprisal,100.0,1.0,1.0,1.0,0.5,4.657733245087278,0.20576099140838822,0.011207620366502274,392.93401094910774,1.0364501930873622,1.0257347490361368,1.0254676135757046
7,surprisal_b,0.0031622776601683794,1.0,1.0,1.0,0.5,4.699064118658482,0.16230874223640776,0.009895773500765183,0.3523521838542951,433.0218276454496,421.9829348203369,422.2340752403204
7,surprisal_b,0.005623413251903491,1.0,1.0,1.0,0.5,4.698288812419424,0.16312898461377717,0.009927493657850924,0.23448273827911792,389.1564573206474,372.5196688935616,372.91047093270595
7,surprisal_b,0.01,1.0,1.0,1.0,0.5,4.696905344118301,0.1646163589282421,0.009985142996752976,0.17597830797067723,325.3619033620829,303.08003744294246,303.6312706057253
7,surprisal_b,0.01778279410038923,1.0,1.0,1.0,0.5,4.694371269117295,0.1673760281899038,0.01009323747878942,0.15965723090112927,244.57787130264919,219.7988161440121,220.46123796155226
7,surprisal_b,0.03162277660168379,1.0,1.0,1.0,0.5,4.689465198437711,0.1726752448624387,0.010306646380660565,0.18822450510560373,161.51976403892667,140.17883209153692,140.80879734573452
7,surprisal_b,0.05623413251903491,1.0,1.0,1.0,0.5,4.679900374909929,0.18266192353511884,0.010725652218869635,0.28915499658983823,95.90708303287214,81.66822202679894,82.12930559486814
7,surprisal_b,0.1,1.0,1.0,1.0,0.5,4.6648738021000735,0.19794798614544057,0.011383448037390649,0.5087252656670949,54.71196880971136,46.34834601130518,46.635891573737744
7,surprisal_b,0.1778279410038923,1.0,1.0,1.0,0.5,4.6484090066182455,0.21456061399844703,0.012096680030137745,0.9105247250340907,31.2476175954819,26.419428407528258,26.5949131439353
7,surprisal_b,0.31622776601683794,1.0,1.0,1.0,0.5,4.636375654603546,0.22657874337380446,0.012605233947172027,1.6179236107577082,18.04685988075973,15.266715436627507,15.375310131566424
7,surprisal_b,0.5623413251903491,1.0,1.0,1.0,0.5,4.632003150245151,0.23076091902676532,0.012775125766248804,2.848456116669037,10.6167288017884,9.024083587594468,9.09133383625855
7,surprisal_b,1.0,1.0,1.0,1.0,0.5,4.632341221868263,0.2302134770993518,0.012746867604909114,4.97906577305974,6.430036902951798,5.51987426823445,5.560992957675693
7,surprisal_b,1.7782794100389228,1.0,1.0,1.0,0.5,4.6330591589694485,0.22939611424908696,0.012713753190645802,8.671692648901676,4.069431676293381,3.5482845201533215,3.5731492258637956
7,surprisal_b,3.1622776601683795,1.0,1.0,1.0,0.5,4.634294390898508,0.22814513197019054,0.012646981962559683,15.021799237049365,2.7377911067645013,2.4381955513575466,2.4524844265412375
7,surprisal_b,5.623413251903491,1.0,1.0,1.0,0.5,4.638154481046975,0.22435367433376144,0.012424765943179405,25.773389318373777,1.9854400336231948,1.8126358869216326,1.8196273944501238
7,surprisal_b,10.0,1.0,1.0,1.0,0.5,4.643890086694006,0.21880485123235974,0.012086614136175271,43.94803635743184,1.5591837037594134,1.4594197529836916,1.4619852928566692
7,surprisal_b,17.78279410038923,1.0,1.0,1.0,0.5,4.649261238987297,0.2136844175311017,0.011759959707784335,75.13890552883721,1.317056214781119,1.2595899034795088,1.2600974044532507
7,surprisal_b,31.622776601683793,1.0,1.0,1.0,0.5,4.65317198492656,0.21000597760335252,0.011513473434205947,129.58695906252106,1.1794471521608998,1.1465039633637535,1.1463297371463375
7,surprisal_b,56.23413251903491,1.0,1.0,1.0,0.5,4.655669998470057,0.20768116096754138,0.01135063059915734,225.6490694478201,1.1013632116402967,1.0825828448489083,1.0822983239816455
7,surprisal_b,100.0,1.0,1.0,1.0,0.5,4.657165427488314,0.20629947698778628,0.011250488835012663,395.96643845041814,1.0571641158849132,1.0465087060897298,1.0462808633208023
8,eig_code,1e-07,1.0,10.0,0.1,0.1,4.783348794531392,0.08668092188551507,0.0055407034327149855,10.534759586970722,499.86983628927754,499.64440709516106,499.5981326183858
8,eig_code,2.1544346900318822e-07,1.0,10.0,0.1,0.1,4.783751475180459,0.08631035018649978,0.005523287725071725,4.902107214351373,499.7196789555375,499.2360195610508,499.1369278795283
8,eig_code,4.641588833612782e-07,1.0,10.0,0.1,0.1,4.784603990514489,0.08552518936967596,0.005486315611744774,2.2876030358681416,499.3965678060229,498.3637513804047,498.1530256217972
8,eig_code,1e-06,1.0,10.0,0.1,0.1,4.786373247837496,0.0838928972057389,0.005409137125399973,1.0739372329333656,498.70226228239835,496.5183938883358,496.07681038431616
8,eig_code,2.1544346900318822e-06,1.0,10.0,0.1,0.1,4.789894850477995,0.08063173821335476,0.0052536350830667995,0.510367289140007,497.2147790502366,492.68832607826175,491.7907193527246
8,eig_code,4.641588833612773e-06,1.0,10.0,0.1,0.1,4.796337937044948,0.07461719150012329,0.004962067007217171,0.24836124301216503,494.0481019478627,485.0161610290242,483.29713407757527
8,eig_code,1e-05,1.0,10.0,0.1,0.1,4.806451892319006,0.06502187388667424,0.00448304278955832,0.12611377847211863,487.39490052126536,470.5092131716629,467.5304205970174
8,eig_code,2.1544346900318823e-05,1.0,10.0,0.1,0.1,4.819299202051859,0.052488920985611594,0.003829042701809861,0.06853966248515088,473.7816626451451,445.16217493115886,440.520216140942
8,eig_code,4.641588833612772e-05,1.0,10.0,0.1,0.1,4.8334706814644655,0.038164830061119606,0.003040307251292384,0.04060007919504487,447.2791312846166,404.87770523154387,397.64039285355125
8,eig_code,0.0001,1.0,10.0,0.1,0.1,4.84878156176946,0.02224362447629398,0.002102161691449105,0.02579618323355467,399.8721079267537,346.78877127820857,334.7894787369023
8,eig_code,0.00021544346900318823,1.0,10.0,0.1,0.1,4.861597445096727,0.008788991170581743,0.001202478927163824,0.017410716706553944,325.52424098647197,270.33687287722154,252.538021668762
8,eig_code,0.00046415888336127773,1.0,10.0,0.1,0.1,4.866997101166682,0.0030829037730671378,0.0007247687547807288,0.01471507769967435,230.0415966723011,182.6648817225804,163.43039212069144
8,eig_code,0.001,1.0,10.0,0.1,0.1,4.863427163963443,0.005021741064514223,0.0009269450525384498,0.023160567461154465,138.63958897835968,104.35716164826344,90.61222579807647
8,eig_code,0.002154434690031882,1.0,10.0,0.1,0.1,4.836889633857977,0.026849784916449754,0.0025745290822960483,0.06352002270503415,77.17783073552867,53.92117750639397,47.14899411035568
8,eig_code,0.004641588833612773,1.0,10.0,0.1,0.1,4.777156087917929,0.08403443308040894,0.005994224277946792,0.15242248829734176,45.21917433877467,28.33336651332833,25.60654288382715
8,eig_code,0.01,1.0,10.0,0.1,0.1,4.723050187560755,0.14103785707297992,0.00893632480425597,0.25565261694734387,29.250148685432794,15.853230072051177,14.794179895420996
8,eig_code,0.021544346900318822,1.0,10.0,0.1,0.1,4.701346197922312,0.16944775063839607,0.010196639561591414,0.3450888556789343,20.417063313218097,9.296896389267799,8.875225392452256
8,eig_code,0.046415888336127725,1.0,10.0,0.1,0.1,4.699848042006684,0.1791943884560013,0.010487049666496157,0.43676756639211556,14.808943094890898,5.608820371558878,5.460544887037238
8,eig_code,0.1,1.0,10.0,0.1,0.1,4.706037875546364,0.1805697592035449,0.01036691166358321,0.5548325494777944,10.900506536450086,3.510966662299753,3.4840958529510715
8,kl,1e-07,1.0,10.0,0.1,0.1,4.478249624456363,0.38474742248831445,0.02022498095358751,1.7244795938654713,498.74481712649225,494.89560087459057,496.4794710396555
8,kl,2.1544346900318822e-07,1.0,10.0,0.1,0.1,4.483659528539626,0.3792337452174482,0.01997320144186824,0.8332897002218783,497.3093774438691,489.4313682501573,492.6304687914496
8,kl,4.641588833612782e-07,1.0,10.0,0.1,0.1,4.493876371578674,0.3689253703215544,0.01951510755898823,0.4186894799240202,494.2649004979741,478.89333325186504,485.0049637768352
8,kl,1e-06,1.0,10.0,0.1,0.1,4.510640225478012,0.35231677826846053,0.018817410391456502,0.2248219473940672,487.91723376531223,460.11107165807147,470.9065810293051
8,kl,2.1544346900318822e-06,1.0,10.0,0.1,0.1,4.533333976798552,0.33056197976162166,0.01799402055966838,0.13314590384904246,475.120494130914,429.6608615578254,447.0362435381765
8,kl,4.641588833612773e-06,1.0,10.0,0.1,0.1,4.561601041317008,0.30465233799922686,0.01710102233082132,0.08892188286956448,450.8434559741607,385.02631210218084,409.6144723266937
8,kl,1e-05,1.0,10.0,0.1,0.1,4.59677978672952,0.2725076143619436,0.01591797942935739,0.06706137803699556,409.0017717851753,325.8646998226554,354.7958292435563
8,kl,2.1544346900318823e-05,1.0,10.0,0.1,0.1,4.632157397510104,0.2372506089265076,0.014421125715510488,0.05681301249581987,345.72344206269713,254.62778054756453,282.14481876841387
8,kl,4.641588833612772e-05,1.0,10.0,0.1,0.1,4.659375871057359,0.20634118400734383,0.012911270139114894,0.054645482701752374,264.27339891469546,178.28148750688058,199.2831590411645
8,kl,0.0001,1.0,10.0,0.1,0.1,4.674995382916778,0.1870795643532545,0.011875525271504395,0.061535936450065956,178.3702508587047,108.95517224354792,122.27055278705781
8,kl,0.00021544346900318823,1.0,10.0,0.1,0.1,4.672985863315194,0.18832007084996608,0.011952714430223301,0.08400652770291737,107.47640854374104,58.62186671016582,66.15010594112499
8,kl,0.00046415888336127773,1.0,10.0,0.1,0.1,4.649069322238757,0.21552976127536852,0.013309529968244239,0.13839152565444157,60.980973295849566,29.56418550110973,33.62733331392143
8,kl,0.001,1.0,10.0,0.1,0.1,4.614395968587351,0.253087138560504,0.014689938856780741,0.24301478832821202,35.150908116081276,15.569694257439515,17.796507094134217
8,kl,0.002154434690031882,1.0,10.0,0.1,0.1,4.603032217160896,0.2666297084538861,0.01468303111523251,0.36945744061857533,22.57499926730975,9.202893658800429,10.571306038144096
8,kl,0.004641588833612773,1.0,10.0,0.1,0.1,4.614861362156047,0.2611791222209359,0.014042930190026238,0.47865711629564883,16.135464793127586,5.814372356629114,6.787831852505998
8,kl,0.01,1.0,10.0,0.1,0.1,4.629336080187473,0.2527468099079578,0.013368641171242973,0.6028134741233141,11.944259934476676,3.7902465253662405,4.522243160192774
8,kl,0.021544346900318822,1.0,10.0,0.1,0.1,4.642444501364382,0.24188092789395485,0.012589154602062344,0.7742068752143164,8.874976298134325,2.5803103142548305,3.1272403639512425
8,kl,0.046415888336127725,1.0,10.0,0.1,0.1,4.654230928096652,0.2292554559443764,0.011761349018912246,1.0318554409734582,6.530225078193655,1.864733165978511,2.265625692768912
8,kl,0.1,1.0,10.0,0.1,0.1,4.663483367369899,0.21799997086703216,0.011056078970752092,1.4644463183026017,4.699523792439886,1.4518330441996419,1.7355372326912912
8,mi,1e-05,1.0,10.0,0.1,0.1,4.388091232386275,0.484093291469056,0.02339420552778477,0.15741056703254477,81.94277583549577,37.73003573283924,52.13492000997987
8,mi,1.8957356524063752e-05,1.0,10.0,0.1,0.1,4.376344993228745,0.49241524223261396,0.023880887057384736,0.27089017645084534,55.078871835037525,29.138709328445675,37.804794244955495
8,mi,3.5938136638046256e-05,1.0,10.0,0.1,0.1,4.361246137606932,0.5030361259064614,0.024547087947427874,0.4167357369895872,40.14067120622622,23.094261015840953,28.98205285114631
8,mi,6.812920690579608e-05,1.0,10.0,0.1,0.1,4.35666635619072,0.5050679679434253,0.02479480705839349,0.556817503759767,31.147645590001826,18.401022950152658,22.837266914219047
8,mi,0.0001291549665014884,1.0,10.0,0.1,0.1,4.367737540808623,0.49435916728398577,0.02434710445168493,0.6743875994754919,24.998719295886534,14.626394487227865,18.109908754740584
8,mi,0.00024484367468222265,1.0,10.0,0.1,0.1,4.388087723048126,0.4756804955025492,0.023471047889802806,0.7859258082317553,20.283105684757928,11.57703937815665,14.313969765509148
8,mi,0.0004641588833612782,1.0,10.0,0.1,0.1,4.412963856827216,0.4525265414741936,0.022383714157607343,0.9056774948101366,16.46939303641742,9.1175230389321,11.23984012018183
8,mi,0.0008799225435691075,1.0,10.0,0.1,0.1,4.440577128149929,0.42631347869271735,0.021168640387295278,1.041084580620459,13.333953168163312,7.1414975053545104,8.754251192463869
8,mi,0.0016681005372000592,1.0,10.0,0.1,0.1,4.469091644059738,0.39885255911259987,0.01992032463769429,1.203370280677347,10.729077988704653,5.563478011852168,6.756562473107464
8,mi,0.0031622776601683794,1.0,10.0,0.1,0.1,4.496322626533585,0.3723314757041967,0.018748670454334083,1.4140883657815932,8.542480421072167,4.314137751794035,5.168796723023081
8,mi,0.005994842503189409,1.0,10.0,0.1,0.1,4.520365302025068,0.34864654165235254,0.017747780361115562,1.7123162994078043,6.6950047975820395,3.338173242458549,3.9289530898225142
8,mi,0.011364636663857255,1.0,10.0,0.1,0.1,4.53984141395973,0.32927477339463856,0.016996488179347416,2.169188082949661,5.140849101280519,2.591423401983501,2.9856335068177056
8,mi,0.021544346900318846,1.0,10.0,0.1,0.1,4.554451182075991,0.3147165703533994,0.01653440617240116,2.913775108943609,3.8648251500439774,2.03769579025596,2.292590884366297
8,mi,0.04084238652674522,1.0,10.0,0.1,0.1,4.565514018842967,0.30388035038470596,0.016320216221579097,4.177761836620214,2.8690966359522867,1.645211880225406,1.805318262329008
8,mi,0.07742636826811278,1.0,10.0,0.1,0.1,4.5752132924073425,0.2947515664360186,0.016236443311277965,6.379189622663257,2.148187342817232,1.3827450971750979,1.4802287279339967
8,mi,0.14677992676220705,1.0,10.0,0.1,0.1,4.58470048605425,0.2861361257782924,0.016164688709863196,10.293518518714361,1.6691609915879801,1.2180602251162231,1.2753836894472028
8,mi,0.2782559402207126,1.0,10.0,0.1,0.1,4.59334164765414,0.2784069679354373,0.01606313603597266,17.406113435047313,1.3749744423951078,1.1205521042404867,1.153131614932939
8,mi,0.527499706370262,1.0,10.0,0.1,0.1,4.600069582721362,0.27239326647662554,0.01595442143002772,30.585526284404978,1.2047874859428191,1.0653339737112197,1.0833440283467404
8,mi,1.0,1.0,10.0,0.1,0.1,4.604606139624946,0.2683163323096974,0.015866430522062283,55.32157203150977,1.1101275658771286,1.0349849279474435,1.0447503431582763
8,surprisal,0.0031622776601683794,1.0,10.0,0.1,0.1,4.683974273067543,0.18362906266991558,0.006333154615862327,-0.048508916438470114,480.09057535209075,492.45680481738515,434.75919998345876
8,surprisal,0.005623413251903491,1.0,10.0,0.1,0.1,4.6598605561552855,0.21278053413488202,0.007358790442070059,-0.04028467498190103,471.48898419226566,489.63363888736836,414.1570423738635
8,surprisal,0.01,1.0,10.0,0.1,0.1,4.656103967877391,0.20943246863823287,0.006931137000581231,-0.028209086628984446,456.9258311594654,483.1301217630094,381.21264105771183
8,surprisal,0.01778279410038923,1.0,10.0,0.1,0.1,4.632464337422055,0.2323707524691279,0.007971043015869593,-0.023467626485776258,429.3437436575207,472.38583605420916,343.4323911772713
8,surprisal,0.03162277660168379,1.0,10.0,0.1,0.1,4.611712313967218,0.24916535524408026,0.008625197182615615,-0.01938907285515651,402.0920145565386,463.9418633290918,301.5796092369073
8,surprisal,0.05623413251903491,1.0,10.0,0.1,0.1,4.5892512316575695,0.2754783695103586,0.010021708377624852,-0.01747102788836675,371.06769129643686,445.0792367825563,258.2721594247315
8,surprisal,0.1,1.0,10.0,0.1,0.1,4.585244331616128,0.27942901909340306,0.01016842718145978,-0.014284810279875495,317.2296162377598,415.27330845305227,205.90384089404336
8,surprisal,0.1778279410038923,1.0,10.0,0.1,0.1,4.5663447741973,0.2980305293084747,0.01114830424263084,-0.01328442720976362,255.7106847268508,385.8029174681496,151.91547496078144
8,surprisal,0.31622776601683794,1.0,10.0,0.1,0.1,4.537906128388279,0.32933017948680443,0.012521716595202926,-0.01427517497493345,169.91560611914045,319.2946123760456,90.52102676200633
8,surprisal,0.5623413251903491,1.0,10.0,0.1,0.1,4.470701615957397,0.39884791125603186,0.016112476499514188,-0.021154092593014314,64.11599080261077,218.95174300876798,47.8953069968486
8,surprisal,1.0,1.0,10.0,0.1,0.1,4.519171447190189,0.3805844088781262,0.01452555066019553,-0.04322290564156173,1.2169608608135054,85.24105352121212,12.294256407723347
8,surprisal,1.7782794100389228,1.0,10.0,0.1,0.1,4.3717836462970725,0.5336751388376814,0.023852114873867993,-0.8469448936049001,1.0582681909174803,5.662607869363303,2.5165189860650687
8,surprisal,3.1622776601683795,1.0,10.0,0.1,0.1,5.0644327138430505,0.0016656758802099773,2.186223673486381e-05,4.226846699481531,1.0362058545712898,1.0226842336709716,1.0420029288130828
8,surprisal,5.623413251903491,1.0,10.0,0.1,0.1,4.496033892562461,0.41656498909329975,0.02008940974490594,223.76105741364407,1.021682218469976,1.0,1.0210765437699902
8,surprisal,10.0,1.0,10.0,0.1,0.1,4.499469323216559,0.41779090533917473,0.020156739959716844,365.32277228061184,1.0126655295399538,1.0,1.0134685534809436
8,surprisal,17.78279410038923,1.0,10.0,0.1,0.1,4.502959278470748,0.4170890680637154,0.020120670702725503,611.4751390075987,1.0072833311333893,1.0,1.008286478077401
8,surprisal,31.622776601683793,1.0,10.0,0.1,0.1,4.505770465528176,0.41581841666466857,0.020055266980439492,1044.367488515617,1.0041488858417105,1.0,1.0049449860163113
8,surprisal,56.23413251903491,1.0,10.0,0.1,0.1,4.507742268774857,0.41466943768592296,0.01999660611867379,1810.4958041352281,1.0023503297313985,1.0,1.0028860989196795
8,surprisal,100.0,1.0,10.0,0.1,0.1,4.509008918112098,0.4138411066826205,0.019954573691249707,3170.3714124072544,1.0013272177305221,1.0,1.001659667812842
8,surprisal_b,0.0031622776601683794,1.0,10.0,0.1,0.1,4.356495200222428,0.49043660960107477,0.019255176014745048,0.538506738934316,427.2529522071836,420.2649149581835,429.9955337747261
8,surprisal_b,0.005623413251903491,1.0,10.0,0.1,0.1,4.360570746977183,0.4869057447203727,0.019080743961579952,0.35321560681621406,380.44761723570656,370.0009796715428,384.7766300854284
8,surprisal_b,0.01,1.0,10.0,0.1,0.1,4.367206554804348,0.48122218035889347,0.018808034407161986,0.25864115235876844,313.67910969108743,299.8609682854513,319.9107104649759
8,surprisal_b,0.01778279410038923,1.0,10.0,0.1,0.1,4.376715204172513,0.47329624649348045,0.018450170316119792,0.22571094931992616,231.60245399376095,216.47912996780755,239.25795526610932
8,surprisal_b,0.03162277660168379,1.0,10.0,0.1,0.1,4.3856115973229075,0.46666852632886524,0.01821658239357094,0.2534341467541677,150.5016634245796,137.61600804665815,157.79367476291517
8,surprisal_b,0.05623413251903491,1.0,10.0,0.1,0.1,4.380831712902095,0.4736854931418074,0.01876094318831696,0.37981214847416167,88.91609178726308,80.17130424584464,93.82465647355666
8,surprisal_b,0.1,1.0,10.0,0.1,0.1,4.350024136245404,0.5056094774123695,0.020696001086142404,0.6945474350426087,51.044261717988405,45.59121624020077,53.361123485537256
8,surprisal_b,0.1778279410038923,1.0,10.0,0.1,0.1,4.307143537980952,0.5492110333502032,0.023388390621367414,1.3193245094619783,29.516549767790085,26.050528910262233,30.282219361654203
8,surprisal_b,0.31622776601683794,1.0,10.0,0.1,0.1,4.274722345536392,0.5828403632963297,0.02558196331363529,2.3860867128921592,17.359735394182188,15.081153448665487,17.411986643193718
8,surprisal_b,0.5623413251903491,1.0,10.0,0.1,0.1,4.264918558791775,0.5940761474182765,0.026442969723905464,4.001375267774779,10.459832263431768,8.920680161681124,10.244182806421488
8,surprisal_b,1.0,1.0,10.0,0.1,0.1,4.27676299883986,0.5839081280676555,0.02608403092149822,6.312193651289868,6.509030840139328,5.456723659647481,6.2275660224999685
8,surprisal_b,1.7782794100389228,1.0,10.0,0.1,0.1,4.304089601735257,0.5585401625948232,0.024941207266073333,9.638308358836142,4.221625936002971,3.508055818287653,3.9603057197816387
8,surprisal_b,3.1622776601683795,1.0,10.0,0.1,0.1,4.338057413778072,0.526347573570668,0.023461749202576907,14.646602682461289,2.883801362224373,2.4117089242706777,2.676443226351656
8,surprisal_b,5.623413251903491,1.0,10.0,0.1,0.1,4.369045006096793,0.4968371525888882,0.02210147703534199,22.680464411814107,2.0968063613980243,1.7945906220881873,1.9492188929625038
8,surprisal_b,10.0,1.0,10.0,0.1,0.1,4.391264495372382,0.475981747824438,0.021138806576555657,36.263463194588276,1.6341638647019607,1.4470742193266586,1.5374616832919397
8,surprisal_b,17.78279410038923,1.0,10.0,0.1,0.1,4.404489289181905,0.46403020880227974,0.020587146478738955,59.928319460223,1.3639104200848484,1.2514262528404385,1.3042172204786022
8,surprisal_b,31.622776601683793,1.0,10.0,0.1,0.1,4.411477951759868,0.45809791811749684,0.020314380326134404,101.70374316501751,1.2074475997141285,1.1413544203967245,1.1720138517440095
8,surprisal_b,56.23413251903491,1.0,10.0,0.1,0.1,4.41498409382694,0.4553579617354693,0.020189641178545336,175.80965737807043,1.1176634675313608,1.079464158968457,1.0971218652817267
8,surprisal_b,100.0,1.0,10.0,0.1,0.1,4.416738414178202,0.45410630705638727,0.020133557586873584,307.48500247030427,1.0665111856825045,1.044673750523003,1.0547628389791504
9,eig_code,1e-07,1.0,10.0,0.1,0.2,4.703836728797442,0.16875612977853788,0.00981927383612379,20.167337896256164,499.85085073838627,499.6702252931212,499.65473384814976
9,eig_code,2.1544346900318822e-07,1.0,10.0,0.1,0.2,4.703813867115113,0.16876560321481335,0.009819911580195394,9.36914533371966,499.67874585643966,499.28993223774097,499.25659089634104
9,eig_code,4.641588833612782e-07,1.0,10.0,0.1,0.2,4.703764651503185,0.16878601549828234,0.009821285465262208,4.357076802125542,499.3082417023022,498.4721069580624,498.40043257361003
9,eig_code,1e-06,1.0,10.0,0.1,0.2,4.703658786000047,0.16883001984930282,0.00982424582719706,2.0306990923076964,498.5113336594034,496.71705166858465,496.56336137385887
9,eig_code,2.1544346900318822e-06,1.0,10.0,0.1,0.2,4.703431484876667,0.16892494141198772,0.009830625161059389,0.950929978897705,496.8005504237806,492.9676494165988,492.6398815552023
9,eig_code,4.641588833612773e-06,1.0,10.0,0.1,0.2,4.702945430222679,0.16912992272327318,0.00984437201819896,0.4498315868828614,493.1429191050078,485.0346382893054,484.3437389901776
9,eig_code,1e-05,1.0,10.0,0.1,0.2,4.701915503206468,0.1695731570879949,0.009873968746279703,0.21742934146201337,485.3915397532775,468.59122556686333,467.1707858883139
9,eig_code,2.1544346900318823e-05,1.0,10.0,0.1,0.2,4.69977897728498,0.17053015484135897,0.009937339671671411,0.10996845868243846,469.27115059651425,435.94405635614424,433.174059196682
9,eig_code,4.641588833612772e-05,1.0,10.0,0.1,0.2,4.695569904357923,0.1725593168397198,0.010069732032153582,0.06101024146891571,437.0589184472456,376.5596592058689,371.71803321597105
9,eig_code,0.0001,1.0,10.0,0.1,0.2,4.688280351451201,0.17653642544717926,0.010323060979946334,0.040434203906156464,377.8266752709067,285.2084552755012,278.3848860858538
9,eig_code,0.00021544346900318823,1.0,10.0,0.1,0.2,4.679008635636414,0.18271331326609977,0.010700557722310338,0.036229292586745156,285.5563426208264,179.62117727318207,172.99171049019222
9,eig_code,0.00046415888336127773,1.0,10.0,0.1,0.2,4.672595046925753,0.18857254325431694,0.011024091014067492,0.04820181974599487,179.07580443928285,97.21356253181061,93.1696158799222
9,eig_code,0.001,1.0,10.0,0.1,0.2,4.669501140928556,0.19200418601641286,0.01117696581984169,0.08490925339699144,99.08516599635057,51.788958522259065,49.92965481305222
9,eig_code,0.002154434690031882,1.0,10.0,0.1,0.2,4.666300051793696,0.19521376752512298,0.011322151742816864,0.1472171587539869,56.88860237379236,29.294810273896942,28.481578836140812
9,eig_code,0.004641588833612773,1.0,10.0,0.1,0.2,4.66344235487753,0.1985033607099896,0.011461309645669562,0.21989724845993378,36.10160503391188,17.407227472443456,17.03880908844491
9,eig_code,0.01,1.0,10.0,0.1,0.2,4.663330410356291,0.2005100224866196,0.011513660762857666,0.29136799621399945,24.812705801131198,10.545580152194018,10.355618294168893
9,eig_code,0.021544346900318822,1.0,10.0,0.1,0.2,4.668070465811521,0.19967598937674869,0.011383569497926502,0.37324554318319164,17.67230791416957,6.442931924542912,6.327422242044416
9,eig_code,0.046415888336127725,1.0,10.0,0.1,0.2,4.676723588885112,0.1958585057812961,0.011060494822865464,0.48482588343728994,12.68315030620748,4.0003992414241,3.929197407679806
9,eig_code,0.1,1.0,10.0,0.1,0.2,4.68802879137027,0.18922685927498506,0.01056965039538098,0.6449630999043103,9.107652038463803,2.5825552678841723,2.5457562730004133
9,kl,1e-07,1.0,10.0,0.1,0.2,4.598608815288571,0.2725257236283504,0.014507622653021794,3.724125868452705,499.2168652311287,497.9141196074158,498.12891360121836
9,kl,2.1544346900318822e-07,1.0,10.0,0.1,0.2,4.599259612140057,0.27180915262154526,0.014463977723029257,1.7400642988114263,498.31583357571213,495.531077166755,495.98576730317535
9,kl,4.641588833612782e-07,1.0,10.0,0.1,0.2,4.600616708270941,0.2703115543880231,0.014372875144638649,0.8191834318227328,496.3856337836916,490.4856616400493,491.4290672410719
9,kl,1e-06,1.0,10.0,0.1,0.2,4.603346068185692,0.2672856384858486,0.014189293458612076,0.39183418846848755,492.2775649825969,480.00829372479234,481.88458169979475
9,kl,2.1544346900318822e-06,1.0,10.0,0.1,0.2,4.608451239303089,0.261573709113047,0.013844781199877766,0.19366821277093513,483.6542299422461,459.0879199018262,462.50741701720375
9,kl,4.641588833612773e-06,1.0,10.0,0.1,0.2,4.616818976465475,0.2520572966846981,0.013278593413595904,0.10212312382407684,466.0669599730683,420.32865878750323,425.5709128287647
9,kl,1e-05,1.0,10.0,0.1,0.2,4.628122254117958,0.23889542231462593,0.012522304361218503,0.06061943862752815,432.2236945876177,357.2363431353312,363.05785529172255
9,kl,2.1544346900318823e-05,1.0,10.0,0.1,0.2,4.6406451004059885,0.22394599264615728,0.011731774069886437,0.043572968072514644,373.89522519955295,272.7706978609794,276.30100949538075
9,kl,4.641588833612772e-05,1.0,10.0,0.1,0.2,4.652248051897967,0.20998627161480535,0.01109453300504059,0.0404350460041257,290.59653620217057,184.47804820289227,184.3356601938622
9,kl,0.0001,1.0,10.0,0.1,0.2,4.659110038838664,0.20193558227645847,0.010817441835830343,0.04810804972741459,199.66444025835247,111.76675520796597,109.73430186227483
9,kl,0.00021544346900318823,1.0,10.0,0.1,0.2,4.655340783727224,0.20548408762034567,0.011116114326226539,0.06724811240279346,124.38881260754495,61.07615103139168,59.57332223053864
9,kl,0.00046415888336127773,1.0,10.0,0.1,0.2,4.64568814496539,0.2155142962694118,0.01175877449618889,0.10571466714378874,72.10548455949329,30.88756167283735,30.77807831816987
9,kl,0.001,1.0,10.0,0.1,0.2,4.636047227254458,0.22632620313477433,0.012438918327587433,0.18581579688742564,40.57412360563766,16.424782902525397,16.991893016304044
9,kl,0.002154434690031882,1.0,10.0,0.1,0.2,4.63059655085471,0.23351047321829066,0.012845539069308834,0.30563288599210875,24.87207935487557,9.854777522106255,10.321860743449209
9,kl,0.004641588833612773,1.0,10.0,0.1,0.2,4.637018230776813,0.23085955604986902,0.012651531274510026,0.41535943867607145,17.21118302891493,6.157589062758035,6.4317797261238425
9,kl,0.01,1.0,10.0,0.1,0.2,4.650564150436737,0.2222937354701233,0.01207481389114639,0.5380855401197324,12.399943951760996,3.9276409174986497,4.093706065557217
9,kl,0.021544346900318822,1.0,10.0,0.1,0.2,4.667330893427197,0.2095664669776885,0.011266643210593055,0.7082819926587949,8.968218923144315,2.6192710993188055,2.729445019582555
9,kl,0.046415888336127725,1.0,10.0,0.1,0.2,4.685002525321961,0.19412364598537427,0.010355045817869269,0.9575146872259511,6.4741297851785085,1.873796509844186,1.9521784731972855
9,kl,0.1,1.0,10.0,0.1,0.2,4.700647141964248,0.1793425156166039,0.009541113907478159,1.3553192544679091,4.634987778131631,1.4577684602246626,1.5162527701456228
9,mi,1e-05,1.0,10.0,0.1,0.2,4.520437671251922,0.344452054280421,0.017990302239075853,0.04922194465670011,200.2752623202539,84.55945074722605,103.25105685946818
9,mi,1.8957356524063752e-05,1.0,10.0,0.1,0.2,4.536237008009707,0.331449315061095,0.017223561955272897,0.08008582212213074,125.42424178976783,55.50076465028402,65.67814859982896
9,mi,3.5938136638046256e-05,1.0,10.0,0.1,0.2,4.5359052794218995,0.33111855957122016,0.017209816966960355,0.14334786103779076,78.38066742928494,39.28230243671785,44.910924019578395
9,mi,6.812920690579608e-05,1.0,10.0,0.1,0.2,4.530348314644474,0.3345827371121178,0.017452305845412356,0.24507559044815894,52.449664918307974,29.456791506295414,32.81803084150956
9,mi,0.0001291549665014884,1.0,10.0,0.1,0.2,4.5253699247250605,0.33713213628509386,0.017704352985245617,0.37255165692723213,37.85567355815083,22.699796376187663,24.93632502123582
9,mi,0.00024484367468222265,1.0,10.0,0.1,0.2,4.528701828754541,0.33263776256611244,0.017618125075351865,0.4931525226790137,28.846712651679056,17.53513961595306,19.13260977745487
9,mi,0.0004641588833612782,1.0,10.0,0.1,0.2,4.541064865770368,0.32048619024433006,0.017113239464137883,0.6000828476395231,22.496226320120016,13.431536679859718,14.573321333862753
9,mi,0.0008799225435691075,1.0,10.0,0.1,0.2,4.557506454704682,0.3046623016603659,0.016402435903686414,0.7152955626432209,17.540198203614043,10.171374360527485,10.957518860751483
9,mi,0.0016681005372000592,1.0,10.0,0.1,0.2,4.575066916568664,0.28760570355424697,0.01562557719348654,0.8582460390275496,13.535561771396907,7.607823814359727,8.119349680518921
9,mi,0.0031622776601683794,1.0,10.0,0.1,0.2,4.592439232087006,0.2705160329715835,0.014845660990017384,1.048043951073058,10.294577903942281,5.622761975492497,5.931500468378718
9,mi,0.005994842503189409,1.0,10.0,0.1,0.2,4.60848231439533,0.2545821685004082,0.014130353368758272,1.3168956737248296,7.693950311603352,4.119913281927639,4.290615111109958
9,mi,0.011364636663857255,1.0,10.0,0.1,0.2,4.622165574263667,0.24096583758441897,0.013546933466468106,1.7232147268098734,5.646960286836659,3.018961430781031,3.105683941643918
9,mi,0.021544346900318846,1.0,10.0,0.1,0.2,4.63293007966753,0.23038154502309605,0.013133694410620575,2.3740324635763965,4.088328121877508,2.2482157485945042,2.289661074461067
9,mi,0.04084238652674522,1.0,10.0,0.1,0.2,4.6410175872741,0.22270544885804805,0.012880415300260212,3.468700292377155,2.956340194255049,1.7381236898902728,1.7573829776244174
9,mi,0.07742636826811278,1.0,10.0,0.1,0.2,4.647175381101235,0.2172138194300548,0.012740836379215487,5.384685253398297,2.181073433554664,1.4201288311190974,1.4290686010323705
9,mi,0.14677992676220705,1.0,10.0,0.1,0.2,4.652009143984777,0.2132031880478581,0.012664200986186232,8.84301569071815,1.6831254569058762,1.2323165366146303,1.2365429154737855
9,mi,0.2782559402207126,1.0,10.0,0.1,0.2,4.655732110125662,0.2102865858579621,0.01261676715065197,15.22323623448742,1.3820856703427553,1.1259733247809838,1.1280298145759555
9,mi,0.527499706370262,1.0,10.0,0.1,0.2,4.658392893867912,0.20827505848500277,0.012584283121551153,27.15962467837244,1.2087634562061942,1.0674869839327246,1.0685163038611247
9,mi,1.0,1.0,10.0,0.1,0.2,4.660127758301401,0.20698938261989627,0.012562382926694574,49.662882867612105,1.1123685977435454,1.0359015131767337,1.0364277619055875
9,surprisal,0.0031622776601683794,1.0,10.0,0.1,0.2,4.631062215762704,0.26855660558786815,0.012536435811151068,-0.07065546481650743,331.8948595955909,383.77768339538443,325.43624946955646
9,surprisal,0.005623413251903491,1.0,10.0,0.1,0.2,4.592556039095445,0.30895718060185334,0.01302524540797004,-0.06941046062818995,279.43224148057806,331.66502339832545,271.9752314778763
9,surprisal,0.01,1.0,10.0,0.1,0.2,4.5741292477669635,0.3930485656419087,0.01676655533704037,-0.07890071375712808,218.26356930014938,274.4992808697376,216.17380581420272
9,surprisal,0.01778279410038923,1.0,10.0,0.1,0.2,4.5359946215983005,0.4085772776818104,0.01699199236260038,-0.09040626973751957,150.43196666184983,199.63881057189553,153.11951026576028
9,surprisal,0.03162277660168379,1.0,10.0,0.1,0.2,4.529852323737778,0.3851686935233963,0.014720623319245705,-0.08065947484034267,88.24536693497168,131.4003954627248,94.52242693127367
9,surprisal,0.05623413251903491,1.0,10.0,0.1,0.2,4.526796749685065,0.37339781621126084,0.015821938937748574,-0.12995733730886358,39.85002742062535,65.9073733664943,50.10109638262839
9,surprisal,0.1,1.0,10.0,0.1,0.2,4.475371008937248,0.42761372117750707,0.01897206484582196,-0.3201149803647592,14.46610633598772,25.611753735178095,23.129199239713618
9,surprisal,0.1778279410038923,1.0,10.0,0.1,0.2,4.3863015767336995,0.5959791004736417,0.028628395792172166,-1.1917570692310266,5.955998247825917,10.381919170252651,8.656710737217228
9,surprisal,0.31622776601683794,1.0,10.0,0.1,0.2,4.478282360234168,0.4325447692978088,0.02045935938569551,-2.410333695168192,3.2452230179262247,5.499050977340182,5.483282532815708
9,surprisal,0.5623413251903491,1.0,10.0,0.1,0.2,4.435872950506079,0.4351422022861153,0.020923912923730505,-4.291414188246798,2.057990504966592,3.516389713321507,3.360912248914756
9,surprisal,1.0,1.0,10.0,0.1,0.2,4.671896999882006,0.1935916092823227,0.01011758981178353,-6.998406115626799,1.3365624174085076,1.991957965041214,1.942223422660103
9,surprisal,1.7782794100389228,1.0,10.0,0.1,0.2,4.457519059831143,0.4861118949563079,0.022984611911088478,51.53426223793112,1.2169247664142664,1.0738056865263135,1.1505546514140212
9,surprisal,3.1622776601683795,1.0,10.0,0.1,0.2,4.4994865830689665,0.44416172260307646,0.020370842486900624,74.16164936400905,1.1351897087719434,1.0448294446632087,1.0860460168542845
9,surprisal,5.623413251903491,1.0,10.0,0.1,0.2,4.45494669976718,0.48131077079327855,0.02212468954852281,130.06901619488505,1.0812289713573053,1.0278998083598883,1.0567209780089175
9,surprisal,10.0,1.0,10.0,0.1,0.2,4.41915788154185,0.5094521578059632,0.0234960773589541,229.19085143820894,1.047585770665316,1.01673787828364,1.035812356633101
9,surprisal,17.78279410038923,1.0,10.0,0.1,0.2,4.394659949112063,0.5277500275492505,0.024408871692474864,403.92575760531423,1.027421442380606,1.009791488017117,1.0217986746568246
9,surprisal,31.622776601683793,1.0,10.0,0.1,0.2,4.379580578332089,0.5385269643419058,0.024954689216053545,712.4844534716418,1.0156416585826882,1.005636231102466,1.012900202616045
9,surprisal,56.23413251903491,1.0,10.0,0.1,0.2,4.370814595876986,0.5445722148227626,0.025263695194565745,1259.1283157647963,1.008868319720673,1.0032126491363496,1.007485372685727
9,surprisal,100.0,1.0,10.0,0.1,0.2,4.365843667448657,0.5479107621015339,0.025435286098488438,2229.642094271648,1.005010343443683,1.0018206407438963,1.004288434944574
9,surprisal_b,0.0031622776601683794,1.0,10.0,0.1,0.2,4.396487139133762,0.46697546350450453,0.02028679592517085,1.1529611161525921,418.46430893979,414.49607286714235,419.0615661694846
9,surprisal_b,0.005623413251903491,1.0,10.0,0.1,0.2,4.39858006621836,0.46658825272515636,0.020264850455310828,0.778826266344868,367.4615224163179,361.65358717109854,368.43039625751766
9,surprisal_b,0.01,1.0,10.0,0.1,0.2,4.402057107590433,0.4660847681772815,0.020244624688147857,0.5980158810807134,296.83048073974544,289.40261481392196,298.26135408222393
9,surprisal_b,0.01778279410038923,1.0,10.0,0.1,0.2,4.406343456571148,0.4666074194798076,0.020300416554188586,0.5599712098654342,213.7030551138487,205.9537406651709,215.46169402776866
9,surprisal_b,0.03162277660168379,1.0,10.0,0.1,0.2,4.404247321348682,0.4748220917900681,0.020788929182637726,0.6878030030728404,135.83721657985564,129.5732255441371,137.39594631365566
9,surprisal_b,0.05623413251903491,1.0,10.0,0.1,0.2,4.372216568639483,0.5101941599711136,0.022672801722245558,1.1235040133933487,79.34833190298873,75.22708514935583,80.16314331080936
9,surprisal_b,0.1,1.0,10.0,0.1,0.2,4.297411452038029,0.5808640617578508,0.02629970104554739,2.1326717205204337,45.302094426343125,42.72688147158595,45.4036744943235
9,surprisal_b,0.1778279410038923,1.0,10.0,0.1,0.2,4.232646140911997,0.6392999614918675,0.029344196039264147,3.8536155445182865,26.067596119389208,24.396816081855672,25.792642540727034
9,surprisal_b,0.31622776601683794,1.0,10.0,0.1,0.2,4.229430262387964,0.6432922201590137,0.029781992621025023,6.158564769293905,15.276942410544097,14.142470555140166,14.87790005498205
9,surprisal_b,0.5623413251903491,1.0,10.0,0.1,0.2,4.271986201547394,0.6078701886501011,0.028221039495206858,9.047468342741631,9.191608457961712,8.399217921736982,8.799452207741
9,surprisal_b,1.0,1.0,10.0,0.1,0.2,4.330445653757822,0.5555662827407967,0.025723292327236354,12.902689892654083,5.722995926375269,5.171406673929715,5.3945230439747585
9,surprisal_b,1.7782794100389228,1.0,10.0,0.1,0.2,4.388543758430818,0.5003321712260785,0.02303501936780791,18.65365119401482,3.7249109261399345,3.354267161052664,3.4797761410882333
9,surprisal_b,3.1622776601683795,1.0,10.0,0.1,0.2,4.436778368727516,0.45451447140174045,0.020838723665899565,28.29533417784728,2.566744230312376,2.3301931111102703,2.401857173855754
9,surprisal_b,5.623413251903491,1.0,10.0,0.1,0.2,4.4684795854692005,0.4259308375918365,0.019529299526811882,45.68146428946274,1.8957152153118588,1.7517903129509864,1.7940862877965786
9,surprisal_b,10.0,1.0,10.0,0.1,0.2,4.482509174457677,0.41507063981858033,0.019085925425923363,77.8964486142779,1.5091675704613003,1.424580893078286,1.4503599142211476
9,surprisal_b,17.78279410038923,1.0,10.0,0.1,0.2,4.484339177969435,0.41584084114073616,0.01918727970302671,137.3620487623543,1.288158883949526,1.2395020845020035,1.2553504967203193
9,surprisal_b,31.622776601683793,1.0,10.0,0.1,0.2,4.480782070821562,0.42119842519548106,0.019490922503032197,245.5367675709885,1.1626161972844526,1.1349541718169467,1.1445669611911693
9,surprisal_b,56.23413251903491,1.0,10.0,0.1,0.2,4.476261936672533,0.4268136921535359,0.01979180287633052,439.96941749048597,1.0916194247613051,1.0759839832921263,1.0816915037107988
9,surprisal_b,100.0,1.0,10.0,0.1,0.2,4.472590252385329,0.4311033987603477,0.020017703989817108,787.196781581391,1.051573964812872,1.0427600172531324,1.0460847393442025
10,eig_code,1e-07,1.0,10.0,0.1,0.3,4.697481036158557,0.17748268092742578,0.01038042089832985,17.00759845733504,499.80274485867284,499.57562057086506,499.57342445522187
10,eig_code,2.1544346900318822e-07,1.0,10.0,0.1,0.3,4.697451345994233,0.17749790128565887,0.010381275060002169,7.902393542649138,499.5751621927396,499.08632060971746,499.0815959152358
10,eig_code,4.641588833612782e-07,1.0,10.0,0.1,0.3,4.697387443638015,0.1775306669229746,0.01038311376704335,3.6761425461340225,499.0853431964417,498.03440304491045,498.0242549842603
10,eig_code,1e-06,1.0,10.0,0.1,0.3,4.697250049893331,0.17760114676218616,0.010387068303135493,1.7145138060378589,498.03234416032313,495.778504717762,495.7567844313271
10,eig_code,2.1544346900318822e-06,1.0,10.0,0.1,0.3,4.696955343330038,0.17775247143501274,0.010395556261818444,0.804056538604022,495.77428521296764,490.96613105983687,490.91999241394905
10,eig_code,4.641588833612773e-06,1.0,10.0,0.1,0.3,4.696326438408695,0.1780760781330141,0.010413695272554117,0.38156844888234415,490.95803009626053,480.81606170035826,480.71963005848824
10,eig_code,1e-05,1.0,10.0,0.1,0.3,4.694999344122021,0.178762064897802,0.010452089246940792,0.18570446197630408,480.803065804008,459.920547867552,459.72586288243946
10,eig_code,2.1544346900318823e-05,1.0,10.0,0.1,0.3,4.692268187522561,0.1801879950148025,0.01053163378802496,0.09531990290069192,459.9119321282,419.050577277914,418.6852529151106
10,eig_code,4.641588833612772e-05,1.0,10.0,0.1,0.3,4.686962318531375,0.18302034170853004,0.010688449794894514,0.054575452392782886,419.11015207464493,347.1229023352067,346.5331503505394
10,eig_code,0.0001,1.0,10.0,0.1,0.3,4.677998343795343,0.18805235813286267,0.01096204112152092,0.03859489076527383,347.5178863467202,244.13423288634272,243.42119990159458
10,eig_code,0.00021544346900318823,1.0,10.0,0.1,0.3,4.667360156746191,0.1947428889714687,0.01130845113681321,0.038853099067442054,245.60310823080127,140.64671356784194,140.09824118890793
10,eig_code,0.00046415888336127773,1.0,10.0,0.1,0.3,4.661804799603042,0.19910341822278496,0.011501110367983722,0.05901321021020135,144.16929956043575,73.80681661312242,73.51767710599076
10,eig_code,0.001,1.0,10.0,0.1,0.3,4.6607498232932185,0.2001568082885746,0.011533453045893765,0.10740006975913176,79.33646448990044,40.41973247685414,40.283920848036324
10,eig_code,0.002154434690031882,1.0,10.0,0.1,0.3,4.659729240467534,0.20119114755899553,0.011575905727757185,0.1777934493131928,47.13048638806549,23.514726040868254,23.47227109639961
10,eig_code,0.004641588833612773,1.0,10.0,0.1,0.3,4.658324380292878,0.20291844139115336,0.011634001908686364,0.25262539137082457,30.811510087446266,14.060883914624583,14.081795592729563
10,eig_code,0.01,1.0,10.0,0.1,0.3,4.659060769280618,0.20393878073538854,0.01161523791750372,0.32875700861814466,21.383288969805818,8.393437551023824,8.442260775935457
10,eig_code,0.021544346900318822,1.0,10.0,0.1,0.3,4.665032365919375,0.2019793172761921,0.011400612764322448,0.42474644326622607,15.121117480118576,5.0161992114305844,5.060832695553396
10,eig_code,0.046415888336127725,1.0,10.0,0.1,0.3,4.676349812147109,0.19640949647418485,0.01097436893303109,0.560896231845732,10.726278251016538,3.084529756465411,3.1173577910162074
10,eig_code,0.1,1.0,10.0,0.1,0.3,4.6922423564675295,0.18661465224064158,0.010330826919847803,0.7593105075365756,7.62653561162585,2.037211932428438,2.060345881245606
10,kl,1e-07,1.0,10.0,0.1,0.3,4.651692845274406,0.21555902447639047,0.013371800852552919,4.922147933986314,499.2782902892848,498.3848377210925,498.4311281428343
10,kl,2.1544346900318822e-07,1.0,10.0,0.1,0.3,4.651520035156677,0.21570549253082902,0.013379825958237182,2.2970335142746903,498.44762519260865,496.5324980640951,496.63225214683365
10,kl,4.641588833612782e-07,1.0,10.0,0.1,0.3,4.651151718575409,0.21601799187242315,0.013396906234035968,1.078613353343369,496.6670667101758,492.58580598305065,492.8007949989465
10,kl,1e-06,1.0,10.0,0.1,0.3,4.650376482713878,0.21667720206759153,0.013432747057654562,0.5131804579294585,492.872514508356,484.2822094916883,484.7453781921885
10,kl,2.1544346900318822e-06,1.0,10.0,0.1,0.3,4.648788719454004,0.21803357336021342,0.01350565570239039,0.2509611634434909,484.8854971740825,467.26874522903796,468.26330777923226
10,kl,4.641588833612773e-06,1.0,10.0,0.1,0.3,4.645727061744019,0.22067357303171467,0.013644076007376733,0.129746046689378,468.5061972069427,434.2458281422193,436.3473801336285
10,kl,1e-05,1.0,10.0,0.1,0.3,4.640577775251728,0.22519738169652667,0.013868239894406656,0.07454209481500475,436.6615430609097,376.5235136452972,380.70859572949985
10,kl,2.1544346900318823e-05,1.0,10.0,0.1,0.3,4.6343916092122726,0.2308862312306652,0.014109275922215758,0.051147229239159216,380.84777468783653,292.54537694997356,299.6470018300301
10,kl,4.641588833612772e-05,1.0,10.0,0.1,0.3,4.632683182671402,0.233388500570477,0.01410237590152705,0.04474164135587126,299.3620164415997,199.01850740125118,208.1102886827276
10,kl,0.0001,1.0,10.0,0.1,0.3,4.640528330435575,0.22875762624539567,0.013639374845949147,0.04958914626766378,208.44058154040212,119.90292168317426,128.48955130235993
10,kl,0.00021544346900318823,1.0,10.0,0.1,0.3,4.644315942353634,0.22479467422732186,0.013084977336203387,0.06476630110624094,131.82523362883035,64.53829965603994,70.48630491561237
10,kl,0.00046415888336127773,1.0,10.0,0.1,0.3,4.637005177253009,0.22511660721973042,0.0127077293038682,0.09819190869732615,77.37909505051975,32.450370690149306,35.10101221799737
10,kl,0.001,1.0,10.0,0.1,0.3,4.637842661755719,0.22327583115203378,0.012400268502466446,0.17205454296734102,43.288687178127084,17.338105178336125,18.141851218671306
10,kl,0.002154434690031882,1.0,10.0,0.1,0.3,4.642260140805904,0.22065839735427084,0.012232433207085478,0.2923562147050618,25.633666307220352,10.250598375390455,10.617696740043323
10,kl,0.004641588833612773,1.0,10.0,0.1,0.3,4.645892006237375,0.21934585252572789,0.012098381042509442,0.40999228745554417,17.21320770334222,6.23606632935775,6.483506427512182
10,kl,0.01,1.0,10.0,0.1,0.3,4.655423471070527,0.2149087794953815,0.011714115619510378,0.5383160447760036,12.226034010765074,3.872591735802542,4.052377656196067
10,kl,0.021544346900318822,1.0,10.0,0.1,0.3,4.669959706884473,0.2056092216821749,0.011064768664824386,0.7166302368656151,8.765579563645716,2.5322764435982315,2.6657066886397542
10,kl,0.046415888336127725,1.0,10.0,0.1,0.3,4.687657889045751,0.19161930369303246,0.010221294914816352,0.9754578301190253,6.3057571740531,1.8037326482728868,1.8956992469041307
10,kl,0.1,1.0,10.0,0.1,0.3,4.7049739867232745,0.175829424621392,0.009366564531806773,1.3720632218384323,4.537981007028273,1.4169680531978086,1.474519792038931
10,mi,1e-05,1.0,10.0,0.1,0.3,4.561642547198573,0.29668192750555955,0.016240550446320515,0.04116909753004574,282.5081895512928,155.59183490912463,170.68657753253936
10,mi,1.8957356524063752e-05,1.0,10.0,0.1,0.3,4.573405788205854,0.28649984919720595,0.01559930642212935,0.05211510592013232,193.37600334068216,95.06583531347309,104.70808684035568
10,mi,3.5938136638046256e-05,1.0,10.0,0.1,0.3,4.581437722183537,0.2798235122808519,0.015174750663718997,0.08531526890265487,119.90126211941339,60.40988566012623,65.60640185222489
10,mi,6.812920690579608e-05,1.0,10.0,0.1,0.3,4.584234649382828,0.2768099657916536,0.015023921376675945,0.15189192640715868,74.46817088788171,41.201662783638675,43.97058846618723
10,mi,0.0001291549665014884,1.0,10.0,0.1,0.3,4.587462397578824,0.27283962882353874,0.014869697488461042,0.2553569163704484,49.42594985409995,29.792771207579847,31.33899656147567
10,mi,0.00024484367468222265,1.0,10.0,0.1,0.3,4.59367443408755,0.266041756243505,0.014597801993872912,0.3796058696110537,35.16822575067229,22.16002548703697,23.09723705460718
10,mi,0.0004641588833612782,1.0,10.0,0.1,0.3,4.603402102802333,0.25631558293721485,0.014175069612582912,0.496160298921054,26.195657888928817,16.472562720148357,17.076819726037105
10,mi,0.0008799225435691075,1.0,10.0,0.1,0.3,4.614669947612516,0.24530968008017975,0.013667083379091793,0.6084258106522984,19.784918081888346,12.062355323349683,12.448683628635955
10,mi,0.0016681005372000592,1.0,10.0,0.1,0.3,4.625795666595364,0.23446299830997724,0.0131588724322269,0.7438440912944763,14.824281421438519,8.67032228643052,8.901846050469036
10,mi,0.0031622776601683794,1.0,10.0,0.1,0.3,4.635973945528029,0.22456064539062834,0.012697246385204622,0.9288143027290051,10.93407721912462,6.126254935116582,6.2512468504506655
10,mi,0.005994842503189409,1.0,10.0,0.1,0.3,4.644474585097507,0.21639361562767861,0.01231675966256732,1.1979760919757185,7.933461966181464,4.285597804261961,4.344684768218432
10,mi,0.011364636663857255,1.0,10.0,0.1,0.3,4.650809569180444,0.21057206975995774,0.012043459166914855,1.6119670666568315,5.681242514434938,3.014510288623161,3.039059920348812
10,mi,0.021544346900318846,1.0,10.0,0.1,0.3,4.655153724195982,0.20705982765752406,0.0118747271850825,2.282247929197176,4.047264451547913,2.1836276519691875,2.193033138142101
10,mi,0.04084238652674522,1.0,10.0,0.1,0.3,4.658195604367291,0.2052303059958129,0.011779535782139009,3.418688836696735,2.90759640568903,1.6705910928172283,1.6741708609703154
10,mi,0.07742636826811278,1.0,10.0,0.1,0.3,4.6606596935480376,0.20424755633415467,0.01171850576920057,5.422551716181391,2.147317551336371,1.3696589668905688,1.3711055561336287
10,mi,0.14677992676220705,1.0,10.0,0.1,0.3,4.6628605267724375,0.20353274136046348,0.011668429124639348,9.066868937744044,1.664333628986439,1.2000597609974146,1.2006976738495867
10,mi,0.2782559402207126,1.0,10.0,0.1,0.3,4.664708084170346,0.20291898717595097,0.011626166210101903,15.837251882181816,1.3724691711077346,1.107057587426459,1.1073605458470552
10,mi,0.527499706370262,1.0,10.0,0.1,0.3,4.666063384386622,0.20243690054091473,0.011594651163318594,28.565846984541714,1.2038868698164429,1.0569173094656013,1.057068212092271
10,mi,1.0,1.0,10.0,0.1,0.3,4.666942664927724,0.2021070976915027,0.011573919771949201,52.624111469153966,1.1098601873936056,1.0301507136317896,1.0302279229932993
10,surprisal,0.0031622776601683794,1.0,10.0,0.1,0.3,4.860475681184951,0.013747137517043245,0.0006273716658841796,-0.027157024701432105,234.32209743737894,224.72273851366333,244.76090718504213
10,surprisal,0.005623413251903491,1.0,10.0,0.1,0.3,4.815556460723191,0.04579257688904235,0.002023083705675566,-0.06176343948464693,166.6695222707854,161.888719196628,169.85419483424874
10,surprisal,0.01,1.0,10.0,0.1,0.3,4.813925058455371,0.05102365216840008,0.001623780039579801,-0.07132329270122192,103.13984534254244,96.26098105749668,108.79783868772797
10,surprisal,0.01778279410038923,1.0,10.0,0.1,0.3,4.845391845071845,0.015131163460852613,0.0006692614823517168,-0.07295959943011207,54.01458416889306,52.90992175288765,59.64942637283071
10,surprisal,0.03162277660168379,1.0,10.0,0.1,0.3,4.828729652730008,0.0813655040779429,0.004311057782952809,-0.4037214022402708,26.166242730011827,24.625687332854866,26.19076474113304
10,surprisal,0.05623413251903491,1.0,10.0,0.1,0.3,4.996162385146294,0.010426372879754385,0.00042487849074219504,-0.3330055523050787,11.658059845232073,11.989061162926687,12.074546925846798
10,surprisal,0.1,1.0,10.0,0.1,0.3,4.83588304970234,0.21185341683510486,0.0125600347750094,4.310982249982016,6.800514796742239,6.264831612084168,6.717659341849102
10,surprisal,0.1778279410038923,1.0,10.0,0.1,0.3,4.66048656053318,0.4190710063549322,0.021194189357933293,7.06017363103332,4.48938966432102,3.8633130502116413,4.213809574882585
10,surprisal,0.31622776601683794,1.0,10.0,0.1,0.3,4.474957535113274,0.49015371436242877,0.023413828882420582,8.421492042030154,3.207283931023467,2.5404212666512467,2.8405882109131255
10,surprisal,0.5623413251903491,1.0,10.0,0.1,0.3,4.448793446258298,0.43827392222305966,0.019873127218468362,10.19770710247822,2.375131340013404,1.6988420449966606,1.9419290530917126
10,surprisal,1.0,1.0,10.0,0.1,0.3,4.462762174299106,0.40057616374443256,0.018354902895278812,15.158199470474285,1.844149286415606,1.407880016507644,1.5281870358817102
10,surprisal,1.7782794100389228,1.0,10.0,0.1,0.3,4.443830826312318,0.4193783199292935,0.018468310732065746,25.103886686213798,1.5370951910925503,1.2744903080188936,1.3526831632781084
10,surprisal,3.1622776601683795,1.0,10.0,0.1,0.3,4.431068496361862,0.4293186247796331,0.018421059810535437,42.00699884143969,1.3336494205728329,1.1772647190048164,1.2261969912436386
10,surprisal,5.623413251903491,1.0,10.0,0.1,0.3,4.426167000423369,0.4325955016418513,0.0181020172732344,71.05300013014921,1.2012800415709575,1.1102730624936505,1.139927876620101
10,surprisal,10.0,1.0,10.0,0.1,0.3,4.427444798425949,0.43054496598640546,0.017644057936556816,121.4575525680868,1.1186019270012886,1.0664683234302519,1.0839754033565323
10,surprisal,17.78279410038923,1.0,10.0,0.1,0.3,4.431815819440164,0.42593924076861156,0.017195105118639396,209.832347277882,1.0686876310203866,1.0391021850107844,1.049237258724921
10,surprisal,31.622776601683793,1.0,10.0,0.1,0.3,4.436582702638855,0.42118775784357665,0.01683895788783506,365.90249555771953,1.0393196659396784,1.0226118588937083,1.028404684268492
10,surprisal,56.23413251903491,1.0,10.0,0.1,0.3,4.440399437353668,0.41745642667015204,0.016591887891297702,642.6201141079343,1.0223436253322726,1.012929807809341,1.0162162518100153
10,surprisal,100.0,1.0,10.0,0.1,0.3,4.443016979678969,0.41491936945092855,0.01643444440512713,1134.1449353938608,1.0126408507585316,1.0073422085363062,1.0091991569997223
10,surprisal_b,0.0031622776601683794,1.0,10.0,0.1,0.3,4.682617475176581,0.1961054389058384,0.009954183350390325,0.8211163496293548,415.990472374748,414.63880102705866,416.4038594769297
10,surprisal_b,0.005623413251903491,1.0,10.0,0.1,0.3,4.682205332904889,0.19609726978288824,0.009944096568904996,0.5576286980345441,363.921020135535,361.939496130642,364.58734847594474
10,surprisal_b,0.01,1.0,10.0,0.1,0.3,4.680964609772856,0.1965994768977449,0.00995282421654446,0.4326736980617678,292.46579333625806,289.91008520314864,293.4453855852754
10,surprisal_b,0.01778279410038923,1.0,10.0,0.1,0.3,4.676868754025875,0.19936131739973437,0.010062753069125841,0.4140578301852265,209.38511508412455,206.6410838579609,210.5928072025346
10,surprisal_b,0.03162277660168379,1.0,10.0,0.1,0.3,4.66280472621181,0.21083661749108384,0.010579508044881288,0.5336051954811344,132.51859824399799,130.13381165902953,133.60381207866837
10,surprisal_b,0.05623413251903491,1.0,10.0,0.1,0.3,4.617702160861759,0.2505838192389928,0.01240109523504322,0.9739487046255171,77.14150223947111,75.36849255707911,77.70157903373554
10,surprisal_b,0.1,1.0,10.0,0.1,0.3,4.501698943184455,0.3559982742577297,0.017140972042520197,2.3415005136604163,43.81889519493609,42.548397695104086,43.83311874575034
10,surprisal_b,0.1778279410038923,1.0,10.0,0.1,0.3,4.322198835313758,0.5223337154884048,0.02451681492873743,5.742206802195766,25.06321333242347,24.131616989414283,24.795811525158324
10,surprisal_b,0.31622776601683794,1.0,10.0,0.1,0.3,4.246139025375665,0.6020100775413084,0.02817238575036614,10.622276362145131,14.612017491647997,13.926131846944273,14.285197851694795
10,surprisal_b,0.5623413251903491,1.0,10.0,0.1,0.3,4.274382794293212,0.5840605487298164,0.027158622656583125,15.698696736419048,8.756648960912392,8.263418805658683,8.475074273896569
10,surprisal_b,1.0,1.0,10.0,0.1,0.3,4.3065717194663,0.5559920876928847,0.02551301650986112,22.39616069232293,5.438476812861688,5.095516719524677,5.22912131518756
10,surprisal_b,1.7782794100389228,1.0,10.0,0.1,0.3,4.328453487339671,0.5339787572459772,0.024205470207555882,32.85909653572605,3.5431336214215925,3.312276642000968,3.3991359263058514
10,surprisal_b,3.1622776601683795,1.0,10.0,0.1,0.3,4.34977410402224,0.5102703865767599,0.02281139431347596,49.71922891403485,2.4565296442477496,2.3066831873352567,2.361837329155566
10,surprisal_b,5.623413251903491,1.0,10.0,0.1,0.3,4.374451103537051,0.48306341679971404,0.021205921014011843,77.49926938845952,1.8323561824042771,1.7391506560732009,1.7722227661694616
10,surprisal_b,10.0,1.0,10.0,0.1,0.3,4.398466450643022,0.4574163898911167,0.019653295718111034,124.5524044275538,1.4739872967142045,1.418212915166955,1.437187484320546
10,surprisal_b,17.78279410038923,1.0,10.0,0.1,0.3,4.419391512269463,0.43581288782609395,0.01832520640458643,205.44481507056935,1.2689098311193188,1.236450490284412,1.247124454772509
10,surprisal_b,31.622776601683793,1.0,10.0,0.1,0.3,4.436452209855942,0.41868837478667553,0.01728680393808329,345.8916099633499,1.1520920498976117,1.1335219402477352,1.1394869929431337
10,surprisal_b,56.23413251903491,1.0,10.0,0.1,0.3,4.449117109066847,0.40619948689159296,0.01654973016336304,592.2305897456065,1.0858314689580773,1.0753048331346065,1.0786347257272102
10,surprisal_b,100.0,1.0,10.0,0.1,0.3,4.457667182034507,0.3978493097948537,0.01606892995061738,1027.5243556600867,1.0483682903625668,1.0424275012689213,1.0442886431269818
11,eig_code,1e-07,1.0,10.0,0.1,0.5,4.684961965441273,0.18883790239028087,0.010982068091911434,12.27259441513277,499.70228791289696,499.37637989046834,499.37813212694596
11,eig_code,2.1544346900318822e-07,1.0,10.0,0.1,0.5,4.6849239301868995,0.1888560124765623,0.010983055921098536,5.7050358460291335,499.3589073416306,498.6577822946661,498.6615503853249
11,eig_code,4.641588833612782e-07,1.0,10.0,0.1,0.5,4.684842100582842,0.1888949884381757,0.0109851815654757,2.6566618619348774,498.6202384453204,497.11444345644895,497.1225292332285
11,eig_code,1e-06,1.0,10.0,0.1,0.5,4.684666339932241,0.18897876596061072,0.010989749133448306,1.2417679759035836,497.0340182295401,493.8117221803316,493.82899350346685
11,eig_code,2.1544346900318822e-06,1.0,10.0,0.1,0.5,4.684290160249198,0.18915835948471116,0.010999533945651202,0.5851102798947901,493.6405707608005,486.7984510606484,486.83498045671246
11,eig_code,4.641588833612773e-06,1.0,10.0,0.1,0.5,4.683491210754434,0.18954110269296973,0.011020356149001424,0.28048620814877406,486.439375060475,472.1507196953603,472.2263665250667
11,eig_code,1e-05,1.0,10.0,0.1,0.5,4.681822992653613,0.19034627869851684,0.011064017755835527,0.13946500728669903,471.4202080086955,442.61724055969876,442.7670364248804
11,eig_code,2.1544346900318823e-05,1.0,10.0,0.1,0.5,4.678471214664244,0.19199089377664302,0.01115255240954437,0.07484785716451996,441.227178758404,387.3043372004774,387.57460751488026
11,eig_code,4.641588833612772e-05,1.0,10.0,0.1,0.5,4.672321697295442,0.19512173317359832,0.011318251350151857,0.04682943619062491,385.0216101031256,298.04922343474726,298.4546663383362
11,eig_code,0.0001,1.0,10.0,0.1,0.5,4.6633301514500936,0.20010297383548534,0.011570691097265998,0.03881773514899405,295.3901331613392,188.87125346531505,189.31084637811557
11,eig_code,0.00021544346900318823,1.0,10.0,0.1,0.5,4.655889105583949,0.20507611453590469,0.011791955503253255,0.04851549960456082,187.9270824625726,101.16608184183474,101.4827774129476
11,eig_code,0.00046415888336127773,1.0,10.0,0.1,0.5,4.653789078182431,0.20702277884066833,0.011848124604190198,0.0845388683220079,103.69420935634771,53.35073431186074,53.538110725645076
11,eig_code,0.001,1.0,10.0,0.1,0.5,4.6529357372048175,0.20790255524903944,0.011881099285785327,0.14925057585643867,58.42340757898349,29.769517354041444,29.890185613332207
11,eig_code,0.002154434690031882,1.0,10.0,0.1,0.5,4.651920762774377,0.20908543911202426,0.011917968933244517,0.22762518741359322,36.14469998679434,17.24101206879489,17.328531847796867
11,eig_code,0.004641588833612773,1.0,10.0,0.1,0.5,4.651833543572097,0.21020943102151682,0.011905012020160265,0.30698359268264774,24.12775588421996,9.98865780712761,10.057886727947926
11,eig_code,0.01,1.0,10.0,0.1,0.5,4.655759280900784,0.20918578876403474,0.01171701207534246,0.40148674771563286,16.648936145350078,5.75572493542406,5.813840046079524
11,eig_code,0.021544346900318822,1.0,10.0,0.1,0.5,4.665812469569076,0.20346727205533247,0.011249857351140617,0.5350311077677485,11.577156012907793,3.405465050239575,3.4509835087241085
11,eig_code,0.046415888336127725,1.0,10.0,0.1,0.5,4.681959967076461,0.1915365238906626,0.010476205972023844,0.7289756506173792,8.094724655091415,2.1741335395048083,2.2042071883554546
11,eig_code,0.1,1.0,10.0,0.1,0.5,4.702479511844841,0.1736523441823701,0.009464671043853835,1.0100251457321554,5.714612035656778,1.5597623924545772,1.576593626919534
11,kl,1e-07,1.0,10.0,0.1,0.5,4.678482707970195,0.1982344815883853,0.01178287486016859,5.678327501054834,499.3594937309635,498.5801532125609,498.6862649453358
11,kl,2.1544346900318822e-07,1.0,10.0,0.1,0.5,4.678298824350474,0.19833985892373798,0.011787495293396408,2.647116150915503,498.62192270829064,496.94978979607185,497.1773482787307
11,kl,4.641588833612782e-07,1.0,10.0,0.1,0.5,4.6779052922219915,0.19856543919857556,0.011797376579989378,1.2402005230071358,497.03958575853545,493.4688503238696,493.95427526042295
11,kl,1e-06,1.0,10.0,0.1,0.5,4.677069555346886,0.19904478029184147,0.011818329709994262,0.5872717578885156,493.66141821057937,486.1131364967636,487.1369954112379
11,kl,2.1544346900318822e-06,1.0,10.0,0.1,0.5,4.675324040505558,0.20004721516056767,0.01186195262831729,0.2844327750073975,486.5239444256086,470.9059776598452,473.0145309199119
11,kl,4.641588833612773e-06,1.0,10.0,0.1,0.5,4.671807560009575,0.20207252081380975,0.01194925174924873,0.14435120227631842,471.77283427398044,440.86667235697564,445.0000278036908
11,kl,1e-05,1.0,10.0,0.1,0.5,4.665256824937298,0.20587099145742294,0.012109751241075198,0.08037975802306488,442.6557341443053,386.6985204269231,394.05026728233605
11,kl,2.1544346900318823e-05,1.0,10.0,0.1,0.5,4.654947554363925,0.21195415557124547,0.012356801543053521,0.05295298619161844,390.23505151059607,304.1368508399396,315.11858239424527
11,kl,4.641588833612772e-05,1.0,10.0,0.1,0.5,4.643440230039229,0.21910614838360054,0.012629248023781592,0.044965929571611406,310.5810200988206,207.41482810063238,219.9929503002139
11,kl,0.0001,1.0,10.0,0.1,0.5,4.635842361749729,0.22469666826090015,0.012844243141419007,0.05017425351990445,217.47899052734851,123.815192938569,134.18165354231132
11,kl,0.00021544346900318823,1.0,10.0,0.1,0.5,4.630776541997426,0.22973674183104031,0.013081986048867763,0.06784200261960438,135.99214841143137,66.7374352940349,72.48787610661954
11,kl,0.00046415888336127773,1.0,10.0,0.1,0.5,4.629406545049891,0.23155577788535617,0.013130781759769476,0.1053394120116221,77.87899850249303,34.087719424739085,35.94930197347162
11,kl,0.001,1.0,10.0,0.1,0.5,4.640864779565476,0.22081263643038754,0.01251034781366259,0.1795587098625497,42.902604220252734,18.132823660765958,18.453123756367294
11,kl,0.002154434690031882,1.0,10.0,0.1,0.5,4.650762186831139,0.21142944725366497,0.011917665496180023,0.2916661971779333,25.40638282196473,10.371330344554606,10.474490619489575
11,kl,0.004641588833612773,1.0,10.0,0.1,0.5,4.653504473579373,0.20999866646561177,0.011704198767592813,0.4060781828247306,16.950268541913463,6.070179913359382,6.184017456564576
11,kl,0.01,1.0,10.0,0.1,0.5,4.6623102651022466,0.2046216972970662,0.01125083936616741,0.5382343563217272,11.89243068235817,3.6721434753538564,3.7712252982032357
11,kl,0.021544346900318822,1.0,10.0,0.1,0.5,4.679063049984519,0.19159521949528965,0.0104234158554792,0.7190562799608,8.459237553386886,2.393873297138476,2.4583036526386723
11,kl,0.046415888336127725,1.0,10.0,0.1,0.5,4.701149982517073,0.17204401414764395,0.009358710763372448,0.9664121804547572,6.100134825192183,1.7308876680215937,1.7643173513695327
11,kl,0.1,1.0,10.0,0.1,0.5,4.723085222369106,0.15086740287009404,0.008309034102465888,1.3119658456750152,4.4643523093765305,1.385717984324564,1.4007384427770508
11,mi,1e-05,1.0,10.0,0.1,0.5,4.654785962235632,0.20926523015728157,0.012120404712282101,0.05246769120574532,346.4511771228676,265.4423378054598,266.9540165214361
11,mi,1.8957356524063752e-05,1.0,10.0,0.1,0.5,4.649626387511027,0.212165320485674,0.012260658747263892,0.049681986298587694,262.47746409366647,176.30040023026615,177.74179399969796
11,mi,3.5938136638046256e-05,1.0,10.0,0.1,0.5,4.64658902835551,0.21411634344034733,0.01233258159748382,0.0642504103369951,173.75978492815798,106.69511416672152,107.64976161575697
11,mi,6.812920690579608e-05,1.0,10.0,0.1,0.5,4.647156966026362,0.21351386971850486,0.012265108976294292,0.10672351020834042,105.42509456581655,65.004654363446,65.47605004439869
11,mi,0.0001291549665014884,1.0,10.0,0.1,0.5,4.6499232816730345,0.21079420098675256,0.012099886688263761,0.18662366799561428,64.88578768175368,41.898979417302755,42.09371917339671
11,mi,0.00024484367468222265,1.0,10.0,0.1,0.5,4.65438962531254,0.20659254754994316,0.011856725709876316,0.30165765408737377,42.48919482882341,28.400019511160554,28.457338023706367
11,mi,0.0004641588833612782,1.0,10.0,0.1,0.5,4.659288031602131,0.2022194737061454,0.01160208797093396,0.43126274427039657,29.438468008566755,19.670588631126282,19.665321454982287
11,mi,0.0008799225435691075,1.0,10.0,0.1,0.5,4.661981221562069,0.1997103608584953,0.011437860400754271,0.5605461634873173,21.00846635148095,13.510422997969298,13.481184544510526
11,mi,0.0016681005372000592,1.0,10.0,0.1,0.5,4.662063605561878,0.19929256506301152,0.011361390687308924,0.7125691369819328,15.019535855428224,9.086534605309039,9.054149692121305
11,mi,0.0031622776601683794,1.0,10.0,0.1,0.5,4.661065565386229,0.19991272746221192,0.011309924338479493,0.9257066430737393,10.630426632914686,6.013458436764409,5.98946381087098
11,mi,0.005994842503189409,1.0,10.0,0.1,0.5,4.660478537761451,0.2004337882272919,0.01122730469206276,1.2430551477593483,7.4624648114813965,3.9818465464859525,3.968913950857887
11,mi,0.011364636663857255,1.0,10.0,0.1,0.5,4.661675750489147,0.19966413921653176,0.011061327337512236,1.7302082353380546,5.23403431819629,2.7086224662502296,2.7037035098716973
11,mi,0.021544346900318846,1.0,10.0,0.1,0.5,4.665518752332411,0.19674630179672045,0.010786947390934264,2.5013615699792497,3.7048247683465267,1.9503246096984226,1.9492343408736181
11,mi,0.04084238652674522,1.0,10.0,0.1,0.5,4.671694508886317,0.1917689381780842,0.010431899632298557,3.769589452010072,2.679316248570613,1.5175118020203622,1.5176125682648163
11,mi,0.07742636826811278,1.0,10.0,0.1,0.5,4.67872531563632,0.18586214422689784,0.010065275202752756,5.950192829534734,2.009130559525429,1.2780117074027049,1.2782935714590167
11,mi,0.14677992676220705,1.0,10.0,0.1,0.5,4.684976284341324,0.18044450634587217,0.00975431982544585,9.85878013448999,1.585854485788684,1.1481397653715386,1.148355689324357
11,mi,0.2782559402207126,1.0,10.0,0.1,0.5,4.68959342047422,0.17635758207127392,0.009530003129216178,17.075398246937684,1.3295554744656302,1.0785725872730851,1.0787051001501977
11,mi,0.527499706370262,1.0,10.0,0.1,0.5,4.692579440731709,0.17368006695381394,0.009386701911643095,30.6157588624069,1.1808746831918393,1.0415686149290295,1.0416435826219952
11,mi,1.0,1.0,10.0,0.1,0.5,4.6943487183143535,0.17208178457673076,0.009302344431604074,56.195734949839114,1.0976296036218816,1.021961604574758,1.0220025321210822
11,surprisal,0.0031622776601683794,1.0,10.0,0.1,0.5,4.869295245872332,0.005573206716792577,0.00013425486134864973,0.05446661595554041,334.49300994230975,329.90973489389427,332.2906416752264
11,surprisal,0.005623413251903491,1.0,10.0,0.1,0.5,4.84982623725367,0.011291527371669035,0.00026381606394998815,0.06859520832290864,258.9987733439857,253.20859569730655,257.24512635234066
11,surprisal,0.01,1.0,10.0,0.1,0.5,4.844752801436373,0.020235401053757283,0.00042497414284823406,0.09568017585260315,178.7968938489913,172.944714432276,178.1132808057425
11,surprisal,0.01778279410038923,1.0,10.0,0.1,0.5,4.87499581248578,0.013729005902689701,4.0191970374174225e-05,0.03596558893669864,107.94882665264186,105.53996616072529,110.08245293156898
11,surprisal,0.03162277660168379,1.0,10.0,0.1,0.5,4.910254545897983,0.014123586362040398,5.177833435220152e-06,0.021901077782657166,60.66145718375977,59.90263266757615,62.50878745262934
11,surprisal,0.05623413251903491,1.0,10.0,0.1,0.5,4.923514967513865,0.004122151644257211,0.00010961586698820946,-0.19902165729692006,32.98008510493351,33.32726208732075,34.31103040080299
11,surprisal,0.1,1.0,10.0,0.1,0.5,4.909838950512065,0.0012617184918147437,0.0007366788173809108,-0.9031440051012183,18.076921663598338,18.822334695017553,19.065148091952253
11,surprisal,0.1778279410038923,1.0,10.0,0.1,0.5,4.903693658413889,0.0006014863910814736,0.00046097232448852007,-1.2807915383874964,10.460124266252103,10.983148724745822,11.03205408485428
11,surprisal,0.31622776601683794,1.0,10.0,0.1,0.5,4.894998835008959,0.006418596952050437,4.559301158405774e-05,0.7540179013792263,6.413596933409699,6.667977701055602,6.700538265259316
11,surprisal,0.5623413251903491,1.0,10.0,0.1,0.5,4.87587377139252,0.017794895185432532,0.0006010885376139131,4.251218061235165,4.088952733576212,4.246642111337238,4.275162502983326
11,surprisal,1.0,1.0,10.0,0.1,0.5,4.8069987801631795,0.08235824756254867,0.006611500351459593,30.286271220463313,2.84158708061001,2.875537398727548,2.8901382969011222
11,surprisal,1.7782794100389228,1.0,10.0,0.1,0.5,4.71248754141919,0.1651364846892127,0.01754335280946222,88.77230635289321,2.111128216529917,2.0921070834817086,2.093159353953411
11,surprisal,3.1622776601683795,1.0,10.0,0.1,0.5,4.7101768532424,0.15832833717513656,0.015612811705844058,112.2252683481732,1.6682648093191668,1.6391274927529071,1.6324031570448387
11,surprisal,5.623413251903491,1.0,10.0,0.1,0.5,4.75751117559805,0.10787977759018566,0.010424809942254748,122.14654182269855,1.3980956593016582,1.373957077583445,1.3651098613294492
11,surprisal,10.0,1.0,10.0,0.1,0.5,4.798860378327664,0.06606485661729883,0.006913591293506376,143.53146291796068,1.2340500175074183,1.217630086015373,1.209888327001058
11,surprisal,17.78279410038923,1.0,10.0,0.1,0.5,4.825772543787259,0.04013470448642177,0.004822760063760781,185.75926172145182,1.1357903383227816,1.1256332735064138,1.11999866055651
11,surprisal,31.622776601683793,1.0,10.0,0.1,0.5,4.842019266806234,0.02562749561246101,0.00360944967013663,261.9909207054976,1.0779290962759838,1.0719429470984052,1.0682491661808782
11,surprisal,56.23413251903491,1.0,10.0,0.1,0.5,4.851572327124599,0.0178660967207784,0.0029169676547843902,397.1349271528194,1.0443759860328157,1.0409315230482408,1.0386576571505322
11,surprisal,100.0,1.0,10.0,0.1,0.5,4.857110780290824,0.013756367542048118,0.0025259998116563516,636.6780775680038,1.0251414032664157,1.023182202017728,1.0218344010382518
11,surprisal_b,0.0031622776601683794,1.0,10.0,0.1,0.5,4.816507216525375,0.04750000845033492,0.001911577880120819,0.6675574250016029,414.7573316053415,412.42750798783146,413.8499665756655
11,surprisal_b,0.005623413251903491,1.0,10.0,0.1,0.5,4.810387100397253,0.05230806732400734,0.002085626161865402,0.4774666845693473,362.1311451683143,358.64787482552896,360.84704553181126
11,surprisal_b,0.01,1.0,10.0,0.1,0.5,4.800324861548757,0.061071694741795614,0.0024063883716597717,0.40230306362086077,290.1948490502444,285.5913249202114,288.6390410419187
11,surprisal_b,0.01778279410038923,1.0,10.0,0.1,0.5,4.78423556789498,0.07693399990844693,0.0030024126982845702,0.43409980544670507,207.00571897354396,201.99987988353982,205.5036075930001
11,surprisal_b,0.03162277660168379,1.0,10.0,0.1,0.5,4.758417415127862,0.104647558309101,0.004109464444594264,0.6523319214291285,130.50615025267967,126.37879251823364,129.3919408193063
11,surprisal_b,0.05623413251903491,1.0,10.0,0.1,0.5,4.715596680605534,0.1505526449604161,0.0061803846592674684,1.420581516100818,75.65891305569163,73.1818571435141,74.97659401964147
11,surprisal_b,0.1,1.0,10.0,0.1,0.5,4.642084626277697,0.2277094967718098,0.01020411376752016,4.208479685005115,42.73416564053435,41.58533268067828,42.34948511100676
11,surprisal_b,0.1778279410038923,1.0,10.0,0.1,0.5,4.55930586717281,0.31825639969386926,0.015520577737351389,12.07237222101822,24.25152523198196,23.786265782508565,24.037542303772668
11,surprisal_b,0.31622776601683794,1.0,10.0,0.1,0.5,4.605870385279758,0.28705084011320214,0.01580260663608843,21.033135539482654,14.013770446599539,13.81660508090547,13.889190115813202
11,surprisal_b,0.5623413251903491,1.0,10.0,0.1,0.5,4.632946107549177,0.2710030515554994,0.017100348434646098,33.551077387302904,8.332463580974068,8.223143473590675,8.255462286174103
11,surprisal_b,1.0,1.0,10.0,0.1,0.5,4.594117656187855,0.30456942443790874,0.021024304782415227,56.68653725867314,5.154269793112054,5.078015847422742,5.100633370901883
11,surprisal_b,1.7782794100389228,1.0,10.0,0.1,0.5,4.557782344886949,0.32371414930886455,0.022951009121300422,87.45993967503846,3.365705593239005,3.308136291392156,3.32121001107089
11,surprisal_b,3.1622776601683795,1.0,10.0,0.1,0.5,4.582166942996813,0.28695706996261827,0.020414211761429282,118.27276187434252,2.352972844087545,2.310445066942297,2.3143559337052264
11,surprisal_b,5.623413251903491,1.0,10.0,0.1,0.5,4.658418314449125,0.20701527890897936,0.015375591663994145,148.53109141364925,1.7749805507792724,1.746012443582653,1.74411432458827
11,surprisal_b,10.0,1.0,10.0,0.1,0.5,4.738010976786574,0.12694277785293792,0.010469798114612005,183.85234969209083,1.443224726570742,1.4251411192218715,1.4210519980995828
11,surprisal_b,17.78279410038923,1.0,10.0,0.1,0.5,4.794146261941993,0.07143140593478518,0.006908845436358493,233.63332090158391,1.2526037520664066,1.2420074224001898,1.2380050046682616
11,surprisal_b,31.622776601683793,1.0,10.0,0.1,0.5,4.82711963955852,0.040070308733610206,0.0047080995578138414,313.5710732971138,1.1434020148803972,1.1374018373442385,1.1343552668850156
11,surprisal_b,56.23413251903491,1.0,10.0,0.1,0.5,4.845211640536269,0.02403440622964505,0.003453623942485859,450.31621376771847,1.0811400819462886,1.0777861882010098,1.075748176067399
11,surprisal_b,100.0,1.0,10.0,0.1,0.5,4.855027720183941,0.016071059543531725,0.0027609593494729557,690.2227965659482,1.045802065636243,1.0439313054026083,1.0426647561031457
12,eig_code,1e-07,1.0,10.0,1.0,0.1,4.9747745280660425,0.013762336816703191,8.523878839753276e-05,-0.5252046562546948,499.6961838607793,499.29985037160054,499.098307398923
12,eig_code,2.1544346900318822e-07,1.0,10.0,1.0,0.1,4.972552759676356,0.013060355887395368,7.339203207055604e-05,-0.23098216356836918,499.34595972962194,498.5080723266639,498.07280706145565
12,eig_code,4.641588833612782e-07,1.0,10.0,1.0,0.1,4.967960055528832,0.011675804581674566,5.192424694511114e-05,-0.09412939743084482,498.5932803948667,496.8577142951464,495.91699148592494
12,eig_code,1e-06,1.0,10.0,1.0,0.1,4.958977368445472,0.009207101410743764,2.10288937572572e-05,-0.030228470304624718,496.98022460512703,493.52429584898005,491.4993637403939
12,eig_code,2.1544346900318822e-06,1.0,10.0,1.0,0.1,4.9435633238316505,0.005625105409134368,1.7033740450046954e-08,-0.0004635196928282096,493.54396296028636,487.11449239931085,482.8601616331039
12,eig_code,4.641588833612773e-06,1.0,10.0,1.0,0.1,4.923339383670546,0.002050681844961821,3.567491241387354e-05,0.012466139880257193,486.3150413743749,475.4490067608679,467.16080489604025
12,eig_code,1e-05,1.0,10.0,1.0,0.1,4.905406329472434,0.00013536740483725222,0.00015390482508727,0.016878856306387052,471.490540037179,455.01629111284524,441.1281385790387
12,eig_code,2.1544346900318823e-05,1.0,10.0,1.0,0.1,4.893731489515096,0.00043644481084563654,0.0003186738606855203,0.017982481184098495,442.5507319969663,420.4968014888107,401.54243424583234
12,eig_code,4.641588833612772e-05,1.0,10.0,1.0,0.1,4.885328956332616,0.002181155802216856,0.0004540225497561136,0.018476491488949864,390.83755432292963,366.366051817254,345.3094280507458
12,eig_code,0.0001,1.0,10.0,1.0,0.1,4.877377237570327,0.003493352745471943,0.00046433397139935824,0.019008243416600897,311.1682100218454,290.7588633283998,271.0373383295383
12,eig_code,0.00021544346900318823,1.0,10.0,1.0,0.1,4.870182850510218,0.003683379273683855,0.0003960623550240968,0.02134462918112337,213.76047291629732,201.02027317474108,185.14867468534018
12,eig_code,0.00046415888336127773,1.0,10.0,1.0,0.1,4.8578118694477315,0.009296878215945485,0.0008429990071560899,0.04487597937847854,126.63925014040535,117.72246995629017,107.21112596742363
12,eig_code,0.001,1.0,10.0,1.0,0.1,4.812949825192572,0.04880681571986711,0.003690353402332883,0.1381811159510311,70.94539448762875,61.21569493092761,56.008956682320765
12,eig_code,0.002154434690031882,1.0,10.0,1.0,0.1,4.736533304905203,0.12559472796078786,0.008148292724536503,0.25904405318474183,42.46424712755878,31.642983201138872,29.68075108330825
12,eig_code,0.004641588833612773,1.0,10.0,1.0,0.1,4.6883012333807255,0.17863776926282215,0.01066725798205706,0.3401153957302481,28.096121684718156,17.273073813995875,16.620249364106787
12,eig_code,0.01,1.0,10.0,1.0,0.1,4.678018329415156,0.19626966373406113,0.01133245994678374,0.39794358615637465,19.939326767692044,9.905344960449256,9.622453694312686
12,eig_code,0.021544346900318822,1.0,10.0,1.0,0.1,4.686770186857505,0.19559236812696776,0.011140127284602683,0.4646263688626948,14.633735844289768,5.880034013249751,5.703355464049902
12,eig_code,0.046415888336127725,1.0,10.0,1.0,0.1,4.700804734648959,0.1887045198777233,0.010655917446541692,0.561470883230319,10.897034610023917,3.6350530350749413,3.525815704626037
12,eig_code,0.1,1.0,10.0,1.0,0.1,4.71500426436198,0.17929768972716703,0.010052141005614358,0.709425603240484,8.117121387821479,2.395083994990728,2.3317999714166864
12,kl,1e-07,1.0,10.0,1.0,0.1,4.85955686591312,0.0678808231517317,0.0044823326882140555,0.6825534442995731,498.0755630200067,494.11160326895833,495.2360308653585
12,kl,2.1544346900318822e-07,1.0,10.0,1.0,0.1,4.863881529871911,0.057133670870820864,0.003905297937121683,0.3290072814414805,495.9341402773766,488.76489153490866,490.0632781306931
12,kl,4.641588833612782e-07,1.0,10.0,1.0,0.1,4.86461130058513,0.04736917957789374,0.003360212168347675,0.16673822948066663,491.5762792074126,479.61458489869796,479.92759325425635
12,kl,1e-06,1.0,10.0,1.0,0.1,4.858523561451081,0.04352298821649375,0.0031316285684778685,0.09426406760802909,483.1231449098015,464.49395779081914,461.6072665906642
12,kl,2.1544346900318822e-06,1.0,10.0,1.0,0.1,4.846044126713881,0.04719585218494549,0.003352422185960865,0.062176100693004555,467.71896500457615,440.3057698990779,431.9896572608736
12,kl,4.641588833612773e-06,1.0,10.0,1.0,0.1,4.827717553098122,0.05933520244118196,0.004078169104584964,0.048208129051851546,441.1777014586521,402.8568267463739,389.2015583542379
12,kl,1e-05,1.0,10.0,1.0,0.1,4.803591473681735,0.08036523141055067,0.005282451035551113,0.04293571719211232,397.96132605773954,347.91233630459556,332.3761813124973
12,kl,2.1544346900318823e-05,1.0,10.0,1.0,0.1,4.774323141520591,0.10890136226309056,0.006868143101974001,0.042903375964966135,334.3782294684501,274.9205201191887,262.5565116307954
12,kl,4.641588833612772e-05,1.0,10.0,1.0,0.1,4.743070829875682,0.13890962707518995,0.008531049277823374,0.04724372943113272,254.57085950926648,191.87372691145947,185.63151398624294
12,kl,0.0001,1.0,10.0,1.0,0.1,4.713672055734842,0.1633001887824108,0.009838858182262471,0.057382339177657816,173.12133182816396,115.1829259662603,113.94124218352921
12,kl,0.00021544346900318823,1.0,10.0,1.0,0.1,4.684811160880219,0.18409841415188158,0.010822476005706346,0.07952291448097629,106.24204183873644,60.191281669503816,60.913517660431246
12,kl,0.00046415888336127773,1.0,10.0,1.0,0.1,4.655221705975432,0.20657008510773722,0.011796814564253777,0.1284258798519884,60.262651030594235,29.412013119664707,29.99957234572297
12,kl,0.001,1.0,10.0,1.0,0.1,4.6363340221986125,0.22623818867629492,0.012683147309931062,0.22195433964750888,33.998757870293694,14.87316828628646,15.145112662398597
12,kl,0.002154434690031882,1.0,10.0,1.0,0.1,4.6439354848812755,0.22881950903436027,0.012786427792146905,0.329708179246692,21.710887813214867,8.35953346332641,8.595228907576047
12,kl,0.004641588833612773,1.0,10.0,1.0,0.1,4.661133049083256,0.22045138448932775,0.012228354967384975,0.4211109597903374,15.608014911466492,5.148284561821078,5.309365545357003
12,kl,0.01,1.0,10.0,1.0,0.1,4.677538302072669,0.21078766877258995,0.011539500867377745,0.5341664203837254,11.563040553182532,3.338574540009397,3.468082508461738
12,kl,0.021544346900318822,1.0,10.0,1.0,0.1,4.691558398614982,0.20070719199341208,0.010837314432290917,0.7034485496636433,8.51531260527185,2.295717968326788,2.412705654262834
12,kl,0.046415888336127725,1.0,10.0,1.0,0.1,4.702253443251179,0.1906905141340253,0.010185920671654095,0.9824813531685705,6.115951469826059,1.6959826667407967,1.7918142070217635
12,kl,0.1,1.0,10.0,1.0,0.1,4.709158862874174,0.1821978700471841,0.009665485276048763,1.5037539745310062,4.218656680753788,1.3556959658588905,1.4244839259532236
12,mi,1e-05,1.0,10.0,1.0,0.1,4.593661961801634,0.27756519122864676,0.01479064515819907,0.468986085882727,27.6492710381968,16.76570106491457,17.660573502513827
12,mi,1.8957356524063752e-05,1.0,10.0,1.0,0.1,4.594483441606149,0.2771110300213602,0.014768128463733156,0.5633175533883323,22.538882708976605,13.503387259039231,14.228333566687203
12,mi,3.5938136638046256e-05,1.0,10.0,1.0,0.1,4.5983054651720074,0.274170867535603,0.01459689324341349,0.6615973414146198,18.51654517508688,10.869553274397978,11.450270139585298
12,mi,6.812920690579608e-05,1.0,10.0,1.0,0.1,4.604131939196954,0.2695377479769412,0.014330149371605426,0.7675599472429749,15.278413787039542,8.74192132786027,9.203713659117108
12,mi,0.0001291549665014884,1.0,10.0,1.0,0.1,4.6118205063584226,0.263304252241742,0.01397560382317115,0.8809430020393668,12.66013112350285,7.024368490242771,7.390276980714078
12,mi,0.00024484367468222265,1.0,10.0,1.0,0.1,4.62109650479476,0.2556725974724172,0.013546646320150109,1.0019856292364915,10.534219190275904,5.640244376183703,5.9292058076549035
12,mi,0.0004641588833612782,1.0,10.0,1.0,0.1,4.631400952263773,0.24709476715013615,0.013070505125247375,1.1331223735829128,8.796085957716942,4.5272901820180556,4.754373120162749
12,mi,0.0008799225435691075,1.0,10.0,1.0,0.1,4.642135789587691,0.23800721572602512,0.01257333474712572,1.27967435327029,7.360838916856966,3.635399649473527,3.8123487991114597
12,mi,0.0016681005372000592,1.0,10.0,1.0,0.1,4.652813520169697,0.22874556133991958,0.012075840978629465,1.4514216309691035,6.160039490645597,2.9247577643761358,3.060712476776537
12,mi,0.0031622776601683794,1.0,10.0,1.0,0.1,4.663043943915675,0.21965718694045086,0.011598416620697216,1.66587697611934,5.139677516754527,2.3640757263797263,2.466568397394145
12,mi,0.005994842503189409,1.0,10.0,1.0,0.1,4.672670628821983,0.21101101803010877,0.011155011358438216,1.9524120300672825,4.261293759641718,1.9294090466622074,2.0049106067509963
12,mi,0.011364636663857255,1.0,10.0,1.0,0.1,4.682033372076404,0.20270913941343646,0.010739406176499182,2.3597177589416405,3.502065566597509,1.6031047788479353,1.656936647931735
12,mi,0.021544346900318846,1.0,10.0,1.0,0.1,4.69183789592932,0.194247579358296,0.010324835078088306,2.9731007778792367,2.852072842019917,1.370873674875213,1.4073801503368146
12,mi,0.04084238652674522,1.0,10.0,1.0,0.1,4.702294001999862,0.18528529598685795,0.009891381135713377,3.95085971899356,2.31020687628425,1.216895900845935,1.240117084813127
12,mi,0.07742636826811278,1.0,10.0,1.0,0.1,4.71249785983175,0.1762934760943968,0.009458385612628628,5.596592691840092,1.878630136031763,1.1219437594258788,1.135817461649398
12,mi,0.14677992676220705,1.0,10.0,1.0,0.1,4.72111083274841,0.16833509180426326,0.009075796646699339,8.500331342069977,1.5561883926205342,1.0667494684011323,1.0746439026654602
12,mi,0.2782559402207126,1.0,10.0,1.0,0.1,4.727405397379315,0.16223610568332061,0.008783274604388224,13.805968272248903,1.3331633399808085,1.0359433954615966,1.040292437964519
12,mi,0.527499706370262,1.0,10.0,1.0,0.1,4.7314983549451455,0.158122674910392,0.008586526265240433,23.705774653888476,1.1906447995532028,1.0191736980901618,1.0215234705116523
12,mi,1.0,1.0,10.0,1.0,0.1,4.7339467454677795,0.15560233781348057,0.008466253787623433,42.36362350691048,1.1055665350227624,1.0101750409085388,1.011430716954051
12,surprisal,0.0031622776601683794,1.0,10.0,1.0,0.1,4.601978060153162,0.29194417971928555,0.014313576177567717,-0.010852101809411967,32.4833417883187,492.2041676642495,417.3963191181659
12,surprisal,0.005623413251903491,1.0,10.0,1.0,0.1,4.5517093784055715,0.3417021173282853,0.016884024766912205,-0.010981563442592816,17.44745005081423,490.6480229812981,388.64814533736444
12,surprisal,0.01,1.0,10.0,1.0,0.1,4.493085080769034,0.3956673089505204,0.019836370344141183,-0.01126423804368415,11.245585718649187,486.2375033560741,349.2088780755668
12,surprisal,0.01778279410038923,1.0,10.0,1.0,0.1,4.432650865006023,0.4522081319183723,0.02309141631134124,-0.011681440124758897,8.869196139027396,484.1157355098713,306.13500466019985
12,surprisal,0.03162277660168379,1.0,10.0,1.0,0.1,4.359399515015576,0.5210515906282496,0.027300525796172596,-0.012371878409097052,7.217172017346186,476.8036560213377,251.69113024900275
12,surprisal,0.05623413251903491,1.0,10.0,1.0,0.1,4.286815023115501,0.5771829555794045,0.030413332821203683,-0.013398074859361914,5.847181441125415,466.4603880194,209.4485694047111
12,surprisal,0.1,1.0,10.0,1.0,0.1,4.1976514151037,0.6462302674427527,0.03474031455688198,-0.01542943798346517,4.698919714535763,442.99944003951697,168.27076491442563
12,surprisal,0.1778279410038923,1.0,10.0,1.0,0.1,4.144242994628718,0.6797911012932352,0.03751946695496403,-0.01857066978554026,3.7411746986918097,400.2352893616321,116.23971751490784
12,surprisal,0.31622776601683794,1.0,10.0,1.0,0.1,4.19351014062034,0.662512427260418,0.03704580070218929,-0.03466552001873359,2.9584644447968764,231.35274865696888,49.36360437005633
12,surprisal,0.5623413251903491,1.0,10.0,1.0,0.1,4.504688600870792,0.4395637143689847,0.024338977823034846,-0.5638561433358835,2.3424120165613833,15.374441878806124,5.883186409871985
12,surprisal,1.0,1.0,10.0,1.0,0.1,4.784826654042101,0.10599131124548289,0.006062232153164191,3.9171850825996013,1.8810352660897092,1.0,1.0136691293000835
12,surprisal,1.7782794100389228,1.0,10.0,1.0,0.1,4.785676524358395,0.1048226782773089,0.006006671538921565,6.198975425460297,1.5549324623486964,1.0,1.0084064666896049
12,surprisal,3.1622776601683795,1.0,10.0,1.0,0.1,4.786344100413716,0.10381832681650197,0.005959452441822868,10.164520478870555,1.3374520547617623,1.0,1.0050046338510181
12,surprisal,5.623413251903491,1.0,10.0,1.0,0.1,4.7868119741015445,0.10307153293061813,0.005924548934847297,17.139643029063638,1.199680042450393,1.0,1.0029140041277784
12,surprisal,10.0,1.0,10.0,1.0,0.1,4.787114508644154,0.10257012022604502,0.005901190324407049,29.486219970195307,1.1158938564331398,1.0,1.0016727853011187
12,surprisal,17.78279410038923,1.0,10.0,1.0,0.1,4.787299776541998,0.1022559289552813,0.005886580348500329,51.40320632453148,1.0664161296255323,1.0,1.0009519866096968
12,surprisal,31.622776601683793,1.0,10.0,1.0,0.1,4.7874093580026855,0.10206755356042584,0.005877829908509484,90.35332340215017,1.0377632105397951,1.0,1.00053901744848
12,surprisal,56.23413251903491,1.0,10.0,1.0,0.1,4.787472813511105,0.1019576105286066,0.005872725804824064,159.6028090314006,1.021371040815028,1.0,1.0003042926746941
12,surprisal,100.0,1.0,10.0,1.0,0.1,4.7875091015393725,0.1018944548807532,0.005869794771633462,282.7391347838639,1.01206134570871,1.0,1.000171493130383
12,surprisal_b,0.0031622776601683794,1.0,10.0,1.0,0.1,4.443977525603151,0.4098382259540013,0.02075352147367807,0.9574908293859177,447.59437039749724,440.97113470162384,442.4160528261713
12,surprisal_b,0.005623413251903491,1.0,10.0,1.0,0.1,4.4445984666639,0.4093254383264159,0.020719150182041922,0.6077847749878691,411.8681503870427,401.4411931700203,403.7079659400925
12,surprisal_b,0.01,1.0,10.0,1.0,0.1,4.445681749339529,0.40843148687038566,0.02065988784932656,0.42169390368334625,357.51505982626145,342.50423591272823,345.7481927672887
12,surprisal_b,0.01778279410038923,1.0,10.0,1.0,0.1,4.447530887665149,0.40690601538078724,0.02056082585900368,0.33862234014618325,283.511099106023,264.85308499929585,268.84670409861246
12,surprisal_b,0.03162277660168379,1.0,10.0,1.0,0.1,4.450529898130051,0.4044261837037541,0.020406091121898395,0.33903265104309854,198.93441614539793,180.35046469379634,184.27297746016336
12,surprisal_b,0.05623413251903491,1.0,10.0,1.0,0.1,4.4548980193809005,0.40077331444663356,0.0201952820787398,0.4457746154220418,123.24662745871079,109.15808841694961,112.08353071503899
12,surprisal_b,0.1,1.0,10.0,1.0,0.1,4.4605796902253125,0.39589962559516506,0.01994432477416633,0.7222349894160877,71.13669756527803,62.4658222863234,64.23956726084387
12,surprisal_b,0.1778279410038923,1.0,10.0,1.0,0.1,4.468415355577994,0.389053970946562,0.019601033594074006,1.234358274095754,40.63592113311244,35.58208977184733,36.59465409448907
12,surprisal_b,0.31622776601683794,1.0,10.0,1.0,0.1,4.479541964533602,0.3792791976637286,0.019080911005026114,2.0744768098280977,23.437996724437422,20.453037884510092,21.027002702962033
12,surprisal_b,0.5623413251903491,1.0,10.0,1.0,0.1,4.49415038603037,0.36638558315721576,0.018359041560339195,3.3938388839678115,13.747138451435168,11.944891397369814,12.267463609593309
12,surprisal_b,1.0,1.0,10.0,1.0,0.1,4.5119321233833185,0.3506421969515747,0.017466733628065816,5.40243269470757,8.272073933043607,7.159517562390479,7.3392991570206325
12,surprisal_b,1.7782794100389228,1.0,10.0,1.0,0.1,4.531665496793553,0.33313941201152003,0.016495684252808104,8.431943312523094,5.164835326352592,4.467317975773528,4.567547548783412
12,surprisal_b,3.1622776601683795,1.0,10.0,1.0,0.1,4.550561557988869,0.31635581468271495,0.015595206201864893,13.110753249313504,3.3906508251980174,2.9521751255549717,3.008666334621265
12,surprisal_b,5.623413251903491,1.0,10.0,1.0,0.1,4.565735135539834,0.3029046924663445,0.014897643437420461,20.693251160603364,2.371580481905108,2.0991947842414045,2.131442955534672
12,surprisal_b,10.0,1.0,10.0,1.0,0.1,4.57614651714938,0.29372580578302027,0.014435770628340436,33.5524768916068,1.7844888376290051,1.6188758351435129,1.6374100788414332
12,surprisal_b,17.78279410038923,1.0,10.0,1.0,0.1,4.58252529829631,0.28813532187081525,0.014161323831439216,55.96377148181162,1.4467694749252251,1.3483730595073604,1.3590402792106955
12,surprisal_b,31.622776601683793,1.0,10.0,1.0,0.1,4.586183392266669,0.2849437609846354,0.014007275006709135,95.51168869866166,1.2533999620493776,1.1960501987647054,1.2021752203676608
12,surprisal_b,56.23413251903491,1.0,10.0,1.0,0.1,4.588221862366792,0.28317115088412187,0.013922405827669859,165.64310144968573,1.1432719975442398,1.1103012246034356,1.1138017394418134
12,surprisal_b,100.0,1.0,10.0,1.0,0.1,4.589349851814253,0.2821928727650897,0.013875647243117017,290.2347214098639,1.0808321672097307,1.062045696773798,1.0640362539998474
13,eig_code,1e-07,1.0,10.0,1.0,0.2,4.785848623121105,0.10678024697788596,0.006713479975917833,13.363323375657384,499.73022858642156,499.5195467820876,499.49291187720814
13,eig_code,2.1544346900318822e-07,1.0,10.0,1.0,0.2,4.785775252228124,0.1068236785537896,0.006715967405847292,6.212184091407436,499.41905140691944,498.96574272699553,498.9084702779813
13,eig_code,4.641588833612782e-07,1.0,10.0,1.0,0.2,4.785617418356752,0.10691711388749764,0.006721318616634296,2.8929353408909484,498.74957257834313,497.77568721266954,497.6528093866086
13,eig_code,1e-06,1.0,10.0,1.0,0.2,4.785278486404593,0.10711778082749798,0.006732811150509947,1.352311221146332,497.3115392020752,495.2260089226322,494.96363332147945
13,eig_code,2.1544346900318822e-06,1.0,10.0,1.0,0.2,4.784553405188696,0.10754718537597964,0.00675740367489668,0.6372918296615465,494.2333064312197,489.7981621336955,489.24363783513667
13,eig_code,4.641588833612773e-06,1.0,10.0,1.0,0.2,4.783014761441924,0.10845894744956017,0.006809620538614251,0.3055720703971293,487.6927854253335,478.4000436920175,477.2533866435117
13,eig_code,1e-05,1.0,10.0,1.0,0.2,4.779806024895281,0.11036309546065143,0.006918667750937339,0.1519582909069776,474.01469974319093,455.148584810224,452.8839029415089
13,eig_code,2.1544346900318823e-05,1.0,10.0,1.0,0.2,4.773358097509131,0.11420349924836473,0.007138580037155373,0.08145412147352042,446.3596082046001,410.49535116606006,406.4234736725843
13,eig_code,4.641588833612772e-05,1.0,10.0,1.0,0.2,4.76137339182784,0.12141516089088837,0.00755135800495682,0.050575881158892486,394.25889836870687,334.51171893434235,328.4062499440594
13,eig_code,0.0001,1.0,10.0,1.0,0.2,4.7423763387977536,0.1331941505464022,0.008223693210998036,0.04079946716683616,309.15740529037555,231.1537436702408,224.46686165500776
13,eig_code,0.00021544346900318823,1.0,10.0,1.0,0.2,4.720157502441323,0.14808052530014637,0.00906122744057154,0.04821430100783189,202.60417820618704,132.3927307656628,127.6477946574455
13,eig_code,0.00046415888336127773,1.0,10.0,1.0,0.2,4.70318970466729,0.16121080721708222,0.00976654344219879,0.08020732280124922,113.94857380964146,69.42013746579119,67.06324851923152
13,eig_code,0.001,1.0,10.0,1.0,0.2,4.689549882511103,0.17310817084383257,0.01037470104432137,0.14024421408169327,64.37358914445882,37.7098791563047,36.612176305441544
13,eig_code,0.002154434690031882,1.0,10.0,1.0,0.2,4.676018219941009,0.18526572654228407,0.010977954580799924,0.21293617306149112,40.06039015566943,21.723155032235805,21.121650494208026
13,eig_code,0.004641588833612773,1.0,10.0,1.0,0.2,4.666376034536736,0.19498939460417408,0.01142339856179307,0.2821773067338285,27.270384524288797,12.959474779385873,12.535766725384017
13,eig_code,0.01,1.0,10.0,1.0,0.2,4.6638533686497645,0.20065854969929675,0.01160802573224605,0.35642205685009315,19.472384381577218,7.870563508290765,7.548832187534284
13,eig_code,0.021544346900318822,1.0,10.0,1.0,0.2,4.669726744826249,0.2010300428861321,0.011464058554764251,0.4548973414256997,14.114666488639022,4.8963721341162945,4.671475144723065
13,eig_code,0.046415888336127725,1.0,10.0,1.0,0.2,4.683126758006603,0.19547720245437405,0.010993238084663837,0.5923112202288551,10.275014683385375,3.1780881905742526,3.0307500046957845
13,eig_code,0.1,1.0,10.0,1.0,0.2,4.70113494186176,0.1845371005716653,0.010276106782730634,0.7882561655546833,7.476655836345156,2.1960587159972076,2.100292627271008
13,kl,1e-07,1.0,10.0,1.0,0.2,4.775417033079138,0.09568118485394071,0.0057480406238190505,1.935176210367395,499.13602253585356,497.7755431016951,497.35011053551324
13,kl,2.1544346900318822e-07,1.0,10.0,1.0,0.2,4.770438885541812,0.10080795302895654,0.006031941193698222,0.9408820218866881,498.14306603163226,495.24818603101625,494.41842032689806
13,kl,4.641588833612782e-07,1.0,10.0,1.0,0.2,4.761331116516745,0.11014483160431142,0.0065457524973509375,0.4745452370631512,496.0198160725786,489.94139351974945,488.4686018212763
13,kl,1e-06,1.0,10.0,1.0,0.2,4.747162619194213,0.12453393156994005,0.007328419405128564,0.25073523491133404,491.51805211240236,479.077441452938,476.82076925482033
13,kl,2.1544346900318822e-06,1.0,10.0,1.0,0.2,4.729413290293008,0.14218127367595,0.008265666038257926,0.13897763577013603,482.14073822835843,457.8023457825546,454.9009642656679
13,kl,4.641588833612773e-06,1.0,10.0,1.0,0.2,4.709510085914022,0.16111531879331362,0.009223784169551072,0.08200181363154388,463.29147644304544,419.0343940461823,415.9611480730977
13,kl,1e-05,1.0,10.0,1.0,0.2,4.6859275484569745,0.18245478498606235,0.010240180296708588,0.053952340368965956,427.8836306191834,356.04416837038417,353.91807314145916
13,kl,2.1544346900318823e-05,1.0,10.0,1.0,0.2,4.657813703992625,0.20735749738413778,0.011377849806578315,0.04221277077374994,368.79470067905913,270.13225194574994,271.3426784538067
13,kl,4.641588833612772e-05,1.0,10.0,1.0,0.2,4.630977797419451,0.2312660998136236,0.012447574404569292,0.04109043072236603,286.90221008537543,178.15572814564504,184.482908557125
13,kl,0.0001,1.0,10.0,1.0,0.2,4.619310680097975,0.24165227054946622,0.012936468257923436,0.048442841453616686,198.08069607538994,102.58477499762715,111.00812959770904
13,kl,0.00021544346900318823,1.0,10.0,1.0,0.2,4.626069783139628,0.23460868490551304,0.012725257395930953,0.06504449916455372,122.34647081330776,52.548708478816195,58.191193236863036
13,kl,0.00046415888336127773,1.0,10.0,1.0,0.2,4.63850509888224,0.22200202767537727,0.012309465938215714,0.10153811453613727,68.65509836786762,25.706415356079656,27.59692581980123
13,kl,0.001,1.0,10.0,1.0,0.2,4.64636531013303,0.21603358395821332,0.01213172863735043,0.18195195105786716,37.55616711093659,13.93814122967295,14.156574073371845
13,kl,0.002154434690031882,1.0,10.0,1.0,0.2,4.647638320526878,0.2186427717956628,0.012240193169016058,0.2985540490996202,23.059627073628658,8.419712455337267,8.424729377998561
13,kl,0.004641588833612773,1.0,10.0,1.0,0.2,4.655144547957116,0.21730298994970898,0.012063694234000333,0.4068834951832793,16.16640420257842,5.318517108869518,5.3481830258823715
13,kl,0.01,1.0,10.0,1.0,0.2,4.669813731462634,0.2095735883114675,0.011517843807472469,0.5353886287987272,11.74109975283615,3.511625253278004,3.5620858068970054
13,kl,0.021544346900318822,1.0,10.0,1.0,0.2,4.685807327653283,0.19835493803893225,0.010798575747639833,0.7211149475890011,8.49573570966355,2.440485751312974,2.4937051340034664
13,kl,0.046415888336127725,1.0,10.0,1.0,0.2,4.699743112242073,0.18581041970315013,0.010049554987677902,1.0118049997052871,6.054875755532788,1.7994375178750943,1.8426086349573831
13,kl,0.1,1.0,10.0,1.0,0.2,4.710233518342085,0.1746163337864479,0.00941983495723484,1.5249548065033698,4.200475516326377,1.42198405667658,1.4520384582952384
13,mi,1e-05,1.0,10.0,1.0,0.2,4.629252072907514,0.24045287004099655,0.012915880836955364,0.23584415965913666,46.75909879123998,26.426564289837927,27.468645641072424
13,mi,1.8957356524063752e-05,1.0,10.0,1.0,0.2,4.619475919566797,0.24767372002893884,0.013345985860862386,0.3447546265137511,35.248971531344885,21.171316475227055,21.990867606001515
13,mi,3.5938136638046256e-05,1.0,10.0,1.0,0.2,4.615781758014843,0.250388507258338,0.01354398824239836,0.44588427257821833,27.900758970365548,16.998000785277615,17.663298361777247
13,mi,6.812920690579608e-05,1.0,10.0,1.0,0.2,4.616726867717313,0.24954008084950852,0.013527271982433548,0.5426996792900325,22.55683667595292,13.631381231560544,14.167663821829343
13,mi,0.0001291549665014884,1.0,10.0,1.0,0.2,4.619420600290498,0.24729471047177895,0.013422662922476151,0.6492021489965288,18.3350911385609,10.912727935916648,11.33865984107971
13,mi,0.00024484367468222265,1.0,10.0,1.0,0.2,4.622963525298767,0.24435798429006667,0.01327652919255815,0.7725173132274458,14.916646032785122,8.717991792308927,9.050535651211804
13,mi,0.0004641588833612782,1.0,10.0,1.0,0.2,4.627246823439156,0.24073555445772465,0.013086737098609628,0.9165005595993408,12.13481336985062,6.947499835623044,7.2014096299091035
13,mi,0.0008799225435691075,1.0,10.0,1.0,0.2,4.632210592881533,0.2363813723440831,0.012850828269788029,1.0866774158312145,9.860846118246373,5.521987457111057,5.709988923595024
13,mi,0.0016681005372000592,1.0,10.0,1.0,0.2,4.637652788173094,0.23149519224578965,0.012585133310712886,1.2933819987732553,7.990499365871954,4.378637584106374,4.51291490928695
13,mi,0.0031622776601683794,1.0,10.0,1.0,0.2,4.643150598652191,0.22654002552066094,0.012320319848705925,1.5551421718750733,6.443037221832019,3.467833602394037,3.560529809684837
13,mi,0.005994842503189409,1.0,10.0,1.0,0.2,4.6482461725306,0.22199360361647347,0.012084970198613952,1.9032282474291566,5.159154229779322,2.7504828980922675,2.812773756512682
13,mi,0.011364636663857255,1.0,10.0,1.0,0.2,4.6527249852412265,0.21814391367837294,0.011895799632835831,2.3899273319026073,4.097934000525751,2.196080324777016,2.2371870933136067
13,mi,0.021544346900318846,1.0,10.0,1.0,0.2,4.656710342661569,0.21504709607590367,0.011755059794339962,3.106749025187125,3.2324168813070724,1.7808597020546808,1.8076223565632514
13,mi,0.04084238652674522,1.0,10.0,1.0,0.2,4.660591665384768,0.21251020720517216,0.011648401458444448,4.223759989401138,2.544167440234182,1.4845718737926337,1.5016366675868278
13,mi,0.07742636826811278,1.0,10.0,1.0,0.2,4.664746556091362,0.21017822275375433,0.011550054855150855,6.069247860288514,2.0181022897894354,1.2862375493466593,1.296734110199879
13,mi,0.14677992676220705,1.0,10.0,1.0,0.2,4.6690739674080035,0.20786409899908803,0.01144411418406963,9.284694458673528,1.6373570787440996,1.162300885367309,1.168478488365597
13,mi,0.2782559402207126,1.0,10.0,1.0,0.2,4.672979663652563,0.20573516969668287,0.011338697751697454,15.116444792854004,1.3794855470011902,1.0893721217721744,1.0928666283610218
13,mi,0.527499706370262,1.0,10.0,1.0,0.2,4.675955728819181,0.204055701798156,0.011251322218967434,25.956041257411098,1.2165747593115572,1.048304448479619,1.0502253943912916
13,mi,1.0,1.0,10.0,1.0,0.2,4.677929226859392,0.20290918020834234,0.01119000648997001,46.34999097755241,1.1198109551171858,1.0258230146312404,1.0268600627964726
13,surprisal,0.0031622776601683794,1.0,10.0,1.0,0.2,5.0143400838174905,0.02668251309328951,0.0007052224012312181,-0.009669947015587125,167.69963099990568,169.3935289409935,184.00509651697584
13,surprisal,0.005623413251903491,1.0,10.0,1.0,0.2,5.001285068362648,0.03028445233144462,0.0009084626227632746,-0.015001717121306078,102.76087458927994,108.07462800796564,122.52286769867345
13,surprisal,0.01,1.0,10.0,1.0,0.2,5.0376036548523455,0.01858662321857414,0.00035663003950825364,-0.015566335832738906,59.22578682903801,54.30464885950712,68.52742127131155
13,surprisal,0.01778279410038923,1.0,10.0,1.0,0.2,5.110431798192788,0.00011357993927930592,0.00040013439997258436,0.0341682870983954,33.97444220233648,24.88112748555419,30.823970691788773
13,surprisal,0.03162277660168379,1.0,10.0,1.0,0.2,5.026674754010701,0.06367608818862049,0.005008334733384801,0.22886782911856035,20.20244946129758,10.225797896972542,12.292350193574391
13,surprisal,0.05623413251903491,1.0,10.0,1.0,0.2,4.925299696573898,0.11589425554196632,0.0074724270806451045,0.4366645275431981,12.654517970167914,6.248040767286445,5.876877938841804
13,surprisal,0.1,1.0,10.0,1.0,0.2,4.855583263076696,0.15698871323562308,0.009340408211461558,0.739917978822619,8.289956604654877,3.7848843583732035,3.7290943105420946
13,surprisal,0.1778279410038923,1.0,10.0,1.0,0.2,4.771497051511442,0.19311079129412775,0.010900556456987813,1.1782736882292844,5.611885241651862,2.314406454591994,2.4088558173357146
13,surprisal,0.31622776601683794,1.0,10.0,1.0,0.2,4.673884571899602,0.23403802082746936,0.012483068844359143,1.8656671989862186,3.9116824736252966,1.4430699756076122,1.6008462555113179
13,surprisal,0.5623413251903491,1.0,10.0,1.0,0.2,4.647559872810917,0.24318219314405967,0.012805410262557023,2.9930294238364548,2.8176482398750813,1.219126561830974,1.3200961554472628
13,surprisal,1.0,1.0,10.0,1.0,0.2,4.647561932151025,0.2439649309934359,0.012754522024521117,4.983304772151856,2.1165063890697122,1.149539435701773,1.2147596230248352
13,surprisal,1.7782794100389228,1.0,10.0,1.0,0.2,4.6493427752061125,0.2432149518022358,0.012655912437378087,8.37658110379949,1.6738329838490944,1.0970787349242188,1.1373260839955885
13,surprisal,3.1622776601683795,1.0,10.0,1.0,0.2,4.651528475903371,0.241874940349951,0.01254866750007605,14.246249504396541,1.3996144535506938,1.0603511901673064,1.0843963029154058
13,surprisal,5.623413251903491,1.0,10.0,1.0,0.2,4.653333505795662,0.2406175329659678,0.012459834703435497,24.526964929315348,1.2332613020740197,1.0362558284654175,1.0502970045169941
13,surprisal,10.0,1.0,10.0,1.0,0.2,4.654575285010141,0.23968697872576455,0.012397024633389209,42.67965131288727,1.1344254150508208,1.0212491496206697,1.0293232918347832
13,surprisal,17.78279410038923,1.0,10.0,1.0,0.2,4.655352325681864,0.23907649061480607,0.012356613374888447,74.86615028592351,1.0767539103270194,1.0122506795949167,1.0168492511512814
13,surprisal,31.622776601683793,1.0,10.0,1.0,0.2,4.655814987079766,0.23870170597554138,0.012332033930255285,132.04038374392576,1.0435574722084402,1.00699042319383,1.0095948824916963
13,surprisal,56.23413251903491,1.0,10.0,1.0,0.2,4.656083346077233,0.23848013320776312,0.012317571914182177,233.67336527253116,1.024624940503857,1.0039642369850725,1.005434659438074
13,surprisal,100.0,1.0,10.0,1.0,0.2,4.6562368431765355,0.23835193592013365,0.012309226028078919,414.3820548586469,1.0138900578407444,1.0022399851990096,1.0030686981480466
13,surprisal_b,0.0031622776601683794,1.0,10.0,1.0,0.2,4.471797101089583,0.3874230162079569,0.01949609283417974,0.8733558700571893,433.97397885682835,427.02331753145864,428.5321737851097
13,surprisal_b,0.005623413251903491,1.0,10.0,1.0,0.2,4.471181420317455,0.3881745091534509,0.01951849678357095,0.5743996552554427,390.61570708391724,380.0320728393763,382.33951521704086
13,surprisal_b,0.01,1.0,10.0,1.0,0.2,4.470218380009207,0.38936714862030525,0.019553130729745932,0.42280317138676915,327.3715852877985,312.95903504484403,316.122453945514
13,surprisal_b,0.01778279410038923,1.0,10.0,1.0,0.2,4.468943008799416,0.3910082352649924,0.019597386013051606,0.3723075307956324,246.91288602184054,230.4879343403984,234.1247349105747
13,surprisal_b,0.03162277660168379,1.0,10.0,1.0,0.2,4.468075667143472,0.3923838576376204,0.019620378864427118,0.4216446056895429,163.6592096757569,149.0974889726714,152.33831391013976
13,surprisal_b,0.05623413251903491,1.0,10.0,1.0,0.2,4.47013870001105,0.3908795553173124,0.019517967779409947,0.6201210450826017,97.44843289185265,87.53276717219052,89.70068119454196
13,surprisal_b,0.1,1.0,10.0,1.0,0.2,4.478168292805371,0.3834674162694606,0.019164130538063696,1.0434359461731169,55.712853538476104,49.850374162492805,51.05370106855873
13,surprisal_b,0.1778279410038923,1.0,10.0,1.0,0.2,4.490999987082775,0.37158666352595665,0.018599481507279005,1.7624870043309775,31.92021517057583,28.487013216099587,29.12591247528189
13,surprisal_b,0.31622776601683794,1.0,10.0,1.0,0.2,4.506047569235722,0.35798901728600446,0.017930051798823902,2.897403789950001,18.527052472129558,16.46798042305561,16.811578915337485
13,surprisal_b,0.5623413251903491,1.0,10.0,1.0,0.2,4.521891381051459,0.3440724672576338,0.017231094450038696,4.6314457074387,10.97347511307922,9.706438977655326,9.897450564509713
13,surprisal_b,1.0,1.0,10.0,1.0,0.2,4.538673403970767,0.3294455547407545,0.01651301753612946,7.261072234745718,6.694680967793275,5.902516898748477,6.011278309922839
13,surprisal_b,1.7782794100389228,1.0,10.0,1.0,0.2,4.556240243960376,0.3139506200765439,0.015773377255021735,11.319284180523608,4.257840851029894,3.7616855049091438,3.823694993651133
13,surprisal_b,3.1622776601683795,1.0,10.0,1.0,0.2,4.57350241321332,0.2986435283280853,0.015051272961990658,17.786304773097125,2.8637648081472413,2.556034021624748,2.590860682912814
13,surprisal_b,5.623413251903491,1.0,10.0,1.0,0.2,4.588892709428443,0.2852845152073293,0.014430742769771942,28.48426233643265,2.064378577529743,1.876738626456138,1.8959618764904256
13,surprisal_b,10.0,1.0,10.0,1.0,0.2,4.600962896531265,0.275239423994862,0.01397712500732141,46.744093838030444,1.6061415722682983,1.4938825158948885,1.5044785905400424
13,surprisal_b,17.78279410038923,1.0,10.0,1.0,0.2,4.609321313325607,0.2686076165884022,0.013688109305491662,78.5520371615181,1.3440886253708975,1.2780820210888642,1.2839938454457258
13,surprisal_b,31.622776601683793,1.0,10.0,1.0,0.2,4.614585223146952,0.2646156373361244,0.013520079285983847,134.59267600604323,1.1947583333908756,1.1564969243027627,1.1598305777656017
13,surprisal_b,56.23413251903491,1.0,10.0,1.0,0.2,4.617710268876408,0.2623342624276296,0.013426755361095747,233.8733695188374,1.1099813208934257,1.088041044609719,1.0899278547121523
13,surprisal_b,100.0,1.0,10.0,1.0,0.2,4.619509420926739,0.2610578615333294,0.01337561194738328,410.17318067828785,1.0620065068239055,1.0495196286999737,1.0505869743127754
14,eig_code,1e-07,1.0,10.0,1.0,0.3,4.724540684131137,0.1542668862765371,0.009179416726731,13.44228767500831,499.6949220146334,499.4305885254493,499.4160016272379
14,eig_code,2.1544346900318822e-07,1.0,10.0,1.0,0.3,4.724495649785982,0.15429247914184713,0.009180837597933754,6.248582346723957,499.34305436090176,498.7743510467413,498.74298274583447
14,eig_code,4.641588833612782e-07,1.0,10.0,1.0,0.3,4.7243987269353465,0.15434757271943658,0.009183895996002006,2.9095776998610288,498.5861600639189,497.3645645228674,497.2972528988164
14,eig_code,1e-06,1.0,10.0,1.0,0.3,4.724190382115834,0.15446605778605293,0.009190472225872602,1.359787003974944,496.9609492179586,494.3458974431508,494.2021202090041
14,eig_code,2.1544346900318822e-06,1.0,10.0,1.0,0.3,4.723743693008314,0.15472034891554293,0.0092045804595471,0.6405200749083646,493.4847625432811,487.92784501344266,487.62376027885165
14,eig_code,4.641588833612773e-06,1.0,10.0,1.0,0.3,4.722791426795885,0.15526365631911532,0.009234697702330234,0.306844765429502,486.1110576544982,474.4876333290991,473.8579868184136
14,eig_code,1e-05,1.0,10.0,1.0,0.3,4.720786617890924,0.156412985012154,0.00929829026769738,0.15235982652072555,470.7457650090112,447.2359328182976,445.9896468341097
14,eig_code,2.1544346900318823e-05,1.0,10.0,1.0,0.3,4.71668328071593,0.1587901045380693,0.009429282201356375,0.0815398069982517,439.9149095546242,395.5967145990109,393.3522730532349
14,eig_code,4.641588833612772e-05,1.0,10.0,1.0,0.3,4.7088221788931435,0.16344986578519505,0.009683742348798149,0.050751580388226004,382.7442592509376,310.3159505477302,306.97586912568846
14,eig_code,0.0001,1.0,10.0,1.0,0.3,4.696030670069114,0.17142031960514326,0.010110064924988562,0.041731124659828325,292.26323394822174,201.61994300308308,198.11308535288754
14,eig_code,0.00021544346900318823,1.0,10.0,1.0,0.3,4.682114271909397,0.18099358092409956,0.010597973636220618,0.05165562596868532,185.1844754571322,109.39087539946716,107.10069536934411
14,eig_code,0.00046415888336127773,1.0,10.0,1.0,0.3,4.674699842485566,0.18695827476460913,0.010875967527489216,0.08856645626311106,102.57715580812975,57.413299979476086,56.283131950175736
14,eig_code,0.001,1.0,10.0,1.0,0.3,4.669746573001495,0.19150673336413837,0.011091102508154097,0.15214522474133313,58.55910382144992,31.950046378392518,31.394509399155258
14,eig_code,0.002154434690031882,1.0,10.0,1.0,0.3,4.663474620997798,0.19745480139190724,0.011372622468487865,0.22614374930422454,36.93891584318117,18.745013101374038,18.464271889768522
14,eig_code,0.004641588833612773,1.0,10.0,1.0,0.3,4.658096410892201,0.20359380810370858,0.011638546415082227,0.2994731487783172,25.289194255971825,11.268177582016257,11.134065400423024
14,eig_code,0.01,1.0,10.0,1.0,0.3,4.657630519400071,0.20727953482427675,0.011732751284378727,0.3850592247500546,17.98730468153551,6.875206194718299,6.829468639074132
14,eig_code,0.021544346900318822,1.0,10.0,1.0,0.3,4.663325058510386,0.2065838099615358,0.011563396127639465,0.5027077247093188,12.917517227694775,4.308244868152487,4.311905720737702
14,eig_code,0.046415888336127725,1.0,10.0,1.0,0.3,4.673817529483219,0.2011159770071842,0.011134491914647644,0.6688310505091366,9.304828631663229,2.823957807923033,2.84657245631718
14,eig_code,0.1,1.0,10.0,1.0,0.3,4.6875420316413505,0.1912035787491387,0.010488917169732527,0.9042267973104902,6.728738349630543,1.9776360893662621,2.0029273985534197
14,kl,1e-07,1.0,10.0,1.0,0.3,4.573247882724606,0.2874557690227495,0.015898564122596298,4.200783730071482,499.13589705865894,497.9650507173888,498.19996114221277
14,kl,2.1544346900318822e-07,1.0,10.0,1.0,0.3,4.574854719095212,0.2858374137307504,0.015826536212612364,1.9646314733973134,498.1427053960853,495.6478186978807,496.1397077373552
14,kl,4.641588833612782e-07,1.0,10.0,1.0,0.3,4.5780516460781,0.2826177702299614,0.015683785895747895,0.9266565260208824,496.01863823135335,490.76510226515325,491.7641652179738
14,kl,1e-06,1.0,10.0,1.0,0.3,4.5838875249527025,0.2767399668828459,0.015425074705321404,0.44479605198134414,491.513825509478,480.7023642114146,482.6170775737749
14,kl,2.1544346900318822e-06,1.0,10.0,1.0,0.3,4.592943596571663,0.2676103004340292,0.01502764786399752,0.2210356753518334,482.12529415454077,460.7653736836566,464.09206054748296
14,kl,4.641588833612773e-06,1.0,10.0,1.0,0.3,4.603954289579379,0.25646850540993693,0.014542699154137988,0.11709386645114105,463.240078726244,423.75013840295975,428.7675478531992
14,kl,1e-05,1.0,10.0,1.0,0.3,4.615189547471873,0.2450524283354964,0.014008443544588208,0.06903697046635549,427.75072371992945,362.0366815564932,368.2577512951541
14,kl,2.1544346900318823e-05,1.0,10.0,1.0,0.3,4.627396528836266,0.2328653951324371,0.01335174969645899,0.04808868139556442,368.5778647452175,275.86813807284693,281.6746567785073
14,kl,4.641588833612772e-05,1.0,10.0,1.0,0.3,4.640393987607691,0.22035704376668108,0.012594816975426845,0.042332099046063554,286.7458080552464,182.79896798488986,186.61633250848422
14,kl,0.0001,1.0,10.0,1.0,0.3,4.651224482616195,0.20989928382920006,0.01187728659918237,0.04750470363456717,198.30259998303413,106.27576710428472,108.14780045906207
14,kl,0.00021544346900318823,1.0,10.0,1.0,0.3,4.655965177694619,0.20522509926085758,0.011472391181443815,0.06383295427323225,123.02299626254359,54.709524433102814,55.63563518661896
14,kl,0.00046415888336127773,1.0,10.0,1.0,0.3,4.6546323185233645,0.2074384028422474,0.011552362622160743,0.1024614160904458,69.12688076861507,26.620555166023134,27.038424362514576
14,kl,0.001,1.0,10.0,1.0,0.3,4.651658079863182,0.21274116684423253,0.011890722388045394,0.18823373508005267,37.66654876608705,14.459270367576046,14.63994269936319
14,kl,0.002154434690031882,1.0,10.0,1.0,0.3,4.65171780385368,0.21436842263643605,0.011992054915058769,0.30637484020777084,23.063250630573098,8.805658917169284,8.926341386293407
14,kl,0.004641588833612773,1.0,10.0,1.0,0.3,4.659260562451191,0.21146104230716736,0.011758567444836868,0.41703527153109554,16.07230993318717,5.595325451493127,5.674534231557009
14,kl,0.01,1.0,10.0,1.0,0.3,4.67172118042625,0.204974058032459,0.011282367904971977,0.5526711329669962,11.591684352882352,3.6996619689058163,3.750308575535607
14,kl,0.021544346900318822,1.0,10.0,1.0,0.3,4.685462456137975,0.19543793457159436,0.010646683181036974,0.7437468946108836,8.383861386907318,2.5618498491968964,2.6028239567506106
14,kl,0.046415888336127725,1.0,10.0,1.0,0.3,4.698152295559365,0.18416842853225907,0.009952599653826883,1.02589316115732,6.043114797675742,1.8711979947966197,1.9136033999687516
14,kl,0.1,1.0,10.0,1.0,0.3,4.708514340985662,0.17345982015316885,0.009336237406478194,1.4880209006288576,4.297098564382904,1.461230919505703,1.5019991529386794
14,mi,1e-05,1.0,10.0,1.0,0.3,4.636027093046101,0.2351446871032025,0.012707651338106321,0.12841956180600428,72.37932561564374,35.771974551714116,37.443443418091185
14,mi,1.8957356524063752e-05,1.0,10.0,1.0,0.3,4.628624300397551,0.2399696756216718,0.01297846263662787,0.2177045565424386,49.678862800226376,27.868120938375725,28.954950463025398
14,mi,3.5938136638046256e-05,1.0,10.0,1.0,0.3,4.621118448859496,0.2447617191151021,0.013279362078285149,0.3266084341438469,36.81339085678992,22.16489080731485,22.96267797447379
14,mi,6.812920690579608e-05,1.0,10.0,1.0,0.3,4.618603098730041,0.24592963050164143,0.013396668806654032,0.430950378834914,28.76957399813408,17.680708547195906,18.298973262007483
14,mi,0.0001291549665014884,1.0,10.0,1.0,0.3,4.620404606499288,0.24391609810372297,0.013316773335953203,0.5301821436377798,23.030403857959133,14.06783837232213,14.548031602708583
14,mi,0.00024484367468222265,1.0,10.0,1.0,0.3,4.623541271811105,0.24091150894062335,0.013163302497353712,0.640201556166004,18.52975821946767,11.152733221052081,11.521322863950644
14,mi,0.0004641588833612782,1.0,10.0,1.0,0.3,4.626817794217432,0.23783924251981492,0.012999414780146292,0.7719848275879904,14.885162720664702,8.804852254419833,9.082925853518867
14,mi,0.0008799225435691075,1.0,10.0,1.0,0.3,4.630001087005244,0.2348629524295109,0.012838880238457105,0.9338578121853423,11.913982258160912,6.918486216299016,7.124426381451774
14,mi,0.0016681005372000592,1.0,10.0,1.0,0.3,4.633000597763315,0.23200625413353512,0.0126881861877643,1.1373430747245679,9.48557179538191,5.409518322326718,5.559577588714698
14,mi,0.0031622776601683794,1.0,10.0,1.0,0.3,4.635769947983192,0.2292959139630004,0.012553370167870748,1.400027037061043,7.501605147988339,4.211803744407294,4.319706224685834
14,mi,0.005994842503189409,1.0,10.0,1.0,0.3,4.638232084367789,0.22686383228404608,0.012444190732203745,1.7502811114362806,5.887150643825092,3.2730017890156624,3.3500461241442383
14,mi,0.011364636663857255,1.0,10.0,1.0,0.3,4.6403725319545135,0.22482821821222918,0.012368213859832777,2.2362994170987838,4.584232383722992,2.5517705114033045,2.606617778598022
14,mi,0.021544346900318846,1.0,10.0,1.0,0.3,4.642375359905877,0.22313377295239908,0.012320616618574313,2.9429802331523747,3.5485701484184204,2.0147607072837284,2.0534207887303566
14,mi,0.04084238652674522,1.0,10.0,1.0,0.3,4.644566539702552,0.22158251233811257,0.012283650968286723,4.026771178588763,2.745427823157342,1.6325974743780247,1.6591344640911954
14,mi,0.07742636826811278,1.0,10.0,1.0,0.3,4.647212408430704,0.2199740717194965,0.012236474700963116,5.78779918985576,2.1445057208614187,1.3760287681150773,1.393441636616587
14,mi,0.14677992676220705,1.0,10.0,1.0,0.3,4.6502748063339565,0.21823891012727595,0.012168072543365934,8.81157859803972,1.71579831094392,1.2145107947308513,1.2253115925379627
14,mi,0.2782559402207126,1.0,10.0,1.0,0.3,4.653319338449966,0.21652595367310284,0.012086298034032248,14.238292407978902,1.42716340737592,1.1186693980184435,1.1250162558071568
14,mi,0.527499706370262,1.0,10.0,1.0,0.3,4.655833516875109,0.21508589389608299,0.012010135630445807,24.264184273143748,1.2446398436192676,1.0643333303734028,1.0679094498168995
14,mi,1.0,1.0,10.0,1.0,0.3,4.657600128637696,0.21405321551635018,0.011952562485431145,43.07462469629124,1.1357648800789029,1.034453716088774,1.036412989162756
14,surprisal,0.0031622776601683794,1.0,10.0,1.0,0.3,4.463444550753919,0.3905881964677599,0.02048422414649126,0.0826080654815308,267.627977176377,186.53402007926152,215.62127737633008
14,surprisal,0.005623413251903491,1.0,10.0,1.0,0.3,4.460327683858044,0.39451084831256356,0.020557982028093804,0.09859920009087539,186.08779343219763,118.57360562262353,141.61976837521192
14,surprisal,0.01,1.0,10.0,1.0,0.3,4.46820008458419,0.3872298059133328,0.02019388015527719,0.13702082019794715,115.52126226720746,68.1755726507199,82.91261889187355
14,surprisal,0.01778279410038923,1.0,10.0,1.0,0.3,4.491346771027189,0.3651292785539452,0.019136540626719108,0.20641488440187425,66.7634693687066,36.960365397736176,44.387355943258676
14,surprisal,0.03162277660168379,1.0,10.0,1.0,0.3,4.526811478604785,0.3312082091504237,0.01743846979023114,0.3235684745993378,37.919206194627,20.166233097613325,23.469971683844904
14,surprisal,0.05623413251903491,1.0,10.0,1.0,0.3,4.555842965759204,0.30374625297791097,0.015966537478912857,0.5318895382604687,21.888030724331994,11.680577412368008,13.08759293730904
14,surprisal,0.1,1.0,10.0,1.0,0.3,4.574654241987877,0.2864817032394444,0.01499594775294327,0.898186232063537,13.049422898384142,7.203939422023416,7.862559909567625
14,surprisal,0.1778279410038923,1.0,10.0,1.0,0.3,4.584712981684405,0.2783523380558591,0.014501728291331967,1.522659426401896,8.063607269106209,4.653989186311358,5.015388767377174
14,surprisal,0.31622776601683794,1.0,10.0,1.0,0.3,4.590204733492273,0.27583684240599715,0.014302182736054147,2.608556952006163,5.160674050969709,3.178743074015424,3.3864154813966576
14,surprisal,0.5623413251903491,1.0,10.0,1.0,0.3,4.5895943624271665,0.27975147007777157,0.014413928414671456,4.561096660849218,3.4455505981650294,2.3064365759693572,2.4344905830892505
14,surprisal,1.0,1.0,10.0,1.0,0.3,4.582412172340517,0.2893718706175813,0.014795960970570647,8.121810889802962,2.431433528458391,1.7830022771036422,1.8674659074266973
14,surprisal,1.7782794100389228,1.0,10.0,1.0,0.3,4.568213840012719,0.30449064363107586,0.015441374548466544,14.654744208335792,1.8335613049493238,1.4656278069396922,1.5241677375764386
14,surprisal,3.1622776601683795,1.0,10.0,1.0,0.3,4.5491069789124055,0.3232858139825432,0.016265740779068085,26.61765524574399,1.4823862401270496,1.273533819286148,1.3142993152662932
14,surprisal,5.623413251903491,1.0,10.0,1.0,0.3,4.529565330438186,0.3418658951841084,0.01708417610847583,48.31209904204081,1.2772456683682318,1.1586591314537098,1.1861413344578409
14,surprisal,10.0,1.0,10.0,1.0,0.3,4.513276217643607,0.35704019695574457,0.017748438029404484,87.26709386551309,1.1583110074993137,1.0910500884041057,1.1087458527628342
14,surprisal,17.78279410038923,1.0,10.0,1.0,0.3,4.501521726584106,0.36783464921912323,0.018216419223993963,156.80771130743574,1.089920823939036,1.051847113229474,1.0627599685874247
14,surprisal,31.622776601683793,1.0,10.0,1.0,0.3,4.4938200892448865,0.3748378489214438,0.01851723767046053,280.63529279708183,1.0508810922503202,1.029373615444258,1.0358817165462295
14,surprisal,56.23413251903491,1.0,10.0,1.0,0.3,4.489076110609715,0.3791240455215219,0.018700032536555743,500.9293054025213,1.02871878112386,1.0165894557692818,1.020382200995569
14,surprisal,100.0,1.0,10.0,1.0,0.3,4.486262773524004,0.381655869179954,0.01880748021494381,892.7254627400819,1.016184668894061,1.0093520036757664,1.0115301234842373
14,surprisal_b,0.0031622776601683794,1.0,10.0,1.0,0.3,4.399359017114515,0.4610355892814604,0.023343930318722,1.262131560389647,426.03467773590154,420.3550473784573,423.1122558241422
14,surprisal_b,0.005623413251903491,1.0,10.0,1.0,0.3,4.397470002608959,0.463349268683095,0.023433234374130373,0.8495732047645106,378.5664972221347,370.120985060147,374.2405874835651
14,surprisal_b,0.01,1.0,10.0,1.0,0.3,4.394282940206923,0.4672480225620737,0.023584628613928987,0.6495317602487355,311.05289459906,299.9896995330106,305.425597015158
14,surprisal_b,0.01778279410038923,1.0,10.0,1.0,0.3,4.389311395440496,0.47330296999521326,0.023822141727504412,0.6053295092517949,228.47382551545093,216.5769001355246,222.47064302790292
14,surprisal_b,0.03162277660168379,1.0,10.0,1.0,0.3,4.3833164855116085,0.48052648244894297,0.02410845421394585,0.7337524138425084,147.50247091595824,137.66816978398958,142.52611686746044
14,surprisal_b,0.05623413251903491,1.0,10.0,1.0,0.3,4.382343283479552,0.4819593693037238,0.024142775869566483,1.1268164830319258,86.59081515338875,80.20952511990565,83.19887231173733
14,surprisal_b,0.1,1.0,10.0,1.0,0.3,4.397540492025412,0.46641414815772697,0.023376019984034414,1.8691007554078827,49.39147122648037,45.631008397594876,47.15320868280682
14,surprisal_b,0.1778279410038923,1.0,10.0,1.0,0.3,4.428733210061834,0.4357106464077614,0.021829114085063966,3.0093862823562274,28.31418939811258,26.085018035221477,26.80979278322461
14,surprisal_b,0.31622776601683794,1.0,10.0,1.0,0.3,4.465318220353641,0.40106587769200613,0.020046705354783836,4.709355473488241,16.45679655976758,15.107333512741077,15.454810731628847
14,surprisal_b,0.5623413251903491,1.0,10.0,1.0,0.3,4.498145059687028,0.37130778175118967,0.018509542819428126,7.3373100000358695,9.77001827871849,8.941264260378345,9.118618380882678
14,surprisal_b,1.0,1.0,10.0,1.0,0.3,4.523761272599789,0.34906789701683383,0.01737156438834736,11.577136324454617,5.982750499420763,5.474765188809541,5.570364315759092
14,surprisal_b,1.7782794100389228,1.0,10.0,1.0,0.3,4.539158547946066,0.3364513528303681,0.016713191978485226,18.729565669941312,3.830511675578359,3.5237851852094653,3.5774297929536036
14,surprisal_b,3.1622776601683795,1.0,10.0,1.0,0.3,4.542613208101803,0.3343985650430621,0.016574015523104942,31.221166085656677,2.606469456588884,2.424233414524221,2.456463165148545
14,surprisal_b,5.623413251903491,1.0,10.0,1.0,0.3,4.535436106766587,0.34126119866856075,0.016885342955903684,53.40751355318172,1.9107418402843457,1.8036247881474274,1.8246082461190853
14,surprisal_b,10.0,1.0,10.0,1.0,0.3,4.521963239118863,0.3531291811941131,0.017452892866246357,92.99446789352014,1.5156252156034302,1.4531048050976318,1.4672541383764297
14,surprisal_b,17.78279410038923,1.0,10.0,1.0,0.3,4.508168654827798,0.3648327134416759,0.018014258804823165,163.36714087934467,1.2914800021131208,1.255244480829424,1.2645802691903782
14,surprisal_b,31.622776601683793,1.0,10.0,1.0,0.3,4.497789597798786,0.373327841608092,0.01841713393047971,288.0579121863631,1.164524389600086,1.1436859110541244,1.1495789943453152
14,surprisal_b,56.23413251903491,1.0,10.0,1.0,0.3,4.491218469238433,0.37851629275418125,0.018658567944986094,509.06518460475377,1.092747667997319,1.0808498711299013,1.084421965955354
14,surprisal_b,100.0,1.0,10.0,1.0,0.3,4.4873894999326955,0.3814437970167832,0.018791887691438382,901.3657992429697,1.052236300639043,1.045481000625025,1.0475839537234892
15,eig_code,1e-07,1.0,10.0,1.0,0.5,4.701486560663281,0.1735760791483101,0.010138102378003215,9.12510751185698,499.59140442830454,499.1729059061676,499.16315086779446
15,eig_code,2.1544346900318822e-07,1.0,10.0,1.0,0.5,4.701429266549104,0.17360649447874343,0.010139790263087048,4.244202377783529,499.1202904632046,498.2204213240293,498.19946081674215
15,eig_code,4.641588833612782e-07,1.0,10.0,1.0,0.5,4.70130603956016,0.1736719368309658,0.010143421432849357,1.9787098670059713,498.10742474390116,496.1768485017363,496.13194954910296
15,eig_code,1e-06,1.0,10.0,1.0,0.5,4.70104152466177,0.1738125330244122,0.0101512202566252,0.9272110206904095,495.9350668722513,491.8132223978611,491.71768087758977
15,eig_code,2.1544346900318822e-06,1.0,10.0,1.0,0.5,4.7004761401319275,0.17411360374124124,0.010167909562126013,0.4392560856967132,491.29994892082027,482.5906579117282,482.3902246821861
15,eig_code,4.641588833612773e-06,1.0,10.0,1.0,0.5,4.699278875968294,0.1747537112827279,0.010203342077016234,0.21300241119676447,481.5194155371261,463.52117451912494,463.11328307181657
15,eig_code,1e-05,1.0,10.0,1.0,0.5,4.69679551411345,0.17609309020377958,0.0102772502078998,0.10850551213349933,461.3656601165135,425.87853428259376,425.1001681027116
15,eig_code,2.1544346900318823e-05,1.0,10.0,1.0,0.5,4.691883296172596,0.17879435253114104,0.010425270274512743,0.06119204043210687,421.8682288789476,358.3846821144489,357.0843247339605
15,eig_code,4.641588833612772e-05,1.0,10.0,1.0,0.5,4.683214936251495,0.1837749717631904,0.010693830438688464,0.042104909036487025,352.07339588940914,258.3016708066096,256.6257221892497
15,eig_code,0.0001,1.0,10.0,1.0,0.5,4.67172636431888,0.19106629022097474,0.011072027467039183,0.04075009670623906,251.35825185537547,152.0982404414334,150.69210609496156
15,eig_code,0.00021544346900318823,1.0,10.0,1.0,0.5,4.663756234007047,0.19723693864182343,0.011365320569632714,0.059902251327542004,148.86356417815588,79.81207059233438,79.04680609889952
15,eig_code,0.00046415888336127773,1.0,10.0,1.0,0.5,4.660653079036528,0.2002482231815053,0.011512611285812829,0.10837790190175198,81.78045233386109,43.26809645369847,42.894661809732014
15,eig_code,0.001,1.0,10.0,1.0,0.5,4.657775659162828,0.2031970939463497,0.011682299429825942,0.1809488071095438,48.20442075471132,25.04331023580164,24.84505977706014
15,eig_code,0.002154434690031882,1.0,10.0,1.0,0.5,4.655413783926168,0.20624409830234613,0.011838921294700521,0.26009816574523786,31.302430277088536,15.09979558911067,14.979770051171947
15,eig_code,0.004641588833612773,1.0,10.0,1.0,0.5,4.656322894496072,0.2080825169872433,0.011882039493468539,0.3410660165657919,21.67893125668793,9.228707942088983,9.153525313614828
15,eig_code,0.01,1.0,10.0,1.0,0.5,4.6627450094318235,0.2071789647541215,0.011731182077589893,0.44096066263685746,15.39047985288025,5.694774753650879,5.657253300429754
15,eig_code,0.021544346900318822,1.0,10.0,1.0,0.5,4.6741433238430705,0.20276135422997726,0.011371523431416121,0.5763201473677385,11.02975443918529,3.5896992330252364,3.5807504963651957
15,eig_code,0.046415888336127725,1.0,10.0,1.0,0.5,4.6891232232288935,0.19422399495456127,0.01079624104213566,0.7611026756811394,7.980284784198652,2.369637808625873,2.3739060421364293
15,eig_code,0.1,1.0,10.0,1.0,0.5,4.706518071221918,0.18127541420917967,0.010017368670349799,1.0145407793184127,5.8432570491343805,1.693672728519509,1.700113173244488
15,kl,1e-07,1.0,10.0,1.0,0.5,4.653075516314781,0.21136561395623812,0.01145245239143009,3.7231813830223945,499.0721713901269,498.01458320480805,498.0872981131619
15,kl,2.1544346900318822e-07,1.0,10.0,1.0,0.5,4.65333051373894,0.2110821499892732,0.011444617399863952,1.7418847364752377,498.0053854355678,495.74720770553466,495.9006891385518
15,kl,4.641588833612782e-07,1.0,10.0,1.0,0.5,4.653828749687259,0.21052593149537777,0.011430302297033372,0.8223046282289844,495.7227009400592,490.94887764916535,491.2660104054489
15,kl,1e-06,1.0,10.0,1.0,0.5,4.6546911880578445,0.2095519876173966,0.011409989103572911,0.3955943385194325,490.87616724654475,480.9870807885354,481.6178450145237
15,kl,2.1544346900318822e-06,1.0,10.0,1.0,0.5,4.655786893104086,0.20826205102144016,0.011403814915068956,0.19779084294152902,480.7541556673493,461.0576981658133,462.24640384899385
15,kl,4.641588833612773e-06,1.0,10.0,1.0,0.5,4.6560491952878085,0.2076994671896486,0.011490611610050291,0.10652233003842813,460.3221574531794,423.77588650809554,425.91414001148
15,kl,1e-05,1.0,10.0,1.0,0.5,4.653305839108107,0.21000049394317702,0.011814983342720343,0.06532491115599977,421.772320177781,361.64797279624054,365.3081009521122
15,kl,2.1544346900318823e-05,1.0,10.0,1.0,0.5,4.647106634962194,0.2156170178482644,0.012428298382831085,0.048827471194095584,357.51910132969056,275.9732238972351,281.17060173134513
15,kl,4.641588833612772e-05,1.0,10.0,1.0,0.5,4.643192327579071,0.2193201909919307,0.013060750833119755,0.04679973343717244,269.9641931723368,185.21751886214614,190.20669371346824
15,kl,0.0001,1.0,10.0,1.0,0.5,4.650589568183994,0.21311838527540955,0.013179175615492143,0.05562601403726686,179.3211313216109,110.69671760723152,113.47886102914146
15,kl,0.00021544346900318823,1.0,10.0,1.0,0.5,4.660174846903361,0.20385729111480522,0.012804892777230625,0.07488813081025364,108.27477214839546,58.856258450784225,59.641896170525165
15,kl,0.00046415888336127773,1.0,10.0,1.0,0.5,4.655148150537735,0.20588607570008388,0.012638036947705768,0.11678064632051746,61.92649420591656,29.189843156681928,29.21352597700141
15,kl,0.001,1.0,10.0,1.0,0.5,4.6495701535529115,0.21271289762791887,0.012477564218167729,0.20577151866955462,35.75262990269298,15.747036543113255,15.732429793964018
15,kl,0.002154434690031882,1.0,10.0,1.0,0.5,4.650516782903016,0.2143768055292331,0.0121431028498989,0.32520495438241337,22.841454244121312,9.530176051997902,9.577214095959498
15,kl,0.004641588833612773,1.0,10.0,1.0,0.5,4.6547819028917505,0.21336800583177754,0.011899637243359996,0.4387245993690098,15.99527649453123,5.979363882063608,6.052892148830144
15,kl,0.01,1.0,10.0,1.0,0.5,4.663608356353338,0.2087982248899157,0.011497259163011803,0.5766053812037936,11.508507380339507,3.857002701538787,3.9285906045539156
15,kl,0.021544346900318822,1.0,10.0,1.0,0.5,4.676730784669443,0.19890403608412605,0.010838589160905352,0.7630142311331122,8.350275904950152,2.6029803597479244,2.660441460678251
15,kl,0.046415888336127725,1.0,10.0,1.0,0.5,4.69346354029245,0.1833498951842499,0.009938726346645345,1.0163098929857626,6.1065780124314095,1.8746629228247373,1.9184360236036226
15,kl,0.1,1.0,10.0,1.0,0.5,4.7109988634384115,0.16527831609928875,0.008979087420662718,1.3843557336958934,4.472407104066012,1.4619481840783888,1.492601118487949
15,mi,1e-05,1.0,10.0,1.0,0.5,4.6416584574134205,0.2261642720097656,0.012572494013360427,0.05690257382969646,140.31179109278784,60.922209249178856,63.08797093057987
15,mi,1.8957356524063752e-05,1.0,10.0,1.0,0.5,4.64137246621519,0.22611182198868923,0.012533543830461341,0.10226294666059843,87.01797915030657,42.696515874974125,43.920661439730594
15,mi,3.5938136638046256e-05,1.0,10.0,1.0,0.5,4.637339840926677,0.22843541163845069,0.012666396697671268,0.17985831022439153,57.27689535841094,31.94988439162762,32.70607786711523
15,mi,6.812920690579608e-05,1.0,10.0,1.0,0.5,4.6320050054319815,0.23151039893990827,0.01286660441621564,0.28665376328651576,40.770134529616605,24.803796776531854,25.32948163977852
15,mi,0.0001291549665014884,1.0,10.0,1.0,0.5,4.62880835022883,0.23321069655540894,0.013013230567569603,0.40007459313535976,30.879161007110117,19.44584742174105,19.839728340712497
15,mi,0.00024484367468222265,1.0,10.0,1.0,0.5,4.628864646462448,0.2326960739468613,0.013026595306968558,0.5078265945199777,24.156429559681595,15.191471445612189,15.487029214081494
15,mi,0.0004641588833612782,1.0,10.0,1.0,0.5,4.630725364974381,0.2307866239851138,0.012945978504258476,0.6241842322189212,19.03259189597805,11.780990034996423,11.995670052896235
15,mi,0.0008799225435691075,1.0,10.0,1.0,0.5,4.633347053424107,0.2281805836701712,0.012825565980929418,0.7649535083222448,14.931848637102021,9.054823541073244,9.205174857565902
15,mi,0.0016681005372000592,1.0,10.0,1.0,0.5,4.636186079716492,0.22536718008486295,0.012694458411973213,0.9413935151208688,11.630530425058176,6.889935793342359,6.992685368939097
15,mi,0.0031622776601683794,1.0,10.0,1.0,0.5,4.638889239440168,0.22273549144286306,0.012570007948519245,1.1674420510576424,8.987557993789764,5.1909898641207635,5.261030048593363
15,mi,0.005994842503189409,1.0,10.0,1.0,0.5,4.641500742170422,0.22031323006487685,0.012451277395714486,1.4642203333437613,6.8926306023626225,3.883601284834143,3.9316643926705908
15,mi,0.011364636663857255,1.0,10.0,1.0,0.5,4.644371901118584,0.21784376597052127,0.012321741483700311,1.8664762178028103,5.254738586184663,2.906734536086001,2.9392903416667195
15,mi,0.021544346900318846,1.0,10.0,1.0,0.5,4.647721914730278,0.21522959693403892,0.012170000087004147,2.4373915489256204,3.995892905167883,2.2057722406935603,2.227011900426993
15,mi,0.04084238652674522,1.0,10.0,1.0,0.5,4.651594015137029,0.21256063677346737,0.011993633657811482,3.2951335368658943,3.0487182875207828,1.7281064094305556,1.741376043726019
15,mi,0.07742636826811278,1.0,10.0,1.0,0.5,4.656087741041087,0.2097753340914303,0.011788433079812269,4.660185946262609,2.3543262014098523,1.4214026098250114,1.4293829093040256
15,mi,0.14677992676220705,1.0,10.0,1.0,0.5,4.661147015734262,0.20671773138100674,0.011555797258110474,6.949771514741721,1.8611383514559117,1.235741917687236,1.240380028223727
15,mi,0.2782559402207126,1.0,10.0,1.0,0.5,4.666231126457664,0.20351939257010468,0.011318447346354534,10.968131856218905,1.524765157491082,1.128764851631411,1.1313789998836254
15,mi,0.527499706370262,1.0,10.0,1.0,0.5,4.67058022894871,0.20062289012036935,0.01111175240335776,18.27295294367166,1.3066848261904667,1.0692767460088635,1.0707143085230355
15,mi,1.0,1.0,10.0,1.0,0.5,4.673762862247116,0.19839921191246462,0.010958213581893844,31.85641501636489,1.1729440983279622,1.0369414862905728,1.0377185667207574
15,surprisal,0.0031622776601683794,1.0,10.0,1.0,0.5,4.604206320715399,0.2613634520148188,0.02029285284719333,0.6749128202645298,349.25003656603116,348.2283865387135,351.7673522624904
15,surprisal,0.005623413251903491,1.0,10.0,1.0,0.5,4.616760941554986,0.24825053595069932,0.01922829026672579,0.5549274391503747,274.5318074756869,273.757515466336,277.97930991329264
15,surprisal,0.01,1.0,10.0,1.0,0.5,4.631341733910752,0.2328987577926945,0.01791969095062132,0.5648587182135737,191.81798554453223,191.50141202072095,195.53261578255345
15,surprisal,0.01778279410038923,1.0,10.0,1.0,0.5,4.631072345268723,0.2319503621976462,0.01770129576443929,0.7664019277735326,119.34555980571189,119.01763829453438,121.96930379014582
15,surprisal,0.03162277660168379,1.0,10.0,1.0,0.5,4.583871335807123,0.27659710324226644,0.020733402159897614,1.384110884636277,69.19164300020937,68.27328565340059,69.97590389252586
15,surprisal,0.05623413251903491,1.0,10.0,1.0,0.5,4.506480052434451,0.3499344359283774,0.024200821148484635,2.521795543663197,39.40690505336064,38.107267973270986,38.97168207293634
15,surprisal,0.1,1.0,10.0,1.0,0.5,4.4701475316636925,0.38427350534226323,0.023873645533928366,3.949734353248981,22.58449658758369,21.406868469595363,21.8588250905626
15,surprisal,0.1778279410038923,1.0,10.0,1.0,0.5,4.459261356871769,0.3957822711768183,0.023231882539113992,6.334789375689035,13.14400099404259,12.331393723276717,12.605920738764283
15,surprisal,0.31622776601683794,1.0,10.0,1.0,0.5,4.448561179877821,0.41030328995036175,0.023882312982706915,11.06259506545443,7.844054631495098,7.366962982386744,7.554305954881634
15,surprisal,0.5623413251903491,1.0,10.0,1.0,0.5,4.445496099143579,0.42137553390857735,0.024815447909378056,19.85170484676532,4.866627989388042,4.603332671688416,4.7321051483609
15,surprisal,1.0,1.0,10.0,1.0,0.5,4.455299180130229,0.42154302186994064,0.024950550238216896,35.09734387806106,3.193571232777319,3.0485852443861474,3.133420146698557
15,surprisal,1.7782794100389228,1.0,10.0,1.0,0.5,4.472228919649882,0.41276774495129304,0.02404074020463232,60.59866167237608,2.2505350120991956,2.1685301857199386,2.222959719044809
15,surprisal,3.1622776601683795,1.0,10.0,1.0,0.5,4.501327586981041,0.39219140299257177,0.022061666996211305,101.51570805674446,1.7149574169366877,1.6673976808890416,1.702197373053723
15,surprisal,5.623413251903491,1.0,10.0,1.0,0.5,4.55262376899266,0.35338813005844694,0.019088194865502957,163.68071764326737,1.4084693579706216,1.3808551001126286,1.4027680958335729
15,surprisal,10.0,1.0,10.0,1.0,0.5,4.616063705554865,0.3038988257481595,0.015874804240469765,257.42507425264614,1.2325842931403492,1.2167955792783174,1.230190872083157
15,surprisal,17.78279410038923,1.0,10.0,1.0,0.5,4.672465695262165,0.25868220524820845,0.013224570741383097,405.9156046062435,1.131910184449281,1.1230108358267101,1.1309739450163019
15,surprisal,31.622776601683793,1.0,10.0,1.0,0.5,4.712882676745295,0.22552102725956846,0.011391883910546307,654.9154705276067,1.07457311526699,1.0695894315587218,1.0742283008244289
15,surprisal,56.23413251903491,1.0,10.0,1.0,0.5,4.7385658712066965,0.2040864685214867,0.010244701370532596,1087.2281222202846,1.0420675898527485,1.0392794955809006,1.0419453932119753
15,surprisal,100.0,1.0,10.0,1.0,0.5,4.753919835780916,0.19112747362230245,0.009562965471993033,1849.3973977666947,1.0236993379425614,1.0221378720507468,1.023656613088217
15,surprisal_b,0.0031622776601683794,1.0,10.0,1.0,0.5,4.65659393682591,0.2089539225394131,0.01621411731496278,2.0671282472704933,416.73959381452113,416.943290208721,418.05254084586045
15,surprisal_b,0.005623413251903491,1.0,10.0,1.0,0.5,4.660608133749222,0.20477918504676668,0.0158511472378748,1.3961103906776395,364.8197823325659,365.1646135079106,366.7934118392573
15,surprisal_b,0.01,1.0,10.0,1.0,0.5,4.66639693902176,0.19869172974511404,0.015314777891277725,1.0741833200009485,293.2071960024451,293.7313113545482,295.8219165587752
15,surprisal_b,0.01778279410038923,1.0,10.0,1.0,0.5,4.671929261629151,0.19259669059168646,0.014754264575714295,1.018955062762844,209.55599445775997,210.1751768933875,212.35375265058272
15,surprisal_b,0.03162277660168379,1.0,10.0,1.0,0.5,4.666219477380626,0.19723921026612978,0.015044416507524735,1.320703322672996,132.19766580583698,132.60335399720333,134.31896466689105
15,surprisal_b,0.05623413251903491,1.0,10.0,1.0,0.5,4.61985285971817,0.24141541165786193,0.01838808331469219,2.461623202881904,76.97343825686966,76.89173077259268,77.9138662238723
15,surprisal_b,0.1,1.0,10.0,1.0,0.5,4.520942033857468,0.335866639961332,0.024335241797010607,5.144245514807176,43.982234642018945,43.5474093916032,44.06959529546639
15,surprisal_b,0.1778279410038923,1.0,10.0,1.0,0.5,4.443978012628552,0.4084931954196929,0.026227834421299837,8.694989438434298,25.27938189838142,24.783189932506573,25.050943614470032
15,surprisal_b,0.31622776601683794,1.0,10.0,1.0,0.5,4.418332186704767,0.4325572975163668,0.02544300364941922,13.373374282683216,14.706646316469863,14.317850625256254,14.47342038339279
15,surprisal_b,0.5623413251903491,1.0,10.0,1.0,0.5,4.403613432892506,0.44775484454942255,0.02566928584135792,21.924116747565854,8.728715030031866,8.479274009878285,8.583239973882037
15,surprisal_b,1.0,1.0,10.0,1.0,0.5,4.397988396741669,0.4579410456522104,0.026410287294993676,37.680410751932236,5.355033106181799,5.209133656025437,5.281558840808832
15,surprisal_b,1.7782794100389228,1.0,10.0,1.0,0.5,4.412186509331581,0.45378655642932714,0.026418983773275916,64.9939335702939,3.4547236400612924,3.37196619193537,3.4210005076990027
15,surprisal_b,3.1622776601683795,1.0,10.0,1.0,0.5,4.442251816149203,0.43610911548335635,0.025253593035738334,110.6306198686275,2.3850402463013016,2.338100442455169,2.370190367653966
15,surprisal_b,5.623413251903491,1.0,10.0,1.0,0.5,4.486965138833028,0.4044205984188332,0.02281966795230879,183.25092192553825,1.782179837760821,1.755268973184047,1.7758774803814017
15,surprisal_b,10.0,1.0,10.0,1.0,0.5,4.550768239640599,0.3557793883247901,0.019333017921420663,291.9537931799834,1.441696796705067,1.4262505796782288,1.4391596470147565
15,surprisal_b,17.78279410038923,1.0,10.0,1.0,0.5,4.620496072479968,0.30080823602913626,0.01579330252526225,454.6897838578393,1.249202684372199,1.2404174608921383,1.24823311437067
15,surprisal_b,31.622776601683793,1.0,10.0,1.0,0.5,4.677934504848824,0.2543545854320242,0.013046884535724702,714.0437528783956,1.1404443879212665,1.135492360577121,1.1400899657158086
15,surprisal_b,56.23413251903491,1.0,10.0,1.0,0.5,4.717172690058394,0.22197059152093054,0.011234912269459657,1152.8316439342477,1.0790825605354128,1.076302767189554,1.0789570538674498
15,surprisal_b,100.0,1.0,10.0,1.0,0.5,4.741405293865549,0.20168093650962265,0.010135494004892661,1918.7722007351583,1.0445055866716906,1.0429463305790947,1.0444616922925458
