subject,experiment,trial_type,trial_number,fam_duration,block_num,LT,eig_code__pooled,eig_code__within,eig_within__pooled,eig_within__within,kl__pooled,kl__within,mi__pooled,mi__within,surprisal_b__pooled,surprisal_b__within,grid__paper122,grid__bestwithin
A_1,A,background,1,0,1,25.38,17.124596931271956,17.124596931271956,20.665601113680783,20.665601113680783,2.1452735461499666,2.1452735461499666,45.46813095276162,45.46813095276162,391.02891902926314,391.2984563527694,39.103,71.1495
A_1,A,background,1,0,3,12.484,17.124596931271956,17.124596931271956,20.665601113680783,20.665601113680783,2.1452735461499666,2.1452735461499666,45.46813095276162,45.46813095276162,391.02891902926314,391.2984563527694,39.103,71.1495
A_1,A,background,5,4,2,36.593,16.45287818752446,16.45287818752446,19.673687848315648,19.673687848315648,2.0819459465716337,2.0819459465716337,43.42390295070851,43.42390295070851,388.5620086672506,389.0413990039381,24.4565,60.9075
A_1,A,deviant,5,4,4,9.134,17.135739851934314,17.135739851934314,20.532924104197445,20.532924104197445,2.1378426086308058,2.1378426086308058,45.114674838146435,45.114674838146435,390.10634728357064,390.27298084476973,47.2535,69.2415
A_1,A,deviant,9,8,5,5.764,17.0556983446869,17.0556983446869,20.498507278518975,20.498507278518975,2.1483984452737883,2.1483984452737883,45.05915984224952,45.05915984224952,390.07686023862357,390.10890888986415,37.0155,64.32900000000001
A_2,A,background,1,0,3,7.95599999999999,17.124596931271956,17.124596931271956,20.665601113680783,20.665601113680783,2.1452735461499666,2.1452735461499666,45.46813095276162,45.46813095276162,391.02891902926314,391.2984563527694,39.103,71.1495
A_2,A,background,1,0,5,4.721,17.124596931271956,17.124596931271956,20.665601113680783,20.665601113680783,2.1452735461499666,2.1452735461499666,45.46813095276162,45.46813095276162,391.02891902926314,391.2984563527694,39.103,71.1495
A_2,A,background,5,4,1,32.633,16.45287818752446,16.45287818752446,19.673687848315648,19.673687848315648,2.0819459465716337,2.0819459465716337,43.42390295070851,43.42390295070851,388.5620086672506,389.0413990039381,24.4565,60.9075
A_2,A,deviant,5,4,2,35.209,17.135739851934314,17.135739851934314,20.532924104197445,20.532924104197445,2.1378426086308058,2.1378426086308058,45.114674838146435,45.114674838146435,390.10634728357064,390.27298084476973,47.2535,69.2415
A_2,A,background,9,8,4,4.568,15.690789349267021,15.690789349267021,18.797722054306178,18.797722054306178,2.016776766792601,2.016776766792601,41.999702481007546,41.999702481007546,387.46516885060987,387.8986355448679,14.341,48.8755
A_3,A,background,1,0,5,5.477,17.124596931271956,17.124596931271956,20.665601113680783,20.665601113680783,2.1452735461499666,2.1452735461499666,45.46813095276162,45.46813095276162,391.02891902926314,391.2984563527694,39.103,71.1495
A_3,A,background,1,0,6,7.87699999999999,17.124596931271956,17.124596931271956,20.665601113680783,20.665601113680783,2.1452735461499666,2.1452735461499666,45.46813095276162,45.46813095276162,391.02891902926314,391.2984563527694,39.103,71.1495
A_3,A,deviant,5,4,1,16.103,17.135739851934314,17.135739851934314,20.532924104197445,20.532924104197445,2.1378426086308058,2.1378426086308058,45.114674838146435,45.114674838146435,390.10634728357064,390.27298084476973,47.2535,69.2415
A_3,A,background,5,4,3,6.689,16.45287818752446,16.45287818752446,19.673687848315648,19.673687848315648,2.0819459465716337,2.0819459465716337,43.42390295070851,43.42390295070851,388.5620086672506,389.0413990039381,24.4565,60.9075
A_3,A,deviant,9,8,4,11.787,17.0556983446869,17.0556983446869,20.498507278518975,20.498507278518975,2.1483984452737883,2.1483984452737883,45.05915984224952,45.05915984224952,390.07686023862357,390.10890888986415,37.0155,64.32900000000001
A_5,A,background,1,0,2,58.006,17.124596931271956,17.124596931271956,20.665601113680783,20.665601113680783,2.1452735461499666,2.1452735461499666,45.46813095276162,45.46813095276162,391.02891902926314,391.2984563527694,39.103,71.1495
A_5,A,background,1,0,4,8.905,17.124596931271956,17.124596931271956,20.665601113680783,20.665601113680783,2.1452735461499666,2.1452735461499666,45.46813095276162,45.46813095276162,391.02891902926314,391.2984563527694,39.103,71.1495
A_5,A,deviant,5,4,5,15.691,17.135739851934314,17.135739851934314,20.532924104197445,20.532924104197445,2.1378426086308058,2.1378426086308058,45.114674838146435,45.114674838146435,390.10634728357064,390.27298084476973,47.2535,69.2415
A_5,A,background,5,4,6,3.805,16.45287818752446,16.45287818752446,19.673687848315648,19.673687848315648,2.0819459465716337,2.0819459465716337,43.42390295070851,43.42390295070851,388.5620086672506,389.0413990039381,24.4565,60.9075
A_5,A,deviant,9,8,1,58.801,17.0556983446869,17.0556983446869,20.498507278518975,20.498507278518975,2.1483984452737883,2.1483984452737883,45.05915984224952,45.05915984224952,390.07686023862357,390.10890888986415,37.0155,64.32900000000001
A_5,A,background,9,8,3,11.123,15.690789349267021,15.690789349267021,18.797722054306178,18.797722054306178,2.016776766792601,2.016776766792601,41.999702481007546,41.999702481007546,387.46516885060987,387.8986355448679,14.341,48.8755
A_6,A,background,1,0,2,23.318,17.124596931271956,17.124596931271956,20.665601113680783,20.665601113680783,2.1452735461499666,2.1452735461499666,45.46813095276162,45.46813095276162,391.02891902926314,391.2984563527694,39.103,71.1495
A_6,A,background,1,0,4,8.033,17.124596931271956,17.124596931271956,20.665601113680783,20.665601113680783,2.1452735461499666,2.1452735461499666,45.46813095276162,45.46813095276162,391.02891902926314,391.2984563527694,39.103,71.1495
A_6,A,deviant,9,8,1,44.204,17.0556983446869,17.0556983446869,20.498507278518975,20.498507278518975,2.1483984452737883,2.1483984452737883,45.05915984224952,45.05915984224952,390.07686023862357,390.10890888986415,37.0155,64.32900000000001
A_6,A,background,9,8,3,2.405,15.690789349267021,15.690789349267021,18.797722054306178,18.797722054306178,2.016776766792601,2.016776766792601,41.999702481007546,41.999702481007546,387.46516885060987,387.8986355448679,14.341,48.8755
A_7,A,background,1,0,2,22.259,17.124596931271956,17.124596931271956,20.665601113680783,20.665601113680783,2.1452735461499666,2.1452735461499666,45.46813095276162,45.46813095276162,391.02891902926314,391.2984563527694,39.103,71.1495
A_7,A,background,1,0,4,7.36,17.124596931271956,17.124596931271956,20.665601113680783,20.665601113680783,2.1452735461499666,2.1452735461499666,45.46813095276162,45.46813095276162,391.02891902926314,391.2984563527694,39.103,71.1495
A_7,A,deviant,5,4,5,5.643,17.135739851934314,17.135739851934314,20.532924104197445,20.532924104197445,2.1378426086308058,2.1378426086308058,45.114674838146435,45.114674838146435,390.10634728357064,390.27298084476973,47.2535,69.2415
A_7,A,background,5,4,6,8.013,16.45287818752446,16.45287818752446,19.673687848315648,19.673687848315648,2.0819459465716337,2.0819459465716337,43.42390295070851,43.42390295070851,388.5620086672506,389.0413990039381,24.4565,60.9075
A_7,A,deviant,9,8,1,15.07,17.0556983446869,17.0556983446869,20.498507278518975,20.498507278518975,2.1483984452737883,2.1483984452737883,45.05915984224952,45.05915984224952,390.07686023862357,390.10890888986415,37.0155,64.32900000000001
A_8,A,background,1,0,1,33.645,17.124596931271956,17.124596931271956,20.665601113680783,20.665601113680783,2.1452735461499666,2.1452735461499666,45.46813095276162,45.46813095276162,391.02891902926314,391.2984563527694,39.103,71.1495
A_8,A,background,1,0,2,23.019,17.124596931271956,17.124596931271956,20.665601113680783,20.665601113680783,2.1452735461499666,2.1452735461499666,45.46813095276162,45.46813095276162,391.02891902926314,391.2984563527694,39.103,71.1495
A_8,A,background,5,4,4,32.374,16.45287818752446,16.45287818752446,19.673687848315648,19.673687848315648,2.0819459465716337,2.0819459465716337,43.42390295070851,43.42390295070851,388.5620086672506,389.0413990039381,24.4565,60.9075
A_8,A,deviant,5,4,6,12.712,17.135739851934314,17.135739851934314,20.532924104197445,20.532924104197445,2.1378426086308058,2.1378426086308058,45.114674838146435,45.114674838146435,390.10634728357064,390.27298084476973,47.2535,69.2415
A_8,A,deviant,9,8,3,38.008,17.0556983446869,17.0556983446869,20.498507278518975,20.498507278518975,2.1483984452737883,2.1483984452737883,45.05915984224952,45.05915984224952,390.07686023862357,390.10890888986415,37.0155,64.32900000000001
A_8,A,background,9,8,5,40.449,15.690789349267021,15.690789349267021,18.797722054306178,18.797722054306178,2.016776766792601,2.016776766792601,41.999702481007546,41.999702481007546,387.46516885060987,387.8986355448679,14.341,48.8755
A_9,A,background,1,0,1,26.735,17.124596931271956,17.124596931271956,20.665601113680783,20.665601113680783,2.1452735461499666,2.1452735461499666,45.46813095276162,45.46813095276162,391.02891902926314,391.2984563527694,39.103,71.1495
A_9,A,background,1,0,3,9.62899999999999,17.124596931271956,17.124596931271956,20.665601113680783,20.665601113680783,2.1452735461499666,2.1452735461499666,45.46813095276162,45.46813095276162,391.02891902926314,391.2984563527694,39.103,71.1495
A_9,A,background,5,4,2,8.15,16.45287818752446,16.45287818752446,19.673687848315648,19.673687848315648,2.0819459465716337,2.0819459465716337,43.42390295070851,43.42390295070851,388.5620086672506,389.0413990039381,24.4565,60.9075
A_9,A,deviant,5,4,4,4.66,17.135739851934314,17.135739851934314,20.532924104197445,20.532924104197445,2.1378426086308058,2.1378426086308058,45.114674838146435,45.114674838146435,390.10634728357064,390.27298084476973,47.2535,69.2415
A_9,A,deviant,9,8,5,4.423,17.0556983446869,17.0556983446869,20.498507278518975,20.498507278518975,2.1483984452737883,2.1483984452737883,45.05915984224952,45.05915984224952,390.07686023862357,390.10890888986415,37.0155,64.32900000000001
A_9,A,background,9,8,6,3.885,15.690789349267021,15.690789349267021,18.797722054306178,18.797722054306178,2.016776766792601,2.016776766792601,41.999702481007546,41.999702481007546,387.46516885060987,387.8986355448679,14.341,48.8755
A_10,A,background,1,0,3,11.42,17.124596931271956,17.124596931271956,20.665601113680783,20.665601113680783,2.1452735461499666,2.1452735461499666,45.46813095276162,45.46813095276162,391.02891902926314,391.2984563527694,39.103,71.1495
A_10,A,background,1,0,5,5.936,17.124596931271956,17.124596931271956,20.665601113680783,20.665601113680783,2.1452735461499666,2.1452735461499666,45.46813095276162,45.46813095276162,391.02891902926314,391.2984563527694,39.103,71.1495
A_10,A,background,5,4,1,9.157,16.45287818752446,16.45287818752446,19.673687848315648,19.673687848315648,2.0819459465716337,2.0819459465716337,43.42390295070851,43.42390295070851,388.5620086672506,389.0413990039381,24.4565,60.9075
A_10,A,deviant,5,4,2,15.1,17.135739851934314,17.135739851934314,20.532924104197445,20.532924104197445,2.1378426086308058,2.1378426086308058,45.114674838146435,45.114674838146435,390.10634728357064,390.27298084476973,47.2535,69.2415
A_11,A,background,1,0,5,23.253,17.124596931271956,17.124596931271956,20.665601113680783,20.665601113680783,2.1452735461499666,2.1452735461499666,45.46813095276162,45.46813095276162,391.02891902926314,391.2984563527694,39.103,71.1495
A_11,A,background,1,0,6,22.519,17.124596931271956,17.124596931271956,20.665601113680783,20.665601113680783,2.1452735461499666,2.1452735461499666,45.46813095276162,45.46813095276162,391.02891902926314,391.2984563527694,39.103,71.1495
A_11,A,deviant,5,4,1,30.998,17.135739851934314,17.135739851934314,20.532924104197445,20.532924104197445,2.1378426086308058,2.1378426086308058,45.114674838146435,45.114674838146435,390.10634728357064,390.27298084476973,47.2535,69.2415
A_11,A,background,5,4,3,52.815,16.45287818752446,16.45287818752446,19.673687848315648,19.673687848315648,2.0819459465716337,2.0819459465716337,43.42390295070851,43.42390295070851,388.5620086672506,389.0413990039381,24.4565,60.9075
A_11,A,background,9,8,2,14.291,15.690789349267021,15.690789349267021,18.797722054306178,18.797722054306178,2.016776766792601,2.016776766792601,41.999702481007546,41.999702481007546,387.46516885060987,387.8986355448679,14.341,48.8755
A_11,A,deviant,9,8,4,21.826,17.0556983446869,17.0556983446869,20.498507278518975,20.498507278518975,2.1483984452737883,2.1483984452737883,45.05915984224952,45.05915984224952,390.07686023862357,390.10890888986415,37.0155,64.32900000000001
A_12,A,background,1,0,1,15.96,17.124596931271956,17.124596931271956,20.665601113680783,20.665601113680783,2.1452735461499666,2.1452735461499666,45.46813095276162,45.46813095276162,391.02891902926314,391.2984563527694,39.103,71.1495
A_12,A,background,1,0,2,34.552,17.124596931271956,17.124596931271956,20.665601113680783,20.665601113680783,2.1452735461499666,2.1452735461499666,45.46813095276162,45.46813095276162,391.02891902926314,391.2984563527694,39.103,71.1495
A_12,A,background,5,4,4,7.464,16.45287818752446,16.45287818752446,19.673687848315648,19.673687848315648,2.0819459465716337,2.0819459465716337,43.42390295070851,43.42390295070851,388.5620086672506,389.0413990039381,24.4565,60.9075
A_12,A,deviant,5,4,6,18.927,17.135739851934314,17.135739851934314,20.532924104197445,20.532924104197445,2.1378426086308058,2.1378426086308058,45.114674838146435,45.114674838146435,390.10634728357064,390.27298084476973,47.2535,69.2415
A_12,A,background,9,8,5,22.457,15.690789349267021,15.690789349267021,18.797722054306178,18.797722054306178,2.016776766792601,2.016776766792601,41.999702481007546,41.999702481007546,387.46516885060987,387.8986355448679,14.341,48.8755
A_13,A,background,1,0,5,7.358,17.124596931271956,17.124596931271956,20.665601113680783,20.665601113680783,2.1452735461499666,2.1452735461499666,45.46813095276162,45.46813095276162,391.02891902926314,391.2984563527694,39.103,71.1495
A_13,A,background,1,0,6,2.241,17.124596931271956,17.124596931271956,20.665601113680783,20.665601113680783,2.1452735461499666,2.1452735461499666,45.46813095276162,45.46813095276162,391.02891902926314,391.2984563527694,39.103,71.1495
A_13,A,deviant,5,4,1,4.513,17.135739851934314,17.135739851934314,20.532924104197445,20.532924104197445,2.1378426086308058,2.1378426086308058,45.114674838146435,45.114674838146435,390.10634728357064,390.27298084476973,47.2535,69.2415
A_13,A,background,5,4,3,2.882,16.45287818752446,16.45287818752446,19.673687848315648,19.673687848315648,2.0819459465716337,2.0819459465716337,43.42390295070851,43.42390295070851,388.5620086672506,389.0413990039381,24.4565,60.9075
A_13,A,background,9,8,2,3.457,15.690789349267021,15.690789349267021,18.797722054306178,18.797722054306178,2.016776766792601,2.016776766792601,41.999702481007546,41.999702481007546,387.46516885060987,387.8986355448679,14.341,48.8755
A_13,A,deviant,9,8,4,3.481,17.0556983446869,17.0556983446869,20.498507278518975,20.498507278518975,2.1483984452737883,2.1483984452737883,45.05915984224952,45.05915984224952,390.07686023862357,390.10890888986415,37.0155,64.32900000000001
A_14,A,background,1,0,4,17.305,17.124596931271956,17.124596931271956,20.665601113680783,20.665601113680783,2.1452735461499666,2.1452735461499666,45.46813095276162,45.46813095276162,391.02891902926314,391.2984563527694,39.103,71.1495
A_14,A,background,1,0,6,7.356,17.124596931271956,17.124596931271956,20.665601113680783,20.665601113680783,2.1452735461499666,2.1452735461499666,45.46813095276162,45.46813095276162,391.02891902926314,391.2984563527694,39.103,71.1495
A_14,A,deviant,5,4,3,6.789,17.135739851934314,17.135739851934314,20.532924104197445,20.532924104197445,2.1378426086308058,2.1378426086308058,45.114674838146435,45.114674838146435,390.10634728357064,390.27298084476973,47.2535,69.2415
A_14,A,background,9,8,1,7.992,15.690789349267021,15.690789349267021,18.797722054306178,18.797722054306178,2.016776766792601,2.016776766792601,41.999702481007546,41.999702481007546,387.46516885060987,387.8986355448679,14.341,48.8755
A_14,A,deviant,9,8,2,24.29,17.0556983446869,17.0556983446869,20.498507278518975,20.498507278518975,2.1483984452737883,2.1483984452737883,45.05915984224952,45.05915984224952,390.07686023862357,390.10890888986415,37.0155,64.32900000000001
A_15,A,background,1,0,5,54.091,17.124596931271956,17.124596931271956,20.665601113680783,20.665601113680783,2.1452735461499666,2.1452735461499666,45.46813095276162,45.46813095276162,391.02891902926314,391.2984563527694,39.103,71.1495
A_15,A,background,1,0,6,8.759,17.124596931271956,17.124596931271956,20.665601113680783,20.665601113680783,2.1452735461499666,2.1452735461499666,45.46813095276162,45.46813095276162,391.02891902926314,391.2984563527694,39.103,71.1495
A_15,A,deviant,5,4,1,10.154,17.135739851934314,17.135739851934314,20.532924104197445,20.532924104197445,2.1378426086308058,2.1378426086308058,45.114674838146435,45.114674838146435,390.10634728357064,390.27298084476973,47.2535,69.2415
A_15,A,background,5,4,3,13.112,16.45287818752446,16.45287818752446,19.673687848315648,19.673687848315648,2.0819459465716337,2.0819459465716337,43.42390295070851,43.42390295070851,388.5620086672506,389.0413990039381,24.4565,60.9075
A_15,A,background,9,8,2,4.595,15.690789349267021,15.690789349267021,18.797722054306178,18.797722054306178,2.016776766792601,2.016776766792601,41.999702481007546,41.999702481007546,387.46516885060987,387.8986355448679,14.341,48.8755
A_16,A,background,1,0,3,56.448,17.124596931271956,17.124596931271956,20.665601113680783,20.665601113680783,2.1452735461499666,2.1452735461499666,45.46813095276162,45.46813095276162,391.02891902926314,391.2984563527694,39.103,71.1495
A_16,A,background,1,0,5,26.836,17.124596931271956,17.124596931271956,20.665601113680783,20.665601113680783,2.1452735461499666,2.1452735461499666,45.46813095276162,45.46813095276162,391.02891902926314,391.2984563527694,39.103,71.1495
A_16,A,background,5,4,1,33.921,16.45287818752446,16.45287818752446,19.673687848315648,19.673687848315648,2.0819459465716337,2.0819459465716337,43.42390295070851,43.42390295070851,388.5620086672506,389.0413990039381,24.4565,60.9075
A_16,A,deviant,5,4,2,2.643,17.135739851934314,17.135739851934314,20.532924104197445,20.532924104197445,2.1378426086308058,2.1378426086308058,45.114674838146435,45.114674838146435,390.10634728357064,390.27298084476973,47.2535,69.2415
A_16,A,background,9,8,4,27.045,15.690789349267021,15.690789349267021,18.797722054306178,18.797722054306178,2.016776766792601,2.016776766792601,41.999702481007546,41.999702481007546,387.46516885060987,387.8986355448679,14.341,48.8755
A_16,A,deviant,9,8,6,31.109,17.0556983446869,17.0556983446869,20.498507278518975,20.498507278518975,2.1483984452737883,2.1483984452737883,45.05915984224952,45.05915984224952,390.07686023862357,390.10890888986415,37.0155,64.32900000000001
A_17,A,background,1,0,1,44.785,17.124596931271956,17.124596931271956,20.665601113680783,20.665601113680783,2.1452735461499666,2.1452735461499666,45.46813095276162,45.46813095276162,391.02891902926314,391.2984563527694,39.103,71.1495
A_17,A,background,1,0,2,20.521,17.124596931271956,17.124596931271956,20.665601113680783,20.665601113680783,2.1452735461499666,2.1452735461499666,45.46813095276162,45.46813095276162,391.02891902926314,391.2984563527694,39.103,71.1495
A_17,A,background,5,4,4,20.943,16.45287818752446,16.45287818752446,19.673687848315648,19.673687848315648,2.0819459465716337,2.0819459465716337,43.42390295070851,43.42390295070851,388.5620086672506,389.0413990039381,24.4565,60.9075
A_17,A,deviant,5,4,6,22.696,17.135739851934314,17.135739851934314,20.532924104197445,20.532924104197445,2.1378426086308058,2.1378426086308058,45.114674838146435,45.114674838146435,390.10634728357064,390.27298084476973,47.2535,69.2415
A_17,A,deviant,9,8,3,13.905,17.0556983446869,17.0556983446869,20.498507278518975,20.498507278518975,2.1483984452737883,2.1483984452737883,45.05915984224952,45.05915984224952,390.07686023862357,390.10890888986415,37.0155,64.32900000000001
A_17,A,background,9,8,5,7.012,15.690789349267021,15.690789349267021,18.797722054306178,18.797722054306178,2.016776766792601,2.016776766792601,41.999702481007546,41.999702481007546,387.46516885060987,387.8986355448679,14.341,48.8755
A_18,A,background,1,0,4,41.359,17.124596931271956,17.124596931271956,20.665601113680783,20.665601113680783,2.1452735461499666,2.1452735461499666,45.46813095276162,45.46813095276162,391.02891902926314,391.2984563527694,39.103,71.1495
A_18,A,background,1,0,6,11.453,17.124596931271956,17.124596931271956,20.665601113680783,20.665601113680783,2.1452735461499666,2.1452735461499666,45.46813095276162,45.46813095276162,391.02891902926314,391.2984563527694,39.103,71.1495
A_18,A,deviant,5,4,3,23.686,17.135739851934314,17.135739851934314,20.532924104197445,20.532924104197445,2.1378426086308058,2.1378426086308058,45.114674838146435,45.114674838146435,390.10634728357064,390.27298084476973,47.2535,69.2415
A_18,A,background,5,4,5,47.207,16.45287818752446,16.45287818752446,19.673687848315648,19.673687848315648,2.0819459465716337,2.0819459465716337,43.42390295070851,43.42390295070851,388.5620086672506,389.0413990039381,24.4565,60.9075
A_18,A,background,9,8,1,20.854,15.690789349267021,15.690789349267021,18.797722054306178,18.797722054306178,2.016776766792601,2.016776766792601,41.999702481007546,41.999702481007546,387.46516885060987,387.8986355448679,14.341,48.8755
A_18,A,deviant,9,8,2,15.733,17.0556983446869,17.0556983446869,20.498507278518975,20.498507278518975,2.1483984452737883,2.1483984452737883,45.05915984224952,45.05915984224952,390.07686023862357,390.10890888986415,37.0155,64.32900000000001
A_19,A,background,1,0,6,11.771,17.124596931271956,17.124596931271956,20.665601113680783,20.665601113680783,2.1452735461499666,2.1452735461499666,45.46813095276162,45.46813095276162,391.02891902926314,391.2984563527694,39.103,71.1495
A_19,A,deviant,5,4,3,14.076,17.135739851934314,17.135739851934314,20.532924104197445,20.532924104197445,2.1378426086308058,2.1378426086308058,45.114674838146435,45.114674838146435,390.10634728357064,390.27298084476973,47.2535,69.2415
A_19,A,background,9,8,1,11.115,15.690789349267021,15.690789349267021,18.797722054306178,18.797722054306178,2.016776766792601,2.016776766792601,41.999702481007546,41.999702481007546,387.46516885060987,387.8986355448679,14.341,48.8755
A_19,A,deviant,9,8,2,10.262,17.0556983446869,17.0556983446869,20.498507278518975,20.498507278518975,2.1483984452737883,2.1483984452737883,45.05915984224952,45.05915984224952,390.07686023862357,390.10890888986415,37.0155,64.32900000000001
A_20,A,background,1,0,3,14.035,17.124596931271956,17.124596931271956,20.665601113680783,20.665601113680783,2.1452735461499666,2.1452735461499666,45.46813095276162,45.46813095276162,391.02891902926314,391.2984563527694,39.103,71.1495
A_20,A,background,1,0,5,18.931,17.124596931271956,17.124596931271956,20.665601113680783,20.665601113680783,2.1452735461499666,2.1452735461499666,45.46813095276162,45.46813095276162,391.02891902926314,391.2984563527694,39.103,71.1495
A_20,A,background,5,4,1,27.884,16.45287818752446,16.45287818752446,19.673687848315648,19.673687848315648,2.0819459465716337,2.0819459465716337,43.42390295070851,43.42390295070851,388.5620086672506,389.0413990039381,24.4565,60.9075
A_20,A,deviant,5,4,2,27.692,17.135739851934314,17.135739851934314,20.532924104197445,20.532924104197445,2.1378426086308058,2.1378426086308058,45.114674838146435,45.114674838146435,390.10634728357064,390.27298084476973,47.2535,69.2415
A_20,A,background,9,8,4,10.981,15.690789349267021,15.690789349267021,18.797722054306178,18.797722054306178,2.016776766792601,2.016776766792601,41.999702481007546,41.999702481007546,387.46516885060987,387.8986355448679,14.341,48.8755
A_20,A,deviant,9,8,6,7.996,17.0556983446869,17.0556983446869,20.498507278518975,20.498507278518975,2.1483984452737883,2.1483984452737883,45.05915984224952,45.05915984224952,390.07686023862357,390.10890888986415,37.0155,64.32900000000001
A_21,A,background,1,0,1,12.809,17.124596931271956,17.124596931271956,20.665601113680783,20.665601113680783,2.1452735461499666,2.1452735461499666,45.46813095276162,45.46813095276162,391.02891902926314,391.2984563527694,39.103,71.1495
A_21,A,background,5,4,4,13.789,16.45287818752446,16.45287818752446,19.673687848315648,19.673687848315648,2.0819459465716337,2.0819459465716337,43.42390295070851,43.42390295070851,388.5620086672506,389.0413990039381,24.4565,60.9075
A_21,A,deviant,5,4,6,16.152,17.135739851934314,17.135739851934314,20.532924104197445,20.532924104197445,2.1378426086308058,2.1378426086308058,45.114674838146435,45.114674838146435,390.10634728357064,390.27298084476973,47.2535,69.2415
A_21,A,deviant,9,8,3,17.309,17.0556983446869,17.0556983446869,20.498507278518975,20.498507278518975,2.1483984452737883,2.1483984452737883,45.05915984224952,45.05915984224952,390.07686023862357,390.10890888986415,37.0155,64.32900000000001
A_21,A,background,9,8,5,2.851,15.690789349267021,15.690789349267021,18.797722054306178,18.797722054306178,2.016776766792601,2.016776766792601,41.999702481007546,41.999702481007546,387.46516885060987,387.8986355448679,14.341,48.8755
A_22,A,background,1,0,1,24.193,17.124596931271956,17.124596931271956,20.665601113680783,20.665601113680783,2.1452735461499666,2.1452735461499666,45.46813095276162,45.46813095276162,391.02891902926314,391.2984563527694,39.103,71.1495
A_22,A,background,1,0,2,40.942,17.124596931271956,17.124596931271956,20.665601113680783,20.665601113680783,2.1452735461499666,2.1452735461499666,45.46813095276162,45.46813095276162,391.02891902926314,391.2984563527694,39.103,71.1495
A_22,A,background,5,4,4,45.985,16.45287818752446,16.45287818752446,19.673687848315648,19.673687848315648,2.0819459465716337,2.0819459465716337,43.42390295070851,43.42390295070851,388.5620086672506,389.0413990039381,24.4565,60.9075
A_22,A,deviant,5,4,6,17.933,17.135739851934314,17.135739851934314,20.532924104197445,20.532924104197445,2.1378426086308058,2.1378426086308058,45.114674838146435,45.114674838146435,390.10634728357064,390.27298084476973,47.2535,69.2415
A_22,A,deviant,9,8,3,51.623,17.0556983446869,17.0556983446869,20.498507278518975,20.498507278518975,2.1483984452737883,2.1483984452737883,45.05915984224952,45.05915984224952,390.07686023862357,390.10890888986415,37.0155,64.32900000000001
A_23,A,background,1,0,1,18.638,17.124596931271956,17.124596931271956,20.665601113680783,20.665601113680783,2.1452735461499666,2.1452735461499666,45.46813095276162,45.46813095276162,391.02891902926314,391.2984563527694,39.103,71.1495
A_23,A,background,1,0,3,25.668,17.124596931271956,17.124596931271956,20.665601113680783,20.665601113680783,2.1452735461499666,2.1452735461499666,45.46813095276162,45.46813095276162,391.02891902926314,391.2984563527694,39.103,71.1495
A_23,A,background,5,4,2,12.077,16.45287818752446,16.45287818752446,19.673687848315648,19.673687848315648,2.0819459465716337,2.0819459465716337,43.42390295070851,43.42390295070851,388.5620086672506,389.0413990039381,24.4565,60.9075
A_23,A,deviant,5,4,4,5.46199999999999,17.135739851934314,17.135739851934314,20.532924104197445,20.532924104197445,2.1378426086308058,2.1378426086308058,45.114674838146435,45.114674838146435,390.10634728357064,390.27298084476973,47.2535,69.2415
A_23,A,deviant,9,8,5,3.131,17.0556983446869,17.0556983446869,20.498507278518975,20.498507278518975,2.1483984452737883,2.1483984452737883,45.05915984224952,45.05915984224952,390.07686023862357,390.10890888986415,37.0155,64.32900000000001
A_23,A,background,9,8,6,5.292,15.690789349267021,15.690789349267021,18.797722054306178,18.797722054306178,2.016776766792601,2.016776766792601,41.999702481007546,41.999702481007546,387.46516885060987,387.8986355448679,14.341,48.8755
A_24,A,background,1,0,5,12.022,17.124596931271956,17.124596931271956,20.665601113680783,20.665601113680783,2.1452735461499666,2.1452735461499666,45.46813095276162,45.46813095276162,391.02891902926314,391.2984563527694,39.103,71.1495
A_24,A,background,1,0,6,10.761,17.124596931271956,17.124596931271956,20.665601113680783,20.665601113680783,2.1452735461499666,2.1452735461499666,45.46813095276162,45.46813095276162,391.02891902926314,391.2984563527694,39.103,71.1495
A_24,A,deviant,5,4,1,23.568,17.135739851934314,17.135739851934314,20.532924104197445,20.532924104197445,2.1378426086308058,2.1378426086308058,45.114674838146435,45.114674838146435,390.10634728357064,390.27298084476973,47.2535,69.2415
A_24,A,background,5,4,3,3.724,16.45287818752446,16.45287818752446,19.673687848315648,19.673687848315648,2.0819459465716337,2.0819459465716337,43.42390295070851,43.42390295070851,388.5620086672506,389.0413990039381,24.4565,60.9075
A_24,A,background,9,8,2,3.769,15.690789349267021,15.690789349267021,18.797722054306178,18.797722054306178,2.016776766792601,2.016776766792601,41.999702481007546,41.999702481007546,387.46516885060987,387.8986355448679,14.341,48.8755
A_24,A,deviant,9,8,4,16.951,17.0556983446869,17.0556983446869,20.498507278518975,20.498507278518975,2.1483984452737883,2.1483984452737883,45.05915984224952,45.05915984224952,390.07686023862357,390.10890888986415,37.0155,64.32900000000001
A_25,A,background,1,0,6,9.27099999999999,17.124596931271956,17.124596931271956,20.665601113680783,20.665601113680783,2.1452735461499666,2.1452735461499666,45.46813095276162,45.46813095276162,391.02891902926314,391.2984563527694,39.103,71.1495
A_25,A,background,5,4,5,4.319,16.45287818752446,16.45287818752446,19.673687848315648,19.673687848315648,2.0819459465716337,2.0819459465716337,43.42390295070851,43.42390295070851,388.5620086672506,389.0413990039381,24.4565,60.9075
A_25,A,background,9,8,1,6.041,15.690789349267021,15.690789349267021,18.797722054306178,18.797722054306178,2.016776766792601,2.016776766792601,41.999702481007546,41.999702481007546,387.46516885060987,387.8986355448679,14.341,48.8755
A_25,A,deviant,9,8,2,22.639,17.0556983446869,17.0556983446869,20.498507278518975,20.498507278518975,2.1483984452737883,2.1483984452737883,45.05915984224952,45.05915984224952,390.07686023862357,390.10890888986415,37.0155,64.32900000000001
A_26,A,background,1,0,3,15.511,17.124596931271956,17.124596931271956,20.665601113680783,20.665601113680783,2.1452735461499666,2.1452735461499666,45.46813095276162,45.46813095276162,391.02891902926314,391.2984563527694,39.103,71.1495
A_26,A,background,5,4,2,30.547,16.45287818752446,16.45287818752446,19.673687848315648,19.673687848315648,2.0819459465716337,2.0819459465716337,43.42390295070851,43.42390295070851,388.5620086672506,389.0413990039381,24.4565,60.9075
A_26,A,deviant,9,8,5,12.618,17.0556983446869,17.0556983446869,20.498507278518975,20.498507278518975,2.1483984452737883,2.1483984452737883,45.05915984224952,45.05915984224952,390.07686023862357,390.10890888986415,37.0155,64.32900000000001
A_26,A,background,9,8,6,4.877,15.690789349267021,15.690789349267021,18.797722054306178,18.797722054306178,2.016776766792601,2.016776766792601,41.999702481007546,41.999702481007546,387.46516885060987,387.8986355448679,14.341,48.8755
A_28,A,background,1,0,2,12.747,17.124596931271956,17.124596931271956,20.665601113680783,20.665601113680783,2.1452735461499666,2.1452735461499666,45.46813095276162,45.46813095276162,391.02891902926314,391.2984563527694,39.103,71.1495
A_28,A,background,1,0,4,11.189,17.124596931271956,17.124596931271956,20.665601113680783,20.665601113680783,2.1452735461499666,2.1452735461499666,45.46813095276162,45.46813095276162,391.02891902926314,391.2984563527694,39.103,71.1495
A_28,A,deviant,5,4,5,25.334,17.135739851934314,17.135739851934314,20.532924104197445,20.532924104197445,2.1378426086308058,2.1378426086308058,45.114674838146435,45.114674838146435,390.10634728357064,390.27298084476973,47.2535,69.2415
A_28,A,background,5,4,6,12.372,16.45287818752446,16.45287818752446,19.673687848315648,19.673687848315648,2.0819459465716337,2.0819459465716337,43.42390295070851,43.42390295070851,388.5620086672506,389.0413990039381,24.4565,60.9075
A_28,A,deviant,9,8,1,60.0,17.0556983446869,17.0556983446869,20.498507278518975,20.498507278518975,2.1483984452737883,2.1483984452737883,45.05915984224952,45.05915984224952,390.07686023862357,390.10890888986415,37.0155,64.32900000000001
A_28,A,background,9,8,3,2.798,15.690789349267021,15.690789349267021,18.797722054306178,18.797722054306178,2.016776766792601,2.016776766792601,41.999702481007546,41.999702481007546,387.46516885060987,387.8986355448679,14.341,48.8755
A_29,A,background,1,0,5,28.013,17.124596931271956,17.124596931271956,20.665601113680783,20.665601113680783,2.1452735461499666,2.1452735461499666,45.46813095276162,45.46813095276162,391.02891902926314,391.2984563527694,39.103,71.1495
A_29,A,background,1,0,6,5.773,17.124596931271956,17.124596931271956,20.665601113680783,20.665601113680783,2.1452735461499666,2.1452735461499666,45.46813095276162,45.46813095276162,391.02891902926314,391.2984563527694,39.103,71.1495
A_29,A,deviant,5,4,1,3.272,17.135739851934314,17.135739851934314,20.532924104197445,20.532924104197445,2.1378426086308058,2.1378426086308058,45.114674838146435,45.114674838146435,390.10634728357064,390.27298084476973,47.2535,69.2415
A_29,A,background,5,4,3,9.261,16.45287818752446,16.45287818752446,19.673687848315648,19.673687848315648,2.0819459465716337,2.0819459465716337,43.42390295070851,43.42390295070851,388.5620086672506,389.0413990039381,24.4565,60.9075
A_29,A,background,9,8,2,2.269,15.690789349267021,15.690789349267021,18.797722054306178,18.797722054306178,2.016776766792601,2.016776766792601,41.999702481007546,41.999702481007546,387.46516885060987,387.8986355448679,14.341,48.8755
A_29,A,deviant,9,8,4,27.45,17.0556983446869,17.0556983446869,20.498507278518975,20.498507278518975,2.1483984452737883,2.1483984452737883,45.05915984224952,45.05915984224952,390.07686023862357,390.10890888986415,37.0155,64.32900000000001
A_30,A,background,1,0,1,48.657,17.124596931271956,17.124596931271956,20.665601113680783,20.665601113680783,2.1452735461499666,2.1452735461499666,45.46813095276162,45.46813095276162,391.02891902926314,391.2984563527694,39.103,71.1495
A_30,A,background,1,0,3,48.377,17.124596931271956,17.124596931271956,20.665601113680783,20.665601113680783,2.1452735461499666,2.1452735461499666,45.46813095276162,45.46813095276162,391.02891902926314,391.2984563527694,39.103,71.1495
A_30,A,background,5,4,2,47.078,16.45287818752446,16.45287818752446,19.673687848315648,19.673687848315648,2.0819459465716337,2.0819459465716337,43.42390295070851,43.42390295070851,388.5620086672506,389.0413990039381,24.4565,60.9075
A_30,A,deviant,5,4,4,31.028,17.135739851934314,17.135739851934314,20.532924104197445,20.532924104197445,2.1378426086308058,2.1378426086308058,45.114674838146435,45.114674838146435,390.10634728357064,390.27298084476973,47.2535,69.2415
A_30,A,deviant,9,8,5,15.853,17.0556983446869,17.0556983446869,20.498507278518975,20.498507278518975,2.1483984452737883,2.1483984452737883,45.05915984224952,45.05915984224952,390.07686023862357,390.10890888986415,37.0155,64.32900000000001
A_30,A,background,9,8,6,9.97799999999999,15.690789349267021,15.690789349267021,18.797722054306178,18.797722054306178,2.016776766792601,2.016776766792601,41.999702481007546,41.999702481007546,387.46516885060987,387.8986355448679,14.341,48.8755
A_32,A,background,1,0,3,12.281,17.124596931271956,17.124596931271956,20.665601113680783,20.665601113680783,2.1452735461499666,2.1452735461499666,45.46813095276162,45.46813095276162,391.02891902926314,391.2984563527694,39.103,71.1495
A_32,A,background,1,0,5,9.87099999999999,17.124596931271956,17.124596931271956,20.665601113680783,20.665601113680783,2.1452735461499666,2.1452735461499666,45.46813095276162,45.46813095276162,391.02891902926314,391.2984563527694,39.103,71.1495
A_32,A,background,5,4,1,23.212,16.45287818752446,16.45287818752446,19.673687848315648,19.673687848315648,2.0819459465716337,2.0819459465716337,43.42390295070851,43.42390295070851,388.5620086672506,389.0413990039381,24.4565,60.9075
A_32,A,deviant,5,4,2,13.093,17.135739851934314,17.135739851934314,20.532924104197445,20.532924104197445,2.1378426086308058,2.1378426086308058,45.114674838146435,45.114674838146435,390.10634728357064,390.27298084476973,47.2535,69.2415
A_32,A,deviant,9,8,6,7.77,17.0556983446869,17.0556983446869,20.498507278518975,20.498507278518975,2.1483984452737883,2.1483984452737883,45.05915984224952,45.05915984224952,390.07686023862357,390.10890888986415,37.0155,64.32900000000001
B_1,B,deviant,2,1,1,27.744,17.127300851255814,17.127300851255814,20.57489009979307,20.57489009979307,2.135809336387272,2.135809336387272,45.195803099616164,45.195803099616164,390.46852671712924,390.72630875165606,45.774,72.378
B_1,B,background,4,3,3,7.81599999999999,16.64911189350777,16.64911189350777,19.91789067054472,19.91789067054472,2.095010848102898,2.095010848102898,43.85733336638341,43.85733336638341,388.9773573192961,389.45257617074367,27.576020408163263,62.9335
B_1,B,deviant,10,9,2,22.253,17.03235296089728,17.03235296089728,20.492494477464387,20.492494477464387,2.15104418089738,2.15104418089738,45.039596167163616,45.039596167163616,390.08726750614454,390.095540924543,37.52424242424242,61.567
B_1,B,background,10,9,4,4.728,15.512058975618965,15.512058975618965,18.601275771415125,18.601275771415125,1.997520424253527,1.997520424253527,41.69970038735255,41.69970038735255,387.2746293789011,387.69305350349265,13.3785,49.1555
B_2,B,background,2,1,2,6.604,17.006987921504088,17.006987921504088,20.424478463682785,20.424478463682785,2.121831849034423,2.121831849034423,44.86599646112938,44.86599646112938,390.1521545834859,390.54640301708815,35.2765,69.3295
B_2,B,background,4,3,1,3.87,16.64911189350777,16.64911189350777,19.91789067054472,19.91789067054472,2.095010848102898,2.095010848102898,43.85733336638341,43.85733336638341,388.9773573192961,389.45257617074367,27.576020408163263,62.9335
B_2,B,deviant,4,3,3,3.601,17.14694253722937,17.14694253722937,20.546263897386684,20.546263897386684,2.135971329711627,2.135971329711627,45.12918126425893,45.12918126425893,390.164243109521,390.3709486165845,44.9215,65.679
B_2,B,deviant,10,9,4,10.969,17.03235296089728,17.03235296089728,20.492494477464387,20.492494477464387,2.15104418089738,2.15104418089738,45.039596167163616,45.039596167163616,390.08726750614454,390.095540924543,37.52424242424242,61.567
B_2,B,background,10,9,5,4.113,15.512058975618965,15.512058975618965,18.601275771415125,18.601275771415125,1.997520424253527,1.997520424253527,41.69970038735255,41.69970038735255,387.2746293789011,387.69305350349265,13.3785,49.1555
B_3,B,background,2,1,2,53.927,17.006987921504088,17.006987921504088,20.424478463682785,20.424478463682785,2.121831849034423,2.121831849034423,44.86599646112938,44.86599646112938,390.1521545834859,390.54640301708815,35.2765,69.3295
B_3,B,background,4,3,1,50.484,16.64911189350777,16.64911189350777,19.91789067054472,19.91789067054472,2.095010848102898,2.095010848102898,43.85733336638341,43.85733336638341,388.9773573192961,389.45257617074367,27.576020408163263,62.9335
B_3,B,deviant,4,3,3,43.855,17.14694253722937,17.14694253722937,20.546263897386684,20.546263897386684,2.135971329711627,2.135971329711627,45.12918126425893,45.12918126425893,390.164243109521,390.3709486165845,44.9215,65.679
B_3,B,deviant,10,9,4,5.551,17.03235296089728,17.03235296089728,20.492494477464387,20.492494477464387,2.15104418089738,2.15104418089738,45.039596167163616,45.039596167163616,390.08726750614454,390.095540924543,37.52424242424242,61.567
B_3,B,background,10,9,5,4.201,15.512058975618965,15.512058975618965,18.601275771415125,18.601275771415125,1.997520424253527,1.997520424253527,41.69970038735255,41.69970038735255,387.2746293789011,387.69305350349265,13.3785,49.1555
B_4,B,deviant,2,1,2,22.221,17.127300851255814,17.127300851255814,20.57489009979307,20.57489009979307,2.135809336387272,2.135809336387272,45.195803099616164,45.195803099616164,390.46852671712924,390.72630875165606,45.774,72.378
B_4,B,background,2,1,4,25.22,17.006987921504088,17.006987921504088,20.424478463682785,20.424478463682785,2.121831849034423,2.121831849034423,44.86599646112938,44.86599646112938,390.1521545834859,390.54640301708815,35.2765,69.3295
B_4,B,deviant,4,3,1,11.591,17.14694253722937,17.14694253722937,20.546263897386684,20.546263897386684,2.135971329711627,2.135971329711627,45.12918126425893,45.12918126425893,390.164243109521,390.3709486165845,44.9215,65.679
B_4,B,background,10,9,3,11.922,15.512058975618965,15.512058975618965,18.601275771415125,18.601275771415125,1.997520424253527,1.997520424253527,41.69970038735255,41.69970038735255,387.2746293789011,387.69305350349265,13.3785,49.1555
B_4,B,deviant,10,9,5,12.8,17.03235296089728,17.03235296089728,20.492494477464387,20.492494477464387,2.15104418089738,2.15104418089738,45.039596167163616,45.039596167163616,390.08726750614454,390.095540924543,37.52424242424242,61.567
B_5,B,deviant,2,1,4,5.31,17.127300851255814,17.127300851255814,20.57489009979307,20.57489009979307,2.135809336387272,2.135809336387272,45.195803099616164,45.195803099616164,390.46852671712924,390.72630875165606,45.774,72.378
B_5,B,background,2,1,5,2.869,17.006987921504088,17.006987921504088,20.424478463682785,20.424478463682785,2.121831849034423,2.121831849034423,44.86599646112938,44.86599646112938,390.1521545834859,390.54640301708815,35.2765,69.3295
B_5,B,background,4,3,2,3.321,16.64911189350777,16.64911189350777,19.91789067054472,19.91789067054472,2.095010848102898,2.095010848102898,43.85733336638341,43.85733336638341,388.9773573192961,389.45257617074367,27.576020408163263,62.9335
B_5,B,deviant,10,9,3,11.506,17.03235296089728,17.03235296089728,20.492494477464387,20.492494477464387,2.15104418089738,2.15104418089738,45.039596167163616,45.039596167163616,390.08726750614454,390.095540924543,37.52424242424242,61.567
B_6,B,background,2,1,3,27.319,17.006987921504088,17.006987921504088,20.424478463682785,20.424478463682785,2.121831849034423,2.121831849034423,44.86599646112938,44.86599646112938,390.1521545834859,390.54640301708815,35.2765,69.3295
B_6,B,deviant,2,1,5,11.683,17.127300851255814,17.127300851255814,20.57489009979307,20.57489009979307,2.135809336387272,2.135809336387272,45.195803099616164,45.195803099616164,390.46852671712924,390.72630875165606,45.774,72.378
B_6,B,deviant,4,3,2,42.102,17.14694253722937,17.14694253722937,20.546263897386684,20.546263897386684,2.135971329711627,2.135971329711627,45.12918126425893,45.12918126425893,390.164243109521,390.3709486165845,44.9215,65.679
B_6,B,background,4,3,4,7.882,16.64911189350777,16.64911189350777,19.91789067054472,19.91789067054472,2.095010848102898,2.095010848102898,43.85733336638341,43.85733336638341,388.9773573192961,389.45257617074367,27.576020408163263,62.9335
B_6,B,deviant,10,9,1,53.417,17.03235296089728,17.03235296089728,20.492494477464387,20.492494477464387,2.15104418089738,2.15104418089738,45.039596167163616,45.039596167163616,390.08726750614454,390.095540924543,37.52424242424242,61.567
B_7,B,background,2,1,2,2.14,17.006987921504088,17.006987921504088,20.424478463682785,20.424478463682785,2.121831849034423,2.121831849034423,44.86599646112938,44.86599646112938,390.1521545834859,390.54640301708815,35.2765,69.3295
B_7,B,deviant,2,1,4,7.916,17.127300851255814,17.127300851255814,20.57489009979307,20.57489009979307,2.135809336387272,2.135809336387272,45.195803099616164,45.195803099616164,390.46852671712924,390.72630875165606,45.774,72.378
B_7,B,deviant,4,3,5,41.859,17.14694253722937,17.14694253722937,20.546263897386684,20.546263897386684,2.135971329711627,2.135971329711627,45.12918126425893,45.12918126425893,390.164243109521,390.3709486165845,44.9215,65.679
B_7,B,background,4,3,6,8.257,16.64911189350777,16.64911189350777,19.91789067054472,19.91789067054472,2.095010848102898,2.095010848102898,43.85733336638341,43.85733336638341,388.9773573192961,389.45257617074367,27.576020408163263,62.9335
B_7,B,deviant,10,9,1,12.272,17.03235296089728,17.03235296089728,20.492494477464387,20.492494477464387,2.15104418089738,2.15104418089738,45.039596167163616,45.039596167163616,390.08726750614454,390.095540924543,37.52424242424242,61.567
B_7,B,background,10,9,3,3.78,15.512058975618965,15.512058975618965,18.601275771415125,18.601275771415125,1.997520424253527,1.997520424253527,41.69970038735255,41.69970038735255,387.2746293789011,387.69305350349265,13.3785,49.1555
B_8,B,background,2,1,1,18.225,17.006987921504088,17.006987921504088,20.424478463682785,20.424478463682785,2.121831849034423,2.121831849034423,44.86599646112938,44.86599646112938,390.1521545834859,390.54640301708815,35.2765,69.3295
B_8,B,deviant,2,1,2,27.446,17.127300851255814,17.127300851255814,20.57489009979307,20.57489009979307,2.135809336387272,2.135809336387272,45.195803099616164,45.195803099616164,390.46852671712924,390.72630875165606,45.774,72.378
B_8,B,deviant,4,3,6,4.494,17.14694253722937,17.14694253722937,20.546263897386684,20.546263897386684,2.135971329711627,2.135971329711627,45.12918126425893,45.12918126425893,390.164243109521,390.3709486165845,44.9215,65.679
B_8,B,deviant,10,9,3,3.338,17.03235296089728,17.03235296089728,20.492494477464387,20.492494477464387,2.15104418089738,2.15104418089738,45.039596167163616,45.039596167163616,390.08726750614454,390.095540924543,37.52424242424242,61.567
B_8,B,background,10,9,5,2.373,15.512058975618965,15.512058975618965,18.601275771415125,18.601275771415125,1.997520424253527,1.997520424253527,41.69970038735255,41.69970038735255,387.2746293789011,387.69305350349265,13.3785,49.1555
B_9,B,deviant,2,1,1,14.037,17.127300851255814,17.127300851255814,20.57489009979307,20.57489009979307,2.135809336387272,2.135809336387272,45.195803099616164,45.195803099616164,390.46852671712924,390.72630875165606,45.774,72.378
B_9,B,background,2,1,3,8.165,17.006987921504088,17.006987921504088,20.424478463682785,20.424478463682785,2.121831849034423,2.121831849034423,44.86599646112938,44.86599646112938,390.1521545834859,390.54640301708815,35.2765,69.3295
B_9,B,deviant,4,3,4,6.075,17.14694253722937,17.14694253722937,20.546263897386684,20.546263897386684,2.135971329711627,2.135971329711627,45.12918126425893,45.12918126425893,390.164243109521,390.3709486165845,44.9215,65.679
B_9,B,deviant,10,9,5,12.456,17.03235296089728,17.03235296089728,20.492494477464387,20.492494477464387,2.15104418089738,2.15104418089738,45.039596167163616,45.039596167163616,390.08726750614454,390.095540924543,37.52424242424242,61.567
B_9,B,background,10,9,6,6.984,15.512058975618965,15.512058975618965,18.601275771415125,18.601275771415125,1.997520424253527,1.997520424253527,41.69970038735255,41.69970038735255,387.2746293789011,387.69305350349265,13.3785,49.1555
B_10,B,deviant,2,1,3,21.231,17.127300851255814,17.127300851255814,20.57489009979307,20.57489009979307,2.135809336387272,2.135809336387272,45.195803099616164,45.195803099616164,390.46852671712924,390.72630875165606,45.774,72.378
B_10,B,background,2,1,5,2.044,17.006987921504088,17.006987921504088,20.424478463682785,20.424478463682785,2.121831849034423,2.121831849034423,44.86599646112938,44.86599646112938,390.1521545834859,390.54640301708815,35.2765,69.3295
B_10,B,background,4,3,1,17.711,16.64911189350777,16.64911189350777,19.91789067054472,19.91789067054472,2.095010848102898,2.095010848102898,43.85733336638341,43.85733336638341,388.9773573192961,389.45257617074367,27.576020408163263,62.9335
B_10,B,deviant,4,3,2,11.123,17.14694253722937,17.14694253722937,20.546263897386684,20.546263897386684,2.135971329711627,2.135971329711627,45.12918126425893,45.12918126425893,390.164243109521,390.3709486165845,44.9215,65.679
B_10,B,background,10,9,4,2.925,15.512058975618965,15.512058975618965,18.601275771415125,18.601275771415125,1.997520424253527,1.997520424253527,41.69970038735255,41.69970038735255,387.2746293789011,387.69305350349265,13.3785,49.1555
B_10,B,deviant,10,9,6,4.265,17.03235296089728,17.03235296089728,20.492494477464387,20.492494477464387,2.15104418089738,2.15104418089738,45.039596167163616,45.039596167163616,390.08726750614454,390.095540924543,37.52424242424242,61.567
B_11,B,deviant,2,1,5,14.3,17.127300851255814,17.127300851255814,20.57489009979307,20.57489009979307,2.135809336387272,2.135809336387272,45.195803099616164,45.195803099616164,390.46852671712924,390.72630875165606,45.774,72.378
B_11,B,background,2,1,6,9.46,17.006987921504088,17.006987921504088,20.424478463682785,20.424478463682785,2.121831849034423,2.121831849034423,44.86599646112938,44.86599646112938,390.1521545834859,390.54640301708815,35.2765,69.3295
B_11,B,deviant,4,3,1,18.586,17.14694253722937,17.14694253722937,20.546263897386684,20.546263897386684,2.135971329711627,2.135971329711627,45.12918126425893,45.12918126425893,390.164243109521,390.3709486165845,44.9215,65.679
B_11,B,background,4,3,3,16.041,16.64911189350777,16.64911189350777,19.91789067054472,19.91789067054472,2.095010848102898,2.095010848102898,43.85733336638341,43.85733336638341,388.9773573192961,389.45257617074367,27.576020408163263,62.9335
B_11,B,background,10,9,2,6.692,15.512058975618965,15.512058975618965,18.601275771415125,18.601275771415125,1.997520424253527,1.997520424253527,41.69970038735255,41.69970038735255,387.2746293789011,387.69305350349265,13.3785,49.1555
B_11,B,deviant,10,9,4,19.502,17.03235296089728,17.03235296089728,20.492494477464387,20.492494477464387,2.15104418089738,2.15104418089738,45.039596167163616,45.039596167163616,390.08726750614454,390.095540924543,37.52424242424242,61.567
B_12,B,deviant,2,1,5,11.758,17.127300851255814,17.127300851255814,20.57489009979307,20.57489009979307,2.135809336387272,2.135809336387272,45.195803099616164,45.195803099616164,390.46852671712924,390.72630875165606,45.774,72.378
B_12,B,background,2,1,6,11.48,17.006987921504088,17.006987921504088,20.424478463682785,20.424478463682785,2.121831849034423,2.121831849034423,44.86599646112938,44.86599646112938,390.1521545834859,390.54640301708815,35.2765,69.3295
B_12,B,deviant,4,3,1,2.95,17.14694253722937,17.14694253722937,20.546263897386684,20.546263897386684,2.135971329711627,2.135971329711627,45.12918126425893,45.12918126425893,390.164243109521,390.3709486165845,44.9215,65.679
B_12,B,background,4,3,3,13.718,16.64911189350777,16.64911189350777,19.91789067054472,19.91789067054472,2.095010848102898,2.095010848102898,43.85733336638341,43.85733336638341,388.9773573192961,389.45257617074367,27.576020408163263,62.9335
B_13,B,background,4,3,1,2.242,16.64911189350777,16.64911189350777,19.91789067054472,19.91789067054472,2.095010848102898,2.095010848102898,43.85733336638341,43.85733336638341,388.9773573192961,389.45257617074367,27.576020408163263,62.9335
B_13,B,background,10,9,4,5.086,15.512058975618965,15.512058975618965,18.601275771415125,18.601275771415125,1.997520424253527,1.997520424253527,41.69970038735255,41.69970038735255,387.2746293789011,387.69305350349265,13.3785,49.1555
B_15,B,background,2,1,1,55.936,17.006987921504088,17.006987921504088,20.424478463682785,20.424478463682785,2.121831849034423,2.121831849034423,44.86599646112938,44.86599646112938,390.1521545834859,390.54640301708815,35.2765,69.3295
B_15,B,deviant,2,1,2,9.103,17.127300851255814,17.127300851255814,20.57489009979307,20.57489009979307,2.135809336387272,2.135809336387272,45.195803099616164,45.195803099616164,390.46852671712924,390.72630875165606,45.774,72.378
B_15,B,background,4,3,4,29.703,16.64911189350777,16.64911189350777,19.91789067054472,19.91789067054472,2.095010848102898,2.095010848102898,43.85733336638341,43.85733336638341,388.9773573192961,389.45257617074367,27.576020408163263,62.9335
B_15,B,deviant,4,3,6,8.972,17.14694253722937,17.14694253722937,20.546263897386684,20.546263897386684,2.135971329711627,2.135971329711627,45.12918126425893,45.12918126425893,390.164243109521,390.3709486165845,44.9215,65.679
B_15,B,deviant,10,9,3,55.252,17.03235296089728,17.03235296089728,20.492494477464387,20.492494477464387,2.15104418089738,2.15104418089738,45.039596167163616,45.039596167163616,390.08726750614454,390.095540924543,37.52424242424242,61.567
B_15,B,background,10,9,5,51.03,15.512058975618965,15.512058975618965,18.601275771415125,18.601275771415125,1.997520424253527,1.997520424253527,41.69970038735255,41.69970038735255,387.2746293789011,387.69305350349265,13.3785,49.1555
B_16,B,background,2,1,1,10.783,17.006987921504088,17.006987921504088,20.424478463682785,20.424478463682785,2.121831849034423,2.121831849034423,44.86599646112938,44.86599646112938,390.1521545834859,390.54640301708815,35.2765,69.3295
B_16,B,deviant,2,1,2,3.323,17.127300851255814,17.127300851255814,20.57489009979307,20.57489009979307,2.135809336387272,2.135809336387272,45.195803099616164,45.195803099616164,390.46852671712924,390.72630875165606,45.774,72.378
B_16,B,background,4,3,4,2.834,16.64911189350777,16.64911189350777,19.91789067054472,19.91789067054472,2.095010848102898,2.095010848102898,43.85733336638341,43.85733336638341,388.9773573192961,389.45257617074367,27.576020408163263,62.9335
B_16,B,deviant,4,3,6,8.52,17.14694253722937,17.14694253722937,20.546263897386684,20.546263897386684,2.135971329711627,2.135971329711627,45.12918126425893,45.12918126425893,390.164243109521,390.3709486165845,44.9215,65.679
B_16,B,deviant,10,9,3,8.8,17.03235296089728,17.03235296089728,20.492494477464387,20.492494477464387,2.15104418089738,2.15104418089738,45.039596167163616,45.039596167163616,390.08726750614454,390.095540924543,37.52424242424242,61.567
B_17,B,deviant,2,1,6,5.71,17.127300851255814,17.127300851255814,20.57489009979307,20.57489009979307,2.135809336387272,2.135809336387272,45.195803099616164,45.195803099616164,390.46852671712924,390.72630875165606,45.774,72.378
B_17,B,deviant,4,3,3,18.105,17.14694253722937,17.14694253722937,20.546263897386684,20.546263897386684,2.135971329711627,2.135971329711627,45.12918126425893,45.12918126425893,390.164243109521,390.3709486165845,44.9215,65.679
B_17,B,background,4,3,5,4.014,16.64911189350777,16.64911189350777,19.91789067054472,19.91789067054472,2.095010848102898,2.095010848102898,43.85733336638341,43.85733336638341,388.9773573192961,389.45257617074367,27.576020408163263,62.9335
B_17,B,background,10,9,1,10.915,15.512058975618965,15.512058975618965,18.601275771415125,18.601275771415125,1.997520424253527,1.997520424253527,41.69970038735255,41.69970038735255,387.2746293789011,387.69305350349265,13.3785,49.1555
B_18,B,background,2,1,4,6.087,17.006987921504088,17.006987921504088,20.424478463682785,20.424478463682785,2.121831849034423,2.121831849034423,44.86599646112938,44.86599646112938,390.1521545834859,390.54640301708815,35.2765,69.3295
B_18,B,background,10,9,1,6.591,15.512058975618965,15.512058975618965,18.601275771415125,18.601275771415125,1.997520424253527,1.997520424253527,41.69970038735255,41.69970038735255,387.2746293789011,387.69305350349265,13.3785,49.1555
B_18,B,deviant,10,9,2,6.571,17.03235296089728,17.03235296089728,20.492494477464387,20.492494477464387,2.15104418089738,2.15104418089738,45.039596167163616,45.039596167163616,390.08726750614454,390.095540924543,37.52424242424242,61.567
B_19,B,deviant,2,1,1,33.832,17.127300851255814,17.127300851255814,20.57489009979307,20.57489009979307,2.135809336387272,2.135809336387272,45.195803099616164,45.195803099616164,390.46852671712924,390.72630875165606,45.774,72.378
B_19,B,background,2,1,3,5.225,17.006987921504088,17.006987921504088,20.424478463682785,20.424478463682785,2.121831849034423,2.121831849034423,44.86599646112938,44.86599646112938,390.1521545834859,390.54640301708815,35.2765,69.3295
B_19,B,background,4,3,2,7.353,16.64911189350777,16.64911189350777,19.91789067054472,19.91789067054472,2.095010848102898,2.095010848102898,43.85733336638341,43.85733336638341,388.9773573192961,389.45257617074367,27.576020408163263,62.9335
B_19,B,deviant,4,3,4,2.805,17.14694253722937,17.14694253722937,20.546263897386684,20.546263897386684,2.135971329711627,2.135971329711627,45.12918126425893,45.12918126425893,390.164243109521,390.3709486165845,44.9215,65.679
B_19,B,deviant,10,9,5,15.801,17.03235296089728,17.03235296089728,20.492494477464387,20.492494477464387,2.15104418089738,2.15104418089738,45.039596167163616,45.039596167163616,390.08726750614454,390.095540924543,37.52424242424242,61.567
B_19,B,background,10,9,6,11.905,15.512058975618965,15.512058975618965,18.601275771415125,18.601275771415125,1.997520424253527,1.997520424253527,41.69970038735255,41.69970038735255,387.2746293789011,387.69305350349265,13.3785,49.1555
B_20,B,deviant,2,1,3,55.363,17.127300851255814,17.127300851255814,20.57489009979307,20.57489009979307,2.135809336387272,2.135809336387272,45.195803099616164,45.195803099616164,390.46852671712924,390.72630875165606,45.774,72.378
B_20,B,background,2,1,5,15.781,17.006987921504088,17.006987921504088,20.424478463682785,20.424478463682785,2.121831849034423,2.121831849034423,44.86599646112938,44.86599646112938,390.1521545834859,390.54640301708815,35.2765,69.3295
B_20,B,background,4,3,1,58.923,16.64911189350777,16.64911189350777,19.91789067054472,19.91789067054472,2.095010848102898,2.095010848102898,43.85733336638341,43.85733336638341,388.9773573192961,389.45257617074367,27.576020408163263,62.9335
B_20,B,deviant,4,3,2,45.799,17.14694253722937,17.14694253722937,20.546263897386684,20.546263897386684,2.135971329711627,2.135971329711627,45.12918126425893,45.12918126425893,390.164243109521,390.3709486165845,44.9215,65.679
B_20,B,background,10,9,4,6.682,15.512058975618965,15.512058975618965,18.601275771415125,18.601275771415125,1.997520424253527,1.997520424253527,41.69970038735255,41.69970038735255,387.2746293789011,387.69305350349265,13.3785,49.1555
B_20,B,deviant,10,9,6,5.976,17.03235296089728,17.03235296089728,20.492494477464387,20.492494477464387,2.15104418089738,2.15104418089738,45.039596167163616,45.039596167163616,390.08726750614454,390.095540924543,37.52424242424242,61.567
B_21,B,deviant,2,1,5,10.319,17.127300851255814,17.127300851255814,20.57489009979307,20.57489009979307,2.135809336387272,2.135809336387272,45.195803099616164,45.195803099616164,390.46852671712924,390.72630875165606,45.774,72.378
B_21,B,background,2,1,6,14.522,17.006987921504088,17.006987921504088,20.424478463682785,20.424478463682785,2.121831849034423,2.121831849034423,44.86599646112938,44.86599646112938,390.1521545834859,390.54640301708815,35.2765,69.3295
B_21,B,deviant,4,3,1,30.463,17.14694253722937,17.14694253722937,20.546263897386684,20.546263897386684,2.135971329711627,2.135971329711627,45.12918126425893,45.12918126425893,390.164243109521,390.3709486165845,44.9215,65.679
B_21,B,background,4,3,3,8.245,16.64911189350777,16.64911189350777,19.91789067054472,19.91789067054472,2.095010848102898,2.095010848102898,43.85733336638341,43.85733336638341,388.9773573192961,389.45257617074367,27.576020408163263,62.9335
B_21,B,background,10,9,2,4.135,15.512058975618965,15.512058975618965,18.601275771415125,18.601275771415125,1.997520424253527,1.997520424253527,41.69970038735255,41.69970038735255,387.2746293789011,387.69305350349265,13.3785,49.1555
B_21,B,deviant,10,9,4,13.956,17.03235296089728,17.03235296089728,20.492494477464387,20.492494477464387,2.15104418089738,2.15104418089738,45.039596167163616,45.039596167163616,390.08726750614454,390.095540924543,37.52424242424242,61.567
B_22,B,deviant,2,1,1,16.737,17.127300851255814,17.127300851255814,20.57489009979307,20.57489009979307,2.135809336387272,2.135809336387272,45.195803099616164,45.195803099616164,390.46852671712924,390.72630875165606,45.774,72.378
B_22,B,background,2,1,3,21.806,17.006987921504088,17.006987921504088,20.424478463682785,20.424478463682785,2.121831849034423,2.121831849034423,44.86599646112938,44.86599646112938,390.1521545834859,390.54640301708815,35.2765,69.3295
B_22,B,background,4,3,2,44.855,16.64911189350777,16.64911189350777,19.91789067054472,19.91789067054472,2.095010848102898,2.095010848102898,43.85733336638341,43.85733336638341,388.9773573192961,389.45257617074367,27.576020408163263,62.9335
B_22,B,deviant,4,3,4,18.164,17.14694253722937,17.14694253722937,20.546263897386684,20.546263897386684,2.135971329711627,2.135971329711627,45.12918126425893,45.12918126425893,390.164243109521,390.3709486165845,44.9215,65.679
B_22,B,deviant,10,9,5,8.186,17.03235296089728,17.03235296089728,20.492494477464387,20.492494477464387,2.15104418089738,2.15104418089738,45.039596167163616,45.039596167163616,390.08726750614454,390.095540924543,37.52424242424242,61.567
B_22,B,background,10,9,6,9.831,15.512058975618965,15.512058975618965,18.601275771415125,18.601275771415125,1.997520424253527,1.997520424253527,41.69970038735255,41.69970038735255,387.2746293789011,387.69305350349265,13.3785,49.1555
B_24,B,background,2,1,4,5.938,17.006987921504088,17.006987921504088,20.424478463682785,20.424478463682785,2.121831849034423,2.121831849034423,44.86599646112938,44.86599646112938,390.1521545834859,390.54640301708815,35.2765,69.3295
B_24,B,deviant,2,1,6,6.185,17.127300851255814,17.127300851255814,20.57489009979307,20.57489009979307,2.135809336387272,2.135809336387272,45.195803099616164,45.195803099616164,390.46852671712924,390.72630875165606,45.774,72.378
B_24,B,deviant,4,3,3,6.132,17.14694253722937,17.14694253722937,20.546263897386684,20.546263897386684,2.135971329711627,2.135971329711627,45.12918126425893,45.12918126425893,390.164243109521,390.3709486165845,44.9215,65.679
B_24,B,background,4,3,5,22.828,16.64911189350777,16.64911189350777,19.91789067054472,19.91789067054472,2.095010848102898,2.095010848102898,43.85733336638341,43.85733336638341,388.9773573192961,389.45257617074367,27.576020408163263,62.9335
B_24,B,background,10,9,1,23.593,15.512058975618965,15.512058975618965,18.601275771415125,18.601275771415125,1.997520424253527,1.997520424253527,41.69970038735255,41.69970038735255,387.2746293789011,387.69305350349265,13.3785,49.1555
B_24,B,deviant,10,9,2,46.805,17.03235296089728,17.03235296089728,20.492494477464387,20.492494477464387,2.15104418089738,2.15104418089738,45.039596167163616,45.039596167163616,390.08726750614454,390.095540924543,37.52424242424242,61.567
B_26,B,background,2,1,1,13.561,17.006987921504088,17.006987921504088,20.424478463682785,20.424478463682785,2.121831849034423,2.121831849034423,44.86599646112938,44.86599646112938,390.1521545834859,390.54640301708815,35.2765,69.3295
B_26,B,deviant,2,1,2,3.602,17.127300851255814,17.127300851255814,20.57489009979307,20.57489009979307,2.135809336387272,2.135809336387272,45.195803099616164,45.195803099616164,390.46852671712924,390.72630875165606,45.774,72.378
B_26,B,background,4,3,4,2.463,16.64911189350777,16.64911189350777,19.91789067054472,19.91789067054472,2.095010848102898,2.095010848102898,43.85733336638341,43.85733336638341,388.9773573192961,389.45257617074367,27.576020408163263,62.9335
B_26,B,deviant,4,3,6,9.943,17.14694253722937,17.14694253722937,20.546263897386684,20.546263897386684,2.135971329711627,2.135971329711627,45.12918126425893,45.12918126425893,390.164243109521,390.3709486165845,44.9215,65.679
B_26,B,deviant,10,9,3,17.632,17.03235296089728,17.03235296089728,20.492494477464387,20.492494477464387,2.15104418089738,2.15104418089738,45.039596167163616,45.039596167163616,390.08726750614454,390.095540924543,37.52424242424242,61.567
B_26,B,background,10,9,5,2.61,15.512058975618965,15.512058975618965,18.601275771415125,18.601275771415125,1.997520424253527,1.997520424253527,41.69970038735255,41.69970038735255,387.2746293789011,387.69305350349265,13.3785,49.1555
B_27,B,background,2,1,4,33.958,17.006987921504088,17.006987921504088,20.424478463682785,20.424478463682785,2.121831849034423,2.121831849034423,44.86599646112938,44.86599646112938,390.1521545834859,390.54640301708815,35.2765,69.3295
B_27,B,deviant,2,1,6,6.17,17.127300851255814,17.127300851255814,20.57489009979307,20.57489009979307,2.135809336387272,2.135809336387272,45.195803099616164,45.195803099616164,390.46852671712924,390.72630875165606,45.774,72.378
B_27,B,deviant,4,3,3,17.425,17.14694253722937,17.14694253722937,20.546263897386684,20.546263897386684,2.135971329711627,2.135971329711627,45.12918126425893,45.12918126425893,390.164243109521,390.3709486165845,44.9215,65.679
B_27,B,background,4,3,5,4.287,16.64911189350777,16.64911189350777,19.91789067054472,19.91789067054472,2.095010848102898,2.095010848102898,43.85733336638341,43.85733336638341,388.9773573192961,389.45257617074367,27.576020408163263,62.9335
B_27,B,background,10,9,1,21.513,15.512058975618965,15.512058975618965,18.601275771415125,18.601275771415125,1.997520424253527,1.997520424253527,41.69970038735255,41.69970038735255,387.2746293789011,387.69305350349265,13.3785,49.1555
B_27,B,deviant,10,9,2,29.56,17.03235296089728,17.03235296089728,20.492494477464387,20.492494477464387,2.15104418089738,2.15104418089738,45.039596167163616,45.039596167163616,390.08726750614454,390.095540924543,37.52424242424242,61.567
B_28,B,deviant,2,1,1,46.784,17.127300851255814,17.127300851255814,20.57489009979307,20.57489009979307,2.135809336387272,2.135809336387272,45.195803099616164,45.195803099616164,390.46852671712924,390.72630875165606,45.774,72.378
B_28,B,background,2,1,3,11.758,17.006987921504088,17.006987921504088,20.424478463682785,20.424478463682785,2.121831849034423,2.121831849034423,44.86599646112938,44.86599646112938,390.1521545834859,390.54640301708815,35.2765,69.3295
B_28,B,background,4,3,2,8.598,16.64911189350777,16.64911189350777,19.91789067054472,19.91789067054472,2.095010848102898,2.095010848102898,43.85733336638341,43.85733336638341,388.9773573192961,389.45257617074367,27.576020408163263,62.9335
B_28,B,deviant,4,3,4,18.787,17.14694253722937,17.14694253722937,20.546263897386684,20.546263897386684,2.135971329711627,2.135971329711627,45.12918126425893,45.12918126425893,390.164243109521,390.3709486165845,44.9215,65.679
B_29,B,deviant,2,1,5,2.988,17.127300851255814,17.127300851255814,20.57489009979307,20.57489009979307,2.135809336387272,2.135809336387272,45.195803099616164,45.195803099616164,390.46852671712924,390.72630875165606,45.774,72.378
B_29,B,background,2,1,6,4.871,17.006987921504088,17.006987921504088,20.424478463682785,20.424478463682785,2.121831849034423,2.121831849034423,44.86599646112938,44.86599646112938,390.1521545834859,390.54640301708815,35.2765,69.3295
B_29,B,deviant,4,3,1,22.635,17.14694253722937,17.14694253722937,20.546263897386684,20.546263897386684,2.135971329711627,2.135971329711627,45.12918126425893,45.12918126425893,390.164243109521,390.3709486165845,44.9215,65.679
B_29,B,background,4,3,3,8.753,16.64911189350777,16.64911189350777,19.91789067054472,19.91789067054472,2.095010848102898,2.095010848102898,43.85733336638341,43.85733336638341,388.9773573192961,389.45257617074367,27.576020408163263,62.9335
B_29,B,background,10,9,2,17.094,15.512058975618965,15.512058975618965,18.601275771415125,18.601275771415125,1.997520424253527,1.997520424253527,41.69970038735255,41.69970038735255,387.2746293789011,387.69305350349265,13.3785,49.1555
B_29,B,deviant,10,9,4,6.51,17.03235296089728,17.03235296089728,20.492494477464387,20.492494477464387,2.15104418089738,2.15104418089738,45.039596167163616,45.039596167163616,390.08726750614454,390.095540924543,37.52424242424242,61.567
B_30,B,background,2,1,4,9.809,17.006987921504088,17.006987921504088,20.424478463682785,20.424478463682785,2.121831849034423,2.121831849034423,44.86599646112938,44.86599646112938,390.1521545834859,390.54640301708815,35.2765,69.3295
B_30,B,deviant,2,1,6,21.589,17.127300851255814,17.127300851255814,20.57489009979307,20.57489009979307,2.135809336387272,2.135809336387272,45.195803099616164,45.195803099616164,390.46852671712924,390.72630875165606,45.774,72.378
B_30,B,deviant,4,3,3,8.739,17.14694253722937,17.14694253722937,20.546263897386684,20.546263897386684,2.135971329711627,2.135971329711627,45.12918126425893,45.12918126425893,390.164243109521,390.3709486165845,44.9215,65.679
B_30,B,background,4,3,5,5.079,16.64911189350777,16.64911189350777,19.91789067054472,19.91789067054472,2.095010848102898,2.095010848102898,43.85733336638341,43.85733336638341,388.9773573192961,389.45257617074367,27.576020408163263,62.9335
B_30,B,background,10,9,1,18.793,15.512058975618965,15.512058975618965,18.601275771415125,18.601275771415125,1.997520424253527,1.997520424253527,41.69970038735255,41.69970038735255,387.2746293789011,387.69305350349265,13.3785,49.1555
B_30,B,deviant,10,9,2,48.654,17.03235296089728,17.03235296089728,20.492494477464387,20.492494477464387,2.15104418089738,2.15104418089738,45.039596167163616,45.039596167163616,390.08726750614454,390.095540924543,37.52424242424242,61.567
B_31,B,background,2,1,2,25.477,17.006987921504088,17.006987921504088,20.424478463682785,20.424478463682785,2.121831849034423,2.121831849034423,44.86599646112938,44.86599646112938,390.1521545834859,390.54640301708815,35.2765,69.3295
B_31,B,deviant,2,1,4,8.964,17.127300851255814,17.127300851255814,20.57489009979307,20.57489009979307,2.135809336387272,2.135809336387272,45.195803099616164,45.195803099616164,390.46852671712924,390.72630875165606,45.774,72.378
B_31,B,deviant,4,3,5,3.871,17.14694253722937,17.14694253722937,20.546263897386684,20.546263897386684,2.135971329711627,2.135971329711627,45.12918126425893,45.12918126425893,390.164243109521,390.3709486165845,44.9215,65.679
B_31,B,deviant,10,9,1,22.034,17.03235296089728,17.03235296089728,20.492494477464387,20.492494477464387,2.15104418089738,2.15104418089738,45.039596167163616,45.039596167163616,390.08726750614454,390.095540924543,37.52424242424242,61.567
B_32,B,deviant,2,1,3,20.885,17.127300851255814,17.127300851255814,20.57489009979307,20.57489009979307,2.135809336387272,2.135809336387272,45.195803099616164,45.195803099616164,390.46852671712924,390.72630875165606,45.774,72.378
B_32,B,background,2,1,5,34.215,17.006987921504088,17.006987921504088,20.424478463682785,20.424478463682785,2.121831849034423,2.121831849034423,44.86599646112938,44.86599646112938,390.1521545834859,390.54640301708815,35.2765,69.3295
B_32,B,background,4,3,1,60.0,16.64911189350777,16.64911189350777,19.91789067054472,19.91789067054472,2.095010848102898,2.095010848102898,43.85733336638341,43.85733336638341,388.9773573192961,389.45257617074367,27.576020408163263,62.9335
B_32,B,deviant,4,3,2,31.751,17.14694253722937,17.14694253722937,20.546263897386684,20.546263897386684,2.135971329711627,2.135971329711627,45.12918126425893,45.12918126425893,390.164243109521,390.3709486165845,44.9215,65.679
B_32,B,background,10,9,4,10.768,15.512058975618965,15.512058975618965,18.601275771415125,18.601275771415125,1.997520424253527,1.997520424253527,41.69970038735255,41.69970038735255,387.2746293789011,387.69305350349265,13.3785,49.1555
B_32,B,deviant,10,9,6,12.145,17.03235296089728,17.03235296089728,20.492494477464387,20.492494477464387,2.15104418089738,2.15104418089738,45.039596167163616,45.039596167163616,390.08726750614454,390.095540924543,37.52424242424242,61.567
B_33,B,background,2,1,2,56.012,17.006987921504088,17.006987921504088,20.424478463682785,20.424478463682785,2.121831849034423,2.121831849034423,44.86599646112938,44.86599646112938,390.1521545834859,390.54640301708815,35.2765,69.3295
B_33,B,deviant,2,1,4,35.624,17.127300851255814,17.127300851255814,20.57489009979307,20.57489009979307,2.135809336387272,2.135809336387272,45.195803099616164,45.195803099616164,390.46852671712924,390.72630875165606,45.774,72.378
B_33,B,deviant,4,3,5,26.233,17.14694253722937,17.14694253722937,20.546263897386684,20.546263897386684,2.135971329711627,2.135971329711627,45.12918126425893,45.12918126425893,390.164243109521,390.3709486165845,44.9215,65.679
B_33,B,background,4,3,6,25.346,16.64911189350777,16.64911189350777,19.91789067054472,19.91789067054472,2.095010848102898,2.095010848102898,43.85733336638341,43.85733336638341,388.9773573192961,389.45257617074367,27.576020408163263,62.9335
B_33,B,deviant,10,9,1,55.213,17.03235296089728,17.03235296089728,20.492494477464387,20.492494477464387,2.15104418089738,2.15104418089738,45.039596167163616,45.039596167163616,390.08726750614454,390.095540924543,37.52424242424242,61.567
B_33,B,background,10,9,3,40.682,15.512058975618965,15.512058975618965,18.601275771415125,18.601275771415125,1.997520424253527,1.997520424253527,41.69970038735255,41.69970038735255,387.2746293789011,387.69305350349265,13.3785,49.1555
B_34,B,deviant,2,1,1,50.8,17.127300851255814,17.127300851255814,20.57489009979307,20.57489009979307,2.135809336387272,2.135809336387272,45.195803099616164,45.195803099616164,390.46852671712924,390.72630875165606,45.774,72.378
B_34,B,background,2,1,3,23.474,17.006987921504088,17.006987921504088,20.424478463682785,20.424478463682785,2.121831849034423,2.121831849034423,44.86599646112938,44.86599646112938,390.1521545834859,390.54640301708815,35.2765,69.3295
B_34,B,background,4,3,2,31.821,16.64911189350777,16.64911189350777,19.91789067054472,19.91789067054472,2.095010848102898,2.095010848102898,43.85733336638341,43.85733336638341,388.9773573192961,389.45257617074367,27.576020408163263,62.9335
B_34,B,deviant,4,3,4,27.437,17.14694253722937,17.14694253722937,20.546263897386684,20.546263897386684,2.135971329711627,2.135971329711627,45.12918126425893,45.12918126425893,390.164243109521,390.3709486165845,44.9215,65.679
B_34,B,deviant,10,9,5,10.545,17.03235296089728,17.03235296089728,20.492494477464387,20.492494477464387,2.15104418089738,2.15104418089738,45.039596167163616,45.039596167163616,390.08726750614454,390.095540924543,37.52424242424242,61.567
B_34,B,background,10,9,6,9.386,15.512058975618965,15.512058975618965,18.601275771415125,18.601275771415125,1.997520424253527,1.997520424253527,41.69970038735255,41.69970038735255,387.2746293789011,387.69305350349265,13.3785,49.1555
B_35,B,background,2,1,2,12.499,17.006987921504088,17.006987921504088,20.424478463682785,20.424478463682785,2.121831849034423,2.121831849034423,44.86599646112938,44.86599646112938,390.1521545834859,390.54640301708815,35.2765,69.3295
B_35,B,deviant,2,1,4,19.619,17.127300851255814,17.127300851255814,20.57489009979307,20.57489009979307,2.135809336387272,2.135809336387272,45.195803099616164,45.195803099616164,390.46852671712924,390.72630875165606,45.774,72.378
B_35,B,deviant,4,3,5,5.214,17.14694253722937,17.14694253722937,20.546263897386684,20.546263897386684,2.135971329711627,2.135971329711627,45.12918126425893,45.12918126425893,390.164243109521,390.3709486165845,44.9215,65.679
B_35,B,background,4,3,6,2.533,16.64911189350777,16.64911189350777,19.91789067054472,19.91789067054472,2.095010848102898,2.095010848102898,43.85733336638341,43.85733336638341,388.9773573192961,389.45257617074367,27.576020408163263,62.9335
B_35,B,deviant,10,9,1,21.513,17.03235296089728,17.03235296089728,20.492494477464387,20.492494477464387,2.15104418089738,2.15104418089738,45.039596167163616,45.039596167163616,390.08726750614454,390.095540924543,37.52424242424242,61.567
B_35,B,background,10,9,3,6.194,15.512058975618965,15.512058975618965,18.601275771415125,18.601275771415125,1.997520424253527,1.997520424253527,41.69970038735255,41.69970038735255,387.2746293789011,387.69305350349265,13.3785,49.1555
C_1,C,background,3,2,1,15.704,16.838509587145303,16.838509587145303,20.170163753439674,20.170163753439674,2.1075602569337337,2.1075602569337337,44.33462197467092,44.33462197467092,389.4927694045639,389.94500920099273,30.653535353535354,65.4725
C_1,C,deviant,3,2,2,23.176,17.147658670366322,17.147658670366322,20.56117203886329,20.56117203886329,2.134974633311069,2.134974633311069,45.15204594493911,45.15204594493911,390.27290462755633,390.51451650288845,47.0385,72.3355
C_1,C,background,5,4,4,18.341,16.45287818752446,16.45287818752446,19.673687848315648,19.673687848315648,2.0819459465716337,2.0819459465716337,43.42390295070851,43.42390295070851,388.5620086672506,389.0413990039381,24.4565,60.9075
C_1,C,deviant,5,4,6,15.373,17.135739851934314,17.135739851934314,20.532924104197445,20.532924104197445,2.1378426086308058,2.1378426086308058,45.114674838146435,45.114674838146435,390.10634728357064,390.27298084476973,47.2535,69.2415
C_1,C,deviant,7,6,3,24.176,17.099749566274596,17.099749566274596,20.51298484415213,20.51298484415213,2.1428678449819087,2.1428678449819087,45.09023084301771,45.09023084301771,390.06886687480545,390.1603477035723,42.139,68.274
C_1,C,background,7,6,5,12.226,16.06360401005178,16.06360401005178,19.21644482475848,19.21644482475848,2.051994681791676,2.051994681791676,42.659893164872294,42.659893164872294,387.9295443389858,388.39173677872674,18.6875,54.9015
C_2,C,background,3,2,1,59.121,16.838509587145303,16.838509587145303,20.170163753439674,20.170163753439674,2.1075602569337337,2.1075602569337337,44.33462197467092,44.33462197467092,389.4927694045639,389.94500920099273,30.653535353535354,65.4725
C_2,C,deviant,3,2,2,55.075,17.147658670366322,17.147658670366322,20.56117203886329,20.56117203886329,2.134974633311069,2.134974633311069,45.15204594493911,45.15204594493911,390.27290462755633,390.51451650288845,47.0385,72.3355
C_2,C,background,5,4,4,4.988,16.45287818752446,16.45287818752446,19.673687848315648,19.673687848315648,2.0819459465716337,2.0819459465716337,43.42390295070851,43.42390295070851,388.5620086672506,389.0413990039381,24.4565,60.9075
C_2,C,deviant,5,4,6,18.481,17.135739851934314,17.135739851934314,20.532924104197445,20.532924104197445,2.1378426086308058,2.1378426086308058,45.114674838146435,45.114674838146435,390.10634728357064,390.27298084476973,47.2535,69.2415
C_2,C,deviant,7,6,3,24.269,17.099749566274596,17.099749566274596,20.51298484415213,20.51298484415213,2.1428678449819087,2.1428678449819087,45.09023084301771,45.09023084301771,390.06886687480545,390.1603477035723,42.139,68.274
C_2,C,background,7,6,5,7.518,16.06360401005178,16.06360401005178,19.21644482475848,19.21644482475848,2.051994681791676,2.051994681791676,42.659893164872294,42.659893164872294,387.9295443389858,388.39173677872674,18.6875,54.9015
C_3,C,deviant,3,2,1,57.483,17.147658670366322,17.147658670366322,20.56117203886329,20.56117203886329,2.134974633311069,2.134974633311069,45.15204594493911,45.15204594493911,390.27290462755633,390.51451650288845,47.0385,72.3355
C_3,C,background,3,2,3,13.216,16.838509587145303,16.838509587145303,20.170163753439674,20.170163753439674,2.1075602569337337,2.1075602569337337,44.33462197467092,44.33462197467092,389.4927694045639,389.94500920099273,30.653535353535354,65.4725
C_3,C,background,5,4,2,54.628,16.45287818752446,16.45287818752446,19.673687848315648,19.673687848315648,2.0819459465716337,2.0819459465716337,43.42390295070851,43.42390295070851,388.5620086672506,389.0413990039381,24.4565,60.9075
C_3,C,deviant,5,4,4,18.818,17.135739851934314,17.135739851934314,20.532924104197445,20.532924104197445,2.1378426086308058,2.1378426086308058,45.114674838146435,45.114674838146435,390.10634728357064,390.27298084476973,47.2535,69.2415
C_3,C,deviant,7,6,5,15.124,17.099749566274596,17.099749566274596,20.51298484415213,20.51298484415213,2.1428678449819087,2.1428678449819087,45.09023084301771,45.09023084301771,390.06886687480545,390.1603477035723,42.139,68.274
C_3,C,background,7,6,6,5.202,16.06360401005178,16.06360401005178,19.21644482475848,19.21644482475848,2.051994681791676,2.051994681791676,42.659893164872294,42.659893164872294,387.9295443389858,388.39173677872674,18.6875,54.9015
C_4,C,background,3,2,4,7.004,16.838509587145303,16.838509587145303,20.170163753439674,20.170163753439674,2.1075602569337337,2.1075602569337337,44.33462197467092,44.33462197467092,389.4927694045639,389.94500920099273,30.653535353535354,65.4725
C_4,C,deviant,3,2,6,8.565,17.147658670366322,17.147658670366322,20.56117203886329,20.56117203886329,2.134974633311069,2.134974633311069,45.15204594493911,45.15204594493911,390.27290462755633,390.51451650288845,47.0385,72.3355
C_4,C,deviant,5,4,3,2.124,17.135739851934314,17.135739851934314,20.532924104197445,20.532924104197445,2.1378426086308058,2.1378426086308058,45.114674838146435,45.114674838146435,390.10634728357064,390.27298084476973,47.2535,69.2415
C_4,C,background,5,4,5,18.524,16.45287818752446,16.45287818752446,19.673687848315648,19.673687848315648,2.0819459465716337,2.0819459465716337,43.42390295070851,43.42390295070851,388.5620086672506,389.0413990039381,24.4565,60.9075
C_4,C,background,7,6,1,27.113,16.06360401005178,16.06360401005178,19.21644482475848,19.21644482475848,2.051994681791676,2.051994681791676,42.659893164872294,42.659893164872294,387.9295443389858,388.39173677872674,18.6875,54.9015
C_4,C,deviant,7,6,2,6.761,17.099749566274596,17.099749566274596,20.51298484415213,20.51298484415213,2.1428678449819087,2.1428678449819087,45.09023084301771,45.09023084301771,390.06886687480545,390.1603477035723,42.139,68.274
C_5,C,deviant,3,2,3,25.763,17.147658670366322,17.147658670366322,20.56117203886329,20.56117203886329,2.134974633311069,2.134974633311069,45.15204594493911,45.15204594493911,390.27290462755633,390.51451650288845,47.0385,72.3355
C_5,C,background,3,2,5,4.773,16.838509587145303,16.838509587145303,20.170163753439674,20.170163753439674,2.1075602569337337,2.1075602569337337,44.33462197467092,44.33462197467092,389.4927694045639,389.94500920099273,30.653535353535354,65.4725
C_5,C,background,5,4,1,25.632,16.45287818752446,16.45287818752446,19.673687848315648,19.673687848315648,2.0819459465716337,2.0819459465716337,43.42390295070851,43.42390295070851,388.5620086672506,389.0413990039381,24.4565,60.9075
C_5,C,deviant,5,4,2,50.449,17.135739851934314,17.135739851934314,20.532924104197445,20.532924104197445,2.1378426086308058,2.1378426086308058,45.114674838146435,45.114674838146435,390.10634728357064,390.27298084476973,47.2535,69.2415
C_5,C,background,7,6,4,2.821,16.06360401005178,16.06360401005178,19.21644482475848,19.21644482475848,2.051994681791676,2.051994681791676,42.659893164872294,42.659893164872294,387.9295443389858,388.39173677872674,18.6875,54.9015
C_5,C,deviant,7,6,6,5.454,17.099749566274596,17.099749566274596,20.51298484415213,20.51298484415213,2.1428678449819087,2.1428678449819087,45.09023084301771,45.09023084301771,390.06886687480545,390.1603477035723,42.139,68.274
C_6,C,background,3,2,2,19.379,16.838509587145303,16.838509587145303,20.170163753439674,20.170163753439674,2.1075602569337337,2.1075602569337337,44.33462197467092,44.33462197467092,389.4927694045639,389.94500920099273,30.653535353535354,65.4725
C_6,C,deviant,3,2,4,11.839,17.147658670366322,17.147658670366322,20.56117203886329,20.56117203886329,2.134974633311069,2.134974633311069,45.15204594493911,45.15204594493911,390.27290462755633,390.51451650288845,47.0385,72.3355
C_6,C,deviant,5,4,5,3.121,17.135739851934314,17.135739851934314,20.532924104197445,20.532924104197445,2.1378426086308058,2.1378426086308058,45.114674838146435,45.114674838146435,390.10634728357064,390.27298084476973,47.2535,69.2415
C_6,C,background,5,4,6,5.315,16.45287818752446,16.45287818752446,19.673687848315648,19.673687848315648,2.0819459465716337,2.0819459465716337,43.42390295070851,43.42390295070851,388.5620086672506,389.0413990039381,24.4565,60.9075
C_6,C,deviant,7,6,1,24.835,17.099749566274596,17.099749566274596,20.51298484415213,20.51298484415213,2.1428678449819087,2.1428678449819087,45.09023084301771,45.09023084301771,390.06886687480545,390.1603477035723,42.139,68.274
C_6,C,background,7,6,3,3.94,16.06360401005178,16.06360401005178,19.21644482475848,19.21644482475848,2.051994681791676,2.051994681791676,42.659893164872294,42.659893164872294,387.9295443389858,388.39173677872674,18.6875,54.9015
C_7,C,background,3,2,5,60.0,16.838509587145303,16.838509587145303,20.170163753439674,20.170163753439674,2.1075602569337337,2.1075602569337337,44.33462197467092,44.33462197467092,389.4927694045639,389.94500920099273,30.653535353535354,65.4725
C_7,C,background,5,4,1,9.311,16.45287818752446,16.45287818752446,19.673687848315648,19.673687848315648,2.0819459465716337,2.0819459465716337,43.42390295070851,43.42390295070851,388.5620086672506,389.0413990039381,24.4565,60.9075
C_7,C,deviant,5,4,2,17.924,17.135739851934314,17.135739851934314,20.532924104197445,20.532924104197445,2.1378426086308058,2.1378426086308058,45.114674838146435,45.114674838146435,390.10634728357064,390.27298084476973,47.2535,69.2415
C_7,C,background,7,6,4,13.96,16.06360401005178,16.06360401005178,19.21644482475848,19.21644482475848,2.051994681791676,2.051994681791676,42.659893164872294,42.659893164872294,387.9295443389858,388.39173677872674,18.6875,54.9015
C_7,C,deviant,7,6,6,26.105,17.099749566274596,17.099749566274596,20.51298484415213,20.51298484415213,2.1428678449819087,2.1428678449819087,45.09023084301771,45.09023084301771,390.06886687480545,390.1603477035723,42.139,68.274
C_8,C,deviant,3,2,5,5.774,17.147658670366322,17.147658670366322,20.56117203886329,20.56117203886329,2.134974633311069,2.134974633311069,45.15204594493911,45.15204594493911,390.27290462755633,390.51451650288845,47.0385,72.3355
C_8,C,background,3,2,6,2.186,16.838509587145303,16.838509587145303,20.170163753439674,20.170163753439674,2.1075602569337337,2.1075602569337337,44.33462197467092,44.33462197467092,389.4927694045639,389.94500920099273,30.653535353535354,65.4725
C_8,C,deviant,5,4,1,20.708,17.135739851934314,17.135739851934314,20.532924104197445,20.532924104197445,2.1378426086308058,2.1378426086308058,45.114674838146435,45.114674838146435,390.10634728357064,390.27298084476973,47.2535,69.2415
C_8,C,background,5,4,3,4.163,16.45287818752446,16.45287818752446,19.673687848315648,19.673687848315648,2.0819459465716337,2.0819459465716337,43.42390295070851,43.42390295070851,388.5620086672506,389.0413990039381,24.4565,60.9075
C_8,C,background,7,6,2,9.903,16.06360401005178,16.06360401005178,19.21644482475848,19.21644482475848,2.051994681791676,2.051994681791676,42.659893164872294,42.659893164872294,387.9295443389858,388.39173677872674,18.6875,54.9015
C_8,C,deviant,7,6,4,5.884,17.099749566274596,17.099749566274596,20.51298484415213,20.51298484415213,2.1428678449819087,2.1428678449819087,45.09023084301771,45.09023084301771,390.06886687480545,390.1603477035723,42.139,68.274
C_9,C,background,3,2,4,10.932,16.838509587145303,16.838509587145303,20.170163753439674,20.170163753439674,2.1075602569337337,2.1075602569337337,44.33462197467092,44.33462197467092,389.4927694045639,389.94500920099273,30.653535353535354,65.4725
C_9,C,deviant,3,2,6,6.472,17.147658670366322,17.147658670366322,20.56117203886329,20.56117203886329,2.134974633311069,2.134974633311069,45.15204594493911,45.15204594493911,390.27290462755633,390.51451650288845,47.0385,72.3355
C_9,C,deviant,5,4,3,8.762,17.135739851934314,17.135739851934314,20.532924104197445,20.532924104197445,2.1378426086308058,2.1378426086308058,45.114674838146435,45.114674838146435,390.10634728357064,390.27298084476973,47.2535,69.2415
C_9,C,background,5,4,5,2.191,16.45287818752446,16.45287818752446,19.673687848315648,19.673687848315648,2.0819459465716337,2.0819459465716337,43.42390295070851,43.42390295070851,388.5620086672506,389.0413990039381,24.4565,60.9075
C_9,C,background,7,6,1,3.35,16.06360401005178,16.06360401005178,19.21644482475848,19.21644482475848,2.051994681791676,2.051994681791676,42.659893164872294,42.659893164872294,387.9295443389858,388.39173677872674,18.6875,54.9015
C_9,C,deviant,7,6,2,18.828,17.099749566274596,17.099749566274596,20.51298484415213,20.51298484415213,2.1428678449819087,2.1428678449819087,45.09023084301771,45.09023084301771,390.06886687480545,390.1603477035723,42.139,68.274
C_10,C,background,3,2,2,10.38,16.838509587145303,16.838509587145303,20.170163753439674,20.170163753439674,2.1075602569337337,2.1075602569337337,44.33462197467092,44.33462197467092,389.4927694045639,389.94500920099273,30.653535353535354,65.4725
C_10,C,deviant,5,4,5,12.364,17.135739851934314,17.135739851934314,20.532924104197445,20.532924104197445,2.1378426086308058,2.1378426086308058,45.114674838146435,45.114674838146435,390.10634728357064,390.27298084476973,47.2535,69.2415
C_10,C,background,5,4,6,19.587,16.45287818752446,16.45287818752446,19.673687848315648,19.673687848315648,2.0819459465716337,2.0819459465716337,43.42390295070851,43.42390295070851,388.5620086672506,389.0413990039381,24.4565,60.9075
C_10,C,deviant,7,6,1,8.459,17.099749566274596,17.099749566274596,20.51298484415213,20.51298484415213,2.1428678449819087,2.1428678449819087,45.09023084301771,45.09023084301771,390.06886687480545,390.1603477035723,42.139,68.274
C_10,C,background,7,6,3,10.728,16.06360401005178,16.06360401005178,19.21644482475848,19.21644482475848,2.051994681791676,2.051994681791676,42.659893164872294,42.659893164872294,387.9295443389858,388.39173677872674,18.6875,54.9015
C_11,C,deviant,3,2,1,22.673,17.147658670366322,17.147658670366322,20.56117203886329,20.56117203886329,2.134974633311069,2.134974633311069,45.15204594493911,45.15204594493911,390.27290462755633,390.51451650288845,47.0385,72.3355
C_11,C,background,3,2,3,7.608,16.838509587145303,16.838509587145303,20.170163753439674,20.170163753439674,2.1075602569337337,2.1075602569337337,44.33462197467092,44.33462197467092,389.4927694045639,389.94500920099273,30.653535353535354,65.4725
C_11,C,background,5,4,2,10.34,16.45287818752446,16.45287818752446,19.673687848315648,19.673687848315648,2.0819459465716337,2.0819459465716337,43.42390295070851,43.42390295070851,388.5620086672506,389.0413990039381,24.4565,60.9075
C_11,C,deviant,5,4,4,48.069,17.135739851934314,17.135739851934314,20.532924104197445,20.532924104197445,2.1378426086308058,2.1378426086308058,45.114674838146435,45.114674838146435,390.10634728357064,390.27298084476973,47.2535,69.2415
C_11,C,deviant,7,6,5,12.868,17.099749566274596,17.099749566274596,20.51298484415213,20.51298484415213,2.1428678449819087,2.1428678449819087,45.09023084301771,45.09023084301771,390.06886687480545,390.1603477035723,42.139,68.274
C_11,C,background,7,6,6,3.482,16.06360401005178,16.06360401005178,19.21644482475848,19.21644482475848,2.051994681791676,2.051994681791676,42.659893164872294,42.659893164872294,387.9295443389858,388.39173677872674,18.6875,54.9015
C_12,C,background,3,2,1,55.925,16.838509587145303,16.838509587145303,20.170163753439674,20.170163753439674,2.1075602569337337,2.1075602569337337,44.33462197467092,44.33462197467092,389.4927694045639,389.94500920099273,30.653535353535354,65.4725
C_12,C,deviant,3,2,2,16.393,17.147658670366322,17.147658670366322,20.56117203886329,20.56117203886329,2.134974633311069,2.134974633311069,45.15204594493911,45.15204594493911,390.27290462755633,390.51451650288845,47.0385,72.3355
C_12,C,background,5,4,4,7.767,16.45287818752446,16.45287818752446,19.673687848315648,19.673687848315648,2.0819459465716337,2.0819459465716337,43.42390295070851,43.42390295070851,388.5620086672506,389.0413990039381,24.4565,60.9075
C_12,C,deviant,5,4,6,6.137,17.135739851934314,17.135739851934314,20.532924104197445,20.532924104197445,2.1378426086308058,2.1378426086308058,45.114674838146435,45.114674838146435,390.10634728357064,390.27298084476973,47.2535,69.2415
C_12,C,deviant,7,6,3,22.527,17.099749566274596,17.099749566274596,20.51298484415213,20.51298484415213,2.1428678449819087,2.1428678449819087,45.09023084301771,45.09023084301771,390.06886687480545,390.1603477035723,42.139,68.274
C_12,C,background,7,6,5,18.914,16.06360401005178,16.06360401005178,19.21644482475848,19.21644482475848,2.051994681791676,2.051994681791676,42.659893164872294,42.659893164872294,387.9295443389858,388.39173677872674,18.6875,54.9015
C_14,C,background,3,2,4,5.153,16.838509587145303,16.838509587145303,20.170163753439674,20.170163753439674,2.1075602569337337,2.1075602569337337,44.33462197467092,44.33462197467092,389.4927694045639,389.94500920099273,30.653535353535354,65.4725
C_14,C,deviant,3,2,6,4.402,17.147658670366322,17.147658670366322,20.56117203886329,20.56117203886329,2.134974633311069,2.134974633311069,45.15204594493911,45.15204594493911,390.27290462755633,390.51451650288845,47.0385,72.3355
C_14,C,deviant,5,4,3,3.783,17.135739851934314,17.135739851934314,20.532924104197445,20.532924104197445,2.1378426086308058,2.1378426086308058,45.114674838146435,45.114674838146435,390.10634728357064,390.27298084476973,47.2535,69.2415
C_14,C,background,5,4,5,4.491,16.45287818752446,16.45287818752446,19.673687848315648,19.673687848315648,2.0819459465716337,2.0819459465716337,43.42390295070851,43.42390295070851,388.5620086672506,389.0413990039381,24.4565,60.9075
C_14,C,background,7,6,1,20.922,16.06360401005178,16.06360401005178,19.21644482475848,19.21644482475848,2.051994681791676,2.051994681791676,42.659893164872294,42.659893164872294,387.9295443389858,388.39173677872674,18.6875,54.9015
C_14,C,deviant,7,6,2,17.969,17.099749566274596,17.099749566274596,20.51298484415213,20.51298484415213,2.1428678449819087,2.1428678449819087,45.09023084301771,45.09023084301771,390.06886687480545,390.1603477035723,42.139,68.274
C_15,C,background,3,2,2,8.356,16.838509587145303,16.838509587145303,20.170163753439674,20.170163753439674,2.1075602569337337,2.1075602569337337,44.33462197467092,44.33462197467092,389.4927694045639,389.94500920099273,30.653535353535354,65.4725
C_15,C,deviant,5,4,5,3.241,17.135739851934314,17.135739851934314,20.532924104197445,20.532924104197445,2.1378426086308058,2.1378426086308058,45.114674838146435,45.114674838146435,390.10634728357064,390.27298084476973,47.2535,69.2415
C_15,C,background,7,6,3,7.281,16.06360401005178,16.06360401005178,19.21644482475848,19.21644482475848,2.051994681791676,2.051994681791676,42.659893164872294,42.659893164872294,387.9295443389858,388.39173677872674,18.6875,54.9015
C_16,C,background,3,2,5,2.779,16.838509587145303,16.838509587145303,20.170163753439674,20.170163753439674,2.1075602569337337,2.1075602569337337,44.33462197467092,44.33462197467092,389.4927694045639,389.94500920099273,30.653535353535354,65.4725
C_16,C,background,5,4,1,15.127,16.45287818752446,16.45287818752446,19.673687848315648,19.673687848315648,2.0819459465716337,2.0819459465716337,43.42390295070851,43.42390295070851,388.5620086672506,389.0413990039381,24.4565,60.9075
C_16,C,deviant,5,4,2,9.577,17.135739851934314,17.135739851934314,20.532924104197445,20.532924104197445,2.1378426086308058,2.1378426086308058,45.114674838146435,45.114674838146435,390.10634728357064,390.27298084476973,47.2535,69.2415
C_16,C,deviant,7,6,6,5.921,17.099749566274596,17.099749566274596,20.51298484415213,20.51298484415213,2.1428678449819087,2.1428678449819087,45.09023084301771,45.09023084301771,390.06886687480545,390.1603477035723,42.139,68.274
C_17,C,deviant,3,2,1,22.591,17.147658670366322,17.147658670366322,20.56117203886329,20.56117203886329,2.134974633311069,2.134974633311069,45.15204594493911,45.15204594493911,390.27290462755633,390.51451650288845,47.0385,72.3355
C_17,C,background,3,2,3,13.796,16.838509587145303,16.838509587145303,20.170163753439674,20.170163753439674,2.1075602569337337,2.1075602569337337,44.33462197467092,44.33462197467092,389.4927694045639,389.94500920099273,30.653535353535354,65.4725
C_17,C,background,5,4,2,8.554,16.45287818752446,16.45287818752446,19.673687848315648,19.673687848315648,2.0819459465716337,2.0819459465716337,43.42390295070851,43.42390295070851,388.5620086672506,389.0413990039381,24.4565,60.9075
C_17,C,deviant,5,4,4,19.516,17.135739851934314,17.135739851934314,20.532924104197445,20.532924104197445,2.1378426086308058,2.1378426086308058,45.114674838146435,45.114674838146435,390.10634728357064,390.27298084476973,47.2535,69.2415
C_17,C,deviant,7,6,5,5.089,17.099749566274596,17.099749566274596,20.51298484415213,20.51298484415213,2.1428678449819087,2.1428678449819087,45.09023084301771,45.09023084301771,390.06886687480545,390.1603477035723,42.139,68.274
C_17,C,background,7,6,6,44.354,16.06360401005178,16.06360401005178,19.21644482475848,19.21644482475848,2.051994681791676,2.051994681791676,42.659893164872294,42.659893164872294,387.9295443389858,388.39173677872674,18.6875,54.9015
C_18,C,background,3,2,2,41.688,16.838509587145303,16.838509587145303,20.170163753439674,20.170163753439674,2.1075602569337337,2.1075602569337337,44.33462197467092,44.33462197467092,389.4927694045639,389.94500920099273,30.653535353535354,65.4725
C_18,C,deviant,3,2,4,24.517,17.147658670366322,17.147658670366322,20.56117203886329,20.56117203886329,2.134974633311069,2.134974633311069,45.15204594493911,45.15204594493911,390.27290462755633,390.51451650288845,47.0385,72.3355
C_18,C,deviant,5,4,5,7.232,17.135739851934314,17.135739851934314,20.532924104197445,20.532924104197445,2.1378426086308058,2.1378426086308058,45.114674838146435,45.114674838146435,390.10634728357064,390.27298084476973,47.2535,69.2415
C_18,C,background,5,4,6,8.482,16.45287818752446,16.45287818752446,19.673687848315648,19.673687848315648,2.0819459465716337,2.0819459465716337,43.42390295070851,43.42390295070851,388.5620086672506,389.0413990039381,24.4565,60.9075
C_18,C,deviant,7,6,1,59.201,17.099749566274596,17.099749566274596,20.51298484415213,20.51298484415213,2.1428678449819087,2.1428678449819087,45.09023084301771,45.09023084301771,390.06886687480545,390.1603477035723,42.139,68.274
C_18,C,background,7,6,3,21.562,16.06360401005178,16.06360401005178,19.21644482475848,19.21644482475848,2.051994681791676,2.051994681791676,42.659893164872294,42.659893164872294,387.9295443389858,388.39173677872674,18.6875,54.9015
C_19,C,deviant,3,2,3,2.045,17.147658670366322,17.147658670366322,20.56117203886329,20.56117203886329,2.134974633311069,2.134974633311069,45.15204594493911,45.15204594493911,390.27290462755633,390.51451650288845,47.0385,72.3355
C_19,C,background,3,2,5,12.909,16.838509587145303,16.838509587145303,20.170163753439674,20.170163753439674,2.1075602569337337,2.1075602569337337,44.33462197467092,44.33462197467092,389.4927694045639,389.94500920099273,30.653535353535354,65.4725
C_19,C,background,5,4,1,9.671,16.45287818752446,16.45287818752446,19.673687848315648,19.673687848315648,2.0819459465716337,2.0819459465716337,43.42390295070851,43.42390295070851,388.5620086672506,389.0413990039381,24.4565,60.9075
C_19,C,deviant,5,4,2,2.617,17.135739851934314,17.135739851934314,20.532924104197445,20.532924104197445,2.1378426086308058,2.1378426086308058,45.114674838146435,45.114674838146435,390.10634728357064,390.27298084476973,47.2535,69.2415
C_19,C,background,7,6,4,17.432,16.06360401005178,16.06360401005178,19.21644482475848,19.21644482475848,2.051994681791676,2.051994681791676,42.659893164872294,42.659893164872294,387.9295443389858,388.39173677872674,18.6875,54.9015
C_19,C,deviant,7,6,6,15.016,17.099749566274596,17.099749566274596,20.51298484415213,20.51298484415213,2.1428678449819087,2.1428678449819087,45.09023084301771,45.09023084301771,390.06886687480545,390.1603477035723,42.139,68.274
C_20,C,background,3,2,1,13.952,16.838509587145303,16.838509587145303,20.170163753439674,20.170163753439674,2.1075602569337337,2.1075602569337337,44.33462197467092,44.33462197467092,389.4927694045639,389.94500920099273,30.653535353535354,65.4725
C_20,C,deviant,3,2,2,8.181,17.147658670366322,17.147658670366322,20.56117203886329,20.56117203886329,2.134974633311069,2.134974633311069,45.15204594493911,45.15204594493911,390.27290462755633,390.51451650288845,47.0385,72.3355
C_20,C,background,5,4,4,14.98,16.45287818752446,16.45287818752446,19.673687848315648,19.673687848315648,2.0819459465716337,2.0819459465716337,43.42390295070851,43.42390295070851,388.5620086672506,389.0413990039381,24.4565,60.9075
C_20,C,deviant,5,4,6,7.149,17.135739851934314,17.135739851934314,20.532924104197445,20.532924104197445,2.1378426086308058,2.1378426086308058,45.114674838146435,45.114674838146435,390.10634728357064,390.27298084476973,47.2535,69.2415
C_20,C,deviant,7,6,3,19.28,17.099749566274596,17.099749566274596,20.51298484415213,20.51298484415213,2.1428678449819087,2.1428678449819087,45.09023084301771,45.09023084301771,390.06886687480545,390.1603477035723,42.139,68.274
C_20,C,background,7,6,5,34.291,16.06360401005178,16.06360401005178,19.21644482475848,19.21644482475848,2.051994681791676,2.051994681791676,42.659893164872294,42.659893164872294,387.9295443389858,388.39173677872674,18.6875,54.9015
C_21,C,deviant,3,2,5,6.546,17.147658670366322,17.147658670366322,20.56117203886329,20.56117203886329,2.134974633311069,2.134974633311069,45.15204594493911,45.15204594493911,390.27290462755633,390.51451650288845,47.0385,72.3355
C_21,C,background,3,2,6,22.241,16.838509587145303,16.838509587145303,20.170163753439674,20.170163753439674,2.1075602569337337,2.1075602569337337,44.33462197467092,44.33462197467092,389.4927694045639,389.94500920099273,30.653535353535354,65.4725
C_21,C,deviant,5,4,1,5.111,17.135739851934314,17.135739851934314,20.532924104197445,20.532924104197445,2.1378426086308058,2.1378426086308058,45.114674838146435,45.114674838146435,390.10634728357064,390.27298084476973,47.2535,69.2415
C_21,C,background,5,4,3,10.776,16.45287818752446,16.45287818752446,19.673687848315648,19.673687848315648,2.0819459465716337,2.0819459465716337,43.42390295070851,43.42390295070851,388.5620086672506,389.0413990039381,24.4565,60.9075
C_21,C,background,7,6,2,15.641,16.06360401005178,16.06360401005178,19.21644482475848,19.21644482475848,2.051994681791676,2.051994681791676,42.659893164872294,42.659893164872294,387.9295443389858,388.39173677872674,18.6875,54.9015
C_22,C,background,3,2,1,28.353,16.838509587145303,16.838509587145303,20.170163753439674,20.170163753439674,2.1075602569337337,2.1075602569337337,44.33462197467092,44.33462197467092,389.4927694045639,389.94500920099273,30.653535353535354,65.4725
C_22,C,deviant,3,2,2,4.062,17.147658670366322,17.147658670366322,20.56117203886329,20.56117203886329,2.134974633311069,2.134974633311069,45.15204594493911,45.15204594493911,390.27290462755633,390.51451650288845,47.0385,72.3355
C_22,C,background,5,4,4,3.882,16.45287818752446,16.45287818752446,19.673687848315648,19.673687848315648,2.0819459465716337,2.0819459465716337,43.42390295070851,43.42390295070851,388.5620086672506,389.0413990039381,24.4565,60.9075
C_22,C,deviant,5,4,6,4.681,17.135739851934314,17.135739851934314,20.532924104197445,20.532924104197445,2.1378426086308058,2.1378426086308058,45.114674838146435,45.114674838146435,390.10634728357064,390.27298084476973,47.2535,69.2415
C_22,C,deviant,7,6,3,7.42,17.099749566274596,17.099749566274596,20.51298484415213,20.51298484415213,2.1428678449819087,2.1428678449819087,45.09023084301771,45.09023084301771,390.06886687480545,390.1603477035723,42.139,68.274
C_22,C,background,7,6,5,3.26,16.06360401005178,16.06360401005178,19.21644482475848,19.21644482475848,2.051994681791676,2.051994681791676,42.659893164872294,42.659893164872294,387.9295443389858,388.39173677872674,18.6875,54.9015
C_23,C,deviant,3,2,5,29.96,17.147658670366322,17.147658670366322,20.56117203886329,20.56117203886329,2.134974633311069,2.134974633311069,45.15204594493911,45.15204594493911,390.27290462755633,390.51451650288845,47.0385,72.3355
C_23,C,background,3,2,6,40.292,16.838509587145303,16.838509587145303,20.170163753439674,20.170163753439674,2.1075602569337337,2.1075602569337337,44.33462197467092,44.33462197467092,389.4927694045639,389.94500920099273,30.653535353535354,65.4725
C_23,C,deviant,5,4,1,15.953,17.135739851934314,17.135739851934314,20.532924104197445,20.532924104197445,2.1378426086308058,2.1378426086308058,45.114674838146435,45.114674838146435,390.10634728357064,390.27298084476973,47.2535,69.2415
C_23,C,background,5,4,3,13.896,16.45287818752446,16.45287818752446,19.673687848315648,19.673687848315648,2.0819459465716337,2.0819459465716337,43.42390295070851,43.42390295070851,388.5620086672506,389.0413990039381,24.4565,60.9075
C_23,C,background,7,6,2,32.669,16.06360401005178,16.06360401005178,19.21644482475848,19.21644482475848,2.051994681791676,2.051994681791676,42.659893164872294,42.659893164872294,387.9295443389858,388.39173677872674,18.6875,54.9015
C_23,C,deviant,7,6,4,53.265,17.099749566274596,17.099749566274596,20.51298484415213,20.51298484415213,2.1428678449819087,2.1428678449819087,45.09023084301771,45.09023084301771,390.06886687480545,390.1603477035723,42.139,68.274
C_24,C,background,3,2,4,6.236,16.838509587145303,16.838509587145303,20.170163753439674,20.170163753439674,2.1075602569337337,2.1075602569337337,44.33462197467092,44.33462197467092,389.4927694045639,389.94500920099273,30.653535353535354,65.4725
C_24,C,deviant,3,2,6,20.722,17.147658670366322,17.147658670366322,20.56117203886329,20.56117203886329,2.134974633311069,2.134974633311069,45.15204594493911,45.15204594493911,390.27290462755633,390.51451650288845,47.0385,72.3355
C_24,C,background,5,4,5,17.828,16.45287818752446,16.45287818752446,19.673687848315648,19.673687848315648,2.0819459465716337,2.0819459465716337,43.42390295070851,43.42390295070851,388.5620086672506,389.0413990039381,24.4565,60.9075
C_24,C,background,7,6,1,34.849,16.06360401005178,16.06360401005178,19.21644482475848,19.21644482475848,2.051994681791676,2.051994681791676,42.659893164872294,42.659893164872294,387.9295443389858,388.39173677872674,18.6875,54.9015
C_24,C,deviant,7,6,2,8.909,17.099749566274596,17.099749566274596,20.51298484415213,20.51298484415213,2.1428678449819087,2.1428678449819087,45.09023084301771,45.09023084301771,390.06886687480545,390.1603477035723,42.139,68.274
C_27,C,deviant,3,2,1,36.908,17.147658670366322,17.147658670366322,20.56117203886329,20.56117203886329,2.134974633311069,2.134974633311069,45.15204594493911,45.15204594493911,390.27290462755633,390.51451650288845,47.0385,72.3355
C_27,C,background,3,2,3,8.534,16.838509587145303,16.838509587145303,20.170163753439674,20.170163753439674,2.1075602569337337,2.1075602569337337,44.33462197467092,44.33462197467092,389.4927694045639,389.94500920099273,30.653535353535354,65.4725
C_27,C,background,5,4,2,20.018,16.45287818752446,16.45287818752446,19.673687848315648,19.673687848315648,2.0819459465716337,2.0819459465716337,43.42390295070851,43.42390295070851,388.5620086672506,389.0413990039381,24.4565,60.9075
C_28,C,background,3,2,2,6.142,16.838509587145303,16.838509587145303,20.170163753439674,20.170163753439674,2.1075602569337337,2.1075602569337337,44.33462197467092,44.33462197467092,389.4927694045639,389.94500920099273,30.653535353535354,65.4725
C_28,C,deviant,3,2,4,9.022,17.147658670366322,17.147658670366322,20.56117203886329,20.56117203886329,2.134974633311069,2.134974633311069,45.15204594493911,45.15204594493911,390.27290462755633,390.51451650288845,47.0385,72.3355
C_28,C,deviant,5,4,5,5.232,17.135739851934314,17.135739851934314,20.532924104197445,20.532924104197445,2.1378426086308058,2.1378426086308058,45.114674838146435,45.114674838146435,390.10634728357064,390.27298084476973,47.2535,69.2415
C_28,C,background,5,4,6,3.014,16.45287818752446,16.45287818752446,19.673687848315648,19.673687848315648,2.0819459465716337,2.0819459465716337,43.42390295070851,43.42390295070851,388.5620086672506,389.0413990039381,24.4565,60.9075
C_28,C,deviant,7,6,1,24.321,17.099749566274596,17.099749566274596,20.51298484415213,20.51298484415213,2.1428678449819087,2.1428678449819087,45.09023084301771,45.09023084301771,390.06886687480545,390.1603477035723,42.139,68.274
C_28,C,background,7,6,3,6.881,16.06360401005178,16.06360401005178,19.21644482475848,19.21644482475848,2.051994681791676,2.051994681791676,42.659893164872294,42.659893164872294,387.9295443389858,388.39173677872674,18.6875,54.9015
C_29,C,background,3,2,1,60.0,16.838509587145303,16.838509587145303,20.170163753439674,20.170163753439674,2.1075602569337337,2.1075602569337337,44.33462197467092,44.33462197467092,389.4927694045639,389.94500920099273,30.653535353535354,65.4725
C_29,C,deviant,3,2,2,58.081,17.147658670366322,17.147658670366322,20.56117203886329,20.56117203886329,2.134974633311069,2.134974633311069,45.15204594493911,45.15204594493911,390.27290462755633,390.51451650288845,47.0385,72.3355
C_29,C,background,5,4,4,19.354,16.45287818752446,16.45287818752446,19.673687848315648,19.673687848315648,2.0819459465716337,2.0819459465716337,43.42390295070851,43.42390295070851,388.5620086672506,389.0413990039381,24.4565,60.9075
C_29,C,deviant,7,6,3,21.528,17.099749566274596,17.099749566274596,20.51298484415213,20.51298484415213,2.1428678449819087,2.1428678449819087,45.09023084301771,45.09023084301771,390.06886687480545,390.1603477035723,42.139,68.274
C_29,C,background,7,6,5,6.386,16.06360401005178,16.06360401005178,19.21644482475848,19.21644482475848,2.051994681791676,2.051994681791676,42.659893164872294,42.659893164872294,387.9295443389858,388.39173677872674,18.6875,54.9015
C_30,C,deviant,3,2,1,15.992,17.147658670366322,17.147658670366322,20.56117203886329,20.56117203886329,2.134974633311069,2.134974633311069,45.15204594493911,45.15204594493911,390.27290462755633,390.51451650288845,47.0385,72.3355
C_30,C,background,3,2,3,4.647,16.838509587145303,16.838509587145303,20.170163753439674,20.170163753439674,2.1075602569337337,2.1075602569337337,44.33462197467092,44.33462197467092,389.4927694045639,389.94500920099273,30.653535353535354,65.4725
C_30,C,background,5,4,2,14.837,16.45287818752446,16.45287818752446,19.673687848315648,19.673687848315648,2.0819459465716337,2.0819459465716337,43.42390295070851,43.42390295070851,388.5620086672506,389.0413990039381,24.4565,60.9075
C_30,C,deviant,5,4,4,6.194,17.135739851934314,17.135739851934314,20.532924104197445,20.532924104197445,2.1378426086308058,2.1378426086308058,45.114674838146435,45.114674838146435,390.10634728357064,390.27298084476973,47.2535,69.2415
C_30,C,deviant,7,6,5,4.992,17.099749566274596,17.099749566274596,20.51298484415213,20.51298484415213,2.1428678449819087,2.1428678449819087,45.09023084301771,45.09023084301771,390.06886687480545,390.1603477035723,42.139,68.274
C_30,C,background,7,6,6,6.219,16.06360401005178,16.06360401005178,19.21644482475848,19.21644482475848,2.051994681791676,2.051994681791676,42.659893164872294,42.659893164872294,387.9295443389858,388.39173677872674,18.6875,54.9015
C_31,C,deviant,3,2,3,4.765,17.147658670366322,17.147658670366322,20.56117203886329,20.56117203886329,2.134974633311069,2.134974633311069,45.15204594493911,45.15204594493911,390.27290462755633,390.51451650288845,47.0385,72.3355
C_31,C,background,3,2,5,3.897,16.838509587145303,16.838509587145303,20.170163753439674,20.170163753439674,2.1075602569337337,2.1075602569337337,44.33462197467092,44.33462197467092,389.4927694045639,389.94500920099273,30.653535353535354,65.4725
C_31,C,background,5,4,1,2.952,16.45287818752446,16.45287818752446,19.673687848315648,19.673687848315648,2.0819459465716337,2.0819459465716337,43.42390295070851,43.42390295070851,388.5620086672506,389.0413990039381,24.4565,60.9075
C_31,C,background,7,6,4,4.377,16.06360401005178,16.06360401005178,19.21644482475848,19.21644482475848,2.051994681791676,2.051994681791676,42.659893164872294,42.659893164872294,387.9295443389858,388.39173677872674,18.6875,54.9015
C_31,C,deviant,7,6,6,6.35,17.099749566274596,17.099749566274596,20.51298484415213,20.51298484415213,2.1428678449819087,2.1428678449819087,45.09023084301771,45.09023084301771,390.06886687480545,390.1603477035723,42.139,68.274
C_32,C,deviant,3,2,5,9.808,17.147658670366322,17.147658670366322,20.56117203886329,20.56117203886329,2.134974633311069,2.134974633311069,45.15204594493911,45.15204594493911,390.27290462755633,390.51451650288845,47.0385,72.3355
C_32,C,background,3,2,6,5.818,16.838509587145303,16.838509587145303,20.170163753439674,20.170163753439674,2.1075602569337337,2.1075602569337337,44.33462197467092,44.33462197467092,389.4927694045639,389.94500920099273,30.653535353535354,65.4725
C_32,C,background,5,4,3,7.32,16.45287818752446,16.45287818752446,19.673687848315648,19.673687848315648,2.0819459465716337,2.0819459465716337,43.42390295070851,43.42390295070851,388.5620086672506,389.0413990039381,24.4565,60.9075
C_32,C,background,7,6,2,10.184,16.06360401005178,16.06360401005178,19.21644482475848,19.21644482475848,2.051994681791676,2.051994681791676,42.659893164872294,42.659893164872294,387.9295443389858,388.39173677872674,18.6875,54.9015
C_32,C,deviant,7,6,4,8.714,17.099749566274596,17.099749566274596,20.51298484415213,20.51298484415213,2.1428678449819087,2.1428678449819087,45.09023084301771,45.09023084301771,390.06886687480545,390.1603477035723,42.139,68.274
C_33,C,background,3,2,4,23.559,16.838509587145303,16.838509587145303,20.170163753439674,20.170163753439674,2.1075602569337337,2.1075602569337337,44.33462197467092,44.33462197467092,389.4927694045639,389.94500920099273,30.653535353535354,65.4725
C_33,C,deviant,3,2,6,14.155,17.147658670366322,17.147658670366322,20.56117203886329,20.56117203886329,2.134974633311069,2.134974633311069,45.15204594493911,45.15204594493911,390.27290462755633,390.51451650288845,47.0385,72.3355
C_33,C,deviant,5,4,3,13.941,17.135739851934314,17.135739851934314,20.532924104197445,20.532924104197445,2.1378426086308058,2.1378426086308058,45.114674838146435,45.114674838146435,390.10634728357064,390.27298084476973,47.2535,69.2415
C_33,C,background,5,4,5,14.462,16.45287818752446,16.45287818752446,19.673687848315648,19.673687848315648,2.0819459465716337,2.0819459465716337,43.42390295070851,43.42390295070851,388.5620086672506,389.0413990039381,24.4565,60.9075
C_33,C,background,7,6,1,3.35,16.06360401005178,16.06360401005178,19.21644482475848,19.21644482475848,2.051994681791676,2.051994681791676,42.659893164872294,42.659893164872294,387.9295443389858,388.39173677872674,18.6875,54.9015
C_33,C,deviant,7,6,2,28.656,17.099749566274596,17.099749566274596,20.51298484415213,20.51298484415213,2.1428678449819087,2.1428678449819087,45.09023084301771,45.09023084301771,390.06886687480545,390.1603477035723,42.139,68.274
C_34,C,background,3,2,2,6.675,16.838509587145303,16.838509587145303,20.170163753439674,20.170163753439674,2.1075602569337337,2.1075602569337337,44.33462197467092,44.33462197467092,389.4927694045639,389.94500920099273,30.653535353535354,65.4725
C_34,C,background,5,4,6,31.395,16.45287818752446,16.45287818752446,19.673687848315648,19.673687848315648,2.0819459465716337,2.0819459465716337,43.42390295070851,43.42390295070851,388.5620086672506,389.0413990039381,24.4565,60.9075
C_34,C,deviant,7,6,1,14.418,17.099749566274596,17.099749566274596,20.51298484415213,20.51298484415213,2.1428678449819087,2.1428678449819087,45.09023084301771,45.09023084301771,390.06886687480545,390.1603477035723,42.139,68.274
C_34,C,background,7,6,3,3.001,16.06360401005178,16.06360401005178,19.21644482475848,19.21644482475848,2.051994681791676,2.051994681791676,42.659893164872294,42.659893164872294,387.9295443389858,388.39173677872674,18.6875,54.9015
C_37,C,deviant,3,2,5,26.0,17.147658670366322,17.147658670366322,20.56117203886329,20.56117203886329,2.134974633311069,2.134974633311069,45.15204594493911,45.15204594493911,390.27290462755633,390.51451650288845,47.0385,72.3355
C_37,C,background,3,2,6,28.868,16.838509587145303,16.838509587145303,20.170163753439674,20.170163753439674,2.1075602569337337,2.1075602569337337,44.33462197467092,44.33462197467092,389.4927694045639,389.94500920099273,30.653535353535354,65.4725
C_37,C,deviant,5,4,1,57.724,17.135739851934314,17.135739851934314,20.532924104197445,20.532924104197445,2.1378426086308058,2.1378426086308058,45.114674838146435,45.114674838146435,390.10634728357064,390.27298084476973,47.2535,69.2415
C_37,C,background,5,4,3,4.388,16.45287818752446,16.45287818752446,19.673687848315648,19.673687848315648,2.0819459465716337,2.0819459465716337,43.42390295070851,43.42390295070851,388.5620086672506,389.0413990039381,24.4565,60.9075
C_37,C,background,7,6,2,32.649,16.06360401005178,16.06360401005178,19.21644482475848,19.21644482475848,2.051994681791676,2.051994681791676,42.659893164872294,42.659893164872294,387.9295443389858,388.39173677872674,18.6875,54.9015
