setting,metric,world_EIGs,V_prior,alpha_prior,beta_prior,eps_fixed,sd_epsilon,infer_eps,sigma_true,window,r2_21,rmse21_full,rmse21_cv,b21,bg1,bg2,bg11,dev
0,mi_concept,3.1622776601683795e-05,1.0,1.0,0.1,,0.5,True,0.1,exemplar_mean,0.6617470159097629,211.75565980012956,215.20958738100185,184.3815923186326,24.08333333333333,19.90625,16.729166666666668,20.065625
0,mi_concept,0.0001,1.0,1.0,0.1,,0.5,True,0.1,exemplar_mean,0.5927375897040248,232.35465215122343,238.0526926334761,251.24387117332813,16.083333333333332,14.083333333333334,11.552083333333334,13.520833333333334
0,mi_concept,0.0003162277660168,1.0,1.0,0.1,,0.5,True,0.1,exemplar_mean,0.573367566363811,237.8160398444232,242.95240705576816,300.5361296550649,11.15625,9.302083333333334,6.989583333333333,9.022916666666667
0,mi_concept,0.001,1.0,1.0,0.1,,0.5,True,0.1,exemplar_mean,0.4632025894590424,266.7592051645821,275.6041263458888,358.4502934552929,8.458333333333334,6.75,5.260416666666667,6.1239583333333325
0,mi_concept,0.0031622776601683,1.0,1.0,0.1,,0.5,True,0.1,exemplar_mean,0.3069454898241202,303.10835367318793,341.2254639149337,354.8337777770484,5.833333333333333,4.697916666666667,3.520833333333333,4.043750000000001
0,mi_concept,0.01,1.0,1.0,0.1,,0.5,True,0.1,exemplar_mean,0.2428945843208652,316.80526097747395,366.7398157731209,383.39413556048464,4.260416666666667,3.6354166666666665,2.114583333333333,2.7583333333333333
0,mi_concept,0.0316227766016837,1.0,1.0,0.1,,0.5,True,0.1,exemplar_mean,0.204273871445634,324.78504087437767,380.9131561350405,480.7296924754977,3.0,2.375,1.5729166666666667,1.9197916666666668
0,mi_concept,0.0999999999999999,1.0,1.0,0.1,,0.5,True,0.1,exemplar_mean,0.0642912861908437,352.1961024528013,392.4815931445896,453.6820934818769,1.90625,1.9270833333333333,1.3333333333333333,1.4604166666666667
0,mi_concept,0.3162277660168379,1.0,1.0,0.1,,0.5,True,0.1,exemplar_mean,7.194942155339381e-09,364.0945742219499,368.7706555758176,0.2911379341702658,1.3541666666666667,1.3645833333333333,1.1041666666666667,1.2125
0,mi_concept,1.0,1.0,1.0,0.1,,0.5,True,0.1,exemplar_mean,0.1506742166995168,335.5454566814689,383.69765051450656,3785.17464689872,1.1979166666666667,1.1041666666666667,1.0416666666666667,1.1010416666666667
0,mi_concept,3.162277660168379,1.0,1.0,0.1,,0.5,True,0.1,exemplar_mean,0.0011543213868158,364.0945755317696,368.6815949759371,-504.0369799881414,1.0833333333333333,1.0729166666666667,1.0625,1.03125
1,mi_concept,3.1622776601683795e-05,1.0,1.0,0.1,,0.5,True,0.2,exemplar_mean,0.5272908703412345,250.3290226115041,262.9509764804108,99.3171685324227,37.32291666666666,32.385416666666664,25.6875,30.834375
1,mi_concept,0.0001,1.0,1.0,0.1,,0.5,True,0.2,exemplar_mean,0.4087651892685064,279.95885388989154,316.3481828687234,149.32940791287734,22.64583333333333,22.135416666666668,17.479166666666668,20.29895833333333
1,mi_concept,0.0003162277660168,1.0,1.0,0.1,,0.5,True,0.2,exemplar_mean,0.3123501981823114,301.9241621003448,336.7794743578469,185.21754784534417,15.854166666666666,14.291666666666666,11.708333333333334,12.951041666666669
1,mi_concept,0.001,1.0,1.0,0.1,,0.5,True,0.2,exemplar_mean,0.2968076803909694,305.31719793354233,347.04251163142993,228.02744504205663,10.604166666666666,10.104166666666666,7.229166666666667,8.573958333333334
1,mi_concept,0.0031622776601683,1.0,1.0,0.1,,0.5,True,0.2,exemplar_mean,0.2808240572668867,308.7676442158963,355.2235316870204,291.6373840714335,7.302083333333333,6.197916666666667,5.083333333333333,5.471874999999999
1,mi_concept,0.01,1.0,1.0,0.1,,0.5,True,0.2,exemplar_mean,0.1376557558965633,338.1072964791574,382.83314202149165,308.666000245408,4.6875,4.229166666666667,3.2291666666666665,3.5604166666666663
1,mi_concept,0.0316227766016837,1.0,1.0,0.1,,0.5,True,0.2,exemplar_mean,0.0609128490842918,352.8313430305789,375.0284126583513,303.64399337724944,2.6041666666666665,2.677083333333333,1.9583333333333333,2.34375
1,mi_concept,0.0999999999999999,1.0,1.0,0.1,,0.5,True,0.2,exemplar_mean,0.1137721337477751,342.7574549988077,373.4479091371619,758.5259065081921,1.84375,1.6666666666666667,1.4479166666666667,1.6270833333333332
1,mi_concept,0.3162277660168379,1.0,1.0,0.1,,0.5,True,0.2,exemplar_mean,0.0683377626313866,351.4337405548687,370.5686401429931,1013.5921346708238,1.3541666666666667,1.4479166666666667,1.1145833333333333,1.2552083333333337
1,mi_concept,1.0,1.0,1.0,0.1,,0.5,True,0.2,exemplar_mean,0.0443292098891443,355.9330898242308,370.2147597620921,1797.9859278129618,1.1145833333333333,1.1458333333333333,1.0416666666666667,1.0864583333333333
1,mi_concept,3.162277660168379,1.0,1.0,0.1,,0.5,True,0.2,exemplar_mean,0.0540612252450432,364.0945755317696,360.26577905524965,-5108.760946504685,1.0208333333333333,1.0208333333333333,1.0208333333333333,1.0239583333333333
2,mi_concept,3.1622776601683795e-05,1.0,1.0,0.1,,1.0,True,0.1,exemplar_mean,0.6639132820671875,211.0764996101044,229.8891122309388,187.23519637801184,24.40625,18.604166666666668,17.65625,19.73020833333333
2,mi_concept,0.0001,1.0,1.0,0.1,,1.0,True,0.1,exemplar_mean,0.6382059109675713,219.0004172066488,227.5785814530668,276.42851939427146,15.916666666666666,13.541666666666666,11.520833333333334,13.478125
2,mi_concept,0.0003162277660168,1.0,1.0,0.1,,1.0,True,0.1,exemplar_mean,0.5176227697372785,252.87599720811696,250.38419422111997,279.145150878294,11.895833333333334,9.822916666666666,7.916666666666667,9.071875
2,mi_concept,0.001,1.0,1.0,0.1,,1.0,True,0.1,exemplar_mean,0.5783536681763503,236.42226400849,242.44775890119823,350.37608633490754,8.614583333333334,6.291666666666667,5.041666666666667,6.24375
2,mi_concept,0.0031622776601683,1.0,1.0,0.1,,1.0,True,0.1,exemplar_mean,0.2522052004639925,314.8512551318705,371.5888286554223,330.78578229626663,5.875,4.802083333333333,3.3541666666666665,3.9302083333333337
2,mi_concept,0.01,1.0,1.0,0.1,,1.0,True,0.1,exemplar_mean,0.2426095904800764,316.8648821683952,362.692851670979,409.6141378364434,4.052083333333333,3.5625,2.1354166666666665,2.7802083333333334
2,mi_concept,0.0316227766016837,1.0,1.0,0.1,,1.0,True,0.1,exemplar_mean,0.1098197412912183,343.5209182999749,387.8826540569584,368.98021660639176,2.8125,2.375,1.6458333333333333,1.9260416666666669
2,mi_concept,0.0999999999999999,1.0,1.0,0.1,,1.0,True,0.1,exemplar_mean,0.0750862406998148,350.15862541210333,387.5449661645322,433.9417021676252,1.875,2.0,1.3333333333333333,1.4427083333333337
2,mi_concept,0.3162277660168379,1.0,1.0,0.1,,1.0,True,0.1,exemplar_mean,0.0056346319067856,363.06735703195625,373.66685870988846,220.5022471831295,1.3645833333333333,1.3541666666666667,1.15625,1.2427083333333333
2,mi_concept,1.0,1.0,1.0,0.1,,1.0,True,0.1,exemplar_mean,0.0341180820173161,357.82957000211303,373.90519668919313,1123.920772053611,1.1458333333333333,1.09375,1.03125,1.109375
2,mi_concept,3.162277660168379,1.0,1.0,0.1,,1.0,True,0.1,exemplar_mean,4.0499150831179225e-05,364.0945755317696,365.9627074307716,-88.1200094526632,1.0416666666666667,1.0104166666666667,1.0416666666666667,1.0416666666666663
3,mi_concept,3.1622776601683795e-05,1.0,1.0,0.1,,1.0,True,0.2,exemplar_mean,0.5943401175907235,231.89705796210356,238.8789638260078,159.95479179402406,34.052083333333336,30.46875,27.70833333333333,30.665625
3,mi_concept,0.0001,1.0,1.0,0.1,,1.0,True,0.2,exemplar_mean,0.3219592886924186,299.8072246001626,332.05092177547897,124.33882953185208,22.729166666666668,22.05208333333333,15.854166666666666,20.216666666666665
3,mi_concept,0.0003162277660168,1.0,1.0,0.1,,1.0,True,0.2,exemplar_mean,0.2985860410974263,304.9308826866024,340.55962889738464,162.60106986135492,16.177083333333332,15.520833333333334,11.9375,13.291666666666666
3,mi_concept,0.001,1.0,1.0,0.1,,1.0,True,0.2,exemplar_mean,0.2952982803425864,305.64470347117845,341.2353200692942,200.13524530376216,11.03125,9.979166666666666,7.34375,8.525000000000002
3,mi_concept,0.0031622776601683,1.0,1.0,0.1,,1.0,True,0.2,exemplar_mean,0.1207261381577908,341.4100413530361,389.1902964578964,207.9063389860992,6.979166666666667,7.041666666666667,4.791666666666667,5.555208333333334
3,mi_concept,0.01,1.0,1.0,0.1,,1.0,True,0.2,exemplar_mean,0.2280283204107104,319.90048073731003,359.8317727196456,361.0230676620765,4.697916666666667,4.28125,3.03125,3.6208333333333327
3,mi_concept,0.0316227766016837,1.0,1.0,0.1,,1.0,True,0.2,exemplar_mean,0.0565110870806865,353.6572855014053,379.7132878393035,287.6623773246045,2.6875,2.8854166666666665,2.020833333333333,2.3
3,mi_concept,0.0999999999999999,1.0,1.0,0.1,,1.0,True,0.2,exemplar_mean,0.059141981536468,353.1638591832363,383.6010357231425,457.8219327024538,1.8645833333333333,2.0729166666666665,1.4479166666666667,1.6333333333333335
3,mi_concept,0.3162277660168379,1.0,1.0,0.1,,1.0,True,0.2,exemplar_mean,0.0046712786172598,364.0945755317696,360.26577905524965,-234.26402290106924,1.2604166666666667,1.5416666666666667,1.1666666666666667,1.2270833333333333
3,mi_concept,1.0,1.0,1.0,0.1,,1.0,True,0.2,exemplar_mean,0.0102647916093869,362.2210778926779,389.0824857063657,1198.842893512575,1.1145833333333333,1.125,1.0729166666666667,1.0812500000000005
3,mi_concept,3.162277660168379,1.0,1.0,0.1,,1.0,True,0.2,exemplar_mean,0.038071790119731,357.0964553269744,385.1714472138629,3659.122951237535,1.0729166666666667,1.0208333333333333,1.0208333333333333,1.0291666666666666
4,mi_concept,3.1622776601683795e-05,1.0,1.0,1.0,,0.5,True,0.1,exemplar_mean,0.2967073175348972,305.33898529658376,332.0369641035404,229.649237360492,11.666666666666666,10.15625,8.302083333333334,8.964583333333334
4,mi_concept,0.0001,1.0,1.0,1.0,,0.5,True,0.1,exemplar_mean,0.1673888311313969,332.22730619050816,387.4252939229109,237.28339898453177,8.229166666666666,7.072916666666667,5.447916666666667,6.059375
4,mi_concept,0.0003162277660168,1.0,1.0,1.0,,0.5,True,0.1,exemplar_mean,0.2693918903325711,311.2120847958788,360.79472408209233,303.5266917135205,6.75,4.635416666666667,3.8125,4.219791666666667
4,mi_concept,0.001,1.0,1.0,1.0,,0.5,True,0.1,exemplar_mean,0.2721819200942268,310.617291563812,354.7981321479206,347.4317223344777,5.09375,3.71875,2.71875,2.978125
4,mi_concept,0.0031622776601683,1.0,1.0,1.0,,0.5,True,0.1,exemplar_mean,0.2532626012537282,314.6285725590277,349.5432908393992,409.8839514155725,4.010416666666667,2.78125,1.75,2.25
4,mi_concept,0.01,1.0,1.0,1.0,,0.5,True,0.1,exemplar_mean,0.1318953236657828,339.2346898892625,391.91859707668726,367.4489190890464,2.875,2.53125,1.4270833333333333,1.728125
4,mi_concept,0.0316227766016837,1.0,1.0,1.0,,0.5,True,0.1,exemplar_mean,0.1303836212494981,339.529930114176,386.2778660249996,598.5915989056542,2.0625,1.8854166666666667,1.375,1.475
4,mi_concept,0.0999999999999999,1.0,1.0,1.0,,0.5,True,0.1,exemplar_mean,0.0577397089126011,353.42694224855825,387.9445968960332,655.926025636744,1.625,1.40625,1.2083333333333333,1.2677083333333334
4,mi_concept,0.3162277660168379,1.0,1.0,1.0,,0.5,True,0.1,exemplar_mean,0.0003820709610154,364.0945755317696,371.1157395764264,-134.94620551966165,1.1354166666666667,1.1875,1.15625,1.190625
4,mi_concept,1.0,1.0,1.0,1.0,,0.5,True,0.1,exemplar_mean,0.0380156158430724,364.0945755317696,360.26577905524965,-2334.572490516377,1.0520833333333333,1.0833333333333333,1.0520833333333333,1.0885416666666667
4,mi_concept,3.162277660168379,1.0,1.0,1.0,,0.5,True,0.1,exemplar_mean,0.1701887685942773,364.0945755317696,360.26577905524965,-9742.751402719514,1.0104166666666667,1.03125,1.0208333333333333,1.028125
5,mi_concept,3.1622776601683795e-05,1.0,1.0,1.0,,0.5,True,0.2,exemplar_mean,0.0555078619545098,353.8452599464264,386.6172754561266,75.31989233420626,17.322916666666668,15.697916666666666,13.395833333333334,13.8375
5,mi_concept,0.0001,1.0,1.0,1.0,,0.5,True,0.2,exemplar_mean,0.2769205543674382,309.60446610109256,341.5267932400662,199.89622698542712,12.9375,10.395833333333334,9.135416666666666,9.4875
5,mi_concept,0.0003162277660168,1.0,1.0,1.0,,0.5,True,0.2,exemplar_mean,0.2202564558190696,321.5067553208809,358.2954451216527,244.63762554074907,8.78125,7.239583333333333,5.645833333333333,6.446875
5,mi_concept,0.001,1.0,1.0,1.0,,0.5,True,0.2,exemplar_mean,0.1028637300956283,344.8604702767257,389.8395342489612,207.6184999358217,6.34375,5.510416666666667,4.4375,4.417708333333333
5,mi_concept,0.0031622776601683,1.0,1.0,1.0,,0.5,True,0.2,exemplar_mean,0.0929015104125379,346.7699298041597,390.4467203158146,281.9656347478967,4.302083333333333,3.71875,2.9166666666666665,2.980208333333333
5,mi_concept,0.01,1.0,1.0,1.0,,0.5,True,0.2,exemplar_mean,0.1724584521848893,331.21432543556875,382.832928200494,436.3986009543061,3.4166666666666665,2.7291666666666665,1.9583333333333333,2.15625
5,mi_concept,0.0316227766016837,1.0,1.0,1.0,,0.5,True,0.2,exemplar_mean,0.0367488986603045,357.3419193547176,389.5264161466139,341.6735938931249,2.2291666666666665,1.9166666666666667,1.4895833333333333,1.621875
5,mi_concept,0.0999999999999999,1.0,1.0,1.0,,0.5,True,0.2,exemplar_mean,0.0247683004544741,359.55730231934785,385.9378365422062,431.6840506889099,1.6458333333333333,1.6458333333333333,1.1770833333333333,1.303125
5,mi_concept,0.3162277660168379,1.0,1.0,1.0,,0.5,True,0.2,exemplar_mean,0.056174776428973,353.7203112102277,367.67809087208303,1653.490112571714,1.2291666666666667,1.21875,1.0729166666666667,1.1677083333333331
5,mi_concept,1.0,1.0,1.0,1.0,,0.5,True,0.2,exemplar_mean,0.0285194606198713,364.0945755317696,360.26577905524965,-1979.850313515656,1.0520833333333333,1.125,1.0729166666666667,1.078125
5,mi_concept,3.162277660168379,1.0,1.0,1.0,,0.5,True,0.2,exemplar_mean,0.0154892464979192,361.2637957770138,387.12650809590616,3104.280351370573,1.0625,1.0208333333333333,1.0208333333333333,1.021875
6,mi_concept,3.1622776601683795e-05,1.0,1.0,1.0,,1.0,True,0.1,exemplar_mean,0.322716246253571,299.639827041373,320.9499635515094,236.86620484697212,12.072916666666666,9.5625,8.25,8.855208333333334
6,mi_concept,0.0001,1.0,1.0,1.0,,1.0,True,0.1,exemplar_mean,0.3548956213555337,292.43490146749576,308.1006902842012,305.889484862179,8.385416666666666,6.71875,5.479166666666667,6.10625
6,mi_concept,0.0003162277660168,1.0,1.0,1.0,,1.0,True,0.1,exemplar_mean,0.1792268311216823,329.85706020641504,373.77803008812015,243.36737775040643,6.75,4.59375,3.6458333333333335,4.205208333333333
6,mi_concept,0.001,1.0,1.0,1.0,,1.0,True,0.1,exemplar_mean,0.2458196828491583,316.1926756051061,371.82430733,297.63383475724527,5.395833333333333,3.6875,2.520833333333333,2.8833333333333333
6,mi_concept,0.0031622776601683,1.0,1.0,1.0,,1.0,True,0.1,exemplar_mean,0.169061659543157,331.89339359876834,383.2076360102328,266.759736484736,4.229166666666667,3.083333333333333,2.083333333333333,2.128125
6,mi_concept,0.01,1.0,1.0,1.0,,1.0,True,0.1,exemplar_mean,0.1895542124899382,327.775277138888,382.96478144960975,354.65122538203826,3.270833333333333,2.46875,1.4270833333333333,1.7177083333333336
6,mi_concept,0.0316227766016837,1.0,1.0,1.0,,1.0,True,0.1,exemplar_mean,0.1350708622444082,338.6136589055158,390.12517697936863,488.6020612578986,2.28125,1.96875,1.3333333333333333,1.4947916666666667
6,mi_concept,0.0999999999999999,1.0,1.0,1.0,,1.0,True,0.1,exemplar_mean,0.0544290916681272,354.04727794246173,383.12044121592265,563.1871402763644,1.5833333333333333,1.59375,1.1145833333333333,1.3406250000000002
6,mi_concept,0.3162277660168379,1.0,1.0,1.0,,1.0,True,0.1,exemplar_mean,0.0024978939305014,363.6395563915433,374.2876412750565,224.1244132039712,1.2604166666666667,1.3020833333333333,1.15625,1.2177083333333332
6,mi_concept,1.0,1.0,1.0,1.0,,1.0,True,0.1,exemplar_mean,0.0012541153978741,364.0945755317696,364.3070512225648,-440.5133789978656,1.0833333333333333,1.0729166666666667,1.0729166666666667,1.1010416666666667
6,mi_concept,3.162277660168379,1.0,1.0,1.0,,1.0,True,0.1,exemplar_mean,0.0226830702104228,364.0945755317696,360.26577905524965,-2597.027558933333,1.03125,1.03125,1.03125,1.0375
7,mi_concept,3.1622776601683795e-05,1.0,1.0,1.0,,1.0,True,0.2,exemplar_mean,0.3814908321709951,286.34346718530054,289.55247765273583,191.56596209838384,18.23958333333333,14.677083333333334,13.395833333333334,14.015625
7,mi_concept,0.0001,1.0,1.0,1.0,,1.0,True,0.2,exemplar_mean,0.1320416428239715,339.20609965853134,376.2945460059826,152.97427517555238,12.322916666666666,10.479166666666666,8.96875,9.354166666666666
7,mi_concept,0.0003162277660168,1.0,1.0,1.0,,1.0,True,0.2,exemplar_mean,0.1027163254111894,344.8888003992452,390.0078055955628,175.45075242414893,8.802083333333334,7.34375,6.666666666666667,6.41875
7,mi_concept,0.001,1.0,1.0,1.0,,1.0,True,0.2,exemplar_mean,0.1758114581687814,330.5426426425707,386.9875862598655,243.48610538351767,6.385416666666667,5.739583333333333,4.21875,4.393749999999999
7,mi_concept,0.0031622776601683,1.0,1.0,1.0,,1.0,True,0.2,exemplar_mean,0.2459664629497601,316.1619050784563,359.1695156219219,369.4425686097559,4.6875,3.84375,2.833333333333333,3.1197916666666665
7,mi_concept,0.01,1.0,1.0,1.0,,1.0,True,0.2,exemplar_mean,0.195477166029714,326.57534627876106,376.3216809909735,453.0885274907236,3.25,2.833333333333333,1.9791666666666667,2.2927083333333336
7,mi_concept,0.0316227766016837,1.0,1.0,1.0,,1.0,True,0.2,exemplar_mean,0.1354613744380118,338.537208890152,388.8813601653172,491.6944482236557,2.5104166666666665,2.1979166666666665,1.5416666666666667,1.6697916666666663
7,mi_concept,0.0999999999999999,1.0,1.0,1.0,,1.0,True,0.2,exemplar_mean,0.155951239480491,334.5014285675914,372.7528769826751,816.9392010860915,1.7916666666666667,1.625,1.1666666666666667,1.3989583333333333
7,mi_concept,0.3162277660168379,1.0,1.0,1.0,,1.0,True,0.2,exemplar_mean,0.0003285423615309,364.0945755317696,373.8411598134768,-92.49988011862534,1.28125,1.2916666666666667,1.1145833333333333,1.1854166666666668
7,mi_concept,1.0,1.0,1.0,1.0,,1.0,True,0.2,exemplar_mean,0.0205860714761711,360.3274486489722,384.9205116874491,1648.7749974409194,1.1458333333333333,1.0625,1.0833333333333333,1.0833333333333337
7,mi_concept,3.162277660168379,1.0,1.0,1.0,,1.0,True,0.2,exemplar_mean,0.0508896225209046,354.7092954099184,369.8718907023012,4800.05120687143,1.03125,1.03125,1.0520833333333333,1.0395833333333333
8,mi_concept,3.1622776601683795e-05,1.0,10.0,0.1,,0.5,True,0.1,exemplar_mean,0.2702275719405109,311.03404911310463,349.6717036253852,51.8827878046956,36.520833333333336,33.385416666666664,21.98958333333333,28.578125
8,mi_concept,0.0001,1.0,10.0,0.1,,0.5,True,0.1,exemplar_mean,0.3657811937020102,289.95711273034385,315.9983310467266,71.93078397950886,26.760416666666668,23.33333333333333,14.072916666666666,19.21458333333333
8,mi_concept,0.0003162277660168,1.0,10.0,0.1,,0.5,True,0.1,exemplar_mean,0.2971559219010078,305.24158754499564,343.98220835332364,95.44091872816662,18.166666666666668,15.364583333333334,9.510416666666666,12.575
8,mi_concept,0.001,1.0,10.0,0.1,,0.5,True,0.1,exemplar_mean,0.2926500423994517,306.21846458367264,334.32264601052685,125.63924844174332,12.760416666666666,9.979166666666666,6.895833333333333,8.229166666666668
8,mi_concept,0.0031622776601683,1.0,10.0,0.1,,0.5,True,0.1,exemplar_mean,0.1477289801706856,336.1267444989845,390.5102947947547,147.91686696622605,7.697916666666667,7.447916666666667,4.53125,5.258333333333333
8,mi_concept,0.01,1.0,10.0,0.1,,0.5,True,0.1,exemplar_mean,0.0469185992185649,355.4505625232021,381.2645921707271,116.80693003961332,4.291666666666667,4.833333333333333,2.65625,3.35625
8,mi_concept,0.0316227766016837,1.0,10.0,0.1,,0.5,True,0.1,exemplar_mean,0.0590826107173122,353.1750018298609,375.3724734858448,284.48281655921284,2.5104166666666665,2.3854166666666665,1.7395833333333333,2.240625
8,mi_concept,0.0999999999999999,1.0,10.0,0.1,,0.5,True,0.1,exemplar_mean,0.0526866348976837,354.37333922881044,380.0037944860489,651.4399207377844,1.6875,1.6979166666666667,1.40625,1.5239583333333333
8,mi_concept,0.3162277660168379,1.0,10.0,0.1,,0.5,True,0.1,exemplar_mean,0.0082478827649684,362.5899619517737,367.9769820677613,471.510431865826,1.28125,1.2291666666666667,1.1354166666666667,1.2072916666666669
8,mi_concept,1.0,1.0,10.0,0.1,,0.5,True,0.1,exemplar_mean,0.0482839395694469,364.0945755317696,360.26577905524965,-3123.748155727525,1.0104166666666667,1.0520833333333333,1.03125,1.0666666666666664
8,mi_concept,3.162277660168379,1.0,10.0,0.1,,0.5,True,0.1,exemplar_mean,0.051951809166915,364.0945755317696,360.26577905524965,-5253.95195346815,1.0,1.0208333333333333,1.0208333333333333,1.025
9,mi_concept,3.1622776601683795e-05,1.0,10.0,0.1,,0.5,True,0.2,exemplar_mean,0.2585118270392144,313.52077409563896,350.5427573383768,31.68648999648845,56.895833333333336,48.4375,32.541666666666664,41.275
9,mi_concept,0.0001,1.0,10.0,0.1,,0.5,True,0.2,exemplar_mean,0.3081030776950577,302.8551115508883,336.489023345699,44.634416597562186,42.41666666666666,33.25,23.33333333333333,27.538541666666664
9,mi_concept,0.0003162277660168,1.0,10.0,0.1,,0.5,True,0.2,exemplar_mean,0.1791380484571572,329.874899968921,377.6558756859989,45.72839677409587,26.010416666666668,23.78125,14.4375,17.6625
9,mi_concept,0.001,1.0,10.0,0.1,,0.5,True,0.2,exemplar_mean,0.1836576127181179,328.9655213336182,383.56398168216657,79.08050897290784,16.104166666666668,14.260416666666666,8.71875,10.872916666666663
9,mi_concept,0.0031622776601683,1.0,10.0,0.1,,0.5,True,0.2,exemplar_mean,0.1089861897320746,343.6817146071955,383.2458054047587,98.1082222323919,9.59375,8.604166666666666,5.291666666666667,6.695833333333335
9,mi_concept,0.01,1.0,10.0,0.1,,0.5,True,0.2,exemplar_mean,0.0909551306135403,347.1417661155305,388.4753937428184,154.09230652215786,5.65625,5.302083333333333,3.21875,3.9895833333333335
9,mi_concept,0.0316227766016837,1.0,10.0,0.1,,0.5,True,0.2,exemplar_mean,0.0003350259794502,364.0335798516672,363.3941588564124,28.712401669422977,2.375,2.8125,2.145833333333333,2.4072916666666666
9,mi_concept,0.0999999999999999,1.0,10.0,0.1,,0.5,True,0.2,exemplar_mean,0.0069247069130756,364.0945755317696,367.871189616303,-215.3006111442961,1.4583333333333333,1.6145833333333333,1.3229166666666667,1.625
9,mi_concept,0.3162277660168379,1.0,10.0,0.1,,0.5,True,0.2,exemplar_mean,0.0277475061476036,359.0076819035347,365.24697447714055,963.256587970959,1.2291666666666667,1.2708333333333333,1.1145833333333333,1.2614583333333331
9,mi_concept,1.0,1.0,10.0,0.1,,0.5,True,0.2,exemplar_mean,6.740701163694991e-06,364.0933484033373,372.1127259339865,32.955214216351074,1.0625,1.0625,1.0520833333333333,1.0708333333333333
9,mi_concept,3.162277660168379,1.0,10.0,0.1,,0.5,True,0.2,exemplar_mean,0.1077032640640306,364.0945755317696,360.26577905524965,-7091.143345960212,1.0104166666666667,1.0208333333333333,1.0520833333333333,1.0208333333333333
10,mi_concept,3.1622776601683795e-05,1.0,10.0,0.1,,1.0,True,0.1,exemplar_mean,0.3811022795628168,286.4333947391235,306.88499052961635,58.44893810534411,39.895833333333336,33.927083333333336,23.979166666666668,28.25520833333333
10,mi_concept,0.0001,1.0,10.0,0.1,,1.0,True,0.1,exemplar_mean,0.4348900433431423,273.70371252542856,291.626844883435,85.68428045124436,25.666666666666668,21.604166666666668,15.458333333333334,19.260416666666664
10,mi_concept,0.0003162277660168,1.0,10.0,0.1,,1.0,True,0.1,exemplar_mean,0.3274289607233016,298.59552176113783,336.2627775526131,116.12638047193671,17.166666666666668,15.53125,10.552083333333334,12.795833333333334
10,mi_concept,0.001,1.0,10.0,0.1,,1.0,True,0.1,exemplar_mean,0.1814326822980643,329.4135118901338,382.9919080113461,119.56758189049803,12.0,9.604166666666666,6.90625,8.080208333333333
10,mi_concept,0.0031622776601683,1.0,10.0,0.1,,1.0,True,0.1,exemplar_mean,0.1846157176530955,328.77241852046245,383.3148406966324,159.50412172105504,7.8125,7.010416666666667,4.208333333333333,5.29375
10,mi_concept,0.01,1.0,10.0,0.1,,1.0,True,0.1,exemplar_mean,0.0324191923198195,358.144124959052,375.3413452264685,126.84195105415296,3.875,4.427083333333333,2.708333333333333,3.3708333333333327
10,mi_concept,0.0316227766016837,1.0,10.0,0.1,,1.0,True,0.1,exemplar_mean,0.0002407750322997,364.0507404514206,368.44029607428575,21.13519082634739,2.21875,2.677083333333333,2.020833333333333,2.1875
10,mi_concept,0.0999999999999999,1.0,10.0,0.1,,1.0,True,0.1,exemplar_mean,0.0228104438263175,364.0945755317696,360.26577905524965,-555.115226028466,1.34375,1.5729166666666667,1.3645833333333333,1.4760416666666667
10,mi_concept,0.3162277660168379,1.0,10.0,0.1,,1.0,True,0.1,exemplar_mean,0.0479824046339064,364.0945755317696,360.26577905524965,-1198.3546409338755,1.0729166666666667,1.1770833333333333,1.125,1.1833333333333331
10,mi_concept,1.0,1.0,10.0,0.1,,1.0,True,0.1,exemplar_mean,0.0011898880759807,364.0945755317696,378.22576373178265,-399.8394177104796,1.03125,1.0416666666666667,1.0208333333333333,1.0666666666666669
10,mi_concept,3.162277660168379,1.0,10.0,0.1,,1.0,True,0.1,exemplar_mean,0.0460879728066374,364.0945755317696,360.26577905524965,-4900.476038741099,1.0,1.03125,1.0208333333333333,1.0239583333333333
11,mi_concept,3.1622776601683795e-05,1.0,10.0,0.1,,1.0,True,0.2,exemplar_mean,0.2661961851963822,311.89196835885184,345.1807213922173,32.30870873402955,54.46875,45.802083333333336,32.520833333333336,42.565625
11,mi_concept,0.0001,1.0,10.0,0.1,,1.0,True,0.2,exemplar_mean,0.2517807094883471,314.940606217812,353.8842390650105,42.96744188916448,39.208333333333336,35.135416666666664,21.541666666666668,27.759375
11,mi_concept,0.0003162277660168,1.0,10.0,0.1,,1.0,True,0.2,exemplar_mean,0.198811021008116,325.89799750665605,370.2930494740563,54.87109446019489,25.03125,21.42708333333333,13.802083333333334,17.46458333333333
11,mi_concept,0.001,1.0,10.0,0.1,,1.0,True,0.2,exemplar_mean,0.1289093917761984,339.8176047043066,384.1541680943407,67.26011483798847,16.041666666666668,13.697916666666666,8.53125,10.946875
11,mi_concept,0.0031622776601683,1.0,10.0,0.1,,1.0,True,0.2,exemplar_mean,0.0486722946855289,355.12339264559847,377.2564171210392,70.40549630281669,7.96875,8.5,5.052083333333333,6.647916666666665
11,mi_concept,0.01,1.0,10.0,0.1,,1.0,True,0.2,exemplar_mean,0.0172119851851838,360.9475800257425,375.9804783965119,83.58779512229317,4.416666666666667,4.895833333333333,3.0,4.078124999999999
11,mi_concept,0.0316227766016837,1.0,10.0,0.1,,1.0,True,0.2,exemplar_mean,0.0217459437744582,360.11402630433145,368.0665680877693,219.27237662790276,2.489583333333333,2.4791666666666665,2.1354166666666665,2.45625
11,mi_concept,0.0999999999999999,1.0,10.0,0.1,,1.0,True,0.2,exemplar_mean,0.0029943334265605,364.0945755317696,370.0462211030559,-174.83498928693874,1.5208333333333333,1.4270833333333333,1.40625,1.6020833333333333
11,mi_concept,0.3162277660168379,1.0,10.0,0.1,,1.0,True,0.2,exemplar_mean,0.1831491743247012,364.0945755317696,360.26577905524965,-2893.7489584933205,1.1354166666666667,1.1458333333333333,1.21875,1.2062500000000005
11,mi_concept,1.0,1.0,10.0,0.1,,1.0,True,0.2,exemplar_mean,0.0007768304836462,363.9531281736761,371.6807897135379,370.8049662336191,1.0520833333333333,1.0729166666666667,1.0416666666666667,1.0677083333333337
11,mi_concept,3.162277660168379,1.0,10.0,0.1,,1.0,True,0.2,exemplar_mean,0.002213913655934,363.6913152358189,367.7626939601959,967.6100310413848,1.03125,1.03125,1.0208333333333333,1.0260416666666663
12,mi_concept,3.1622776601683795e-05,1.0,10.0,1.0,,0.5,True,0.1,exemplar_mean,0.0797914156902921,349.26683508018203,393.5396126912632,48.74029125009268,18.760416666666668,17.416666666666668,11.041666666666666,12.584375
12,mi_concept,0.0001,1.0,10.0,1.0,,0.5,True,0.1,exemplar_mean,0.2326776730393057,318.9356938255414,370.3118777433866,114.58419145344445,14.020833333333334,10.65625,6.739583333333333,8.583333333333332
12,mi_concept,0.0003162277660168,1.0,10.0,1.0,,0.5,True,0.1,exemplar_mean,0.2124251882203165,323.1172304431889,377.0651985296778,149.94702192107377,9.65625,7.614583333333333,5.020833333333333,5.9625
12,mi_concept,0.001,1.0,10.0,1.0,,0.5,True,0.1,exemplar_mean,0.1622153856789563,333.25785819747523,387.17716348937313,174.48899806409366,6.822916666666667,5.395833333333333,3.46875,4.021875
12,mi_concept,0.0031622776601683,1.0,10.0,1.0,,0.5,True,0.1,exemplar_mean,0.2197491528979865,321.6113248280245,374.9393741871104,262.2937850604858,5.020833333333333,3.8020833333333335,2.3229166666666665,2.879166666666667
12,mi_concept,0.01,1.0,10.0,1.0,,0.5,True,0.1,exemplar_mean,0.1650579866452783,332.6920062932478,386.7946592227391,294.536159944249,3.7083333333333335,2.7291666666666665,1.6979166666666667,2.0239583333333333
12,mi_concept,0.0316227766016837,1.0,10.0,1.0,,0.5,True,0.1,exemplar_mean,0.1218624528172577,341.1893622946226,391.5765204531088,373.1561089289619,2.6041666666666665,2.21875,1.2916666666666667,1.5416666666666667
12,mi_concept,0.0999999999999999,1.0,10.0,1.0,,0.5,True,0.1,exemplar_mean,0.0622291655885441,352.58397483684666,392.10016136828006,518.3905551225539,1.71875,1.6979166666666667,1.15625,1.2708333333333333
12,mi_concept,0.3162277660168379,1.0,10.0,1.0,,0.5,True,0.1,exemplar_mean,0.1147809980871941,342.5623052780538,389.0370385464916,1187.9647337090598,1.4583333333333333,1.2604166666666667,1.0625,1.134375
12,mi_concept,1.0,1.0,10.0,1.0,,0.5,True,0.1,exemplar_mean,0.0012461816704926,363.867640816082,373.34430692324753,568.4243114289244,1.0729166666666667,1.0520833333333333,1.0520833333333333,1.0489583333333334
12,mi_concept,3.162277660168379,1.0,10.0,1.0,,0.5,True,0.1,exemplar_mean,0.0151688427225362,361.32257668297046,395.76206294139536,2936.1402185474803,1.0208333333333333,1.0625,1.0,1.0145833333333332
13,mi_concept,3.1622776601683795e-05,1.0,10.0,1.0,,0.5,True,0.2,exemplar_mean,0.2188815870437076,321.7900759868008,369.214221159838,56.3132058667007,29.75,23.916666666666668,15.958333333333334,20.528125
13,mi_concept,0.0001,1.0,10.0,1.0,,0.5,True,0.2,exemplar_mean,0.2000569664177343,325.6444935817891,380.93649303912633,80.55982511485155,19.947916666666668,16.833333333333332,11.354166666666666,13.602083333333333
13,mi_concept,0.0003162277660168,1.0,10.0,1.0,,0.5,True,0.2,exemplar_mean,0.0833335395502454,348.5939771906161,390.863176970637,82.68968053233385,12.354166666666666,10.1875,7.520833333333333,8.823958333333334
13,mi_concept,0.001,1.0,10.0,1.0,,0.5,True,0.2,exemplar_mean,0.1721011353267331,331.28582377305474,384.323945052215,133.99354980734404,9.625,7.916666666666667,5.3125,6.173958333333333
13,mi_concept,0.0031622776601683,1.0,10.0,1.0,,0.5,True,0.2,exemplar_mean,0.1958467339553495,326.5003293670553,370.2410513044379,189.23922218972388,6.958333333333333,5.427083333333333,3.3854166666666665,4.06875
13,mi_concept,0.01,1.0,10.0,1.0,,0.5,True,0.2,exemplar_mean,0.0936137377301913,346.6337662458428,386.9278610956903,190.38891683203605,4.09375,3.8333333333333335,2.239583333333333,2.770833333333333
13,mi_concept,0.0316227766016837,1.0,10.0,1.0,,0.5,True,0.2,exemplar_mean,0.1800451278356448,329.6925882981743,379.9276352991191,414.1060223832668,2.9375,2.489583333333333,1.6354166666666667,1.8750000000000004
13,mi_concept,0.0999999999999999,1.0,10.0,1.0,,0.5,True,0.2,exemplar_mean,0.1285316441402478,339.8912775130037,383.0727867117247,707.264906709586,1.8125,1.4791666666666667,1.2083333333333333,1.4229166666666668
13,mi_concept,0.3162277660168379,1.0,10.0,1.0,,0.5,True,0.2,exemplar_mean,3.197733965004049e-06,364.0945755317696,375.20664882712543,-9.617586522420542,1.2291666666666667,1.3020833333333333,1.0729166666666667,1.1572916666666668
13,mi_concept,1.0,1.0,10.0,1.0,,0.5,True,0.2,exemplar_mean,0.1507975574839143,335.52109150658185,378.6657958649059,5273.048722669702,1.125,1.1041666666666667,1.0104166666666667,1.05625
13,mi_concept,3.162277660168379,1.0,10.0,1.0,,0.5,True,0.2,exemplar_mean,0.0023599981863588,364.0945755317696,371.8412932633889,-1392.2225100295732,1.0104166666666667,1.0208333333333333,1.03125,1.0166666666666664
14,mi_concept,3.1622776601683795e-05,1.0,10.0,1.0,,1.0,True,0.1,exemplar_mean,0.2123260077312953,323.13757512383467,376.11024029846993,93.71091846515156,18.02083333333333,14.3125,11.416666666666666,12.99375
14,mi_concept,0.0001,1.0,10.0,1.0,,1.0,True,0.1,exemplar_mean,0.1018394128684876,345.05728861918857,387.3232817913464,79.85027978360301,13.40625,11.322916666666666,7.645833333333333,8.61875
14,mi_concept,0.0003162277660168,1.0,10.0,1.0,,1.0,True,0.1,exemplar_mean,0.1780980791983105,330.0837969495592,378.7269903049177,136.07975791660098,9.916666666666666,7.3125,4.916666666666667,5.969791666666668
14,mi_concept,0.001,1.0,10.0,1.0,,1.0,True,0.1,exemplar_mean,0.1495751521990393,335.7624916978328,387.5163530419106,153.90645703862907,7.072916666666667,5.354166666666667,3.4166666666666665,4.114583333333333
14,mi_concept,0.0031622776601683,1.0,10.0,1.0,,1.0,True,0.1,exemplar_mean,0.1680842787804128,332.08852894735776,386.2363114672104,212.19790195337595,5.395833333333333,4.052083333333333,2.3541666666666665,2.755208333333333
14,mi_concept,0.01,1.0,10.0,1.0,,1.0,True,0.1,exemplar_mean,0.1673813367095039,332.22880139384387,385.71871083874186,280.55931408591783,3.6041666666666665,3.0104166666666665,1.6770833333333333,2.0864583333333333
14,mi_concept,0.0316227766016837,1.0,10.0,1.0,,1.0,True,0.1,exemplar_mean,0.1436159429952093,336.9368376484625,389.8498955636946,359.5837942477101,2.65625,2.427083333333333,1.21875,1.6020833333333333
14,mi_concept,0.0999999999999999,1.0,10.0,1.0,,1.0,True,0.1,exemplar_mean,0.0502796354945642,354.8232617725445,384.0426968721957,496.8782434868967,1.6770833333333333,1.6666666666666667,1.15625,1.31875
14,mi_concept,0.3162277660168379,1.0,10.0,1.0,,1.0,True,0.1,exemplar_mean,0.0903706281804083,347.2533516972695,375.9229922254934,1292.8056347974032,1.2916666666666667,1.2395833333333333,1.03125,1.1697916666666666
14,mi_concept,1.0,1.0,10.0,1.0,,1.0,True,0.1,exemplar_mean,0.0010934845135498,364.0945755317696,370.81669234801353,-344.57413516971553,1.1145833333333333,1.0416666666666667,1.0416666666666667,1.0604166666666668
14,mi_concept,3.162277660168379,1.0,10.0,1.0,,1.0,True,0.1,exemplar_mean,1.4162229213039704e-07,364.0945497498146,371.19698550358856,8.007502174068039,1.0625,1.0208333333333333,1.0,1.0229166666666667
15,mi_concept,3.1622776601683795e-05,1.0,10.0,1.0,,1.0,True,0.2,exemplar_mean,0.1745831544459506,330.7888579080389,385.819827894334,44.61846086145204,30.479166666666668,26.08333333333333,16.90625,20.36875
15,mi_concept,0.0001,1.0,10.0,1.0,,1.0,True,0.2,exemplar_mean,0.1437239492823148,336.9155899127027,381.3745052202444,65.57723289777569,18.65625,16.395833333333332,11.145833333333334,13.61875
15,mi_concept,0.0003162277660168,1.0,10.0,1.0,,1.0,True,0.2,exemplar_mean,0.2252962137102052,320.4660651582831,379.8914376866182,93.86827887059783,14.958333333333334,11.5625,7.885416666666667,9.03229166666667
15,mi_concept,0.001,1.0,10.0,1.0,,1.0,True,0.2,exemplar_mean,0.1429346031892919,337.0708446016708,387.4043849816241,113.39427313678556,9.4375,8.010416666666666,4.989583333333333,6.057291666666667
15,mi_concept,0.0031622776601683,1.0,10.0,1.0,,1.0,True,0.2,exemplar_mean,0.1513986889436516,335.4023165364357,386.26390973296094,193.1224948861938,6.458333333333333,5.322916666666667,3.4479166666666665,4.121875
15,mi_concept,0.01,1.0,10.0,1.0,,1.0,True,0.2,exemplar_mean,0.1001867725461213,345.37460019821657,387.14874874481313,213.0026433748443,4.104166666666667,3.7083333333333335,2.2291666666666665,2.7375
15,mi_concept,0.0316227766016837,1.0,10.0,1.0,,1.0,True,0.2,exemplar_mean,0.1487702710749868,335.9213446397964,387.3383457396525,434.2478677458539,2.8229166666666665,2.40625,1.6458333333333333,1.8947916666666669
15,mi_concept,0.0999999999999999,1.0,10.0,1.0,,1.0,True,0.2,exemplar_mean,0.0615643431281913,352.7089329859484,385.42547037216,425.0894600611061,1.8125,1.8645833333333333,1.1875,1.41875
15,mi_concept,0.3162277660168379,1.0,10.0,1.0,,1.0,True,0.2,exemplar_mean,0.0141671080117952,361.5062921201223,384.1069166656085,650.5057617891134,1.2708333333333333,1.2083333333333333,1.1354166666666667,1.15625
15,mi_concept,1.0,1.0,10.0,1.0,,1.0,True,0.2,exemplar_mean,0.0087324268463005,362.5013751558968,383.3528709553906,956.3607292804028,1.125,1.0520833333333333,1.0208333333333333,1.0541666666666667
15,mi_concept,3.162277660168379,1.0,10.0,1.0,,1.0,True,0.2,exemplar_mean,0.005780298728532,364.0945755317696,363.2262160073506,-2133.790746055068,1.0416666666666667,1.0416666666666667,1.0104166666666667,1.0135416666666666
16,mi_concept,3.1622776601683795e-05,3.0,1.0,0.1,,0.5,True,0.1,exemplar_mean,0.5309122679892362,249.3683008918068,252.6286536634376,268.1050702584305,19.760416666666668,18.385416666666668,16.395833333333332,17.910416666666666
16,mi_concept,0.0001,3.0,1.0,0.1,,0.5,True,0.1,exemplar_mean,0.6942378203906184,201.32888643291255,214.72933642206368,348.5202965252097,13.416666666666666,11.375,10.854166666666666,12.478125
16,mi_concept,0.0003162277660168,3.0,1.0,0.1,,0.5,True,0.1,exemplar_mean,0.5727821551303447,237.97914565241072,248.62665876196988,396.0329217235343,9.75,8.572916666666666,6.614583333333333,8.386458333333334
16,mi_concept,0.001,3.0,1.0,0.1,,0.5,True,0.1,exemplar_mean,0.4158223463882569,278.2830013246339,300.6852661503459,479.93123276533856,6.75,5.895833333333333,5.197916666666667,5.561458333333333
16,mi_concept,0.0031622776601683,3.0,1.0,0.1,,0.5,True,0.1,exemplar_mean,0.2843240283168788,308.0153972492727,345.7764606140236,479.73449438618667,4.854166666666667,4.333333333333333,3.2604166666666665,3.7604166666666665
16,mi_concept,0.01,3.0,1.0,0.1,,0.5,True,0.1,exemplar_mean,0.2568424516300275,313.8735036711777,352.8418986773444,566.023511835723,3.4791666666666665,2.8854166666666665,2.28125,2.5541666666666663
16,mi_concept,0.0316227766016837,3.0,1.0,0.1,,0.5,True,0.1,exemplar_mean,0.1090487164394131,343.6696554994948,384.5517756671301,551.7195328944835,2.1979166666666665,2.1666666666666665,1.5625,1.839583333333333
16,mi_concept,0.0999999999999999,3.0,1.0,0.1,,0.5,True,0.1,exemplar_mean,0.1054134109534404,344.370071106213,382.3670721885456,791.6111226941842,1.6770833333333333,1.6458333333333333,1.2604166666666667,1.4322916666666663
16,mi_concept,0.3162277660168379,3.0,1.0,0.1,,0.5,True,0.1,exemplar_mean,0.0079964245250323,362.6359262877087,372.9700308699249,400.5719297317001,1.25,1.2708333333333333,1.0729166666666667,1.184375
16,mi_concept,1.0,3.0,1.0,0.1,,0.5,True,0.1,exemplar_mean,0.0443950963989382,364.0945755317696,360.26577905524965,-2042.768476096044,1.03125,1.0416666666666667,1.0,1.078125
16,mi_concept,3.162277660168379,3.0,1.0,0.1,,0.5,True,0.1,exemplar_mean,0.0002696764087505,364.0945755317696,368.7117235370652,-405.8746451136775,1.0208333333333333,1.03125,1.0104166666666667,1.0333333333333334
17,mi_concept,3.1622776601683795e-05,3.0,1.0,0.1,,0.5,True,0.2,exemplar_mean,0.482673072066769,261.8766345826685,263.6835447756188,194.4449134855836,30.11458333333333,28.90625,24.89583333333333,27.73229166666667
17,mi_concept,0.0001,3.0,1.0,0.1,,0.5,True,0.2,exemplar_mean,0.5037758964459162,256.47978240469644,243.77938498689736,220.60130515939832,19.260416666666668,19.104166666666668,15.833333333333334,18.766666666666666
17,mi_concept,0.0003162277660168,3.0,1.0,0.1,,0.5,True,0.2,exemplar_mean,0.1856442404595835,328.564996915398,353.1428914084202,169.91033780740415,13.104166666666666,13.65625,11.65625,12.145833333333332
17,mi_concept,0.001,3.0,1.0,0.1,,0.5,True,0.2,exemplar_mean,0.139154536506434,337.8133483017345,369.8533034455698,267.57481868833406,8.510416666666666,8.53125,7.34375,7.725
17,mi_concept,0.0031622776601683,3.0,1.0,0.1,,0.5,True,0.2,exemplar_mean,0.0528456673804628,354.34359234699497,370.6448514422872,221.51587176405005,5.5,5.583333333333333,4.864583333333333,5.035416666666666
17,mi_concept,0.01,3.0,1.0,0.1,,0.5,True,0.2,exemplar_mean,0.0475671749813091,355.32959916522225,380.9119302331045,231.22547182628955,3.53125,3.4166666666666665,3.052083333333333,3.1572916666666666
17,mi_concept,0.0316227766016837,3.0,1.0,0.1,,0.5,True,0.2,exemplar_mean,0.0672540928835971,351.63806751930974,389.8532673822641,507.2399168037719,2.5,2.1041666666666665,1.8125,2.058333333333333
17,mi_concept,0.0999999999999999,3.0,1.0,0.1,,0.5,True,0.2,exemplar_mean,0.0309360472109669,358.41850840365163,372.17660572644905,604.6211011370258,1.4895833333333333,1.6875,1.3333333333333333,1.496875
17,mi_concept,0.3162277660168379,3.0,1.0,0.1,,0.5,True,0.2,exemplar_mean,0.0323204719174586,364.0945755317696,361.1448170962379,-1251.7234454377583,1.1979166666666667,1.1875,1.1979166666666667,1.1822916666666663
17,mi_concept,1.0,3.0,1.0,0.1,,0.5,True,0.2,exemplar_mean,0.0349813230828021,364.0945755317696,360.775554317335,-1897.605773565151,1.09375,1.0833333333333333,1.0520833333333333,1.0572916666666667
17,mi_concept,3.162277660168379,3.0,1.0,0.1,,0.5,True,0.2,exemplar_mean,0.0147281336729971,364.0945755317696,366.4428940702797,-2336.126692856366,1.03125,1.0520833333333333,1.0104166666666667,1.0229166666666667
18,mi_concept,3.1622776601683795e-05,3.0,1.0,0.1,,1.0,True,0.1,exemplar_mean,0.7417872294606525,185.01335021861067,168.87070200478482,271.6626571291994,19.96875,17.072916666666668,17.302083333333332,18.304166666666664
18,mi_concept,0.0001,3.0,1.0,0.1,,1.0,True,0.1,exemplar_mean,0.6828382764097394,205.0475541512909,204.0405714726537,343.47817518806977,14.125,11.75,11.0625,12.432291666666668
18,mi_concept,0.0003162277660168,3.0,1.0,0.1,,1.0,True,0.1,exemplar_mean,0.5098478804686922,254.90576115669455,256.15606772766006,403.91224082473207,10.302083333333334,8.09375,7.145833333333333,8.197916666666668
18,mi_concept,0.001,3.0,1.0,0.1,,1.0,True,0.1,exemplar_mean,0.5082621188894795,255.31776932385097,275.8604373088391,495.9294269623047,6.520833333333333,6.354166666666667,4.59375,5.607291666666667
18,mi_concept,0.0031622776601683,3.0,1.0,0.1,,1.0,True,0.1,exemplar_mean,0.3931226016043298,283.6381802825775,300.8620306854879,518.2867393777475,5.104166666666667,4.364583333333333,3.3541666666666665,3.7708333333333335
18,mi_concept,0.01,3.0,1.0,0.1,,1.0,True,0.1,exemplar_mean,0.2073725499647717,324.1520428624637,374.4645542642568,479.16238269470665,3.489583333333333,3.21875,2.364583333333333,2.575
18,mi_concept,0.0316227766016837,3.0,1.0,0.1,,1.0,True,0.1,exemplar_mean,0.0690196152270029,351.3051156851474,382.9566804183717,383.27056650143817,2.2291666666666665,2.239583333333333,1.59375,1.803125
18,mi_concept,0.0999999999999999,3.0,1.0,0.1,,1.0,True,0.1,exemplar_mean,0.0475172667948202,355.33890881054515,374.394898162498,457.3256510612314,1.5833333333333333,1.6041666666666667,1.21875,1.4614583333333333
18,mi_concept,0.3162277660168379,3.0,1.0,0.1,,1.0,True,0.1,exemplar_mean,0.0400902563667584,364.0945755317696,360.26577905524965,-954.1395323469976,1.125,1.2395833333333333,1.0625,1.1927083333333337
18,mi_concept,1.0,3.0,1.0,0.1,,1.0,True,0.1,exemplar_mean,0.0019850014274621,364.0945755317696,369.62435386275087,-334.9952875750288,1.0833333333333333,1.0833333333333333,1.0416666666666667,1.078125
18,mi_concept,3.162277660168379,3.0,1.0,0.1,,1.0,True,0.1,exemplar_mean,0.0004085200712021,364.0945755317696,360.9091878391499,-409.2736204286901,1.0,1.0520833333333333,1.0208333333333333,1.0343750000000005
19,mi_concept,3.1622776601683795e-05,3.0,1.0,0.1,,1.0,True,0.2,exemplar_mean,0.6260096441485284,222.6611307328736,223.119272487618,155.61257722650416,30.479166666666668,26.104166666666668,25.39583333333333,28.68125
19,mi_concept,0.0001,3.0,1.0,0.1,,1.0,True,0.2,exemplar_mean,0.2298913098202203,319.5142416948518,326.77742158396103,177.53292598314027,18.21875,17.927083333333332,14.8125,18.22083333333333
19,mi_concept,0.0003162277660168,3.0,1.0,0.1,,1.0,True,0.2,exemplar_mean,0.3679346845573247,289.4644192458176,307.30246126290507,258.9802732054208,13.28125,12.260416666666666,10.322916666666666,12.343750000000002
19,mi_concept,0.001,3.0,1.0,0.1,,1.0,True,0.2,exemplar_mean,0.3272803791822627,298.6285021677978,325.8516933649645,384.4212361926873,9.260416666666666,8.0625,7.40625,7.834375
19,mi_concept,0.0031622776601683,3.0,1.0,0.1,,1.0,True,0.2,exemplar_mean,0.0372240052506126,357.25378219063924,384.3815021668455,157.6955673429858,6.166666666666667,5.677083333333333,4.34375,4.7333333333333325
19,mi_concept,0.01,3.0,1.0,0.1,,1.0,True,0.2,exemplar_mean,0.0200583195263516,360.42451583262783,381.0392368187733,163.66388020875593,3.625,3.9791666666666665,2.7291666666666665,3.1875
19,mi_concept,0.0316227766016837,3.0,1.0,0.1,,1.0,True,0.2,exemplar_mean,0.0402460127092932,356.6926588732158,363.97392104394976,299.9162430084233,2.052083333333333,2.5416666666666665,1.7083333333333333,2.15
19,mi_concept,0.0999999999999999,3.0,1.0,0.1,,1.0,True,0.2,exemplar_mean,0.0073746308212009,364.0945755317696,364.7270478336287,-289.536975249152,1.5416666666666667,1.6145833333333333,1.4583333333333333,1.4874999999999998
19,mi_concept,0.3162277660168379,3.0,1.0,0.1,,1.0,True,0.2,exemplar_mean,0.0604643458069747,364.0945755317696,360.26577905524965,-1198.16885979904,1.1354166666666667,1.2604166666666667,1.09375,1.1895833333333332
19,mi_concept,1.0,3.0,1.0,0.1,,1.0,True,0.2,exemplar_mean,0.0090048142438615,364.0945755317696,361.1831912622552,-795.9475212648674,1.0625,1.0520833333333333,1.0208333333333333,1.075
19,mi_concept,3.162277660168379,3.0,1.0,0.1,,1.0,True,0.2,exemplar_mean,0.0197781249729355,360.4760402092092,382.3355287512301,5581.928147045806,1.0208333333333333,1.0208333333333333,1.0208333333333333,1.01875
20,mi_concept,3.1622776601683795e-05,3.0,1.0,1.0,,0.5,True,0.1,exemplar_mean,0.3070483567131676,303.0858583499603,323.4171159270029,371.7875090857572,10.104166666666666,8.291666666666666,8.125,8.15625
20,mi_concept,0.0001,3.0,1.0,1.0,,0.5,True,0.1,exemplar_mean,0.210236242520595,323.565946739391,371.34092795822914,315.99959291051687,7.4375,6.5,5.135416666666667,5.560416666666667
20,mi_concept,0.0003162277660168,3.0,1.0,1.0,,0.5,True,0.1,exemplar_mean,0.1987398619901206,325.91246978920856,375.9447587723327,363.0921045068149,5.614583333333333,4.479166666666667,3.4791666666666665,3.8239583333333327
20,mi_concept,0.001,3.0,1.0,1.0,,0.5,True,0.1,exemplar_mean,0.1586181516681191,333.9725540716731,383.8775433591746,352.53265346846933,4.3125,3.21875,2.645833333333333,2.6947916666666663
20,mi_concept,0.0031622776601683,3.0,1.0,1.0,,0.5,True,0.1,exemplar_mean,0.1853249853146015,328.6293949292919,385.3985820804633,395.9156682904582,3.5104166666666665,2.7916666666666665,1.8333333333333333,2.0635416666666666
20,mi_concept,0.01,3.0,1.0,1.0,,0.5,True,0.1,exemplar_mean,0.0500969676394206,354.8573832309803,384.211134511913,295.4469268446408,2.2291666666666665,2.1875,1.46875,1.678125
20,mi_concept,0.0316227766016837,3.0,1.0,1.0,,0.5,True,0.1,exemplar_mean,0.0187117843360364,360.67205999644807,375.5719896229017,290.8809733196531,1.6145833333333333,1.8645833333333333,1.2916666666666667,1.4604166666666667
20,mi_concept,0.0999999999999999,3.0,1.0,1.0,,0.5,True,0.1,exemplar_mean,0.0035711202325319,363.4438813327786,378.1366215789386,224.169039975146,1.2708333333333333,1.2916666666666667,1.2395833333333333,1.3291666666666666
20,mi_concept,0.3162277660168379,3.0,1.0,1.0,,0.5,True,0.1,exemplar_mean,0.0494681678332924,364.0945755317696,360.26577905524965,-1588.0758699250232,1.1041666666666667,1.0833333333333333,1.1770833333333333,1.1645833333333333
20,mi_concept,1.0,3.0,1.0,1.0,,0.5,True,0.1,exemplar_mean,0.1137963712392998,364.0945755317696,360.26577905524965,-4402.006765666618,1.0416666666666667,1.0416666666666667,1.0729166666666667,1.0760416666666668
20,mi_concept,3.162277660168379,3.0,1.0,1.0,,0.5,True,0.1,exemplar_mean,0.2119698664403768,364.0945755317696,360.26577905524965,-10302.334908633042,1.0104166666666667,1.0208333333333333,1.0729166666666667,1.025
21,mi_concept,3.1622776601683795e-05,3.0,1.0,1.0,,0.5,True,0.2,exemplar_mean,0.085699275444085,348.1438603309983,379.8751944100365,154.9242657661511,15.270833333333334,13.020833333333334,13.291666666666666,12.628125
21,mi_concept,0.0001,3.0,1.0,1.0,,0.5,True,0.2,exemplar_mean,0.2754555185369471,309.9179531737496,339.4917016894768,474.9702142141172,10.197916666666666,8.645833333333334,8.385416666666666,8.723958333333332
21,mi_concept,0.0003162277660168,3.0,1.0,1.0,,0.5,True,0.2,exemplar_mean,0.1225801028710524,341.04991682179013,385.32240405803526,323.510475026796,7.072916666666667,6.302083333333333,5.71875,5.9625
21,mi_concept,0.001,3.0,1.0,1.0,,0.5,True,0.2,exemplar_mean,0.2156936531422635,322.44605907765015,376.46726622297166,410.5681540704869,5.520833333333333,4.625,3.8854166666666665,4.072916666666666
21,mi_concept,0.0031622776601683,3.0,1.0,1.0,,0.5,True,0.2,exemplar_mean,0.1589097299844496,333.9146804716634,384.5134730427562,523.2899939232506,3.8229166666666665,3.2916666666666665,2.53125,2.8687499999999995
21,mi_concept,0.01,3.0,1.0,1.0,,0.5,True,0.2,exemplar_mean,0.1638829279245258,332.9260316438991,386.68406962227385,634.2843731242511,2.65625,2.4791666666666665,1.875,2.0875
21,mi_concept,0.0316227766016837,3.0,1.0,1.0,,0.5,True,0.2,exemplar_mean,0.0057213927160241,363.0515174292015,371.0428537796001,169.2439517887731,1.78125,1.9270833333333333,1.5104166666666667,1.5968749999999998
21,mi_concept,0.0999999999999999,3.0,1.0,1.0,,0.5,True,0.2,exemplar_mean,7.244273988111273e-05,364.0813872886035,374.206634595027,34.570636673084465,1.3854166666666667,1.3958333333333333,1.21875,1.325
21,mi_concept,0.3162277660168379,3.0,1.0,1.0,,0.5,True,0.2,exemplar_mean,0.0080373205394405,362.6284512557209,371.4567108672418,800.4814775310247,1.1354166666666667,1.1458333333333333,1.1875,1.15625
21,mi_concept,1.0,3.0,1.0,1.0,,0.5,True,0.2,exemplar_mean,0.0305833435730368,364.0945755317696,366.2917428427753,-2874.6477895878597,1.0520833333333333,1.0520833333333333,1.0625,1.0520833333333333
21,mi_concept,3.162277660168379,3.0,1.0,1.0,,0.5,True,0.2,exemplar_mean,0.0085233230261133,364.0945755317696,361.152134453684,-2454.888236401528,1.0104166666666667,1.0104166666666667,1.0,1.01875
22,mi_concept,3.1622776601683795e-05,3.0,1.0,1.0,,1.0,True,0.1,exemplar_mean,0.1795893290411569,329.7842107835028,365.1531185036556,313.3259863612934,10.020833333333334,8.510416666666666,7.760416666666667,8.110416666666666
22,mi_concept,0.0001,3.0,1.0,1.0,,1.0,True,0.1,exemplar_mean,0.2984539935314471,304.95958434376,343.79709509431444,480.0894299926612,6.927083333333333,5.90625,5.177083333333333,5.619791666666666
22,mi_concept,0.0003162277660168,3.0,1.0,1.0,,1.0,True,0.1,exemplar_mean,0.2182837740407207,321.9131901624991,378.5466228679644,351.450114999396,5.802083333333333,4.364583333333333,3.8229166666666665,3.8927083333333328
22,mi_concept,0.001,3.0,1.0,1.0,,1.0,True,0.1,exemplar_mean,0.2205089370946966,321.4546990977452,383.6153093511315,369.9196856632489,4.427083333333333,3.7291666666666665,2.6354166666666665,2.7958333333333334
22,mi_concept,0.0031622776601683,3.0,1.0,1.0,,1.0,True,0.1,exemplar_mean,0.1842117470097261,328.8538512645836,386.0815073169632,398.6032665162776,3.46875,2.8229166666666665,1.9166666666666667,2.1083333333333334
22,mi_concept,0.01,3.0,1.0,1.0,,1.0,True,0.1,exemplar_mean,0.0742620255975305,350.31460847369976,384.7707642021895,264.6718291019259,2.5416666666666665,2.46875,1.4375,1.696875
22,mi_concept,0.0316227766016837,3.0,1.0,1.0,,1.0,True,0.1,exemplar_mean,0.0578789126941097,353.40083471515464,387.35602542852047,364.0564425112742,1.8645833333333333,1.8333333333333333,1.1875,1.4697916666666664
22,mi_concept,0.0999999999999999,3.0,1.0,1.0,,1.0,True,0.1,exemplar_mean,0.0293976648048866,358.70288905232115,377.5313354773989,469.7616703062213,1.46875,1.5104166666666667,1.0833333333333333,1.321875
22,mi_concept,0.3162277660168379,3.0,1.0,1.0,,1.0,True,0.1,exemplar_mean,0.0077170110517242,364.0945755317696,362.10522762433214,-449.1924517794895,1.15625,1.0833333333333333,1.0729166666666667,1.2020833333333334
22,mi_concept,1.0,3.0,1.0,1.0,,1.0,True,0.1,exemplar_mean,0.0593321907629062,364.0945755317696,360.26577905524965,-2718.358122340078,1.09375,1.0520833333333333,1.0416666666666667,1.075
22,mi_concept,3.162277660168379,3.0,1.0,1.0,,1.0,True,0.1,exemplar_mean,0.0005072361747821,364.002222849253,370.19705462733367,497.5369151332353,1.0208333333333333,1.0208333333333333,1.0208333333333333,1.0364583333333333
23,mi_concept,3.1622776601683795e-05,3.0,1.0,1.0,,1.0,True,0.2,exemplar_mean,0.3428721576530694,295.14752307602794,319.5172396007148,329.2680258316708,14.5,13.0,13.041666666666666,12.866666666666667
23,mi_concept,0.0001,3.0,1.0,1.0,,1.0,True,0.2,exemplar_mean,0.3961305102693028,282.93439932809963,293.1813070849217,484.0725597604404,10.166666666666666,8.84375,8.53125,8.909375
23,mi_concept,0.0003162277660168,3.0,1.0,1.0,,1.0,True,0.2,exemplar_mean,0.348401315876142,293.90319544457634,308.87471262722414,569.9888814083354,7.052083333333333,6.197916666666667,5.65625,5.963541666666666
23,mi_concept,0.001,3.0,1.0,1.0,,1.0,True,0.2,exemplar_mean,0.2889651764195487,307.01503512771933,331.3516960158097,480.48480465716176,5.677083333333333,4.802083333333333,3.9270833333333335,4.139583333333334
23,mi_concept,0.0031622776601683,3.0,1.0,1.0,,1.0,True,0.2,exemplar_mean,0.1384350023100083,337.9544987728293,388.3024342179311,414.55086384280577,3.96875,3.2291666666666665,2.5104166666666665,2.841666666666667
23,mi_concept,0.01,3.0,1.0,1.0,,1.0,True,0.2,exemplar_mean,0.1675247535548089,332.2001872991351,389.1971220195937,532.2770028235441,2.875,2.625,1.8333333333333333,2.1229166666666663
23,mi_concept,0.0316227766016837,3.0,1.0,1.0,,1.0,True,0.2,exemplar_mean,0.0146909470213253,361.4102331112306,381.3186593199194,221.65996186182105,1.90625,1.8958333333333333,1.40625,1.6375
23,mi_concept,0.0999999999999999,3.0,1.0,1.0,,1.0,True,0.2,exemplar_mean,0.0053386669260806,363.1213850744429,374.513340604614,244.9572252015768,1.3958333333333333,1.3125,1.1666666666666667,1.3666666666666667
23,mi_concept,0.3162277660168379,3.0,1.0,1.0,,1.0,True,0.2,exemplar_mean,0.0234593467924609,364.0945755317696,360.26577905524965,-1127.7509403163112,1.15625,1.2083333333333333,1.1354166666666667,1.1666666666666663
23,mi_concept,1.0,3.0,1.0,1.0,,1.0,True,0.2,exemplar_mean,0.0928192611729718,364.0945755317696,360.26577905524965,-2975.612990230042,1.0416666666666667,1.0625,1.03125,1.0697916666666667
23,mi_concept,3.162277660168379,3.0,1.0,1.0,,1.0,True,0.2,exemplar_mean,0.0012961368391739,364.0945755317696,364.4968890084586,-886.7959085883111,1.0104166666666667,1.0416666666666667,1.0208333333333333,1.0260416666666667
24,mi_concept,3.1622776601683795e-05,3.0,10.0,0.1,,0.5,True,0.1,exemplar_mean,0.5460161246798177,245.3208283922341,257.3742443941686,94.9347760751664,32.25,29.21875,20.02083333333333,26.545833333333334
24,mi_concept,0.0001,3.0,10.0,0.1,,0.5,True,0.1,exemplar_mean,0.4141027361238941,278.6922832087005,306.4050258670018,117.59636499145846,21.75,20.5625,13.822916666666666,17.552083333333332
24,mi_concept,0.0003162277660168,3.0,10.0,0.1,,0.5,True,0.1,exemplar_mean,0.4132992896376196,278.88330443214795,287.11894880051494,180.86189156429305,14.4375,12.666666666666666,9.78125,11.555208333333336
24,mi_concept,0.001,3.0,10.0,0.1,,0.5,True,0.1,exemplar_mean,0.2986687996803048,304.9128930302603,326.7128974277368,236.2488270771262,9.270833333333334,7.895833333333333,6.260416666666667,7.5635416666666675
24,mi_concept,0.0031622776601683,3.0,10.0,0.1,,0.5,True,0.1,exemplar_mean,0.0745262762095924,350.2646064972976,387.016476691385,158.27831061575043,5.895833333333333,5.885416666666667,3.59375,4.679166666666667
24,mi_concept,0.01,3.0,10.0,0.1,,0.5,True,0.1,exemplar_mean,0.0274562239727073,359.0614563643183,372.5560910459591,194.6770417939504,3.145833333333333,3.552083333333333,2.6666666666666665,3.0802083333333337
24,mi_concept,0.0316227766016837,3.0,10.0,0.1,,0.5,True,0.1,exemplar_mean,0.2613958881989856,364.0945755317696,360.26577905524965,-1231.3693322713266,1.65625,1.9583333333333333,1.8125,1.9385416666666664
24,mi_concept,0.0999999999999999,3.0,10.0,0.1,,0.5,True,0.1,exemplar_mean,0.1670974338072419,364.0945755317696,360.26577905524965,-1677.6296103920492,1.1875,1.3020833333333333,1.3125,1.3770833333333332
24,mi_concept,0.3162277660168379,3.0,10.0,0.1,,0.5,True,0.1,exemplar_mean,0.0685420539193792,364.0945755317696,361.1882684372627,-2370.47028814747,1.0729166666666667,1.09375,1.1666666666666667,1.1479166666666667
24,mi_concept,1.0,3.0,10.0,0.1,,0.5,True,0.1,exemplar_mean,0.2169789353965373,364.0945755317696,360.26577905524965,-6958.968818644334,1.03125,1.0,1.0416666666666667,1.0333333333333334
24,mi_concept,3.162277660168379,3.0,10.0,0.1,,0.5,True,0.1,exemplar_mean,0.0101647632413055,364.0945755317696,360.26577905524965,-3611.01028120777,1.03125,1.0104166666666667,1.03125,1.0187499999999998
25,mi_concept,3.1622776601683795e-05,3.0,10.0,0.1,,0.5,True,0.2,exemplar_mean,0.3894877499804962,284.4863281607709,310.7149416364169,53.31486307868175,47.09375,40.78125,30.916666666666668,39.05520833333334
25,mi_concept,0.0001,3.0,10.0,0.1,,0.5,True,0.2,exemplar_mean,0.2265135566928902,320.2141814724084,356.31974864453827,57.23283677262406,30.86458333333333,29.89583333333333,20.760416666666668,24.785416666666663
25,mi_concept,0.0003162277660168,3.0,10.0,0.1,,0.5,True,0.2,exemplar_mean,0.1480252170496193,336.0683230641103,380.1873945948229,73.9929025238018,20.104166666666668,17.65625,13.885416666666666,15.41875
25,mi_concept,0.001,3.0,10.0,0.1,,0.5,True,0.2,exemplar_mean,0.1046258847506353,344.52161641102515,380.9147514313889,93.5675112563753,11.989583333333334,10.833333333333334,7.645833333333333,9.222916666666666
25,mi_concept,0.0031622776601683,3.0,10.0,0.1,,0.5,True,0.2,exemplar_mean,0.0092058710203879,362.41479678580015,371.2545243397498,50.04844019852111,5.927083333333333,6.96875,5.0625,5.738541666666667
25,mi_concept,0.01,3.0,10.0,0.1,,0.5,True,0.2,exemplar_mean,0.0177152715054033,364.0945755317696,360.26577905524965,-156.19336018270718,3.0416666666666665,3.96875,2.875,3.295833333333333
25,mi_concept,0.0316227766016837,3.0,10.0,0.1,,0.5,True,0.2,exemplar_mean,0.2019341708315945,364.0945755317696,360.26577905524965,-935.3094427998798,1.5833333333333333,2.145833333333333,1.8229166666666667,2.025
25,mi_concept,0.0999999999999999,3.0,10.0,0.1,,0.5,True,0.2,exemplar_mean,0.0993514022236362,364.0945755317696,360.26577905524965,-1278.574006962012,1.2395833333333333,1.3645833333333333,1.5,1.4104166666666669
25,mi_concept,0.3162277660168379,3.0,10.0,0.1,,0.5,True,0.2,exemplar_mean,0.0241959828927875,364.0945755317696,360.26577905524965,-1149.491635104204,1.0833333333333333,1.0833333333333333,1.21875,1.15
25,mi_concept,1.0,3.0,10.0,0.1,,0.5,True,0.2,exemplar_mean,0.0173100464278901,360.9295721488276,366.1315819151887,1965.55508676189,1.0416666666666667,1.0625,1.0729166666666667,1.0572916666666667
25,mi_concept,3.162277660168379,3.0,10.0,0.1,,0.5,True,0.2,exemplar_mean,0.1246823925088089,364.0945755317696,360.26577905524965,-11322.482459675482,1.0104166666666667,1.0,1.0208333333333333,1.0114583333333336
26,mi_concept,3.1622776601683795e-05,3.0,10.0,0.1,,1.0,True,0.1,exemplar_mean,0.476622496449332,263.40361700169564,276.7743952027363,84.89984325241005,33.104166666666664,29.42708333333333,21.27083333333333,26.065625
26,mi_concept,0.0001,3.0,10.0,0.1,,1.0,True,0.1,exemplar_mean,0.4134508438412199,278.8472820904334,295.6388527039226,109.31764121467846,23.25,19.854166666666668,14.65625,17.2875
26,mi_concept,0.0003162277660168,3.0,10.0,0.1,,1.0,True,0.1,exemplar_mean,0.3167401793635724,300.95887164129056,326.3624491763517,137.8535804692076,14.25,13.59375,9.083333333333334,11.818749999999998
26,mi_concept,0.001,3.0,10.0,0.1,,1.0,True,0.1,exemplar_mean,0.1858680960553216,328.519834731971,355.4395611062513,176.8459041642297,8.208333333333334,9.229166666666666,6.354166666666667,7.581250000000002
26,mi_concept,0.0031622776601683,3.0,10.0,0.1,,1.0,True,0.1,exemplar_mean,0.0762172993622862,349.9444589035932,372.2924538275279,193.3102128733639,5.125,5.8125,3.9270833333333335,4.820833333333333
26,mi_concept,0.01,3.0,10.0,0.1,,1.0,True,0.1,exemplar_mean,0.0004477269201386,364.0945755317696,366.5624692253504,-24.86132694321246,2.864583333333333,3.375,2.375,2.9614583333333333
26,mi_concept,0.0316227766016837,3.0,10.0,0.1,,1.0,True,0.1,exemplar_mean,0.0123070673587543,364.0945755317696,360.7880406292093,-205.4533772785608,1.7395833333333333,1.75,1.6770833333333333,1.9479166666666663
26,mi_concept,0.0999999999999999,3.0,10.0,0.1,,1.0,True,0.1,exemplar_mean,0.0934133724450297,364.0945755317696,360.26577905524965,-1079.4126312941369,1.15625,1.3333333333333333,1.2916666666666667,1.4010416666666667
26,mi_concept,0.3162277660168379,3.0,10.0,0.1,,1.0,True,0.1,exemplar_mean,0.2276592133583854,364.0945755317696,360.26577905524965,-3008.6918128571538,1.0104166666666667,1.0208333333333333,1.1770833333333333,1.1302083333333337
26,mi_concept,1.0,3.0,10.0,0.1,,1.0,True,0.1,exemplar_mean,0.144463257748713,364.0945755317696,360.26577905524965,-7331.606669560617,1.0104166666666667,1.0416666666666667,1.0416666666666667,1.0458333333333334
26,mi_concept,3.162277660168379,3.0,10.0,0.1,,1.0,True,0.1,exemplar_mean,0.0021677446060495,363.6997294081904,373.39279205545154,1181.967825771624,1.0,1.0104166666666667,1.0208333333333333,1.0229166666666667
27,mi_concept,3.1622776601683795e-05,3.0,10.0,0.1,,1.0,True,0.2,exemplar_mean,0.5304575328301252,249.48914083049843,260.8894516700535,62.05366072862231,46.739583333333336,41.677083333333336,32.458333333333336,38.59791666666666
27,mi_concept,0.0001,3.0,10.0,0.1,,1.0,True,0.2,exemplar_mean,0.2757956113562751,309.8452086808,340.2777887754154,65.44720498983509,30.0625,28.541666666666668,20.67708333333333,24.79375
27,mi_concept,0.0003162277660168,3.0,10.0,0.1,,1.0,True,0.2,exemplar_mean,0.1575563115965969,334.1832275167438,367.4896740349758,78.61999921103211,18.916666666666668,18.1875,13.208333333333334,15.997916666666663
27,mi_concept,0.001,3.0,10.0,0.1,,1.0,True,0.2,exemplar_mean,0.1276251039128114,340.0680165903494,368.9149562995632,106.88102004252544,11.302083333333334,11.09375,8.270833333333334,9.595833333333337
27,mi_concept,0.0031622776601683,3.0,10.0,0.1,,1.0,True,0.2,exemplar_mean,0.0165549031330839,361.0682228009549,363.71315511351617,66.94258196361473,5.458333333333333,6.552083333333333,4.927083333333333,5.861458333333334
27,mi_concept,0.01,3.0,10.0,0.1,,1.0,True,0.2,exemplar_mean,0.1030101223227771,364.0945755317696,360.26577905524965,-348.68925750831454,2.46875,3.3229166666666665,2.6979166666666665,3.26875
27,mi_concept,0.0316227766016837,3.0,10.0,0.1,,1.0,True,0.2,exemplar_mean,0.0472540543715235,364.0945755317696,386.136586827767,-373.1728565096946,1.3645833333333333,1.7083333333333333,1.71875,2.0322916666666666
27,mi_concept,0.0999999999999999,3.0,10.0,0.1,,1.0,True,0.2,exemplar_mean,0.0859662110205323,364.0945755317696,375.530221323012,-753.1933763945613,1.1354166666666667,1.1354166666666667,1.40625,1.4427083333333333
27,mi_concept,0.3162277660168379,3.0,10.0,0.1,,1.0,True,0.2,exemplar_mean,0.1528074066677526,364.0945755317696,360.26577905524965,-2363.5111908175177,1.0208333333333333,1.0729166666666667,1.2916666666666667,1.1249999999999998
27,mi_concept,1.0,3.0,10.0,0.1,,1.0,True,0.2,exemplar_mean,0.0439682168401296,364.0945755317696,363.5936895376343,-2895.26342522192,1.0208333333333333,1.0416666666666667,1.0520833333333333,1.040625
27,mi_concept,3.162277660168379,3.0,10.0,0.1,,1.0,True,0.2,exemplar_mean,0.0480513144810625,364.0945755317696,360.26577905524965,-4584.078212054393,1.0,1.0,1.0,1.0125
28,mi_concept,3.1622776601683795e-05,3.0,10.0,1.0,,0.5,True,0.1,exemplar_mean,0.10179527791334,345.06576644659094,391.22192428946073,93.72240725663724,15.3125,13.791666666666666,10.416666666666666,11.745833333333334
28,mi_concept,0.0001,3.0,10.0,1.0,,0.5,True,0.1,exemplar_mean,0.1815326517873864,329.3933960698695,384.67031671315846,170.9461470437415,11.083333333333334,9.447916666666666,7.125,7.822916666666667
28,mi_concept,0.0003162277660168,3.0,10.0,1.0,,0.5,True,0.1,exemplar_mean,0.1704167097918753,331.6226660951951,383.36142325653833,178.82479692308124,8.135416666666666,6.520833333333333,4.260416666666667,5.272916666666665
28,mi_concept,0.001,3.0,10.0,1.0,,0.5,True,0.1,exemplar_mean,0.2141597820371494,322.7612096007047,381.4390300982604,278.58382008247577,5.645833333333333,4.53125,3.0625,3.7864583333333335
28,mi_concept,0.0031622776601683,3.0,10.0,1.0,,0.5,True,0.1,exemplar_mean,0.1382679284154824,337.9872650976962,390.1537967713753,268.25373742470833,4.302083333333333,3.5416666666666665,2.3854166666666665,2.5572916666666665
28,mi_concept,0.01,3.0,10.0,1.0,,0.5,True,0.1,exemplar_mean,0.1078483394348953,343.9010903161119,385.07881676121576,334.8079232873668,2.78125,2.4479166666666665,1.6041666666666667,1.93125
28,mi_concept,0.0316227766016837,3.0,10.0,1.0,,0.5,True,0.1,exemplar_mean,0.0733030494654795,350.4960077471707,386.7369700317669,456.1052086703385,1.9583333333333333,1.9270833333333333,1.3125,1.4708333333333332
28,mi_concept,0.0999999999999999,3.0,10.0,1.0,,0.5,True,0.1,exemplar_mean,0.0010582506424355,364.0945755317696,369.3368433178439,-110.57263842689578,1.3645833333333333,1.3854166666666667,1.1770833333333333,1.23125
28,mi_concept,0.3162277660168379,3.0,10.0,1.0,,0.5,True,0.1,exemplar_mean,0.017383548801614,360.916073651006,382.8818945494505,1111.283317538304,1.1458333333333333,1.1666666666666667,1.0416666666666667,1.1072916666666666
28,mi_concept,1.0,3.0,10.0,1.0,,0.5,True,0.1,exemplar_mean,0.0205880368507264,360.3270871170735,365.6517870659696,2099.6982510670614,1.0729166666666667,1.0520833333333333,1.0520833333333333,1.0416666666666667
28,mi_concept,3.162277660168379,3.0,10.0,1.0,,0.5,True,0.1,exemplar_mean,0.0513304460620828,364.0945755317696,360.26577905524965,-6789.169169584561,1.0104166666666667,1.0,1.0104166666666667,1.009375
29,mi_concept,3.1622776601683795e-05,3.0,10.0,1.0,,0.5,True,0.2,exemplar_mean,0.0341341605510974,357.8265916883741,388.5192657212897,35.450010677577964,22.73958333333333,21.55208333333333,16.760416666666668,17.6625
29,mi_concept,0.0001,3.0,10.0,1.0,,0.5,True,0.2,exemplar_mean,0.2431024688685417,316.76176410207825,367.0928027948935,136.27410589307405,16.3125,14.53125,10.864583333333334,12.178124999999998
29,mi_concept,0.0003162277660168,3.0,10.0,1.0,,0.5,True,0.2,exemplar_mean,0.0896592599573851,347.3891084847544,386.46784957896745,113.28298837290043,10.114583333333334,9.1875,6.864583333333333,8.146875
29,mi_concept,0.001,3.0,10.0,1.0,,0.5,True,0.2,exemplar_mean,0.0948911212358357,346.3894220906187,390.54009462061913,163.43786684302304,7.270833333333333,6.447916666666667,4.927083333333333,5.519791666666667
29,mi_concept,0.0031622776601683,3.0,10.0,1.0,,0.5,True,0.2,exemplar_mean,0.1774299636981876,330.21793053426074,377.8878700541426,315.4156146711098,5.291666666666667,4.583333333333333,3.1354166666666665,3.65
29,mi_concept,0.01,3.0,10.0,1.0,,0.5,True,0.2,exemplar_mean,0.0187912440852862,360.6574570025579,380.6440426756482,177.2862306164814,2.864583333333333,2.78125,2.3854166666666665,2.4458333333333333
29,mi_concept,0.0316227766016837,3.0,10.0,1.0,,0.5,True,0.2,exemplar_mean,0.0931435798647486,346.7236569854382,377.0353848154481,708.9007214143584,1.9791666666666667,1.9895833333333333,1.375,1.71875
29,mi_concept,0.0999999999999999,3.0,10.0,1.0,,0.5,True,0.2,exemplar_mean,0.0109074004006503,362.1034685353467,376.1534101309085,436.4250062550356,1.28125,1.34375,1.15625,1.3020833333333333
29,mi_concept,0.3162277660168379,3.0,10.0,1.0,,0.5,True,0.2,exemplar_mean,0.1217497002806727,341.2112658855663,377.27450931392025,2448.668676725169,1.1979166666666667,1.125,1.0208333333333333,1.1166666666666667
29,mi_concept,1.0,3.0,10.0,1.0,,0.5,True,0.2,exemplar_mean,0.0324095750463112,358.1459048421476,363.9591280686463,3764.749209758312,1.03125,1.0416666666666667,1.0208333333333333,1.03125
29,mi_concept,3.162277660168379,3.0,10.0,1.0,,0.5,True,0.2,exemplar_mean,0.0764632236845174,364.0945755317696,360.26577905524965,-11454.23830428009,1.0,1.0208333333333333,1.0104166666666667,1.009375
30,mi_concept,3.1622776601683795e-05,3.0,10.0,1.0,,1.0,True,0.1,exemplar_mean,0.249858467520539,315.34490194398285,367.13830513778737,141.20730631701096,15.354166666666666,13.885416666666666,10.666666666666666,11.790625
30,mi_concept,0.0001,3.0,10.0,1.0,,1.0,True,0.1,exemplar_mean,0.1971501514132533,326.2356168845703,374.253875213496,151.10679736004133,11.322916666666666,8.864583333333334,6.302083333333333,7.992708333333333
30,mi_concept,0.0003162277660168,3.0,10.0,1.0,,1.0,True,0.1,exemplar_mean,0.2224886553048644,321.0462311019815,365.273697352528,203.07381842685447,8.260416666666666,6.520833333333333,4.59375,5.4520833333333325
30,mi_concept,0.001,3.0,10.0,1.0,,1.0,True,0.1,exemplar_mean,0.2592760906565674,313.35915702296523,367.4169211629738,253.30047873636104,6.447916666666667,4.46875,3.1979166666666665,3.850000000000001
30,mi_concept,0.0031622776601683,3.0,10.0,1.0,,1.0,True,0.1,exemplar_mean,0.1515260688295888,335.37714269352057,388.1842236370177,249.88595608018775,4.25,3.7604166666666665,1.9270833333333333,2.6
30,mi_concept,0.01,3.0,10.0,1.0,,1.0,True,0.1,exemplar_mean,0.1213268435919729,341.2933985663058,390.2866234163202,343.5446465791822,2.833333333333333,2.8229166666666665,1.6041666666666667,1.95
30,mi_concept,0.0316227766016837,3.0,10.0,1.0,,1.0,True,0.1,exemplar_mean,0.1456534702681824,336.535775285478,377.2847128134481,633.3520887639995,2.0416666666666665,1.90625,1.3645833333333333,1.528125
30,mi_concept,0.0999999999999999,3.0,10.0,1.0,,1.0,True,0.1,exemplar_mean,0.0785954642083288,349.4937241605615,384.0067212846521,923.3846069416968,1.4583333333333333,1.3229166666666667,1.09375,1.275
30,mi_concept,0.3162277660168379,3.0,10.0,1.0,,1.0,True,0.1,exemplar_mean,0.0661924678642901,351.8381228643352,375.8990706240487,2073.109815084392,1.1354166666666667,1.1041666666666667,1.0416666666666667,1.1302083333333333
30,mi_concept,1.0,3.0,10.0,1.0,,1.0,True,0.1,exemplar_mean,0.0548276825107812,353.97264849030404,357.15049519172686,3792.315502652699,1.0416666666666667,1.0416666666666667,1.0104166666666667,1.0479166666666668
30,mi_concept,3.162277660168379,3.0,10.0,1.0,,1.0,True,0.1,exemplar_mean,0.0222216052099587,360.0264656237715,358.5652515627298,3058.351975167483,1.0416666666666667,1.0520833333333333,1.0,1.021875
31,mi_concept,3.1622776601683795e-05,3.0,10.0,1.0,,1.0,True,0.2,exemplar_mean,0.1685061736041322,332.00431116208085,377.7740216144695,86.83160567838529,21.95833333333333,21.65625,15.427083333333334,18.226041666666667
31,mi_concept,0.0001,3.0,10.0,1.0,,1.0,True,0.2,exemplar_mean,0.2830328516808249,308.2931228433952,339.2718696100915,142.084042849454,16.677083333333332,13.15625,10.4375,12.139583333333334
31,mi_concept,0.0003162277660168,3.0,10.0,1.0,,1.0,True,0.2,exemplar_mean,0.076629043773915,349.86646234967054,389.8559444505914,114.0495203132646,10.166666666666666,9.197916666666666,7.083333333333333,8.073958333333334
31,mi_concept,0.001,3.0,10.0,1.0,,1.0,True,0.2,exemplar_mean,0.1268764149477959,340.213911760636,392.2349526127088,182.8924388072564,7.489583333333333,6.416666666666667,4.854166666666667,5.445833333333333
31,mi_concept,0.0031622776601683,3.0,10.0,1.0,,1.0,True,0.2,exemplar_mean,0.1491518917582581,335.84603658847004,387.5212863070047,265.2373828708584,5.291666666666667,4.583333333333333,3.208333333333333,3.696875
31,mi_concept,0.01,3.0,10.0,1.0,,1.0,True,0.2,exemplar_mean,0.0770188636037324,349.7926029319875,383.3325002609967,289.6359905974236,3.333333333333333,3.0416666666666665,2.1875,2.4770833333333333
31,mi_concept,0.0316227766016837,3.0,10.0,1.0,,1.0,True,0.2,exemplar_mean,0.0660448748877723,351.8659266580923,388.5192946131843,445.31723888863496,2.083333333333333,1.8333333333333333,1.53125,1.71875
31,mi_concept,0.0999999999999999,3.0,10.0,1.0,,1.0,True,0.2,exemplar_mean,0.0046609667667022,364.0945755317696,369.7859634236647,-308.93407239446,1.3645833333333333,1.40625,1.1666666666666667,1.2864583333333333
31,mi_concept,0.3162277660168379,3.0,10.0,1.0,,1.0,True,0.2,exemplar_mean,0.0366008290600263,357.3693833471672,391.2901688685315,1477.7682201791777,1.1666666666666667,1.09375,1.0416666666666667,1.1166666666666665
31,mi_concept,1.0,3.0,10.0,1.0,,1.0,True,0.2,exemplar_mean,0.0031225667645706,363.5256762676976,372.9672391541445,1093.8756188223906,1.0625,1.03125,1.0416666666666667,1.05
31,mi_concept,3.162277660168379,3.0,10.0,1.0,,1.0,True,0.2,exemplar_mean,3.929535703336821e-05,364.0945755317696,376.01355555414585,-237.9247134065206,1.0104166666666667,1.0,1.0,1.0114583333333331
0,mi_concept,1e-07,1.0,1.0,0.1,,0.5,True,0.1,exemplar_mean,,,,,80.0,80.0,80.0,80.0
0,mi_concept,3.162277660168379e-07,1.0,1.0,0.1,,0.5,True,0.1,exemplar_mean,0.5041121267930507,256.39287520032167,264.6624790745408,115.79794019782169,73.28125,70.73958333333333,68.15625,73.10833333333333
0,mi_concept,1e-06,1.0,1.0,0.1,,0.5,True,0.1,exemplar_mean,0.5911380515182106,232.8104957511017,223.62603547967507,79.64597318498004,65.07291666666667,56.135416666666664,55.958333333333336,60.679166666666674
0,mi_concept,3.162277660168379e-06,1.0,1.0,0.1,,0.5,True,0.1,exemplar_mean,0.5178616013691444,252.81338825737453,281.53811359657794,97.98017312678118,46.90625,44.302083333333336,36.020833333333336,43.577083333333334
0,mi_concept,1e-05,1.0,1.0,0.1,,0.5,True,0.1,exemplar_mean,0.7213986808277604,192.1789396704111,209.35682533940525,135.59301833362264,33.1875,30.083333333333332,24.302083333333332,30.109375
1,mi_concept,1e-07,1.0,1.0,0.1,,0.5,True,0.2,exemplar_mean,,,,,80.0,80.0,80.0,80.0
1,mi_concept,3.162277660168379e-07,1.0,1.0,0.1,,0.5,True,0.2,exemplar_mean,0.15668736178807294,334.35553197631157,346.9932319568498,134.82495517335224,77.98958333333333,78.58333333333333,77.53125,77.78229166666667
1,mi_concept,1e-06,1.0,1.0,0.1,,0.5,True,0.2,exemplar_mean,0.28051397878044154,308.83420086797014,324.53910759834537,119.83788327778758,73.19791666666667,73.8125,71.44791666666667,73.28958333333334
1,mi_concept,3.162277660168379e-06,1.0,1.0,0.1,,0.5,True,0.2,exemplar_mean,0.24469506844059186,316.428337002021,335.40251863869844,77.09853562509677,65.11458333333333,63.666666666666664,61.0,61.04166666666667
1,mi_concept,1e-05,1.0,1.0,0.1,,0.5,True,0.2,exemplar_mean,0.5536286668462514,243.25532523880068,253.08909132073327,88.63308881313888,52.125,46.3125,38.666666666666664,45.89062499999999
2,mi_concept,1e-07,1.0,1.0,0.1,,1.0,True,0.1,exemplar_mean,0.3287872757092563,298.2938497186121,317.94741036375024,213.02173063946762,78.125,77.65625,76.48958333333333,77.65729166666668
2,mi_concept,3.162277660168379e-07,1.0,1.0,0.1,,1.0,True,0.1,exemplar_mean,0.5273451459376625,250.31465103903273,258.53291957165146,135.44664596765554,74.98958333333333,69.64583333333333,71.78125,72.45625
2,mi_concept,1e-06,1.0,1.0,0.1,,1.0,True,0.1,exemplar_mean,0.5652153727218417,240.07741088150655,253.4549044691999,96.61817953664797,65.42708333333333,59.90625,54.520833333333336,59.64270833333334
2,mi_concept,3.162277660168379e-06,1.0,1.0,0.1,,1.0,True,0.1,exemplar_mean,0.6669404166138678,210.12376595825492,218.4831314058352,109.97261021601136,46.708333333333336,42.833333333333336,36.791666666666664,42.42916666666666
2,mi_concept,1e-05,1.0,1.0,0.1,,1.0,True,0.1,exemplar_mean,0.7076504885230664,196.86358738992027,202.51473490964418,178.41838724834238,33.4375,28.5,26.708333333333332,30.121875
3,mi_concept,1e-07,1.0,1.0,0.1,,1.0,True,0.2,exemplar_mean,,,,,80.0,80.0,80.0,80.0
3,mi_concept,3.162277660168379e-07,1.0,1.0,0.1,,1.0,True,0.2,exemplar_mean,,,,,80.0,80.0,80.0,80.0
3,mi_concept,1e-06,1.0,1.0,0.1,,1.0,True,0.2,exemplar_mean,0.24240950974635003,316.90673269281035,324.1744788267191,92.71202574841533,74.04166666666667,72.09375,73.1875,72.62708333333333
3,mi_concept,3.162277660168379e-06,1.0,1.0,0.1,,1.0,True,0.2,exemplar_mean,0.6080423914174989,227.94693566900054,243.35480031785755,86.90568299551465,66.94791666666667,61.802083333333336,55.208333333333336,62.280208333333334
3,mi_concept,1e-05,1.0,1.0,0.1,,1.0,True,0.2,exemplar_mean,0.36909233888254134,289.19921460102,313.4077794042993,75.21372469561479,50.875,46.854166666666664,40.197916666666664,44.55520833333333
4,mi_concept,1e-07,1.0,1.0,1.0,,0.5,True,0.1,exemplar_mean,0.18645582245369943,328.40123316553246,355.90706677972486,51.93192658854405,64.8125,61.15625,53.541666666666664,58.49166666666666
4,mi_concept,3.162277660168379e-07,1.0,1.0,1.0,,0.5,True,0.1,exemplar_mean,0.2107669735259851,323.45720831041547,346.231212959011,50.71082882397021,48.25,45.625,36.1875,41.58854166666667
4,mi_concept,1e-06,1.0,1.0,1.0,,0.5,True,0.1,exemplar_mean,0.11497999438739849,342.52379929101426,383.526548792518,66.77195681822595,33.427083333333336,30.041666666666668,26.041666666666668,27.76458333333333
4,mi_concept,3.162277660168379e-06,1.0,1.0,1.0,,0.5,True,0.1,exemplar_mean,0.11807634845276961,341.9240929472158,384.98875214516517,85.62840651183042,22.927083333333332,20.791666666666668,18.354166666666668,18.780208333333334
4,mi_concept,1e-05,1.0,1.0,1.0,,0.5,True,0.1,exemplar_mean,0.29730901607184035,305.20834172688745,348.21144772174284,210.49138380664786,16.03125,13.854166666666666,12.020833333333334,12.98125
5,mi_concept,1e-07,1.0,1.0,1.0,,0.5,True,0.2,exemplar_mean,0.06631711487902524,351.8146399549764,393.87899975299433,42.28048932168108,78.97916666666667,74.8125,74.65625,71.89895833333333
5,mi_concept,3.162277660168379e-07,1.0,1.0,1.0,,0.5,True,0.2,exemplar_mean,0.2876247207506454,307.3042940026506,348.01220708599874,66.69591536886648,68.90625,61.8125,59.09375,60.85
5,mi_concept,1e-06,1.0,1.0,1.0,,0.5,True,0.2,exemplar_mean,0.11194763769794179,343.1100946060195,388.7628808277649,42.17270467121527,52.166666666666664,49.947916666666664,42.010416666666664,44.096875
5,mi_concept,3.162277660168379e-06,1.0,1.0,1.0,,0.5,True,0.2,exemplar_mean,0.11655216136387597,342.21943104640496,395.68288523887094,63.39366029113998,36.3125,33.114583333333336,27.302083333333332,30.37916666666667
5,mi_concept,1e-05,1.0,1.0,1.0,,0.5,True,0.2,exemplar_mean,0.19114660241590178,327.45310710998433,384.411448563961,104.10051181024629,25.166666666666668,22.46875,18.854166666666668,20.606249999999996
6,mi_concept,1e-07,1.0,1.0,1.0,,1.0,True,0.1,exemplar_mean,0.09006398496618952,347.31187768305523,394.39520202165295,32.2059569168442,66.52083333333333,64.40625,57.239583333333336,56.959375
6,mi_concept,3.162277660168379e-07,1.0,1.0,1.0,,1.0,True,0.1,exemplar_mean,0.2316196279243991,319.1555050417249,364.1299741699834,66.64653948771965,48.510416666666664,44.333333333333336,38.760416666666664,41.645833333333336
6,mi_concept,1e-06,1.0,1.0,1.0,,1.0,True,0.1,exemplar_mean,0.22252286555703452,321.03916805819773,359.8408081069238,124.29932014662867,31.104166666666668,28.03125,25.65625,28.3
6,mi_concept,3.162277660168379e-06,1.0,1.0,1.0,,1.0,True,0.1,exemplar_mean,0.1994718211930989,325.76357361571803,363.68876853620526,129.07686806177233,22.822916666666668,20.96875,17.291666666666668,19.242708333333333
6,mi_concept,1e-05,1.0,1.0,1.0,,1.0,True,0.1,exemplar_mean,0.28843468178450965,307.1295439085325,336.4693844224722,179.73693808492112,16.885416666666668,14.21875,12.739583333333334,13.17291666666667
7,mi_concept,1e-07,1.0,1.0,1.0,,1.0,True,0.2,exemplar_mean,0.19475792737642092,326.7212918810527,338.74291095491833,84.14671083487058,75.83333333333333,74.625,71.28125,73.21770833333333
7,mi_concept,3.162277660168379e-07,1.0,1.0,1.0,,1.0,True,0.2,exemplar_mean,0.42076063380358125,277.1042862294474,296.7568576732266,84.85374282918517,68.51041666666667,64.95833333333333,61.708333333333336,61.35104166666666
7,mi_concept,1e-06,1.0,1.0,1.0,,1.0,True,0.2,exemplar_mean,0.2951680764796727,305.6729383128874,335.07269423000315,84.73496256386233,49.697916666666664,46.8125,42.854166666666664,44.52083333333333
7,mi_concept,3.162277660168379e-06,1.0,1.0,1.0,,1.0,True,0.2,exemplar_mean,0.22149825222111244,321.25064225750634,371.54571498018265,80.3005587146525,37.270833333333336,33.0625,27.791666666666668,30.244791666666664
7,mi_concept,1e-05,1.0,1.0,1.0,,1.0,True,0.2,exemplar_mean,0.24336589810014933,316.70663671270086,342.07687685558824,98.13968490054958,26.666666666666668,21.510416666666668,18.416666666666668,20.767708333333335
8,mi_concept,1e-07,1.0,10.0,0.1,,0.5,True,0.1,exemplar_mean,,,,,80.0,80.0,80.0,80.0
8,mi_concept,3.162277660168379e-07,1.0,10.0,0.1,,0.5,True,0.1,exemplar_mean,,,,,80.0,80.0,80.0,80.0
8,mi_concept,1e-06,1.0,10.0,0.1,,0.5,True,0.1,exemplar_mean,0.13409012932060138,338.80557952910965,369.15012597025634,53.78332685316479,75.20833333333333,74.76041666666667,67.11458333333333,70.74479166666667
8,mi_concept,3.162277660168379e-06,1.0,10.0,0.1,,0.5,True,0.1,exemplar_mean,0.3351904482939533,296.8676221872999,330.6386482172646,37.345450016159084,69.3125,67.45833333333333,50.541666666666664,59.04895833333334
8,mi_concept,1e-05,1.0,10.0,0.1,,0.5,True,0.1,exemplar_mean,0.32303516227294976,299.5692722759546,337.28520447012545,37.563451255861246,54.520833333333336,51.041666666666664,32.604166666666664,41.735416666666666
9,mi_concept,1e-07,1.0,10.0,0.1,,0.5,True,0.2,exemplar_mean,,,,,80.0,80.0,80.0,80.0
9,mi_concept,3.162277660168379e-07,1.0,10.0,0.1,,0.5,True,0.2,exemplar_mean,,,,,80.0,80.0,80.0,80.0
9,mi_concept,1e-06,1.0,10.0,0.1,,0.5,True,0.2,exemplar_mean,0.10704991819462892,344.0549411365761,385.6226003125266,139.72983054485354,79.54166666666667,77.58333333333333,77.32291666666667,76.87708333333333
9,mi_concept,3.162277660168379e-06,1.0,10.0,0.1,,0.5,True,0.2,exemplar_mean,0.5006303922855685,257.29139531043666,271.9593045875845,89.84171903859689,76.34375,72.04166666666667,67.97916666666667,72.02812500000002
9,mi_concept,1e-05,1.0,10.0,0.1,,0.5,True,0.2,exemplar_mean,0.26851539571222477,311.39870601782263,347.192218907934,34.008467028666566,70.25,64.58333333333333,49.21875,59.432291666666664
10,mi_concept,1e-07,1.0,10.0,0.1,,1.0,True,0.1,exemplar_mean,0.008425699564898704,362.5574551005847,377.076388269796,46.33412873346129,79.16666666666667,79.78125,77.86458333333333,78.71875
10,mi_concept,3.162277660168379e-07,1.0,10.0,0.1,,1.0,True,0.1,exemplar_mean,,,,,80.0,80.0,80.0,80.0
10,mi_concept,1e-06,1.0,10.0,0.1,,1.0,True,0.1,exemplar_mean,0.33727047624619905,296.4028449407966,327.434845173534,69.63788149491401,77.08333333333333,73.16666666666667,63.9375,70.72708333333334
10,mi_concept,3.162277660168379e-06,1.0,10.0,0.1,,1.0,True,0.1,exemplar_mean,0.42656322641615835,275.7128317104677,302.5764810802799,42.265341344883225,69.78125,66.13541666666667,47.614583333333336,59.23020833333334
10,mi_concept,1e-05,1.0,10.0,0.1,,1.0,True,0.1,exemplar_mean,0.3557220099297304,292.24753465293156,329.40853025874605,42.495662048554536,53.40625,52.510416666666664,32.34375,42.59375
11,mi_concept,1e-07,1.0,10.0,0.1,,1.0,True,0.2,exemplar_mean,,,,,80.0,80.0,80.0,80.0
11,mi_concept,3.162277660168379e-07,1.0,10.0,0.1,,1.0,True,0.2,exemplar_mean,,,,,80.0,80.0,80.0,80.0
11,mi_concept,1e-06,1.0,10.0,0.1,,1.0,True,0.2,exemplar_mean,,,,,80.0,80.0,80.0,80.0
11,mi_concept,3.162277660168379e-06,1.0,10.0,0.1,,1.0,True,0.2,exemplar_mean,0.14600900339967768,336.465743943154,361.05030707558456,45.124932266562425,77.01041666666667,75.19791666666667,66.46875,71.06354166666668
11,mi_concept,1e-05,1.0,10.0,0.1,,1.0,True,0.2,exemplar_mean,0.5010348217516145,257.1871866273138,271.8804641191153,48.04948682615534,71.44791666666667,64.64583333333333,49.291666666666664,60.608333333333334
12,mi_concept,1e-07,1.0,10.0,1.0,,0.5,True,0.1,exemplar_mean,0.07491022096377169,350.1919430571576,386.184190588142,29.86941167925433,77.4375,76.40625,68.09375,70.07395833333334
12,mi_concept,3.162277660168379e-07,1.0,10.0,1.0,,0.5,True,0.1,exemplar_mean,0.16080559790639165,333.5381363037395,369.0480576201388,27.0327337121591,68.19791666666667,67.09375,49.947916666666664,57.296875
12,mi_concept,1e-06,1.0,10.0,1.0,,0.5,True,0.1,exemplar_mean,0.1177253277390929,341.99213199943347,383.30094130162814,20.592331122158956,54.15625,47.5,35.520833333333336,41.33125
12,mi_concept,3.162277660168379e-06,1.0,10.0,1.0,,0.5,True,0.1,exemplar_mean,0.15113980769815838,335.4534729199494,388.4938088051394,32.7008622215229,39.875,35.885416666666664,22.4375,27.521875
12,mi_concept,1e-05,1.0,10.0,1.0,,0.5,True,0.1,exemplar_mean,0.2692434600819019,311.243696094213,349.73894777044677,54.45185198534492,30.21875,24.135416666666668,15.479166666666666,19.413541666666667
13,mi_concept,1e-07,1.0,10.0,1.0,,0.5,True,0.2,exemplar_mean,0.031196047404262305,358.37042327331085,374.72990087001966,54.51324671022567,78.0625,79.20833333333333,76.27083333333333,77.24583333333332
13,mi_concept,3.162277660168379e-07,1.0,10.0,1.0,,0.5,True,0.2,exemplar_mean,0.09836948375048411,345.7231885435614,386.94852159446043,36.490942595466706,77.05208333333333,77.34375,66.79166666666667,71.678125
13,mi_concept,1e-06,1.0,10.0,1.0,,0.5,True,0.2,exemplar_mean,0.11665570005223883,342.19937667097633,389.18592541249706,23.84769070076325,72.08333333333333,71.89583333333333,54.59375,60.358333333333334
13,mi_concept,3.162277660168379e-06,1.0,10.0,1.0,,0.5,True,0.2,exemplar_mean,0.10484308557266192,344.4798266632119,389.32372956054286,19.920491515100963,60.34375,52.864583333333336,36.125,42.682291666666664
13,mi_concept,1e-05,1.0,10.0,1.0,,0.5,True,0.2,exemplar_mean,0.11362902684579204,342.78512789162295,390.15808182620106,25.905207138663794,43.541666666666664,36.791666666666664,23.572916666666668,29.51770833333334
14,mi_concept,1e-07,1.0,10.0,1.0,,1.0,True,0.1,exemplar_mean,0.013589648419808979,361.61215423761274,382.36193349975827,12.243620001284915,75.39583333333333,77.625,66.42708333333333,69.23541666666668
14,mi_concept,3.162277660168379e-07,1.0,10.0,1.0,,1.0,True,0.1,exemplar_mean,0.16325383559952453,333.05125443706464,376.5811799598128,26.578766540142468,68.80208333333333,65.0625,49.6875,57.44375
14,mi_concept,1e-06,1.0,10.0,1.0,,1.0,True,0.1,exemplar_mean,0.14828538126652094,336.0170072096804,379.98104156819073,25.868524242774804,54.46875,48.625,37.635416666666664,41.33125
14,mi_concept,3.162277660168379e-06,1.0,10.0,1.0,,1.0,True,0.1,exemplar_mean,0.27796493930401883,309.3807956013269,348.47406428281266,47.47518425921228,40.166666666666664,33.5,22.885416666666668,28.234375
14,mi_concept,1e-05,1.0,10.0,1.0,,1.0,True,0.1,exemplar_mean,0.18938176038908588,327.81014839700924,372.0467949624779,58.2641092039848,26.072916666666668,23.65625,15.041666666666666,19.09166666666667
15,mi_concept,1e-07,1.0,10.0,1.0,,1.0,True,0.2,exemplar_mean,,,,,80.0,80.0,80.0,80.0
15,mi_concept,3.162277660168379e-07,1.0,10.0,1.0,,1.0,True,0.2,exemplar_mean,0.06321880064036763,352.3978837616958,387.6645352772199,35.38205984106432,78.0625,74.78125,70.73958333333333,71.35520833333334
15,mi_concept,1e-06,1.0,10.0,1.0,,1.0,True,0.2,exemplar_mean,0.1301773062250251,339.5702041782499,385.6535462066693,27.560954925748074,70.42708333333333,69.22916666666667,54.708333333333336,60.9875
15,mi_concept,3.162277660168379e-06,1.0,10.0,1.0,,1.0,True,0.2,exemplar_mean,0.09605743399976976,346.1661734602117,385.6926233916278,21.49732127082969,57.427083333333336,50.46875,39.59375,43.20520833333333
15,mi_concept,1e-05,1.0,10.0,1.0,,1.0,True,0.2,exemplar_mean,0.15317939612160972,335.05022719046485,383.8282959527631,32.56445830750271,41.916666666666664,36.552083333333336,26.166666666666668,29.755208333333336
16,mi_concept,1e-07,3.0,1.0,0.1,,0.5,True,0.1,exemplar_mean,0.032139762022847594,364.09457553176964,360.26577905524965,-68.84088242904689,75.89583333333333,76.53125,77.42708333333333,76.15312499999999
16,mi_concept,3.162277660168379e-07,3.0,1.0,0.1,,0.5,True,0.1,exemplar_mean,0.18531901139776769,328.63059982758875,319.28440927513424,66.32305725508394,67.23958333333333,69.125,62.354166666666664,69.67083333333333
16,mi_concept,1e-06,3.0,1.0,0.1,,0.5,True,0.1,exemplar_mean,0.4204165301380607,277.1865824691974,273.9247828537637,85.53934848523483,54.71875,56.875,49.385416666666664,56.89791666666666
16,mi_concept,3.162277660168379e-06,3.0,1.0,0.1,,0.5,True,0.1,exemplar_mean,0.3416984650642425,295.4109862065985,269.5620032666284,93.69481137892174,37.78125,37.645833333333336,38.760416666666664,40.155208333333334
16,mi_concept,1e-05,3.0,1.0,0.1,,0.5,True,0.1,exemplar_mean,0.6690007465937006,209.4728375357768,217.80796857138608,167.10951418469625,30.697916666666668,25.072916666666668,24.71875,27.186458333333338
17,mi_concept,1e-07,3.0,1.0,0.1,,0.5,True,0.2,exemplar_mean,,,,,80.0,80.0,80.0,80.0
17,mi_concept,3.162277660168379e-07,3.0,1.0,0.1,,0.5,True,0.2,exemplar_mean,,,,,80.0,80.0,80.0,80.0
17,mi_concept,1e-06,3.0,1.0,0.1,,0.5,True,0.2,exemplar_mean,0.5723048127154456,238.11205890467173,233.85264801699591,131.41523994599962,71.19791666666667,68.96875,69.0,71.65729166666667
17,mi_concept,3.162277660168379e-06,3.0,1.0,0.1,,0.5,True,0.2,exemplar_mean,0.5671185762896132,239.55138342573778,224.6813661927089,105.44090241036646,59.90625,57.364583333333336,52.729166666666664,58.89270833333334
17,mi_concept,1e-05,3.0,1.0,0.1,,0.5,True,0.2,exemplar_mean,0.801124573238711,162.3696187482722,166.10989105759504,109.5086574672638,44.5,40.416666666666664,36.489583333333336,42.86354166666667
18,mi_concept,1e-07,3.0,1.0,0.1,,1.0,True,0.1,exemplar_mean,0.011926711324822196,361.91683729199326,371.6975970322699,38.59378463406439,76.07291666666667,75.33333333333333,76.45833333333333,76.903125
18,mi_concept,3.162277660168379e-07,3.0,1.0,0.1,,1.0,True,0.1,exemplar_mean,0.48027322501999375,262.48334638212305,264.301755674617,129.32281054241446,69.6875,66.86458333333333,67.25,70.38333333333335
18,mi_concept,1e-06,3.0,1.0,0.1,,1.0,True,0.1,exemplar_mean,0.5134839163233412,253.9585330070557,231.4498456407941,86.74320383694193,56.479166666666664,57.46875,50.385416666666664,57.204166666666666
18,mi_concept,3.162277660168379e-06,3.0,1.0,0.1,,1.0,True,0.1,exemplar_mean,0.5145200463965177,253.68796197114705,248.24356917967293,88.23959461107297,39.84375,39.4375,33.9375,40.77395833333334
18,mi_concept,1e-05,3.0,1.0,0.1,,1.0,True,0.1,exemplar_mean,0.36244890207187136,290.7178563420522,287.2980016838729,128.14726327809947,26.760416666666668,26.833333333333332,22.177083333333332,27.054166666666667
19,mi_concept,1e-07,3.0,1.0,0.1,,1.0,True,0.2,exemplar_mean,,,,,80.0,80.0,80.0,80.0
19,mi_concept,3.162277660168379e-07,3.0,1.0,0.1,,1.0,True,0.2,exemplar_mean,,,,,80.0,80.0,80.0,80.0
19,mi_concept,1e-06,3.0,1.0,0.1,,1.0,True,0.2,exemplar_mean,0.3507799559445365,293.3662628951025,301.888826037301,103.78314354697275,70.83333333333333,68.83333333333333,66.83333333333333,70.93958333333333
19,mi_concept,3.162277660168379e-06,3.0,1.0,0.1,,1.0,True,0.2,exemplar_mean,0.4299068707915151,274.90783150271346,263.88254636784166,78.34490601521337,57.65625,60.5625,57.291666666666664,60.08958333333332
19,mi_concept,1e-05,3.0,1.0,0.1,,1.0,True,0.2,exemplar_mean,0.6237111136268441,223.3443160590785,221.84761778733287,103.9161731865181,43.75,40.5625,36.40625,42.76562499999999
20,mi_concept,1e-07,3.0,1.0,1.0,,0.5,True,0.1,exemplar_mean,0.0287140297110483,358.8291914058009,365.317917874771,26.774684265865517,52.864583333333336,53.5,52.75,54.29791666666667
20,mi_concept,3.162277660168379e-07,3.0,1.0,1.0,,0.5,True,0.1,exemplar_mean,0.1629836528707202,333.1050207032345,341.6490679286639,96.17915717891044,37.0625,39.260416666666664,33.864583333333336,37.50729166666667
20,mi_concept,1e-06,3.0,1.0,1.0,,0.5,True,0.1,exemplar_mean,0.014147584887239266,361.5098716808593,373.1186036314461,45.39398650873758,25.364583333333332,23.947916666666668,25.885416666666668,25.379166666666663
20,mi_concept,3.162277660168379e-06,3.0,1.0,1.0,,0.5,True,0.1,exemplar_mean,0.22273680206522928,320.9949952324127,357.0436495103905,212.2390544418877,19.895833333333332,19.114583333333332,17.9375,17.714583333333334
20,mi_concept,1e-05,3.0,1.0,1.0,,0.5,True,0.1,exemplar_mean,0.01072841243554096,362.1362304987626,373.3420136585863,88.33661245303837,13.09375,11.8125,11.395833333333334,11.803125000000001
21,mi_concept,1e-07,3.0,1.0,1.0,,0.5,True,0.2,exemplar_mean,0.04604206392420138,355.6139763515816,399.2822939956505,56.03257776684408,72.5625,70.08333333333333,66.94791666666667,70.02395833333335
21,mi_concept,3.162277660168379e-07,3.0,1.0,1.0,,0.5,True,0.2,exemplar_mean,0.13813356393542098,364.09457553176964,360.26577905524965,-85.05940592640631,54.270833333333336,58.072916666666664,59.239583333333336,56.851041666666674
21,mi_concept,1e-06,3.0,1.0,1.0,,0.5,True,0.2,exemplar_mean,0.17756727113924983,330.1903685824859,328.14096509283615,128.59364334600517,41.125,40.833333333333336,40.666666666666664,40.28124999999999
21,mi_concept,3.162277660168379e-06,3.0,1.0,1.0,,0.5,True,0.2,exemplar_mean,0.28911840365015246,306.9819526423532,319.3304557216683,163.31158584031954,28.708333333333332,27.135416666666668,26.979166666666668,27.54895833333334
21,mi_concept,1e-05,3.0,1.0,1.0,,0.5,True,0.2,exemplar_mean,0.20767325912327772,324.09054818743317,359.16943175637044,193.46876339575508,20.708333333333332,19.520833333333332,17.5,18.996875000000003
22,mi_concept,1e-07,3.0,1.0,1.0,,1.0,True,0.1,exemplar_mean,0.12443628870005376,340.688979495553,362.63561817225036,68.0790454804886,55.666666666666664,53.25,53.59375,54.782291666666666
22,mi_concept,3.162277660168379e-07,3.0,1.0,1.0,,1.0,True,0.1,exemplar_mean,0.0029806356546609727,363.55155395568323,370.58333432511347,13.929071902028124,38.927083333333336,37.4375,37.4375,36.78333333333334
22,mi_concept,1e-06,3.0,1.0,1.0,,1.0,True,0.1,exemplar_mean,0.17048177626834557,331.60966080581204,354.5490995791289,169.9600380000904,27.864583333333332,24.583333333333332,24.989583333333332,25.465625
22,mi_concept,3.162277660168379e-06,3.0,1.0,1.0,,1.0,True,0.1,exemplar_mean,0.18784916201998014,328.11988979670406,348.8328848712645,290.83171491721447,19.0,17.5,17.34375,17.476041666666667
22,mi_concept,1e-05,3.0,1.0,1.0,,1.0,True,0.1,exemplar_mean,0.43436421195159314,273.8310227402493,290.8113865001139,419.09909588051914,13.614583333333334,11.864583333333334,11.260416666666666,11.959375
23,mi_concept,1e-07,3.0,1.0,1.0,,1.0,True,0.2,exemplar_mean,0.03329611725323623,357.98179396683867,379.77952947282137,48.58033550877015,72.88541666666667,72.67708333333333,68.88541666666667,70.75416666666668
23,mi_concept,3.162277660168379e-07,3.0,1.0,1.0,,1.0,True,0.2,exemplar_mean,0.09080806536270367,347.1698452720047,345.2894720965152,81.76502994817278,58.65625,58.8125,56.416666666666664,57.37812500000001
23,mi_concept,1e-06,3.0,1.0,1.0,,1.0,True,0.2,exemplar_mean,0.03112734048285424,358.383130742094,383.4791120141651,34.6034595730447,45.114583333333336,39.104166666666664,40.34375,39.9375
23,mi_concept,3.162277660168379e-06,3.0,1.0,1.0,,1.0,True,0.2,exemplar_mean,0.02790994974783293,358.97768921290685,378.26124707204065,55.08286383127341,28.083333333333332,28.03125,26.510416666666668,27.878125
23,mi_concept,1e-05,3.0,1.0,1.0,,1.0,True,0.2,exemplar_mean,0.1367359100008339,338.2875746680196,348.55809063351836,153.42590664417298,20.354166666666668,19.21875,17.125,18.565625
24,mi_concept,1e-07,3.0,10.0,0.1,,0.5,True,0.1,exemplar_mean,,,,,80.0,80.0,80.0,80.0
24,mi_concept,3.162277660168379e-07,3.0,10.0,0.1,,0.5,True,0.1,exemplar_mean,0.39824079933225454,282.4395938056616,295.18709540407843,146.70987622257826,77.9375,77.10416666666667,74.91666666666667,76.78333333333333
24,mi_concept,1e-06,3.0,10.0,0.1,,0.5,True,0.1,exemplar_mean,0.3444426810910812,294.7946135164873,307.2070261770197,82.32111370137591,71.55208333333333,69.88541666666667,63.96875,70.40937499999998
24,mi_concept,3.162277660168379e-06,3.0,10.0,0.1,,0.5,True,0.1,exemplar_mean,0.32122808030447186,299.96883914830437,326.60244990220224,44.14710621942971,63.34375,62.177083333333336,48.6875,55.56666666666666
24,mi_concept,1e-05,3.0,10.0,0.1,,0.5,True,0.1,exemplar_mean,0.39379080671932515,283.48198672320785,312.42182220691456,68.22490209853561,43.072916666666664,41.166666666666664,31.458333333333332,37.88125
25,mi_concept,1e-07,3.0,10.0,0.1,,0.5,True,0.2,exemplar_mean,,,,,80.0,80.0,80.0,80.0
25,mi_concept,3.162277660168379e-07,3.0,10.0,0.1,,0.5,True,0.2,exemplar_mean,,,,,80.0,80.0,80.0,80.0
25,mi_concept,1e-06,3.0,10.0,0.1,,0.5,True,0.2,exemplar_mean,,,,,80.0,80.0,80.0,80.0
25,mi_concept,3.162277660168379e-06,3.0,10.0,0.1,,0.5,True,0.2,exemplar_mean,0.32098165044819144,300.0232864285072,312.2328833797987,63.563899914144265,73.07291666666667,72.83333333333333,63.447916666666664,70.41875
25,mi_concept,1e-05,3.0,10.0,0.1,,0.5,True,0.2,exemplar_mean,0.27746453887365596,309.4879839345475,351.90125219690924,39.776537200263164,64.55208333333333,63.385416666666664,49.4375,55.73229166666666
26,mi_concept,1e-07,3.0,10.0,0.1,,1.0,True,0.1,exemplar_mean,0.09249726721781133,346.8471892042216,392.9693286294852,162.14605116767927,79.6875,77.76041666666667,78.05208333333333,78.71041666666666
26,mi_concept,3.162277660168379e-07,3.0,10.0,0.1,,1.0,True,0.1,exemplar_mean,,,,,80.0,80.0,80.0,80.0
26,mi_concept,1e-06,3.0,10.0,0.1,,1.0,True,0.1,exemplar_mean,0.3447979846560937,294.7147152603785,323.7596932519513,59.634330009314745,74.67708333333333,75.6875,62.541666666666664,69.62083333333332
26,mi_concept,3.162277660168379e-06,3.0,10.0,0.1,,1.0,True,0.1,exemplar_mean,0.48374011505369435,261.6064206709034,283.47511789548565,54.35443498106447,62.40625,60.239583333333336,47.25,55.330208333333324
26,mi_concept,1e-05,3.0,10.0,0.1,,1.0,True,0.1,exemplar_mean,0.43908446342249385,272.686064073485,293.0213072216914,70.03769973016418,45.083333333333336,41.71875,31.791666666666668,38.725
27,mi_concept,1e-07,3.0,10.0,0.1,,1.0,True,0.2,exemplar_mean,,,,,80.0,80.0,80.0,80.0
27,mi_concept,3.162277660168379e-07,3.0,10.0,0.1,,1.0,True,0.2,exemplar_mean,0.026577924264267618,359.2235531313233,371.5658497120315,76.46706485406796,79.17708333333333,78.95833333333333,77.35416666666667,78.67708333333334
27,mi_concept,1e-06,3.0,10.0,0.1,,1.0,True,0.2,exemplar_mean,,,,,80.0,80.0,80.0,80.0
27,mi_concept,3.162277660168379e-06,3.0,10.0,0.1,,1.0,True,0.2,exemplar_mean,0.21968810886850565,321.62390544058576,355.50201695981593,54.577147595236916,73.67708333333333,72.11458333333333,61.34375,68.43645833333332
27,mi_concept,1e-05,3.0,10.0,0.1,,1.0,True,0.2,exemplar_mean,0.4601997481407239,267.50428927177876,279.50298684986564,48.491179303975755,65.22916666666667,57.979166666666664,44.614583333333336,55.78125
28,mi_concept,1e-07,3.0,10.0,1.0,,0.5,True,0.1,exemplar_mean,0.0888797404526754,347.5378102995246,396.37439341662554,44.55403177389882,75.21875,69.92708333333333,65.75,68.03333333333335
28,mi_concept,3.162277660168379e-07,3.0,10.0,1.0,,0.5,True,0.1,exemplar_mean,0.17073456803293333,331.5591287159521,370.39173274831734,37.61154658129226,62.125,58.895833333333336,51.1875,52.78541666666666
28,mi_concept,1e-06,3.0,10.0,1.0,,0.5,True,0.1,exemplar_mean,0.14072403679442988,337.5052558183179,381.1498413656788,41.78531069915247,46.104166666666664,41.59375,33.75,36.57187499999999
28,mi_concept,3.162277660168379e-06,3.0,10.0,1.0,,0.5,True,0.1,exemplar_mean,0.031035388662998698,358.4001366916933,381.5186507147449,29.892847375362326,28.21875,29.270833333333332,23.5,25.109374999999996
28,mi_concept,1e-05,3.0,10.0,1.0,,0.5,True,0.1,exemplar_mean,0.10472119407454575,344.50327938539453,389.2760391767261,58.112334432068934,22.3125,20.104166666666668,15.21875,17.051041666666666
29,mi_concept,1e-07,3.0,10.0,1.0,,0.5,True,0.2,exemplar_mean,0.07127726414896186,350.8788956227496,370.30730979408406,66.12849283192551,78.22916666666667,77.77083333333333,74.19791666666667,76.35625000000002
29,mi_concept,3.162277660168379e-07,3.0,10.0,1.0,,0.5,True,0.2,exemplar_mean,0.1715721828709766,331.3916377055996,347.41802955303876,58.508580426717565,72.05208333333333,73.64583333333333,67.38541666666667,70.32916666666668
29,mi_concept,1e-06,3.0,10.0,1.0,,0.5,True,0.2,exemplar_mean,0.12841548694280092,339.91392865257995,387.281975910032,36.528919772554204,65.4375,61.333333333333336,53.708333333333336,56.57395833333334
29,mi_concept,3.162277660168379e-06,3.0,10.0,1.0,,0.5,True,0.2,exemplar_mean,0.11817136331685127,341.90567369616406,375.17330891280415,36.020368987983986,46.083333333333336,42.333333333333336,34.989583333333336,39.844791666666666
29,mi_concept,1e-05,3.0,10.0,1.0,,0.5,True,0.2,exemplar_mean,0.2509917620600218,315.1066044216977,342.41490580527756,65.86844922208326,33.90625,28.635416666666668,24.125,27.428125
30,mi_concept,1e-07,3.0,10.0,1.0,,1.0,True,0.1,exemplar_mean,0.07970285704768826,349.28364097246185,384.81043521548565,37.19756684463211,73.03125,71.21875,65.98958333333333,68.109375
30,mi_concept,3.162277660168379e-07,3.0,10.0,1.0,,1.0,True,0.1,exemplar_mean,0.10629873743447386,344.1996262240072,382.8709163051484,30.75724438469899,59.895833333333336,61.697916666666664,50.90625,53.304166666666674
30,mi_concept,1e-06,3.0,10.0,1.0,,1.0,True,0.1,exemplar_mean,0.23745373765314384,317.94156453572015,353.9357321543999,45.51017802178833,45.322916666666664,38.072916666666664,31.40625,37.02916666666666
30,mi_concept,3.162277660168379e-06,3.0,10.0,1.0,,1.0,True,0.1,exemplar_mean,0.13778145245727047,338.0826540736464,380.0850596529338,49.032284789722105,31.104166666666668,29.708333333333332,21.989583333333332,25.286458333333336
30,mi_concept,1e-05,3.0,10.0,1.0,,1.0,True,0.1,exemplar_mean,0.13163853139982415,339.2848603386724,390.76037236457825,76.49455114018731,21.708333333333332,19.84375,15.25,16.717708333333334
31,mi_concept,1e-07,3.0,10.0,1.0,,1.0,True,0.2,exemplar_mean,0.0005769033473036313,363.9895366905896,385.68792504369156,6.54298961573211,78.53125,77.08333333333333,75.4375,76.31875000000001
31,mi_concept,3.162277660168379e-07,3.0,10.0,1.0,,1.0,True,0.2,exemplar_mean,0.07364996308328742,350.43039664325863,382.1409281708834,34.120062080752234,75.01041666666667,76.02083333333333,63.802083333333336,69.77083333333333
31,mi_concept,1e-06,3.0,10.0,1.0,,1.0,True,0.2,exemplar_mean,0.10660860667675282,344.13994961359305,387.3499233098454,33.17965355625931,63.78125,62.46875,52.635416666666664,57.172916666666666
31,mi_concept,3.162277660168379e-06,3.0,10.0,1.0,,1.0,True,0.2,exemplar_mean,0.1846745332815149,328.7605607341775,379.24950961193565,39.33689412342255,48.0,44.666666666666664,34.21875,39.400000000000006
31,mi_concept,1e-05,3.0,10.0,1.0,,1.0,True,0.2,exemplar_mean,0.13228484762182133,339.1585729943913,384.1055089287989,50.540878811358695,33.322916666666664,31.270833333333332,24.354166666666668,26.79791666666667
