setting,metric,world_EIGs,pooled_rmse,pooled_r2,pooled_r,within_r2,within_rmse,within_b,pred_sd,pred_bg1,pred_bg10,pred_dev10,V_prior,alpha_prior,beta_prior,sigma_true,sd_epsilon,infer_eps,eps_fixed
1,mi_concept,1e-05,4.349021909703352,0.5165145234818364,0.7186894485672072,0.0252783861314305,11.514444293971902,0.4033948687894521,5.093021324817602,63.90328355621907,45.70672805708752,52.43652318777465,1.0,1.0,0.1,0.2,0.5,True,
1,mi_concept,1.8957356524063752e-05,4.358205440548701,0.5045734038135988,0.7103333047334883,0.0249001970972779,11.518416806268892,0.6569563933902691,3.0983571464337234,45.00060483566751,33.92178324167738,37.86842759825258,1.0,1.0,0.1,0.2,0.5,True,
1,mi_concept,3.5938136638046256e-05,4.374345073075428,0.4858652961601199,0.6970403834499977,0.0242582746609729,11.524561031162817,0.929217794700188,2.1564842281058465,34.034402984190606,26.33017998449064,28.924808532964438,1.0,1.0,0.1,0.2,0.5,True,
1,mi_concept,6.812920690579608e-05,4.398365171680599,0.4611031964036343,0.6790457984581263,0.0232726455387608,11.532516209182733,1.1380656806378593,1.7197876374673235,26.90786187093744,20.78549900336088,22.689478996639167,1.0,1.0,0.1,0.2,0.5,True,
1,mi_concept,0.0001291549665014,4.427386240088559,0.4329946325746973,0.6580232766207418,0.0220236394283715,11.54132444014978,1.2902756137558042,1.4719758751860292,21.64373636770617,16.430608864759034,17.88943676301324,1.0,1.0,0.1,0.2,0.5,True,
1,mi_concept,0.0002448436746822,4.458171039976371,0.4036540964101995,0.6353377813495743,0.0206573246647269,11.550335904156672,1.4323637070388202,1.281438270298657,17.46091052853337,12.948949865811343,14.058721771226947,1.0,1.0,0.1,0.2,0.5,True,
1,mi_concept,0.0004641588833612,4.489066421992277,0.3741208099781842,0.6116541588006937,0.0192528198433754,11.559251264557949,1.5829335941364175,1.1175211719271103,14.075337106008469,10.163192123120083,10.989875215149349,1.0,1.0,0.1,0.2,0.5,True,
1,mi_concept,0.0008799225435691,4.518816984052497,0.3454730926467348,0.5877695914614287,0.0178732516191083,11.56774744426835,1.749842347331637,0.972612788804674,11.325898419424712,7.937915518792498,8.539267644013274,1.0,1.0,0.1,0.2,0.5,True,
1,mi_concept,0.0016681005372,4.54586509521127,0.3192051002774343,0.5649823893515924,0.0166019877450522,11.57541084220235,1.9484373574488527,0.840513302147699,9.08389162631091,6.16697838026336,6.5942085780174615,1.0,1.0,0.1,0.2,0.5,True,
1,mi_concept,0.0031622776601683,4.568954709866555,0.2964906226952272,0.5445095248893514,0.0155039812178666,11.581985184298038,2.205991738283739,0.7160083409157754,7.246098922372532,4.767547494025384,5.064033582058147,1.0,1.0,0.1,0.2,0.5,True,
1,mi_concept,0.0059948425031894,4.587461852368569,0.2779353954800714,0.5271957847707732,0.0146130441699926,11.587391785737246,2.5656356246529795,0.5962785247884552,5.7345800107640725,3.6744511425510464,3.8749231441094527,1.0,1.0,0.1,0.2,0.5,True,
1,mi_concept,0.0113646366638572,4.601211948453975,0.2638463151259783,0.5136597269846822,0.013949436661998,11.59159823820774,3.099032790295332,0.4811509629834598,4.4940274809401695,2.8358526273560507,2.9675550403176323,1.0,1.0,0.1,0.2,0.5,True,
1,mi_concept,0.0215443469003188,4.61056124713668,0.2540999889455759,0.5040833154802645,0.0135134978707148,11.594635731022985,3.929829816204447,0.3727070065522995,3.4889041444706383,2.2101277395500127,2.294199450309478,1.0,1.0,0.1,0.2,0.5,True,
1,mi_concept,0.0408423865267452,4.616404788944252,0.2480341979005655,0.4980303182543865,0.0132743679950538,11.59661640753762,5.279973567889805,0.2745275300484046,2.6973551777465867,1.7618691495453136,1.814100313884112,1.0,1.0,0.1,0.2,0.5,True,
1,mi_concept,0.0774263682681127,4.619893960480964,0.2446292613875242,0.4946001024944538,0.0131745943272808,11.597715750109698,7.568367753813112,0.1905989274236516,2.101549668225289,1.4575711066205834,1.4891397049364403,1.0,1.0,0.1,0.2,0.5,True,
1,mi_concept,0.146779926762207,4.622071382818359,0.2428205426422975,0.4927682443525532,0.013148663752609,11.598181039169695,11.608949205952497,0.1240509999286612,1.6789938967798816,1.2633956103845834,1.2819056185680933,1.0,1.0,0.1,0.2,0.5,True,
1,mi_concept,0.2782559402207126,4.623564947068138,0.2418269485421303,0.4917590350386359,0.0131479340316622,11.59829375902048,18.984321405900918,0.0758243656847198,1.398986790536776,1.1466918587836896,1.1572135236507106,1.0,1.0,0.1,0.2,0.5,True,
1,mi_concept,0.5274997063702619,4.62460934530868,0.2412436354454037,0.4911655886209901,0.0131506166881201,11.59827183687198,32.733047887899495,0.0439712328806958,1.225496127509354,1.0798726580021218,1.085695880979625,1.0,1.0,0.1,0.2,0.5,True,
1,mi_concept,1.0,4.625295528829243,0.2408954171714454,0.4908109790657147,0.013151927187292,11.598224819552112,58.63146877755423,0.0245470806767349,1.123949309528675,1.0428873046848015,1.0460482302223248,1.0,1.0,0.1,0.2,0.5,True,
0,mi_concept,1e-05,4.829293242372971,0.2872657217230369,0.5359717545944347,0.015383405438936,11.583021883438173,0.993812445658412,1.6939738623326988,33.837000327688635,31.0149939791373,33.96981499266166,1.0,1.0,0.1,0.1,0.5,True,
0,mi_concept,1.8957356524063752e-05,4.531298678821997,0.4921045057098182,0.7015016077742219,0.0240276894909701,11.51735318673226,1.57506603189079,1.333915090966339,27.01066006551818,23.45724428313534,25.88207169955432,1.0,1.0,0.1,0.1,0.5,True,
0,mi_concept,3.5938136638046256e-05,4.393769013767312,0.5566347646649807,0.7460795967354829,0.0264184279606524,11.500581594374102,1.816772027726284,1.1994140477403326,21.9768126800036,18.231594659759995,20.236861937454545,1.0,1.0,0.1,0.1,0.5,True,
0,mi_concept,6.812920690579608e-05,4.366808234244099,0.5476077802780408,0.7400052569259497,0.0259154486181482,11.504793607322886,1.9318392433163696,1.1065408016616936,17.99667668748035,14.320393675737854,15.968808360207497,1.0,1.0,0.1,0.1,0.5,True,
0,mi_concept,0.0001291549665014,4.384824152969307,0.5125774007070663,0.7159451101216253,0.0243506669022272,11.51590705135713,2.013351691351981,1.0226225459090652,14.793957721146633,11.29711833069097,12.637905289465465,1.0,1.0,0.1,0.1,0.5,True,
0,mi_concept,0.0002448436746822,4.421583572498701,0.4681498431129059,0.6842147638811267,0.0223616737598456,11.529300636547628,2.0791303347341707,0.9455160877393826,12.21027839489052,8.932937935037701,10.00708434327572,1.0,1.0,0.1,0.1,0.5,True,
0,mi_concept,0.0004641588833612,4.465377330235702,0.4212734880172326,0.6490558435275293,0.020245396510257,11.543014218575223,2.1347597954441166,0.874446433626193,10.119615153997511,7.07165454680451,7.916446250287559,1.0,1.0,0.1,0.1,0.5,True,
0,mi_concept,0.0008799225435691,4.509509623778342,0.376173327009113,0.6133297049785809,0.0182063920774838,11.555877119281089,2.1912159751398583,0.8066622534131922,8.415850438059694,5.599535840111489,6.251692649931525,1.0,1.0,0.1,0.1,0.5,True,
0,mi_concept,0.0016681005372,4.549850821584396,0.3357042297153795,0.5793998875693536,0.01638495958994,11.567171953981068,2.268833495969674,0.7379929316978843,7.009876703371159,4.433563394808037,4.927624999620232,1.0,1.0,0.1,0.1,0.5,True,
0,mi_concept,0.0031622776601683,4.584220933012139,0.3013516219773616,0.5489550272812533,0.0148494017092433,11.576587300712529,2.396810482219548,0.6641501897576927,5.829031336862751,3.512666712458991,3.879362969845144,1.0,1.0,0.1,0.1,0.5,True,
0,mi_concept,0.0059948425031894,4.611758159513832,0.2736608306651175,0.5231260179585007,0.0136194704148066,11.584065196356836,2.616236530618099,0.5820326239790052,4.818047166487463,2.790642588774659,3.0571515430480383,1.0,1.0,0.1,0.1,0.5,True,
0,mi_concept,0.0113646366638572,4.6325144034215855,0.2525762126793087,0.5025696097848622,0.0126881141912365,11.589685873248552,2.990772815987312,0.4909801269524539,3.9403223480208407,2.232439757686364,2.4223088887402318,1.0,1.0,0.1,0.1,0.5,True,
0,mi_concept,0.0215443469003188,4.647387561614659,0.2374243671677485,0.4872621134130465,0.0120236847725985,11.59365963133076,3.627323618373629,0.3938277069845167,3.1795341192127182,1.8119194707251696,1.9442664613468512,1.0,1.0,0.1,0.1,0.5,True,
0,mi_concept,0.0408423865267452,4.658079510094172,0.2267744675160018,0.4762084286486347,0.0115618783647116,11.596372293817264,4.715126918103413,0.2969652692318407,2.5375583602139185,1.508613142124191,1.5979914030967766,1.0,1.0,0.1,0.1,0.5,True,
0,mi_concept,0.0774263682681127,4.666409076649666,0.2188619905359907,0.4678268809463504,0.011221706564455,11.59830625173188,6.608183589404048,0.2086939158686092,2.024131026772358,1.3029133955497438,1.3605370017967136,1.0,1.0,0.1,0.1,0.5,True,
0,mi_concept,0.146779926762207,4.673271342776271,0.2125728451566029,0.4610562277603491,0.0109502277110837,11.599801317388255,9.993562206557412,0.1363096343583024,1.6427308670079874,1.1728066036272666,1.2079743265212877,1.0,1.0,0.1,0.1,0.5,True,
0,mi_concept,0.2782559402207126,4.67863053015235,0.207700150267963,0.4557413194652894,0.010737357751309,11.600955771169811,16.20799881704592,0.0832370359996356,1.3819725681854076,1.095538135146998,1.1159436637170292,1.0,1.0,0.1,0.1,0.5,True,
0,mi_concept,0.5274997063702619,4.682376519008127,0.2042726455716645,0.4519653145670191,0.0105859645578767,11.601774028152189,27.81870047617181,0.0481639071361783,1.2173086856402766,1.0517610768307517,1.0631603408044226,1.0,1.0,0.1,0.1,0.5,True,
0,mi_concept,1.0,4.684737428409556,0.2020941100364112,0.4495487849348625,0.0104890316654884,11.60229830680262,49.70731626730223,0.0268364442906569,1.1198873412997985,1.0277085796503531,1.033921303646918,1.0,1.0,0.1,0.1,0.5,True,
2,mi_concept,1e-05,4.469463249050165,0.3903239515520098,0.6247591148210723,0.0201343002196893,11.55478226837872,0.1633671975094837,11.211416059535791,106.2154395606362,67.78943436368276,76.32358458117896,1.0,1.0,0.1,0.3,0.5,True,
2,mi_concept,1.8957356524063752e-05,4.4757153064313,0.3838028506520486,0.6195182407742719,0.0198474012983968,11.557059721953184,0.2887243979430363,6.287771215697309,67.94257074381018,46.3961094341274,51.0371339062001,1.0,1.0,0.1,0.3,0.5,True,
2,mi_concept,3.5938136638046256e-05,4.483995866202196,0.3746860689538885,0.6121160584022352,0.0194891931134971,11.560433165092956,0.475695280268363,3.767939458238144,46.98044376060264,34.07485130580557,36.74930371172187,1.0,1.0,0.1,0.3,0.5,True,
2,mi_concept,6.812920690579608e-05,4.496388519711208,0.361513255523373,0.6012597238493304,0.0189657872933956,11.56525645740326,0.6857855680867041,2.565766722500772,34.93932157144273,26.171826554404745,27.889070480279276,1.0,1.0,0.1,0.3,0.5,True,
2,mi_concept,0.0001291549665014,4.5128784826043615,0.3449834301121858,0.587352900828953,0.0182571057371384,11.570912035003474,0.8575977276844392,2.00428992964039,27.233266064020928,20.42305895220919,21.650264330323783,1.0,1.0,0.1,0.3,0.5,True,
2,mi_concept,0.0002448436746822,4.531344481252854,0.3270957057228435,0.5719228144801041,0.0174346482345268,11.576519696752662,0.9924161172856194,1.68779101543417,21.60991887701614,15.920627672800242,16.83689598968786,1.0,1.0,0.1,0.3,0.5,True,
2,mi_concept,0.0004641588833612,4.549263061186231,0.3098775766935173,0.5566664860520322,0.0166257644163169,11.581617162896576,1.1313413120016709,1.443572620202427,17.15657297857937,12.334690152676698,13.01638138501602,1.0,1.0,0.1,0.3,0.5,True,
2,mi_concept,0.0008799225435691,4.565548163662608,0.294176669479577,0.5423805578001271,0.0158928733428198,11.586146515257871,1.2982118412024632,1.2292551120556532,13.550513970002848,9.485737544322642,9.983583418464528,1.0,1.0,0.1,0.3,0.5,True,
2,mi_concept,0.0016681005372,4.580236153864471,0.2798982246187325,0.5290540847765307,0.0152329671087255,11.590270875497232,1.5071646099263905,1.036540282213377,10.628245511484351,7.23677885251546,7.590070421681095,1.0,1.0,0.1,0.3,0.5,True,
2,mi_concept,0.0031622776601683,4.593514628424631,0.2668649781805311,0.516589758106499,0.0146321428504079,11.594138599432734,1.7773128443171184,0.861279157603951,8.268968500407132,5.479934269819451,5.720079153754842,1.0,1.0,0.1,0.3,0.5,True,
2,mi_concept,0.0059948425031894,4.6050761757642045,0.2554447394699898,0.5054154127744719,0.014105604916614,11.597688978746524,2.141879529436816,0.7011643212099855,6.376844617413432,4.128513646605604,4.282972436330652,1.0,1.0,0.1,0.3,0.5,True,
2,mi_concept,0.0113646366638572,4.614486757653922,0.2461400108336543,0.4961249951712313,0.0136792653622907,11.600765352508308,2.658110794055874,0.555696488699286,4.876021886781179,3.1108988429955606,3.204645140171506,1.0,1.0,0.1,0.3,0.5,True,
2,mi_concept,0.0215443469003188,4.6218667789164565,0.2388855921074413,0.4887592373627749,0.0133532730178482,11.603294924867608,3.4250247524006863,0.4254645500312614,3.706554848478492,2.3676224834666044,2.4214151285399548,1.0,1.0,0.1,0.3,0.5,True,
2,mi_concept,0.0408423865267452,4.62762610211044,0.2333182288804034,0.4830302566924803,0.0131131486834514,11.60522613652046,4.626148774952358,0.3117111477877899,2.8191969672055297,1.847373582483223,1.8766915150011387,1.0,1.0,0.1,0.3,0.5,True,
2,mi_concept,0.0774263682681127,4.63197041592248,0.2292720081367209,0.4788235668142504,0.0129507571098264,11.60647569715654,6.618579070901842,0.2162973906423263,2.170498379499733,1.5023283371160685,1.517728975241715,1.0,1.0,0.1,0.3,0.5,True,
2,mi_concept,0.146779926762207,4.635029332894744,0.2266262804778663,0.4760528126981987,0.0128555814209154,11.607071848486296,10.100894324792922,0.1411212786643037,1.71887787659813,1.2865298772673988,1.2944929034320467,1.0,1.0,0.1,0.3,0.5,True,
2,mi_concept,0.2782559402207126,4.637060658123751,0.2250607605721967,0.47440569196859,0.0128062106238662,11.607224206562096,16.42612112589463,0.0865857812570571,1.4222506966286408,1.1586907898835226,1.162803264111246,1.0,1.0,0.1,0.3,0.5,True,
2,mi_concept,0.5274997063702619,4.638353115226672,0.2241840669372153,0.4734807989108062,0.0127814052764531,11.607181099589678,28.18707160731785,0.0504014878938544,1.2388843604892197,1.086140537068371,1.0882740242857392,1.0,1.0,0.1,0.3,0.5,True,
2,mi_concept,1.0,4.639139087474517,0.2237027829358876,0.4729722855896396,0.0127684870600963,11.607096921198188,50.313926533171696,0.0282197162115133,1.1314677020330233,1.0461777684921671,1.0472905769133138,1.0,1.0,0.1,0.3,0.5,True,
8,mi_concept,1e-05,4.550409487386569,0.3376385901922043,0.5810667691343262,0.0170857400229971,11.567186341914995,0.1507496984535228,11.2341593020314,79.27991276985739,41.42940298685147,48.197310567018526,1.0,10.0,0.1,0.1,0.5,True,
8,mi_concept,1.8957356524063752e-05,4.53049052395572,0.3513526309534898,0.5927500577422914,0.0178118356337906,11.563887922934564,0.2580450328316144,6.68078137789973,53.51527011483177,30.86569185480776,35.094650208416034,1.0,10.0,0.1,0.1,0.5,True,
8,mi_concept,3.5938136638046256e-05,4.509103281875188,0.3659064948330884,0.6049020539170689,0.018649547918169,11.560396612245016,0.3930793910649836,4.469305475353272,39.11850021165808,23.90577527107183,26.890320872393698,1.0,10.0,0.1,0.1,0.5,True,
8,mi_concept,6.812920690579608e-05,4.499361549574571,0.3713031587823246,0.6093465014114093,0.0190621974514511,11.559233718241146,0.5195477906447199,3.4053202907488918,30.362129415784377,18.778651237556428,21.085809982496304,1.0,10.0,0.1,0.1,0.5,True,
8,mi_concept,0.0001291549665014,4.503497518853699,0.365755916410913,0.604777575982206,0.01888530443027,11.560874411415664,0.6259987639132814,2.8053510156854284,24.299005535080425,14.778666680646138,16.612990851028894,1.0,10.0,0.1,0.1,0.5,True,
8,mi_concept,0.0002448436746822,4.514358510968178,0.354801091750248,0.5956518209073552,0.0184018726273931,11.563932700634432,0.7320992447325948,2.363053247059669,19.611074734104676,11.60993637816756,13.0582671102481,1.0,10.0,0.1,0.1,0.5,True,
8,mi_concept,0.0004641588833612,4.527250309572032,0.3421001515745788,0.5848932822101642,0.0178263627734276,11.56744879589043,0.8545259026646186,1.9883983416850024,15.805768595022352,9.091432087328895,10.216140764182809,1.0,10.0,0.1,0.1,0.5,True,
8,mi_concept,0.0008799225435691,4.540566962980559,0.3288927357601449,0.5734917050491183,0.017237575484107,11.57107000602091,1.0055546746118753,1.6576453475150847,12.664792440553777,7.090610149749396,7.945422039145804,1.0,10.0,0.1,0.1,0.5,True,
8,mi_concept,0.0016681005372,4.553253227231561,0.3160825180308793,0.5622121646059246,0.0166993318686544,11.574523971204451,1.205332096960617,1.3575798488560558,10.038026145720808,5.50659160915706,6.139316605446836,1.0,10.0,0.1,0.1,0.5,True,
8,mi_concept,0.0031622776601683,4.564197432491581,0.3046587920114704,0.551959049216036,0.0162910616731845,11.577509250197249,1.4931222882177968,1.07924009010263,7.814649094084468,4.260957487591733,4.715143026590462,1.0,10.0,0.1,0.1,0.5,True,
8,mi_concept,0.0059948425031894,4.572870187758744,0.2950483485097755,0.5431835311474157,0.0160824766032486,11.579871762061437,1.9437244975955292,0.8209058886536008,5.928040700471649,3.293129218283722,3.608532171872664,1.0,10.0,0.1,0.1,0.5,True,
8,mi_concept,0.0113646366638572,4.580686887531921,0.2858463036670425,0.5346459610499668,0.0160685030059293,11.58199623757758,2.6920486839016147,0.5906018074389068,4.360300226395911,2.555954071567626,2.7680631968971343,1.0,10.0,0.1,0.1,0.5,True,
8,mi_concept,0.0215443469003188,4.592217838398836,0.2727295222931719,0.5222351216580248,0.0160447729808382,11.585319488855957,3.947750954003176,0.4023497576807687,3.1305820383044503,2.0114898756467845,2.150003972480852,1.0,10.0,0.1,0.1,0.5,True,
8,mi_concept,0.0408423865267452,4.611858897822341,0.2517914217215296,0.5017882239765393,0.0156209356050287,11.591466818157436,5.971321449489891,0.2640548149507626,2.2538575324992296,1.6269782758976865,1.714783351735955,1.0,10.0,0.1,0.1,0.5,True,
8,mi_concept,0.0774263682681127,4.636388933103037,0.2265528085399351,0.4759756385992198,0.014682342176814,11.599434466369908,9.139070195596746,0.1692301095293798,1.695504088297059,1.3707883331144812,1.4245517858526269,1.0,10.0,0.1,0.1,0.5,True,
8,mi_concept,0.146779926762207,4.657759676000138,0.2049247834848457,0.452686186540793,0.0136285420730454,11.606297439682962,14.349669378732983,0.1050935237966982,1.372782662924273,1.210665851074208,1.2423279252640709,1.0,10.0,0.1,0.1,0.5,True,
8,mi_concept,0.2782559402207126,4.6722993923018405,0.190336624331522,0.4362758580663409,0.0128225259893454,11.610796641632072,23.60640333156648,0.0625086288632331,1.1970459477179047,1.11621471678189,1.134189841425112,1.0,10.0,0.1,0.1,0.5,True,
8,mi_concept,0.5274997063702619,4.680971081376378,0.1816833854696224,0.4262433406748104,0.0123169172630278,11.613369895370012,40.773589313967605,0.0356589022491,1.1037796849715076,1.0628918632152506,1.0728100194238734,1.0,10.0,0.1,0.1,0.5,True,
8,mi_concept,1.0,4.685830293035297,0.1768520080057786,0.4205377604993143,0.0120276714556738,11.614762262956896,73.1040470135953,0.0197127997736542,1.0546501354093931,1.0336472898107598,1.039016470664411,1.0,10.0,0.1,0.1,0.5,True,
3,mi_concept,1e-05,4.549542169465676,0.3084653327832276,0.555396554529489,0.016450044710561,11.585181530730404,0.0722021416156548,22.328408460223606,200.19794547327533,125.32467591057248,134.16953375511784,1.0,1.0,0.1,0.5,0.5,True,
3,mi_concept,1.8957356524063752e-05,4.557766260178591,0.3009609247930255,0.5485990565003056,0.0159997578982307,11.58633906817927,0.1124879787231861,14.122007855496696,125.01339801583124,77.5389821208756,82.68229319920873,1.0,1.0,0.1,0.5,0.5,True,
3,mi_concept,3.5938136638046256e-05,4.562085108128478,0.2967162296545648,0.5447166507961408,0.0157935406219386,11.587622119573435,0.1986536662609947,7.942003646386469,77.80049681447079,51.09023842215498,53.90058886538798,1.0,1.0,0.1,0.5,0.5,True,
3,mi_concept,6.812920690579608e-05,4.567070954368478,0.2916320521185114,0.5400296770720211,0.0155960401517265,11.589659512857953,0.3363695910225274,4.659694232915284,51.77751615561764,36.14435053065058,37.745471087559146,1.0,1.0,0.1,0.5,0.5,True,
3,mi_concept,0.0001291549665014,4.574566022093235,0.2842168653582005,0.5331199352474081,0.0153154454854993,11.592702194836937,0.5067124414514473,3.0643237658785893,37.10409251714278,26.87986936755064,27.86807398641284,1.0,1.0,0.1,0.5,0.5,True,
3,mi_concept,0.0002448436746822,4.584277649361436,0.274828126893022,0.5242405238943495,0.0149429936047392,11.596224474668093,0.663256870693634,2.311403055793316,28.02396523321164,20.380361556468404,21.034907343891785,1.0,1.0,0.1,0.5,0.5,True,
3,mi_concept,0.0004641588833612,4.595085611610641,0.2643603911393002,0.5141598886915434,0.0144941506289748,11.599574021110774,0.7945431705016385,1.89887542559952,21.63268425151702,15.416141889165688,15.848971012568605,1.0,1.0,0.1,0.5,0.5,True,
3,mi_concept,0.0008799225435691,4.606317164042135,0.253434997444384,0.5034232786079563,0.0140034660022924,11.602769211458572,0.9315626091451836,1.590685447412694,16.6972197863619,11.541907861558558,11.809700159154673,1.0,1.0,0.1,0.5,0.5,True,
3,mi_concept,0.0016681005372,4.617559844240951,0.2424797682468603,0.4924223474283639,0.013503667854581,11.6058980201495,1.0981084759175452,1.32467961458038,12.786370958292494,8.53915717827069,8.690357792995682,1.0,1.0,0.1,0.5,0.5,True,
3,mi_concept,0.0031622776601683,4.628228014007111,0.2320652820870895,0.481731545663235,0.0130275127765624,11.608786935223057,1.3104011851931805,1.0905257942647133,9.7030938165849,6.246398682126131,6.322378941067928,1.0,1.0,0.1,0.5,0.5,True,
3,mi_concept,0.0059948425031894,4.637528454012823,0.2229647261921021,0.472191408426818,0.0126130921978713,11.61116603830558,1.5923420948132645,0.8833647514613875,7.301921294831758,4.53247248319064,4.563332823908502,1.0,1.0,0.1,0.5,0.5,True,
3,mi_concept,0.0113646366638572,4.644594696702516,0.2160251142140345,0.4647850193519952,0.0122985710475194,11.61272499793778,1.9868835510086944,0.6992069976024445,5.461653780634403,3.2887835824566274,3.2949205233961307,1.0,1.0,0.1,0.5,0.5,True,
3,mi_concept,0.0215443469003188,4.649045868431237,0.2116627069431491,0.4600681546718367,0.0121035463569679,11.613250243048247,2.572356795867416,0.5357575272973951,4.077705084525422,2.4223335125524303,2.417465091507292,1.0,1.0,0.1,0.5,0.5,True,
3,mi_concept,0.0408423865267452,4.651449374508578,0.2094912139757866,0.457702101782138,0.0120104866314056,11.61282776326448,3.4912497140488417,0.3932216735886083,3.059308231696589,1.8481364078738507,1.8405027890497736,1.0,1.0,0.1,0.5,0.5,True,
3,mi_concept,0.0774263682681127,4.652913825243395,0.2086564018367844,0.4567892313056257,0.0119758269206039,11.61182810448908,5.008162703962096,0.273790524019411,2.3296906985126458,1.487358923036007,1.480768528308226,1.0,1.0,0.1,0.5,0.5,True,
3,mi_concept,0.146779926762207,4.654317276694671,0.2083313199763207,0.4564332590602056,0.0119554097404166,11.610714821347,7.625444091818896,0.1797589180150461,1.8250657079147972,1.2717890226844009,1.267231355069412,1.0,1.0,0.1,0.5,0.5,True,
3,mi_concept,0.2782559402207126,4.655877742568498,0.2080371835102507,0.456110933337769,0.0119263827175482,11.609820555786186,12.30981673405384,0.1112918684398788,1.49138628392161,1.1483157580181784,1.1455144467730167,1.0,1.0,0.1,0.5,0.5,True,
3,mi_concept,0.5274997063702619,4.657351891036438,0.2076815976038357,0.4557209646305902,0.0118901403158348,11.609242303233382,20.92369261521631,0.065416868391749,1.2818317433852464,1.079789840353274,1.078179303456691,1.0,1.0,0.1,0.5,0.5,True,
3,mi_concept,1.0,4.658493973711922,0.2073458435250288,0.4553524388043056,0.0118568325166083,11.608916830630308,37.02966960355165,0.0369304261824572,1.1568064327724692,1.0425539666612669,1.0416627681355053,1.0,1.0,0.1,0.5,0.5,True,
10,mi_concept,1e-05,4.594715825573302,0.2647288409794662,0.5145180667182312,0.0147429738351069,11.598691373582357,0.0395820196968789,38.73432627042784,279.0055584811113,155.60838799222336,165.81798587504755,1.0,10.0,0.1,0.3,0.5,True,
10,mi_concept,1.8957356524063752e-05,4.601271267960768,0.2590303772824762,0.5089502699502931,0.0143538399944629,11.597653856805186,0.0509062311296495,29.787474309904773,189.89278292885845,94.99543253409998,101.39686154774924,1.0,10.0,0.1,0.3,0.5,True,
10,mi_concept,3.5938136638046256e-05,4.6065790635242845,0.254762340518799,0.5047398741121996,0.0140673907939127,11.597730270772512,0.084241020415358,17.844516907254025,117.35142343145384,60.30540902824863,63.7105450564217,1.0,10.0,0.1,0.3,0.5,True,
10,mi_concept,6.812920690579608e-05,4.608897890719932,0.2522220673172616,0.5022171515562383,0.0139471090285861,11.598726222170653,0.1504272433678355,9.949100838609793,72.8737406898367,41.077275153476336,42.86456699459308,1.0,10.0,0.1,0.3,0.5,True,
10,mi_concept,0.0001291549665014,4.611999687990072,0.2485005235292921,0.4984982683312873,0.0138092424945815,11.600692981689416,0.2533961857312971,5.870866627674513,48.35072920081221,29.653472855702617,30.62771755535786,1.0,10.0,0.1,0.3,0.5,True,
10,mi_concept,0.0002448436746822,4.617558754707613,0.2425481977790399,0.4924918250885388,0.0135849350000019,11.603695445149045,0.3789029442175143,3.8882587719148023,34.30288942451505,22.011827108582747,22.58319338396888,1.0,10.0,0.1,0.3,0.5,True,
10,mi_concept,0.0004641588833612,4.625231993540961,0.2349902926923041,0.4847579733148328,0.0132838900679724,11.60686725042647,0.5031001248137325,2.8917648461056085,25.363853327110863,16.325751073747266,16.680410116947048,1.0,10.0,0.1,0.3,0.5,True,
10,mi_concept,0.0008799225435691,4.6332273921816665,0.2272338243968037,0.4766904911961258,0.0129681386136101,11.609511280696612,0.6354031383186655,2.259865875464401,18.90175451756673,11.928775277957136,12.146195073011953,1.0,10.0,0.1,0.3,0.5,True,
10,mi_concept,0.0016681005372,4.640977122465269,0.2197108852077423,0.4687332772566316,0.0126771744204037,11.611965464489696,0.8110776151835479,1.7486576670322214,13.869829588023109,8.558694508487813,8.682383266505559,1.0,10.0,0.1,0.3,0.5,True,
10,mi_concept,0.0031622776601683,4.648618159622659,0.2123127499460264,0.4607740769032329,0.012419353155286,11.614549574555364,1.0713578850865373,1.309078682255746,9.927731500901851,6.04065204334928,6.102414154814688,1.0,10.0,0.1,0.3,0.5,True,
10,mi_concept,0.0059948425031894,4.656139273085653,0.2050432767134049,0.4528170455199373,0.0121964563229209,11.61726291752941,1.479120204355689,0.9390765826986384,6.922769427653843,4.225600320542668,4.251055129175501,1.0,10.0,0.1,0.3,0.5,True,
10,mi_concept,0.0113646366638572,4.663456062424498,0.1979492479987979,0.4449148772504667,0.0120061532586724,11.619978315785003,2.147887293583347,0.6416765475694516,4.733971350857888,2.976131089421409,2.9842289113227385,1.0,10.0,0.1,0.3,0.5,True,
10,mi_concept,0.0215443469003188,4.670558331681233,0.1909941353891504,0.4370287580802325,0.0118325621727576,11.622560797612003,3.2888742138031564,0.4164783478249372,3.2328352316186417,2.16101759984628,2.16272154652767,1.0,10.0,0.1,0.3,0.5,True,
10,mi_concept,0.0408423865267452,4.677326642601373,0.1842714965976083,0.4292685599920035,0.011654851583627,11.624870768292448,5.300316758892566,0.2570028597568896,2.272477388458227,1.6580624364007486,1.658047137234103,1.0,10.0,0.1,0.3,0.5,True,
10,mi_concept,0.0774263682681127,4.683392541814513,0.1781738689668927,0.4221064663883896,0.0114690952084455,11.62675280736377,8.939683121768784,0.1515543039279155,1.699011957476233,1.3629567473506932,1.3626900465343077,1.0,10.0,0.1,0.3,0.5,True,
10,mi_concept,0.146779926762207,4.688298539065633,0.1732106145092173,0.4161857932573111,0.0112951377923543,11.628111732534396,15.655632617449688,0.0861124624176747,1.3753636015897106,1.196525151085771,1.1963228443734149,1.0,10.0,0.1,0.3,0.5,True,
10,mi_concept,0.2782559402207126,4.691819976700403,0.1696417615848552,0.4118759055648379,0.0111565828101108,11.62898398685829,28.21733928100048,0.0475893252019335,1.1993192874792442,1.105199488785522,1.1050794771596648,1.0,10.0,0.1,0.3,0.5,True,
10,mi_concept,0.5274997063702619,4.694088231577689,0.1673438126589405,0.4090767808846409,0.0110614114953474,11.629496085214004,51.89562007002575,0.0258055405318584,1.105365046655146,1.0559400569833364,1.0558739432516648,1.0,10.0,0.1,0.3,0.5,True,
10,mi_concept,1.0,4.695436256098424,0.1659792912879308,0.4074055611892538,0.0110027189198555,11.62978084061913,96.6896159369529,0.0138270597622731,1.0556139240481512,1.029636194296493,1.029600703932058,1.0,10.0,0.1,0.3,0.5,True,
7,mi_concept,1e-05,4.618433310273156,0.2517654947853296,0.501762388771149,0.0131997796236138,11.593707677096363,0.4100655576773026,3.609067798713351,49.85234010920008,37.789865536754846,38.61361511171477,1.0,1.0,1.0,0.5,0.5,True,
7,mi_concept,1.8957356524063752e-05,4.612382213943651,0.2544057475097234,0.5043865060741846,0.0133965808586348,11.594044589242902,0.635048210101676,2.337048640017537,36.877575687083024,29.04358395051922,29.57695374257935,1.0,1.0,1.0,0.5,0.5,True,
7,mi_concept,3.5938136638046256e-05,4.60993526358808,0.2541806123390108,0.5041632794432879,0.0134763915015396,11.59516088582658,0.8513703790113475,1.7413653517873735,28.770597014608285,22.931366448552684,23.32149374399017,1.0,1.0,1.0,0.5,0.5,True,
7,mi_concept,6.812920690579608e-05,4.612477179219825,0.2502707908806371,0.5002707175926222,0.0133619311525839,11.596949446513545,1.0338282051448144,1.4250576318758084,22.987174763712385,18.21873049383518,18.52085441305441,1.0,1.0,1.0,0.5,0.5,True,
7,mi_concept,0.0001291549665014,4.617340607506005,0.2447594101366589,0.4947316546741869,0.0131533008649938,11.59895293636848,1.219455266987801,1.198334912978225,18.451313660065352,14.458144702122643,14.690684284274887,1.0,1.0,1.0,0.5,0.5,True,
7,mi_concept,0.0002448436746822,4.622262369951352,0.2395140258738035,0.4894017019522955,0.0129575028961138,11.600798383671748,1.4388128647336698,1.0088006785844883,14.783761171876645,11.44403193566003,11.61906134637224,1.0,1.0,1.0,0.5,0.5,True,
7,mi_concept,0.0004641588833612,4.626201823301228,0.235436936401583,0.4852184419429902,0.0128234636979311,11.602251321190156,1.7083631097324867,0.8462258817672361,11.808003539220886,9.029867517783774,9.159643161144997,1.0,1.0,1.0,0.5,0.5,True,
7,mi_concept,0.0008799225435691,4.629026725169865,0.2325345285701642,0.482218341179765,0.0127495723859812,11.60337306738741,2.046632580161218,0.7051103398622383,9.393779087605555,7.100234347264291,7.195407625076993,1.0,1.0,1.0,0.5,0.5,True,
7,mi_concept,0.0016681005372,4.6313742329773335,0.2300639920587123,0.4796498640244906,0.0126982274791946,11.604470527133625,2.479017985725054,0.5814601905083259,7.4364591672912015,5.563559641967405,5.632233790521667,1.0,1.0,1.0,0.5,0.5,True,
7,mi_concept,0.0031622776601683,4.634002008677985,0.2272410888159906,0.4766981107745138,0.0126304996363294,11.605789274288352,3.040527682426604,0.4731229611354622,5.8549241764370175,4.347248075329955,4.3953680679296125,1.0,1.0,1.0,0.5,0.5,True,
7,mi_concept,0.0059948425031894,4.637224542915378,0.2237988820597111,0.4730738653315264,0.0125293786832988,11.60734819550325,3.781365799056541,0.3789594668654505,4.5874835869192845,3.3938640361703727,3.425710481155918,1.0,1.0,1.0,0.5,0.5,True,
7,mi_concept,0.0113646366638572,4.640910864771763,0.219933494375063,0.4689706753892647,0.0123985924350103,11.608994397109983,4.783126263294976,0.2977423808309595,3.5848457245301,2.658132243478744,2.6770840383421817,1.0,1.0,1.0,0.5,0.5,True,
7,mi_concept,0.0215443469003188,4.644722895517749,0.2160278639043023,0.4647879773663496,0.0122519494085479,11.610498452588413,6.198710174991768,0.2278661937594534,2.80554219613108,2.1042748901082238,2.113649775441257,1.0,1.0,1.0,0.5,0.5,True,
7,mi_concept,0.0408423865267452,4.648198837069266,0.2125431398609447,0.461024012238999,0.0121099558250878,11.61161512929539,8.340660841658915,0.1678256485358431,2.2142172610919286,1.7026949241496674,1.705961169994488,1.0,1.0,1.0,0.5,0.5,True,
7,mi_concept,0.0774263682681127,4.650941329627866,0.209840144946398,0.4580831201282121,0.0119929297372887,11.612201446187896,11.85350215392722,0.1171213721660824,1.7806336082972,1.426205248855806,1.4264214519242344,1.0,1.0,1.0,0.5,0.5,True,
7,mi_concept,0.146779926762207,4.652862032208323,0.207986387102701,0.4560552456695362,0.0119094016483287,11.61233162185896,18.02536913807224,0.0765289084484044,1.4778331162062903,1.2472872950537386,1.2464955547659116,1.0,1.0,1.0,0.5,0.5,True,
7,mi_concept,0.2782559402207126,4.65411925198271,0.2068158297775021,0.4547700845234899,0.0118553192232964,11.612227584076772,29.34695910879178,0.046800087655868,1.2791290819231214,1.138489509920659,1.1376569925006994,1.0,1.0,1.0,0.5,0.5,True,
7,mi_concept,0.5274997063702619,4.654906246433747,0.2061144246568751,0.4539982650372963,0.0118223782856428,11.612075718763434,50.54987152286945,0.0270956884765118,1.1569975166358857,1.0756726524623006,1.075076914240007,1.0,1.0,1.0,0.5,0.5,True,
7,mi_concept,1.0,4.655376112145582,0.2057107829460092,0.4535535061555684,0.0118032192475224,11.611955400109135,90.58317291784196,0.0150964411016207,1.085999167891,1.0407162718802236,1.0403500263089969,1.0,1.0,1.0,0.5,0.5,True,
9,mi_concept,1e-05,4.566957707921919,0.298478087048877,0.5463314809242436,0.0160098232513833,11.582272127520952,0.0472463788789935,33.946354795121884,196.0884677077605,84.67341104039537,97.34769276470207,1.0,10.0,0.1,0.2,0.5,True,
9,mi_concept,1.8957356524063752e-05,4.578516748591378,0.2892201046248727,0.5377918785411999,0.01544669944075,11.58413686142972,0.0777579663752969,20.289047215776883,122.35491621981669,55.48647331520781,62.30944460528426,1.0,10.0,0.1,0.2,0.5,True,
9,mi_concept,3.5938136638046256e-05,4.578621074692601,0.2883696403426454,0.5370005962218715,0.0154180599783462,11.584608797768276,0.1392396894287675,11.31868804249611,76.52326728502365,39.199510118210114,42.94072181291895,1.0,10.0,0.1,0.2,0.5,True,
9,mi_concept,6.812920690579608e-05,4.575419933270663,0.2896019953833186,0.5381468158256802,0.0155581576937813,11.584948473083838,0.2370472901391409,6.672067135072262,51.28713043857718,29.336242137097187,31.545113327414544,1.0,10.0,0.1,0.2,0.5,True,
9,mi_concept,0.0001291549665014,4.573005336070112,0.2898430110147265,0.538370700367996,0.0156997180554953,11.58591308679631,0.3589147180508278,4.420758012429933,37.01148134532331,22.559754915366625,24.007558541768663,1.0,10.0,0.1,0.2,0.5,True,
9,mi_concept,0.0002448436746822,4.576150863430584,0.2856420230419436,0.5344548840098139,0.0156290837166665,11.5879361413908,0.4768733880560462,3.316339163848124,28.1088845283509,17.38944323144891,18.403526182484303,1.0,10.0,0.1,0.2,0.5,True,
9,mi_concept,0.0004641588833612,4.584441007476771,0.2773322350554492,0.5266234281300531,0.0153231214061913,11.590620887376746,0.5900376246235031,2.652062128773908,21.755609480089632,13.291449432901608,14.000940658086812,1.0,10.0,0.1,0.2,0.5,True,
9,mi_concept,0.0008799225435691,4.594515071352422,0.2674449407214493,0.5171507910865547,0.01492798440289,11.59357978878323,0.7242618520399698,2.1303342065413933,16.751933522539634,10.044820067384627,10.523120228761574,1.0,10.0,0.1,0.2,0.5,True,
9,mi_concept,0.0016681005372,4.604878270381034,0.2570622620301193,0.5070130787564748,0.0145258407623007,11.596802292022591,0.9063815849025352,1.676142750613563,12.684756632912316,7.499801273496835,7.803814606118923,1.0,10.0,0.1,0.2,0.5,True,
9,mi_concept,0.0031622776601683,4.615413740956331,0.2462354047361977,0.4962211248387131,0.0141403465081343,11.60040906179908,1.1710644948850646,1.2768740359842818,9.38329135905694,5.5360281590750064,5.71435172172916,1.0,10.0,0.1,0.2,0.5,True,
9,mi_concept,0.0059948425031894,4.626668113131254,0.2345354521287498,0.4842886041698171,0.0137730539699068,11.604605837574166,1.5778945063899177,0.9333257454800464,6.748749525661331,4.055047821099384,4.15025824199472,1.0,10.0,0.1,0.2,0.5,True,
9,mi_concept,0.0113646366638572,4.639818497813819,0.2210342470073146,0.4701427942735213,0.0133760906097595,11.609723450169696,2.2273563532258764,0.6515591950040432,4.724924522785907,2.974268140089155,3.0206286989404725,1.0,10.0,0.1,0.2,0.5,True,
9,mi_concept,0.0215443469003188,4.655876605765124,0.2049540742954999,0.4527185376097382,0.012847436933292,11.615932096714564,3.2791388012862464,0.4353959899245768,3.2658395588021043,2.219972549742175,2.241014479652524,1.0,10.0,0.1,0.2,0.5,True,
9,mi_concept,0.0408423865267452,4.673878504697528,0.1872491731935578,0.4327229751163645,0.01213102300632,11.622589861857564,4.992301110626341,0.2800859822821653,2.2985480774340323,1.7215704808973171,1.7307632249527334,1.0,10.0,0.1,0.2,0.5,True,
9,mi_concept,0.0774263682681127,4.690531032969859,0.1709555746556679,0.4134677431864158,0.0113425404263993,11.628316099910542,7.858025207115584,0.173696987330671,1.711545723594923,1.4109047644107944,1.414893968714951,1.0,10.0,0.1,0.2,0.5,True,
9,mi_concept,0.146779926762207,4.703015287524136,0.1586910893225897,0.3983605017099332,0.0106775641760812,11.63223582706336,12.89252181223804,0.1035600059858708,1.380122385306077,1.2273141774223495,1.2290842609911516,1.0,10.0,0.1,0.2,0.5,True,
9,mi_concept,0.2782559402207126,4.710974777550154,0.1508091451184577,0.388341531539517,0.0102239908059978,11.63450560006801,22.11581215743208,0.0594113823208823,1.20098682972366,1.123296666968279,1.1241151284693325,1.0,10.0,0.1,0.2,0.5,True,
9,mi_concept,0.5274997063702619,4.715578096365539,0.1462144425603483,0.3823799714424755,0.0099524019910255,11.635705773060636,39.38416385001959,0.0330311449114048,1.105970156579242,1.0660644587217918,1.0664597656033885,1.0,10.0,0.1,0.2,0.5,True,
9,mi_concept,1.0,4.718112915431055,0.1436692480671244,0.3790372647473127,0.0098003068193142,11.636319997582156,71.98802265473469,0.0179685736743621,1.0558545751606754,1.0351481737273278,1.035345806380058,1.0,10.0,0.1,0.2,0.5,True,
5,mi_concept,1e-05,4.6264610649521405,0.2550375206951124,0.5050123965756805,0.013666932657525,11.58788605009558,1.0154391740784965,1.483516295301879,24.838799076278278,19.983654977567287,20.4130451759444,1.0,1.0,1.0,0.2,0.5,True,
5,mi_concept,1.8957356524063752e-05,4.628623534212714,0.2511834905105861,0.5011820931663322,0.0134870644214897,11.589570672892908,1.1589795790224928,1.2908910774891251,20.264842391929676,16.040609191557927,16.380783002181158,1.0,1.0,1.0,0.2,0.5,True,
5,mi_concept,3.5938136638046256e-05,4.634028665100891,0.2457261738486064,0.4957077504423412,0.0132066295928955,11.59152135826548,1.297018045758857,1.1405964067114345,16.613030626475993,12.875409872551998,13.141962108170896,1.0,1.0,1.0,0.2,0.5,True,
5,mi_concept,6.812920690579608e-05,4.641606437898226,0.2390944687373811,0.4889728711670834,0.0128562772978321,11.593584139695317,1.4343892634429578,1.0167658581646934,13.670657268399466,10.331301564477146,10.53833182424618,1.0,1.0,1.0,0.2,0.5,True,
5,mi_concept,0.0001291549665014,4.650789185758201,0.2314146093155642,0.481055723711468,0.0124483305211369,11.59574230745914,1.5721905106568663,0.9124086930580336,11.290360201448038,8.285458870707027,8.445402270218997,1.0,1.0,1.0,0.2,0.5,True,
5,mi_concept,0.0002448436746822,4.661009966313696,0.2229102766822482,0.4721337487219572,0.0119990046718519,11.597993908209542,1.714109552290091,0.821837960458709,9.354745768026683,6.640571060070356,6.763426057845216,1.0,1.0,1.0,0.2,0.5,True,
5,mi_concept,0.0004641588833612,4.671687280629028,0.2138750179777669,0.4624662344190837,0.0115261703792278,11.600321503139334,1.866888971394952,0.7404043766115324,7.770300690665099,5.319504392581662,5.413080437427042,1.0,1.0,1.0,0.2,0.5,True,
5,mi_concept,0.0008799225435691,4.682262846329318,0.2046712418112796,0.4524060585483794,0.0110492667334577,11.60267321114667,2.041763686371486,0.664130387372246,6.462577119987439,4.260953807818049,4.331120068079756,1.0,1.0,1.0,0.2,0.5,True,
5,mi_concept,0.0016681005372,4.692276634716791,0.1956571633031439,0.4423315083770813,0.0105860468710163,11.604976544825035,2.255480605927672,0.5898925238843076,5.373498909580772,3.416030525782276,3.4672168731961244,1.0,1.0,1.0,0.2,0.5,True,
5,mi_concept,0.0031622776601683,4.701386152496967,0.1871374381074282,0.4325938489015166,0.0101507796691753,11.607157310039517,2.532564906344869,0.5156796881242721,4.458970554291933,2.745986727964432,2.7820328050569394,1.0,1.0,1.0,0.2,0.5,True,
5,mi_concept,0.0059948425031894,4.70942535471759,0.1793355957668863,0.4234803369306376,0.0097540330342024,11.60915136075896,2.9120547132112464,0.4405806806909217,3.6861933526848816,2.220830121427568,2.245391836019309,1.0,1.0,1.0,0.2,0.5,True,
5,mi_concept,0.0113646366638572,4.716555785327684,0.1722825594098042,0.4150693428932138,0.0093970588998207,11.610937276168857,3.459307223195292,0.3647720586531758,3.032875087927316,1.818091508035096,1.8344344966090336,1.0,1.0,1.0,0.2,0.5,True,
5,mi_concept,0.0215443469003188,4.7233249923884095,0.1656466357064869,0.4069970954521505,0.0090630100368185,11.612586908724085,4.289749638487433,0.2894757322423283,2.486199052981813,1.5209912630639897,1.5316498300363353,1.0,1.0,1.0,0.2,0.5,True,
5,mi_concept,0.0408423865267452,4.7302110153106485,0.158940634204095,0.3986735935625722,0.0087276255826628,11.614229224500662,5.621846641701592,0.2172290682466865,2.0398529345859866,1.3145659984137383,1.321307679806352,1.0,1.0,1.0,0.2,0.5,True,
5,mi_concept,0.0774263682681127,4.736920155031516,0.1522385058701333,0.3901775312215367,0.0083950296876194,11.615868925403118,7.886236461429394,0.1522092611103097,1.6902067327260923,1.1812246037676166,1.185303435253369,1.0,1.0,1.0,0.2,0.5,True,
5,mi_concept,0.146779926762207,4.742603137710474,0.1463109055439003,0.3825060856298894,0.0081033894219536,11.617326449790982,11.93245328821845,0.0990264584250705,1.4324450317111683,1.100820405660619,1.1031775368381609,1.0,1.0,1.0,0.2,0.5,True,
5,mi_concept,0.2782559402207126,4.74672713728277,0.1418365923303264,0.3766119917505633,0.0078849687518368,11.618430766398845,19.404053571176146,0.0601590578099316,1.256507898568186,1.0548240840217482,1.0561380864024688,1.0,1.0,1.0,0.2,0.5,True,
5,mi_concept,0.5274997063702619,4.74937324338287,0.1388852881042556,0.3726731652591257,0.0077417289951776,11.619160411584534,33.42963065436126,0.0346345785533126,1.1456018659366292,1.0294087608762186,1.0301240695762204,1.0,1.0,1.0,0.2,0.5,True,
5,mi_concept,1.0,4.750936204753796,0.137112284477257,0.3702867597919982,0.0076559951711197,11.619599015408522,59.93206587537903,0.0192230771207288,1.0801702770493196,1.01565439857129,1.0160383193102531,1.0,1.0,1.0,0.2,0.5,True,
6,mi_concept,1e-05,4.612281966756746,0.2596717692837432,0.5095799930175273,0.0134704679525667,11.590034256113285,0.7623479764736678,1.922910682851937,32.79733627341509,26.20370029526156,26.778581386312258,1.0,1.0,1.0,0.3,0.5,True,
6,mi_concept,1.8957356524063752e-05,4.610630585741931,0.2585323905255034,0.5084608052991926,0.0134875028022653,11.591210375911531,0.9420674945608192,1.5545596137710485,26.212750200973144,20.90760223888879,21.33530772254755,1.0,1.0,1.0,0.3,0.5,True,
6,mi_concept,3.5938136638046256e-05,4.613929749701096,0.2542483759341398,0.504230478981725,0.0133322367921496,11.592901862973235,1.088840005540531,1.3361783342205755,21.268285067710742,16.727973104150244,17.058249516931706,1.0,1.0,1.0,0.3,0.5,True,
6,mi_concept,6.812920690579608e-05,4.618879293880453,0.2491185539320558,0.4991177756121853,0.0131203734619006,11.594570657554431,1.2394751708740872,1.1639900728389818,17.31878556220686,13.37606603381446,13.63297473653045,1.0,1.0,1.0,0.3,0.5,True,
6,mi_concept,0.0001291549665014,4.624203188293681,0.2439382712778612,0.493901074384194,0.0128954641883178,11.596062974186609,1.4079047160958509,1.015890704298281,14.117340356583776,10.68355898902423,10.885145088879858,1.0,1.0,1.0,0.3,0.5,True,
6,mi_concept,0.0002448436746822,4.629781881222475,0.2387050270520212,0.4885744846510317,0.0126582789151363,11.597426984457508,1.6001660353667355,0.8859398986880632,11.512093137858018,8.521485250758497,8.68151404558462,1.0,1.0,1.0,0.3,0.5,True,
6,mi_concept,0.0004641588833612,4.6355776415364325,0.2334186258661655,0.4831341696321691,0.0124094484903429,11.598726998974875,1.824633038446623,0.7700742762353437,9.384230529354683,6.787479253935118,6.915331685847943,1.0,1.0,1.0,0.3,0.5,True,
6,mi_concept,0.0008799225435691,4.641459250252543,0.2281288434782346,0.4776283528835308,0.0121507383762968,11.600014507015604,2.0937822234194887,0.6652986783496009,7.640330417943478,5.399361000868769,5.5013812676633576,1.0,1.0,1.0,0.3,0.5,True,
6,mi_concept,0.0016681005372,4.647326081497206,0.2228445589525787,0.4720641470738683,0.0118828055546927,11.60131820812926,2.4258599513330927,0.5693194431980686,6.207534892815608,4.291393422692854,4.372318762272012,1.0,1.0,1.0,0.3,0.5,True,
6,mi_concept,0.0031622776601683,4.653155263282359,0.2175413476674424,0.4664132799003931,0.0116089371100084,11.602636408628,2.849329711736692,0.4803959210824343,5.0282568686874285,3.4117303422984078,3.4751400499502343,1.0,1.0,1.0,0.3,0.5,True,
6,mi_concept,0.0059948425031894,4.658821688922759,0.2123450865776491,0.4608091650321737,0.0113418471312575,11.603914553087408,3.412751607399802,0.3974613416327227,4.057241113320411,2.719871077532908,2.7685536502509493,1.0,1.0,1.0,0.3,0.5,True,
6,mi_concept,0.0113646366638572,4.664092006144339,0.2075563639869957,0.455583542269687,0.0111001502917723,11.605054392933246,4.200467047879887,0.3202414410102236,3.2611813829031053,2.184321229439752,2.220720577452096,1.0,1.0,1.0,0.3,0.5,True,
6,mi_concept,0.0215443469003188,4.668941888528499,0.2033351618692789,0.4509270028167297,0.0108910244094766,11.605992911376417,5.361437553222575,0.2491069362688857,2.6171811409113745,1.7806795529838526,1.8070097603242707,1.0,1.0,1.0,0.3,0.5,True,
6,mi_concept,0.0408423865267452,4.6736875707712535,0.1994845646042717,0.4466369494391073,0.010700790482963,11.606765489189296,7.17687882906283,0.1848820832464742,2.109100482770311,1.4893116943027398,1.5075112856433106,1.0,1.0,1.0,0.3,0.5,True,
6,mi_concept,0.0774263682681127,4.678546718869677,0.1957344367835032,0.4424188476811349,0.0105124428927111,11.607464265379225,10.2079240738062,0.1291141469922948,1.7237639136426373,1.2914991872746044,1.3033497462653638,1.0,1.0,1.0,0.3,0.5,True,
6,mi_concept,0.146779926762207,4.683151961865544,0.1922078944239852,0.4384152077927786,0.0103321520145306,11.60811998457023,15.573264726720932,0.0840632633816844,1.447554837042392,1.1662969274627335,1.173536660091372,1.0,1.0,1.0,0.3,0.5,True,
6,mi_concept,0.2782559402207126,4.686880620662842,0.1893129168208758,0.4351010420820385,0.0101827721479958,11.608675005327491,25.44237380857608,0.0511591077432026,1.2630723074668562,1.091929434520909,1.0961193792791653,1.0,1.0,1.0,0.3,0.5,True,
6,mi_concept,0.5274997063702619,4.689470523718335,0.187268936088106,0.4327458100179666,0.0100769815948684,11.60907828080069,43.9429484207166,0.0294971594351911,1.1484823618021995,1.0498003461671517,1.0521342309946276,1.0,1.0,1.0,0.3,0.5,True,
6,mi_concept,1.0,4.691078253275814,0.1859845191645666,0.4312592250196703,0.0100104713943436,11.609336520254246,78.88545137089989,0.0163877702882011,1.081486106529977,1.0266568076102818,1.0279260978762264,1.0,1.0,1.0,0.3,0.5,True,
11,mi_concept,1e-05,4.664333704390329,0.20063039219402,0.4479178408972118,0.0116764653886441,11.622057974686408,0.0523862904763158,25.834952362585305,343.8924302122077,264.8274914266648,265.30828023850614,1.0,10.0,0.1,0.5,0.5,True,
11,mi_concept,1.8957356524063752e-05,4.658311093189555,0.2041227879820329,0.4517994997585023,0.0118548567169094,11.61886411526235,0.0500150088252672,27.326413821689247,259.28353323225923,175.66912346709736,176.1227594924136,1.0,10.0,0.1,0.5,0.5,True,
11,mi_concept,3.5938136638046256e-05,4.654211630583815,0.2067963672697724,0.4547486858362236,0.0119742531899286,11.615782678235076,0.0654117880841261,21.0528822256296,170.71338017262477,106.2152277821405,106.49490199031771,1.0,10.0,0.1,0.5,0.5,True,
11,mi_concept,6.812920690579608e-05,4.654151939322613,0.2066652433358185,0.4546044911082803,0.0119414216536082,11.614852000283452,0.1097572103847578,12.54910616493802,103.20635088864584,64.69124948401046,64.79369576954416,1.0,10.0,0.1,0.5,0.5,True,
11,mi_concept,0.0001291549665014,4.65682077418242,0.2041687905157323,0.4518504072320089,0.0117979288196388,11.616023380643304,0.1936268619018526,7.073251469811518,63.3748075948599,41.68072700000907,41.68135753070231,1.0,10.0,0.1,0.5,0.5,True,
11,mi_concept,0.0002448436746822,4.661472743919374,0.2001444032796114,0.4473750141431811,0.0115777869290926,11.618268072228943,0.3172389584408088,4.276693389394293,41.32018116052817,28.229276855732365,28.1812663515495,1.0,10.0,0.1,0.5,0.5,True,
11,mi_concept,0.0004641588833612,4.666900436108441,0.1958632160469428,0.4425643637336188,0.0113465030270529,11.62081058309631,0.4632396219147948,2.898980159294555,28.379295539317937,19.52667864660004,19.46132908920891,1.0,10.0,0.1,0.5,0.5,True,
11,mi_concept,0.0008799225435691,4.670112376956888,0.1934607080101218,0.4398416851665174,0.0112140207495732,11.622297686186569,0.6210479896745876,2.1496866483046304,19.94733916368679,13.389671668980284,13.326179211849952,1.0,10.0,0.1,0.5,0.5,True,
11,mi_concept,0.0016681005372,4.670251163117332,0.1933492589264862,0.4397149746443555,0.0111934074918002,11.622441122354155,0.8240345119212781,1.618975396407607,13.938851596699196,8.991334114981738,8.941248472250917,1.0,10.0,0.1,0.5,0.5,True,
11,mi_concept,0.0031622776601683,4.668538682879017,0.1947105821698765,0.4412602204707291,0.0112386042296077,11.621790752693512,1.1319674751163038,1.1812599723121904,9.568762231544156,5.944312541274186,5.912347169823232,1.0,10.0,0.1,0.5,0.5,True,
11,mi_concept,0.0059948425031894,4.665867092137626,0.1969009616860339,0.4437352382739441,0.0113205547572805,11.620662068179367,1.630582777021658,0.8231144768647197,6.474748857512417,3.9356829920851006,3.919513312857046,1.0,10.0,0.1,0.5,0.5,True,
11,mi_concept,0.0113646366638572,4.662936942924443,0.1993158505746437,0.4464480379334685,0.0114134528032769,11.619282625331934,2.473200627265175,0.544589119643657,4.37009755256597,2.680088791194418,2.67385885587802,1.0,10.0,0.1,0.5,0.5,True,
11,mi_concept,0.0215443469003188,4.660422341054373,0.2013668350204432,0.4487391614517762,0.0114946121751659,11.617906272282362,3.954370595559253,0.3412897479074736,2.9984894451882558,1.933715886383054,1.932067387969384,1.0,10.0,0.1,0.5,0.5,True,
11,mi_concept,0.0408423865267452,4.65876209856133,0.2027014945677312,0.4502238271879124,0.0115551247986401,11.61675237859402,6.649998900426144,0.2030526059533768,2.1434559835619336,1.5082241617603265,1.5080925273466168,1.0,10.0,0.1,0.5,0.5,True,
11,mi_concept,0.0774263682681127,4.65798070284235,0.2033118269308037,0.4509011276663696,0.0115968222835233,11.61593256454056,11.67767805290574,0.1156224124507476,1.6343737226132633,1.2729463565262746,1.2731355881777546,1.0,10.0,0.1,0.5,0.5,True,
11,mi_concept,0.146779926762207,4.657820517783709,0.203407999069316,0.4510077594336,0.0116232036884093,11.615430354970451,21.16949182984865,0.0637817288799089,1.3440998655005998,1.1454183968914975,1.145597172855551,1.0,10.0,0.1,0.5,0.5,True,
11,mi_concept,0.2782559402207126,4.657976375251449,0.2032440088657232,0.4508259185824649,0.0116376767499033,11.615157782173378,39.15772031482001,0.0344905909429122,1.1840843231248228,1.0771229474198765,1.077239763593677,1.0,10.0,0.1,0.5,0.5,True,
11,mi_concept,0.5274997063702619,4.658222850385559,0.2030116496619547,0.4505681409753188,0.0116443175001571,11.615022573390142,73.26763677113337,0.0184398463249609,1.0977564308432652,1.0407999703670556,1.0408678459018,1.0,10.0,0.1,0.5,0.5,True,
11,mi_concept,1.0,4.658440852871241,0.2028115899483477,0.4503460779759803,0.0116468630577109,11.614958936899404,137.94201161856776,0.0097972483191915,1.051727209767914,1.0215550415056207,1.021592574040802,1.0,10.0,0.1,0.5,0.5,True,
4,mi_concept,1e-05,4.631759439860032,0.2645090185653977,0.5143044026307745,0.0139849616028572,11.585612324639545,1.2820643776559904,1.188778362446486,16.515962427892877,12.637360287738051,12.931311065254697,1.0,1.0,1.0,0.1,0.5,True,
4,mi_concept,1.8957356524063752e-05,4.641090634569655,0.2540860520747856,0.5040694913152209,0.0134608425873181,11.588676817890498,1.3769219441128224,1.0870136972863569,13.705865134716236,10.143922098174974,10.386526249692844,1.0,1.0,1.0,0.1,0.5,True,
4,mi_concept,3.5938136638046256e-05,4.653079458768353,0.2420652743067033,0.4920012950254331,0.0128457102096605,11.59205377903726,1.4551813641503837,1.0056235530014257,11.45752734102746,8.147413408597272,8.345497819047523,1.0,1.0,1.0,0.1,0.5,True,
4,mi_concept,6.812920690579608e-05,4.666924967842977,0.2287114010425981,0.4782378080438623,0.0121626782291137,11.595676290319007,1.516361589460192,0.940055226457386,9.65392682438255,6.546489387768663,6.706224303185697,1.0,1.0,1.0,0.1,0.5,True,
4,mi_concept,0.0001291549665014,4.681731875024382,0.2144667555075395,0.4631055554703911,0.011441092343896,11.599442311558366,1.564074488228878,0.8854620546471778,8.199707344300425,5.262439392945256,5.389350070727517,1.0,1.0,1.0,0.1,0.5,True,
4,mi_concept,0.0002448436746822,4.696527113760406,0.199965377033409,0.4471748841710691,0.0107167031019542,11.603200981807124,1.605668912178241,0.8368263913878711,7.016617627279699,4.233604021076453,4.332695998330354,1.0,1.0,1.0,0.1,0.5,True,
4,mi_concept,0.0004641588833612,4.710427418339224,0.1859838938663288,0.4312585000511049,0.0100283059134862,11.606768769010516,1.65206423292319,0.789122986726953,6.039585535683695,3.411189444329486,3.4872417435274325,1.0,1.0,1.0,0.1,0.5,True,
4,mi_concept,0.0008799225435691,4.722841869105169,0.1731818620068332,0.4161512489550322,0.0094055085570759,11.60999577366891,1.7170731858685595,0.7377208312975984,5.215462931345931,2.7567913443847583,2.8142687401099638,1.0,1.0,1.0,0.1,0.5,True,
4,mi_concept,0.0016681005372,4.733609299025053,0.1618116052382105,0.4022581325942467,0.0088571597822289,11.612832489375736,1.8166556319006923,0.6789618214189426,4.503399299887415,2.240737175637388,2.283507161260665,1.0,1.0,1.0,0.1,0.5,True,
4,mi_concept,0.0031622776601683,4.743023070806081,0.1516248902979717,0.3893904085849724,0.0083688104862609,11.615351747727914,1.9704963902185464,0.6105284058877597,3.8746272405445614,1.8409786755458863,1.8721503154844576,1.0,1.0,1.0,0.1,0.5,True,
4,mi_concept,0.0059948425031894,4.751711193176842,0.1419581968942856,0.376773402583417,0.0079072786932484,11.617728035973846,2.207408190153886,0.531622407788186,3.3114353630309723,1.541847652817099,1.5637915800933977,1.0,1.0,1.0,0.1,0.5,True,
4,mi_concept,0.0113646366638572,4.760157335885694,0.1321349099059272,0.3635036587242654,0.0074393242995783,11.620145352470017,2.575960220841827,0.4435973136018949,2.80596007217322,1.3305403332927348,1.3451740676593655,1.0,1.0,1.0,0.1,0.5,True,
4,mi_concept,0.0215443469003188,4.768155995863106,0.1221483142492634,0.3494972306746699,0.006964184140095,11.622627746048396,3.1641855756610373,0.3509357674034218,2.358271770345944,1.1919129600204197,1.201056221414493,1.0,1.0,1.0,0.1,0.5,True,
4,mi_concept,0.0408423865267452,4.7750557233230255,0.1127971769180909,0.3358529096466054,0.0065202733430833,11.62498349410156,4.137635682296516,0.2608308736153379,1.9735865285182053,1.107317785127883,1.1126997857577134,1.0,1.0,1.0,0.1,0.5,True,
4,mi_concept,0.0774263682681127,4.780394463091236,0.1050517500775865,0.3241168771872063,0.0061537355844892,11.626957221249802,5.818082375844666,0.1809013654605305,1.658879172702852,1.0585388446115946,1.0615699205592988,1.0,1.0,1.0,0.1,0.5,True,
4,mi_concept,0.146779926762207,4.784120963905331,0.0994071029357739,0.3152889197795792,0.0058872701372592,11.6284081258729,8.839094135513339,0.1168013873471063,1.418773676510761,1.0314570019369642,1.0331162651298036,1.0,1.0,1.0,0.1,0.5,True,
4,mi_concept,0.2782559402207126,4.786495493975931,0.0957277979110693,0.3093990916455142,0.0057137926012789,11.629359872995185,14.429239284907045,0.0706212919849712,1.2507935667303904,1.0167609693420447,1.0176542052047404,1.0,1.0,1.0,0.1,0.5,True,
4,mi_concept,0.5274997063702619,4.787904067989407,0.0935213578354798,0.3058126188297007,0.0056097992725071,11.629933116459764,24.930029425646968,0.0405470282338287,1.1431987188659851,1.0088890162839952,1.0093653867209542,1.0,1.0,1.0,0.1,0.5,True,
4,mi_concept,1.0,4.788699669781157,0.0922687035380028,0.3037576394726605,0.0055507618789683,11.630259456889716,44.77615907748809,0.022470697157998,1.0791149079443003,1.0047023562672803,1.0049551140308857,1.0,1.0,1.0,0.1,0.5,True,
12,mi_concept,1e-05,4.63255628389406,0.2402099763466642,0.4901122079143349,0.0131299529277301,11.597078505696023,0.4455932772900117,3.250730574658263,27.56857930324044,17.02810073340361,17.442545358654556,1.0,10.0,1.0,0.1,0.5,True,
12,mi_concept,1.8957356524063752e-05,4.632278608354133,0.2399662568282874,0.4898635083656339,0.0131277976805295,11.597143909323218,0.5311121463745587,2.7251758548864937,22.470922538369766,13.63553430087602,13.965661876269586,1.0,10.0,1.0,0.1,0.5,True,
12,mi_concept,3.5938136638046256e-05,4.634550693951344,0.2379875616809872,0.4878396885053401,0.0130113559586561,11.597504191818354,0.620952228959442,2.319566504730971,18.46260782092225,10.928463618532534,11.186635453878433,1.0,10.0,1.0,0.1,0.5,True,
12,mi_concept,6.812920690579608e-05,4.638598878436946,0.2347547638712879,0.4845149779638271,0.0128161433684828,11.598105688765704,0.718188510808353,1.990240086355664,15.24316053137324,8.760066306680995,8.96038334457579,1.0,10.0,1.0,0.1,0.5,True,
12,mi_concept,0.0001291549665014,4.644306545598306,0.2302607346188303,0.4798549099663671,0.0125439661145728,11.598959653166729,0.8218352070638093,1.721241809472804,12.649153429034907,7.020116707434693,7.175853776050737,1.0,10.0,1.0,0.1,0.5,True,
12,mi_concept,0.0002448436746822,4.651501424340456,0.2245710013389939,0.4738892289755,0.0122018090030827,11.60007179830383,0.9310739989147055,1.4998298858180326,10.552695651132112,5.624121750541449,5.745631726365391,1.0,10.0,1.0,0.1,0.5,True,
12,mi_concept,0.0004641588833612,4.659805232181616,0.2179306975360717,0.4668304805130784,0.0118084533301423,11.601418000401695,1.0469183407221114,1.314366306843851,8.847144788282339,4.505444401129775,4.600480280461671,1.0,10.0,1.0,0.1,0.5,True,
12,mi_concept,0.0008799225435691,4.668764451674027,0.2106016054205277,0.4589135053804014,0.0113841196792162,11.602964654099235,1.1732614681042937,1.1542668720713885,7.44365488150245,3.611457664830172,3.685637501690256,1.0,10.0,1.0,0.1,0.5,True,
12,mi_concept,0.0016681005372,4.67790719933315,0.2028775887953585,0.4504193477142811,0.0109499016388039,11.604652483340825,1.3190230204745934,1.0098702850101355,6.268183444839274,2.9009105234674526,2.95821187610339,1.0,10.0,1.0,0.1,0.5,True,
12,mi_concept,0.0031622776601683,4.686742688948415,0.1951949867501537,0.4418087671721258,0.0105318608451706,11.606367834352774,1.5017438582277494,0.8728214914774357,5.2607097640863865,2.3417937241874625,2.385257306490616,1.0,10.0,1.0,0.1,0.5,True,
12,mi_concept,0.0059948425031894,4.6949465476942365,0.1879937144739136,0.4335824194705242,0.0101526262467315,11.60798102206772,1.751848086087196,0.7372932239745728,4.37863217947707,1.909878369787407,1.9420285489036333,1.0,10.0,1.0,0.1,0.5,True,
12,mi_concept,0.0113646366638572,4.702647939961052,0.181390586651764,0.4258997377925513,0.0098161635306597,11.609432791301897,2.1204127307600658,0.6011428847331504,3.5993236180587527,1.5873028438433356,1.610192426694921,1.0,10.0,1.0,0.1,0.5,True,
12,mi_concept,0.0215443469003188,4.710346340127583,0.1750800314212399,0.4184256581774592,0.0095043721718271,11.610774113723709,2.6971418434748817,0.466627349226454,2.918491390686203,1.359282150826138,1.374667663764091,1.0,10.0,1.0,0.1,0.5,True,
12,mi_concept,0.0408423865267452,4.718215614122881,0.1687498353855921,0.410791717766549,0.0091971577760353,11.612097396722485,3.6479133667859496,0.3404646290628595,2.3445182284857986,1.2092091757272905,1.2188681519783693,1.0,10.0,1.0,0.1,0.5,True,
12,mi_concept,0.0774263682681127,4.725634030781805,0.1626115241529765,0.4032511923763853,0.0088998999867541,11.613405531060456,5.289344125536455,0.2316641143530903,1.888532384597464,1.1172595096721183,1.1229594958933562,1.0,10.0,1.0,0.1,0.5,True,
12,mi_concept,0.146779926762207,4.731721375123465,0.1572937781344839,0.3966027964279677,0.0086412619016897,11.614580904526134,8.233336863347757,0.1470297678213334,1.5531471882031191,1.0640599478939767,1.067274149374972,1.0,10.0,1.0,0.1,0.5,True,
12,mi_concept,0.2782559402207126,4.736075830438452,0.1532759999280162,0.3915047891508049,0.008445109272673,11.615498358248274,13.659706440592265,0.0877884998634207,1.3263868379496215,1.0344556049014106,1.036216200412727,1.0,10.0,1.0,0.1,0.5,True,
12,mi_concept,0.5274997063702619,4.738866969235192,0.1505903015658615,0.3880596623792037,0.0083137571734171,11.61612521237742,23.82330337699544,0.0500132702803352,1.184668715142337,1.0183682683245825,1.019316346073446,1.0,10.0,1.0,0.1,0.5,True,
12,mi_concept,1.0,4.740522270068611,0.1489532168148347,0.3859445773875242,0.0082336472858082,11.616512259410586,43.005029088608005,0.0275961055655884,1.1015042868818812,1.0097442160868344,1.0102499131191378,1.0,10.0,1.0,0.1,0.5,True,
13,mi_concept,1e-05,4.648004675598482,0.2226867273659386,0.4718969457052446,0.0121375562711288,11.601640535464751,0.2317527715522919,6.055847095727099,46.64059371169438,26.790108011235315,27.399622753523374,1.0,10.0,1.0,0.2,0.5,True,
13,mi_concept,1.8957356524063752e-05,4.640651057500162,0.2272577269921279,0.47671556193618,0.0124468919571538,11.601366513548522,0.3356175813629087,4.226015211398035,35.16851844597188,21.37079150924528,21.8425312844599,1.0,10.0,1.0,0.2,0.5,True,
13,mi_concept,3.5938136638046256e-05,4.638241177820383,0.2285674746606804,0.4780873086170353,0.0125821467865974,11.601429216246816,0.4307259640151814,3.30658418127295,27.83933457687092,17.10084529854596,17.480203326112957,1.0,10.0,1.0,0.2,0.5,True,
13,mi_concept,6.812920690579608e-05,4.639366066147841,0.2274771845554721,0.4769456830242539,0.0125589176133386,11.601635728544718,0.5214104446504945,2.7279572909591527,22.5078132050425,13.67254896947825,13.97689298722237,1.0,10.0,1.0,0.2,0.5,True,
13,mi_concept,0.0001291549665014,4.64172189941445,0.2255623541781801,0.4749340524516852,0.0124734484041976,11.60188329130976,0.6211968284040528,2.28174269541673,18.29856276451064,10.914620553684165,11.156291288719302,1.0,10.0,1.0,0.2,0.5,True,
13,mi_concept,0.0002448436746822,4.644626644587534,0.2233035997743511,0.4725501029249186,0.0123591073937396,11.60216167785402,0.7367078313827303,1.9147987366588477,14.89434704584319,8.695841275745847,8.885346251699984,1.0,10.0,1.0,0.2,0.5,True,
13,mi_concept,0.0004641588833612,4.648024823886716,0.2206420390050801,0.4697254932458746,0.0122100426586439,11.602546675162772,0.8715315576826326,1.6084077665177008,12.127383803548405,6.912034624997037,7.05780862167407,1.0,10.0,1.0,0.2,0.5,True,
13,mi_concept,0.0008799225435691,4.651886689298037,0.2174986585903301,0.4663675145101019,0.0120227416377502,11.603094996027632,1.0311494386209712,1.3489622487331192,9.866557452252245,5.480819512512091,5.589742892130727,1.0,10.0,1.0,0.2,0.5,True,
13,mi_concept,0.0016681005372,4.656050640104875,0.2140275066717299,0.4626310697215762,0.0118126352159853,11.603763746787426,1.2262604299462263,1.1248230414595517,8.00459316599728,4.337032513792339,4.41571506391285,1.0,10.0,1.0,0.2,0.5,True,
13,mi_concept,0.0031622776601683,4.660166879919382,0.2105872519812935,0.4588978666122708,0.0116068272280777,11.60445800375771,1.476475592020723,0.926559573371368,6.458022198137676,3.4292543586945308,3.484294540388366,1.0,10.0,1.0,0.2,0.5,True,
13,mi_concept,0.0059948425031894,4.663804741390036,0.2075680341324267,0.455596349999017,0.0114311641707625,11.605087353435112,1.8159042776221987,0.7478941648679247,5.1663350069768175,2.717032072938736,2.754502457987607,1.0,10.0,1.0,0.2,0.5,True,
13,mi_concept,0.0113646366638572,4.666688109787547,0.2052569697278154,0.4530529436255937,0.0113043347185853,11.605562935487152,2.303519618849497,0.5861856074276861,4.090049288147426,2.1688075894212333,2.1938198770068773,1.0,10.0,1.0,0.2,0.5,True,
13,mi_concept,0.0215443469003188,4.66888410209487,0.2037398014671903,0.4513754551005076,0.0112331365562258,11.605807804572189,3.0446083677809144,0.4417752501438666,3.2067012629566984,1.759958291712311,1.7763970291029934,1.0,10.0,1.0,0.2,0.5,True,
13,mi_concept,0.0408423865267452,4.67081136343053,0.2028187950313859,0.4503540774006447,0.0112064214419051,11.60580409464841,4.2361390943268855,0.3167961203126851,2.504210741230481,1.4695910235838294,1.480139589489788,1.0,10.0,1.0,0.2,0.5,True,
13,mi_concept,0.0774263682681127,4.672953820463279,0.2020854958304388,0.4495392038859779,0.0111969091125239,11.60563222184501,6.258468960179973,0.2141075107352092,1.9726683694602272,1.2762680183285016,1.2827735256344088,1.0,10.0,1.0,0.2,0.5,True,
13,mi_concept,0.146779926762207,4.675363089416413,0.2012620096378076,0.4486223463424528,0.0111810090841823,11.605429597056782,9.852753282113737,0.1357934159689756,1.596001475240758,1.1561347898025194,1.15996343924792,1.0,10.0,1.0,0.2,0.5,True,
13,mi_concept,0.2782559402207126,4.677625623488277,0.2004020204017476,0.4476628423286298,0.011155634713536,11.60528626335021,16.45246785161124,0.0811885293661959,1.3479494656255786,1.0857800385950451,1.0879436008198216,1.0,10.0,1.0,0.2,0.5,True,
13,mi_concept,0.5274997063702619,4.679364851437657,0.1996823473625459,0.446858307926065,0.0111298125066072,11.605210431897508,28.797328646749428,0.0463186772917045,1.1955729309769714,1.0462968022556425,1.0474849154994572,1.0,10.0,1.0,0.2,0.5,True,
13,mi_concept,1.0,4.6805140150959765,0.19918101770816,0.4462970061608749,0.0111100652877311,11.605176044418318,52.0860851722627,0.0255826314601288,1.1070852606683694,1.024729254193267,1.0253702144998855,1.0,10.0,1.0,0.2,0.5,True,
15,mi_concept,1e-05,4.64842346413896,0.2195612974861,0.4685736841587458,0.0122735159719849,11.603971458325328,0.056552418760877,24.90814386778879,139.96944370285829,61.39126677231295,62.73047033182399,1.0,10.0,1.0,0.5,0.5,True,
15,mi_concept,1.8957356524063752e-05,4.648257836796511,0.2193483487493444,0.4683463982452993,0.0122287313511449,11.60416649689302,0.1014867349587888,13.85672139144958,86.80229676013846,42.88356587954318,43.644016256755776,1.0,10.0,1.0,0.5,0.5,True,
15,mi_concept,3.5938136638046256e-05,4.644830733553221,0.2210369075753943,0.4701456237969192,0.0123308532838031,11.60449180437285,0.1778738322608858,7.925824821049617,57.13963341829768,31.990154484177094,32.463344736206345,1.0,10.0,1.0,0.5,0.5,True,
15,mi_concept,6.812920690579608e-05,4.640415499898335,0.223207140366806,0.4724480292760317,0.0124852956211726,11.605223953164195,0.2820910985385334,5.016048857407922,40.66818763748001,24.76710803868896,25.098986844280947,1.0,10.0,1.0,0.5,0.5,True,
15,mi_concept,0.0001291549665014,4.637831718995143,0.2243401295402473,0.4736455737576857,0.0126008116944113,11.606182999302346,0.3921235254997344,3.616733106666001,30.786797401573576,19.367483165610924,19.61852446121457,1.0,10.0,1.0,0.5,0.5,True,
15,mi_concept,0.0002448436746822,4.637729555324146,0.2240108784524146,0.4732978749713701,0.0126207417062158,11.606820367974551,0.4973640804472792,2.8499086025089424,24.05869223428573,15.091254304641916,15.281753459685088,1.0,10.0,1.0,0.5,0.5,True,
15,mi_concept,0.0004641588833612,4.6388855009877386,0.2228115725662358,0.4720292073232713,0.0125729885245558,11.607217740648492,0.613010574627339,2.30625795171022,18.92157194570832,11.67302295735187,11.813191655112176,1.0,10.0,1.0,0.5,0.5,True,
15,mi_concept,0.0008799225435691,4.640530508240747,0.2211677305478658,0.470284733483733,0.0124970173848686,11.607630165697511,0.7559919156948927,1.863435653846207,14.803341292790035,8.95035566380203,9.049806940365963,1.0,10.0,1.0,0.5,0.5,True,
15,mi_concept,0.0016681005372,4.642309861440692,0.2193731292435684,0.4683728528037982,0.0124134207732388,11.608075416574025,0.9400457190069356,1.492873051003694,11.48206132399118,6.797546430798984,6.8661943389928775,1.0,10.0,1.0,0.5,0.5,True,
15,mi_concept,0.0031622776601683,4.64399703663749,0.2176819145255935,0.4665639447338313,0.0123356015648169,11.608487249767196,1.183509103917663,1.1814633761791118,8.818548194186624,5.11592453733686,5.162789627526271,1.0,10.0,1.0,0.5,0.5,True,
15,mi_concept,0.0059948425031894,4.645602929843929,0.2161393429827775,0.4649078865568721,0.0122669812524073,11.608810303563825,1.515276510888624,0.9196116621836088,6.7051732408241165,3.827401579663325,3.859207105060053,1.0,10.0,1.0,0.5,0.5,True,
15,mi_concept,0.0113646366638572,4.64731272496288,0.2146239130673744,0.4632752023013691,0.0122018589035943,11.609006108807232,1.984114245617012,0.6998661401783562,5.0542206330122985,2.867818490606008,2.88891834679721,1.0,10.0,1.0,0.5,0.5,True,
15,mi_concept,0.0215443469003188,4.649200450844901,0.2131388485537736,0.4616696313964928,0.0121380762515415,11.609007763840712,2.6792772440382904,0.5165075170292128,3.791337923916807,2.180770244951092,2.1942075007445108,1.0,10.0,1.0,0.5,0.5,True,
15,mi_concept,0.0408423865267452,4.651209176439123,0.2118322776232722,0.4602524064285511,0.012078291285249,11.60874589633988,3.7704957211433854,0.365889212830261,2.852357860879813,1.7131163680993815,1.7213246979004986,1.0,10.0,1.0,0.5,0.5,True,
15,mi_concept,0.0774263682681127,4.653336917388591,0.2107486515369834,0.4590736885696929,0.0120205911578865,11.608256427724944,5.584527735876341,0.2463345271881513,2.179630073028713,1.4128917512301455,1.4177398030191428,1.0,10.0,1.0,0.5,0.5,True,
15,mi_concept,0.146779926762207,4.655554927120331,0.2097984587624093,0.458037617191437,0.0119603802420468,11.607701287423902,8.7546226622059,0.1566929657278911,1.7192572008402067,1.23107390559619,1.233854790672055,1.0,10.0,1.0,0.5,0.5,True,
15,mi_concept,0.2782559402207126,4.657638755348224,0.2089422036298787,0.4571019619624037,0.0118999936504273,11.60724319330044,14.505867119046824,0.094309255261295,1.420585288649277,1.1262518636173022,1.1278052042024969,1.0,10.0,1.0,0.5,0.5,True,
15,mi_concept,0.5274997063702619,4.659310272303243,0.2082376398702408,0.4563306256106868,0.0118479398359018,11.60693960578592,25.188802359758512,0.054184785914733,1.2373507232630756,1.067936804621933,1.0687860659732014,1.0,10.0,1.0,0.5,0.5,True,
15,mi_concept,1.0,4.660466367267074,0.2077323824632746,0.4557766804733154,0.0118099181986864,11.60676338140731,45.27681351607413,0.030093286752586,1.1304551082225809,1.0362305981833633,1.036688057164722,1.0,10.0,1.0,0.5,0.5,True,
14,mi_concept,1e-05,4.648080006689406,0.2235040790593728,0.4727621802337544,0.0121911110652417,11.601605668496806,0.1276044915458673,11.025621701154783,72.16848216658668,36.32208824569637,37.4360301755983,1.0,10.0,1.0,0.3,0.5,True,
14,mi_concept,1.8957356524063752e-05,4.642070252132086,0.2268213399547155,0.4762576403111194,0.0123954123823244,11.601576794296651,0.2150598735810341,6.591114923718469,49.55181355205491,28.143356398050205,28.8482856582481,1.0,10.0,1.0,0.3,0.5,True,
14,mi_concept,3.5938136638046256e-05,4.636261047049169,0.2298846097283787,0.4794628345642431,0.0126182482134962,11.601880919622086,0.3202807049492026,4.460024769124158,36.72705484635804,22.3020887072131,22.805107065903755,1.0,10.0,1.0,0.3,0.5,True,
14,mi_concept,6.812920690579608e-05,4.6346211931922525,0.2301919433188529,0.4797832253412503,0.0126978153719879,11.602510857693629,0.4200124901464023,3.4092302684418665,28.701227834454528,17.739972578734488,18.119825890567142,1.0,10.0,1.0,0.3,0.5,True,
14,mi_concept,0.0001291549665014,4.636319609195445,0.2283061297964765,0.4778139070773019,0.0126282745089529,11.603146432627316,0.5147773418422377,2.773688685048283,22.969796236539956,14.078844387488829,14.367128047343476,1.0,10.0,1.0,0.3,0.5,True,
14,mi_concept,0.0002448436746822,4.638889982361659,0.2259165696738173,0.4753068163553067,0.0125081070654445,11.603711125509967,0.6203859800388807,2.290111732701909,18.473512779524523,11.133966826448331,11.351212304068858,1.0,10.0,1.0,0.3,0.5,True,
14,mi_concept,0.0004641588833612,4.641404221320947,0.2236843225269222,0.4729527698691722,0.0123864468135791,11.604199094262963,0.7477606318562947,1.8895009217909264,14.831546513757374,8.768876022876661,8.93064971804968,1.0,10.0,1.0,0.3,0.5,True,
14,mi_concept,0.0008799225435691,4.64372582234062,0.2216705477519736,0.4708190180440608,0.0122720152194542,11.604608073250905,0.9057639024595158,1.5511766365827748,11.86018411173722,6.8744510791765165,6.993299164417927,1.0,10.0,1.0,0.3,0.5,True,
14,mi_concept,0.0016681005372,4.6457721823721405,0.2198724300489233,0.4689055662379402,0.0121702749064488,11.604942127854034,1.1073730617938489,1.2621958029455782,9.42745410058572,5.364101633028814,5.450406405521295,1.0,10.0,1.0,0.3,0.5,True,
14,mi_concept,0.0031622776601683,4.647448686172108,0.2183268673411039,0.4672546065488321,0.0120880005081425,11.605215523540544,1.373341149202978,1.013105086686128,7.434491182810845,4.169484501227855,4.231673270008032,1.0,10.0,1.0,0.3,0.5,True,
14,mi_concept,0.0059948425031894,4.648652900341242,0.2171464855158626,0.4659897912142096,0.0120351044746509,11.605424730199754,1.7382553987421672,0.7973981457777802,5.807240362039253,3.236492176174439,3.2812779932217704,1.0,10.0,1.0,0.3,0.5,True,
14,mi_concept,0.0113646366638572,4.649363107754979,0.2164231669230207,0.4652130339135187,0.0120208531607704,11.605541758293043,2.2622040578148463,0.6111312989085862,4.49047997107695,2.522369045863678,2.554635232997334,1.0,10.0,1.0,0.3,0.5,True,
14,mi_concept,0.0215443469003188,4.649749335046437,0.2161015056070947,0.4648671913644743,0.0120451526276634,11.605534460775925,3.052749369878167,0.4523916038275385,3.4444451519835635,1.9925600640351016,2.0155310000830724,1.0,10.0,1.0,0.3,0.5,True,
14,mi_concept,0.0408423865267452,4.650146128876358,0.2159773300558794,0.4647336119282523,0.0120946050076838,11.605381945425114,4.309990790490154,0.320524550899389,2.639210056797212,1.616849550255005,1.6326864443343323,1.0,10.0,1.0,0.3,0.5,True,
14,mi_concept,0.0774263682681127,4.650873251345972,0.2158119605431995,0.4645556592521498,0.0121475478153488,11.605093660358833,6.420059829296163,0.2153889050776543,2.047100272988049,1.3655647763091403,1.375936302268746,1.0,10.0,1.0,0.3,0.5,True,
14,mi_concept,0.146779926762207,4.65199639518468,0.2154768342653285,0.4641948236089331,0.0121852270837263,11.604738076547497,10.138003149776472,0.1365079907567594,1.6365219865140732,1.2080052208832797,1.2143995252934496,1.0,10.0,1.0,0.3,0.5,True,
14,mi_concept,0.2782559402207126,4.653260429628215,0.2150268222636923,0.4637098470635407,0.0122025357305233,11.60441354620914,16.929332849440414,0.0817676193523816,1.3699258036753177,1.1148532734682628,1.1185852755652923,1.0,10.0,1.0,0.3,0.5,True,
14,mi_concept,0.5274997063702619,4.65434551241848,0.2146013746296237,0.4632508765556992,0.0122062874637812,11.604176647842063,29.60076650766681,0.0467591392780714,1.2074447338982266,1.062188473288488,1.0642798996698668,1.0,10.0,1.0,0.3,0.5,True,
14,mi_concept,1.0,4.655111931462568,0.2142845814984953,0.4629088263346199,0.0122047728562174,11.604027148021512,53.48164008539216,0.0258743514068365,1.1134588933661211,1.0332808833991274,1.0344226213050376,1.0,10.0,1.0,0.3,0.5,True,
17,mi_concept,1e-05,4.312648366171272,0.562965338517038,0.7503101615445695,0.0268349538642046,11.503738391185042,0.486575005610094,4.2925733921164095,60.07884418494597,44.329000591176765,50.66541223657945,1.0,1.0,0.1,0.2,0.1,True,
17,mi_concept,1.8957356524063752e-05,4.308764853106989,0.560853446475757,0.7489014931723377,0.0268655523501715,11.504535298896972,0.8179214901068182,2.552136481260563,42.433147103511104,33.04847675661863,36.81027570432827,1.0,1.0,0.1,0.2,0.1,True,
17,mi_concept,3.5938136638046256e-05,4.307845820393935,0.5548832844098203,0.7449048827936492,0.0267802596794367,11.506623858374072,1.215472724008979,1.711703506354784,32.00869267148183,25.70820353258414,28.209212535964948,1.0,1.0,0.1,0.2,0.1,True,
17,mi_concept,6.812920690579608e-05,4.314905382576223,0.5428453150387852,0.736780370964635,0.0264092595147532,11.510662165695177,1.5971220424614512,1.2909204971283226,25.054218296388036,20.309130922239845,22.14601891359889,1.0,1.0,0.1,0.2,0.1,True,
17,mi_concept,0.0001291549665014,4.328353653999583,0.5265452495974817,0.725634377353693,0.0258159131360734,11.516071302094522,1.9837738590931693,1.025546992731479,19.81830394245858,16.06466504074712,17.458787239758266,1.0,1.0,0.1,0.2,0.1,True,
17,mi_concept,0.0002448436746822,4.344946614673907,0.5080181342332316,0.7127539086060711,0.0251458930758152,11.522275132333975,2.449840616395424,0.8183768232327195,15.643330479341172,12.676716073043137,13.722810827662965,1.0,1.0,0.1,0.2,0.1,True,
17,mi_concept,0.0004641588833612,4.3647269207824335,0.4868616662866228,0.6977547321850442,0.0244004139735045,11.529520398340807,3.032379193470593,0.6503767302102402,12.286186463356756,9.969623613847112,10.738116471363131,1.0,1.0,0.1,0.2,0.1,True,
17,mi_concept,0.0008799225435691,4.388941293179386,0.4620225570629901,0.6797224117704154,0.0235225916113135,11.538286070297197,3.745767162864402,0.5159864542297311,9.595677892929926,7.807443734503092,8.36057852396523,1.0,1.0,0.1,0.2,0.1,True,
17,mi_concept,0.0016681005372,4.41857241337293,0.4328233358089475,0.6578931036338256,0.0224619593761301,11.54893270066831,4.601259207046508,0.4095216713868092,7.447243103412526,6.084019293411035,6.476266345251411,1.0,1.0,0.1,0.2,0.1,True,
17,mi_concept,0.0031622776601683,4.454222473741758,0.3988784042079778,0.6315682102575919,0.0211625861662894,11.561552045096343,5.603632645102402,0.3256698939678313,5.741085985143652,4.718002871429042,4.994825404390852,1.0,1.0,0.1,0.2,0.1,True,
17,mi_concept,0.0059948425031894,4.495426143533591,0.3606374627293429,0.6005309839877897,0.0195941356913176,11.575614380384756,6.752888383553261,0.259844797759641,4.399814491796476,3.647443692181019,3.842807660334625,1.0,1.0,0.1,0.2,0.1,True,
17,mi_concept,0.0113646366638572,4.53967162487057,0.3201805197179163,0.5658449608487437,0.0178082541237198,11.589906171018418,8.084333779705451,0.2073821775353065,3.3621068978811173,2.8240910880135104,2.9605063923935053,1.0,1.0,0.1,0.2,0.1,True,
17,mi_concept,0.0215443469003188,4.582443152138882,0.2810502797539734,0.53014175439591,0.0159517278952774,11.602945499653677,9.744487999321922,0.1636971766313625,2.57865247255132,2.2082906065239,2.300491591823015,1.0,1.0,0.1,0.2,0.1,True,
17,mi_concept,0.0408423865267452,4.618763522309276,0.2471877822620014,0.497179828896951,0.0142404018686949,11.61345519825692,12.111130716378648,0.1253264177506746,2.0084975374695087,1.7653063518669363,1.824538006520556,1.0,1.0,0.1,0.2,0.1,True,
17,mi_concept,0.0774263682681127,4.645579315542406,0.2213125562915628,0.4704386849437053,0.0128736473440333,11.62080194638273,15.99014054115471,0.090903195767274,1.614126310801972,1.462569220000131,1.4986002695712957,1.0,1.0,0.1,0.2,0.1,True,
17,mi_concept,0.146779926762207,4.662994337461535,0.2037773985422148,0.4514171004096044,0.0119267286218333,11.625246600496435,22.93849768464182,0.0613581112880968,1.3575949809374572,1.2677863588123344,1.288723901983071,1.0,1.0,0.1,0.2,0.1,True,
17,mi_concept,0.2782559402207126,4.673278111703162,0.1929864006918344,0.4393021746950889,0.0113409120294567,11.627641714816166,35.867842157161895,0.0384284155338894,1.2008215706534924,1.1497784637817554,1.1615404956914346,1.0,1.0,0.1,0.2,0.1,True,
17,mi_concept,0.5274997063702619,4.679018440700239,0.1867650922264313,0.4321632703347559,0.0110042006006403,11.628851397232218,60.237962594792414,0.022601082767072,1.109939408092196,1.081785744792194,1.0882372216933918,1.0,1.0,0.1,0.2,0.1,True,
17,mi_concept,1.0,4.682132843805814,0.1833168143801226,0.4281551288728451,0.010818498127926,11.629451936769671,106.3563149315784,0.0127128134329547,1.0592228578892455,1.043990144870535,1.0474724840970069,1.0,1.0,0.1,0.2,0.1,True,
16,mi_concept,1e-05,4.75680122059959,0.3193915319686248,0.5651473542082851,0.0168310266612151,11.572002569342423,1.0439343603509823,1.607008250885385,33.04169421946015,30.041526344918378,33.717013565452866,1.0,1.0,0.1,0.1,0.1,True,
16,mi_concept,1.8957356524063752e-05,4.480418738579905,0.5188400369673319,0.7203055164076781,0.0253966858935589,11.509414566040316,1.6993387229127102,1.213100083215206,26.22470270461793,22.909522440252207,25.77527463716592,1.0,1.0,0.1,0.1,0.1,True,
16,mi_concept,3.5938136638046256e-05,4.324912154744749,0.61039748287226,0.7812793884854893,0.029072258503973,11.485031676866743,2.124018204503256,1.036195762507257,21.141933283555865,17.848986165939568,20.166222328593005,1.0,1.0,0.1,0.1,0.1,True,
16,mi_concept,6.812920690579608e-05,4.2670462805256495,0.63300172186924,0.7956140533381999,0.0300426496895542,11.48033717301544,2.469648484493957,0.9030501450650432,17.088441769100967,14.023385337508367,15.889689531569068,1.0,1.0,0.1,0.1,0.1,True,
16,mi_concept,0.0001291549665014,4.255625940216667,0.6262481886945702,0.7913584451401086,0.0298480499836661,11.48348834560512,2.834037401656053,0.7811828594642831,13.803307984479224,11.062176390201898,12.54223788234546,1.0,1.0,0.1,0.1,0.1,True,
16,mi_concept,0.0002448436746822,4.266288259171938,0.6067003999362512,0.7789097508288436,0.0290904517023392,11.490063108214825,3.25448355301427,0.6686399945753283,11.136092925140206,8.748534296621186,9.903668044674108,1.0,1.0,0.1,0.1,0.1,True,
16,mi_concept,0.0004641588833612,4.28774531379063,0.5811847590775309,0.7623547462156518,0.0280243655930468,11.498270483612629,3.7574267419602823,0.5660570104658288,8.968301626686527,6.929471430937839,7.815914150339023,1.0,1.0,0.1,0.1,0.1,True,
16,mi_concept,0.0008799225435691,4.314220381804101,0.5528553305817498,0.7435424201629318,0.0267939158396378,11.507188192285827,4.373616697980864,0.4737538923207893,7.203694303422978,5.491402066894903,6.160872799042385,1.0,1.0,0.1,0.1,0.1,True,
16,mi_concept,0.0016681005372,4.342162414128933,0.5238071427381751,0.7237452194924503,0.0255202788725633,11.51617992416934,5.152253624243023,0.3913207814415448,5.765858286058298,4.351588100584853,4.849576707926906,1.0,1.0,0.1,0.1,0.1,True,
16,mi_concept,0.0031622776601683,4.369169652566124,0.4957873624245293,0.7041216957490583,0.0243122908574748,11.524745089746094,6.17425765981652,0.3180401213021596,4.595969621020023,3.4501297714614805,3.8146241650925568,1.0,1.0,0.1,0.1,0.1,True,
16,mi_concept,0.0059948425031894,4.393683593006704,0.470303376703817,0.6857866845483492,0.0232582530159501,11.532446021222956,7.572428751355496,0.2532628165860797,3.64962473971809,2.743037169390401,3.00499430558528,1.0,1.0,0.1,0.1,0.1,True,
16,mi_concept,0.0113646366638572,4.414720998660954,0.448536067713618,0.6697283536730531,0.0224150431936326,11.53892798774929,9.57666499798265,0.1963965351994284,2.8931407963395883,2.19727140514966,2.3814576932701743,1.0,1.0,0.1,0.1,0.1,True,
16,mi_concept,0.0215443469003188,4.431919523948897,0.4310319424898274,0.6565302296846867,0.0217969977342635,11.543997492816349,12.61403941465157,0.1469288254970215,2.3006239905306534,1.78734513369389,1.9132923603588128,1.0,1.0,0.1,0.1,0.1,True,
16,mi_concept,0.0408423865267452,4.445608802270261,0.4175563380561159,0.6461859933920852,0.02137107928281,11.547672268706323,17.524548246731285,0.1046782471946893,1.8519644703998248,1.492507130646168,1.5755362417799017,1.0,1.0,0.1,0.1,0.1,True,
16,mi_concept,0.0774263682681127,4.456329170887692,0.4074867393656629,0.6383468801252677,0.021079107264791,11.550149654887331,25.994506497497447,0.0700838387581805,1.5294412701745428,1.2929706833572483,1.3452371187022925,1.0,1.0,0.1,0.1,0.1,True,
16,mi_concept,0.146779926762207,4.464347921972196,0.4002872009062423,0.6326825435447404,0.0208761688717925,11.551716962476908,41.341690547257606,0.0438615285764307,1.3127783723442723,1.1669734711309612,1.1982634286934135,1.0,1.0,0.1,0.1,0.1,True,
16,mi_concept,0.2782559402207126,4.469868803192743,0.3954885039655647,0.6288787673038141,0.0207394982386446,11.552657339893107,69.92178495936122,0.0258535307904528,1.1772759767820886,1.092248686466352,1.110163918429281,1.0,1.0,0.1,0.1,0.1,True,
16,mi_concept,0.5274997063702619,4.473346963290501,0.3925241872564259,0.6265175075418291,0.0206534789206529,11.55319772243034,123.77186643171773,0.0145771864423802,1.097572384394156,1.0499562690541393,1.0598816855770303,1.0,1.0,0.1,0.1,0.1,True,
16,mi_concept,1.0,4.475390150887737,0.3908019015086038,0.6251415051879085,0.0206027652196181,11.553498267845182,225.66180328040525,0.0079862961056134,1.0527181225520494,1.0267352244179335,1.032118673929059,1.0,1.0,0.1,0.1,0.1,True,
20,mi_concept,1e-05,4.861233251953853,0.2698747601056109,0.5194947161479229,0.0146519460532163,11.587356685019705,0.9753340170880024,1.6836361204038826,33.98716686387924,31.113128839731115,33.944887994022594,1.0,1.0,0.1,0.1,1.0,True,
20,mi_concept,1.8957356524063752e-05,4.562737034486627,0.4797480184308179,0.6926384471214531,0.0237239976407394,11.518942265791736,1.5594503589482425,1.3362826186661063,27.17597870343792,23.58412065844169,25.95885496649186,1.0,1.0,0.1,0.1,1.0,True,
20,mi_concept,3.5938136638046256e-05,4.41342726809972,0.5518792112331805,0.7428857322853768,0.0264216061486193,11.500150910217004,1.7917897039885633,1.2118043106452476,22.160074247039244,18.30555238491853,20.33032564617379,1.0,1.0,0.1,0.1,1.0,True,
20,mi_concept,6.812920690579608e-05,4.381395990690457,0.544154776687737,0.73766847342674,0.0259048700997407,11.504545152273412,1.882659371984016,1.128903920601292,18.197224021096133,14.346720057443797,16.0396851235316,1.0,1.0,0.1,0.1,1.0,True,
20,mi_concept,0.0001291549665014,4.39953275709716,0.506993606283948,0.712034835021397,0.0241804789379745,11.51676411018178,1.9329119600420703,1.053449822217113,15.00828372480315,11.300998424418925,12.676333362021488,1.0,1.0,0.1,0.1,1.0,True,
20,mi_concept,0.0002448436746822,4.438574175352253,0.4589657343207999,0.6774700984698881,0.0219819032519689,11.531488602696706,1.962923572103665,0.983477105644505,12.435862551139666,8.929262870607984,10.020324871427947,1.0,1.0,0.1,0.1,1.0,True,
20,mi_concept,0.0004641588833612,4.48479256370304,0.4084606427762358,0.6391092573075716,0.0196756358912325,11.546345386215185,1.980818542976331,0.9188733170987452,10.354872435620878,7.06541192396632,7.915459286704862,1.0,1.0,0.1,0.1,1.0,True,
20,mi_concept,0.0008799225435691,4.530583753200282,0.3604408700859602,0.6003672793265471,0.0174962979990094,11.5600008361894,2.0004368090580926,0.8567981037591251,8.656546330798383,5.593038262032109,6.24476021713037,1.0,1.0,0.1,0.1,1.0,True,
20,mi_concept,0.0016681005372,4.571571355792675,0.3180546398056369,0.5639633319690536,0.0155903080329959,11.571721228358127,2.0439676310090147,0.7918395000186402,7.246862146835341,4.428235661446565,4.919634829970618,1.0,1.0,0.1,0.1,1.0,True,
20,mi_concept,0.0031622776601683,4.605521705325756,0.283021287435175,0.5319974505908605,0.0140299195936718,11.581205739323035,2.141493515977423,0.717924052861445,6.049022963635501,3.5088166844803763,3.872202866354451,1.0,1.0,0.1,0.1,1.0,True,
20,mi_concept,0.0059948425031894,4.631627578862407,0.2559774395774875,0.5059421306606987,0.0128363396684632,11.588422510941168,2.334717709680206,0.63084880272577,5.006166142796881,2.787913530954184,3.050652689887176,1.0,1.0,0.1,0.1,1.0,True,
20,mi_concept,0.0113646366638572,4.650075534651522,0.2367868419230121,0.4866074823952177,0.0119995817942702,11.593488368440614,2.6889076730638504,0.5302540920850287,4.0841079634211415,2.23044514903397,2.415775075015914,1.0,1.0,0.1,0.1,1.0,True,
20,mi_concept,0.0215443469003188,4.66196038504098,0.2245500342234559,0.473867106078757,0.0114785814186416,11.596662312044009,3.316308953530809,0.4207563074739403,3.273355473442248,1.8104913914428176,1.9376021195539372,1.0,1.0,0.1,0.1,1.0,True,
20,mi_concept,0.0408423865267452,4.669195216581828,0.2175414790078438,0.46641342069868,0.0111956408256741,11.59838318922002,4.421513517553957,0.3116277985858456,2.5852875813782794,1.5076710543408425,1.591795884009357,1.0,1.0,0.1,0.1,1.0,True,
20,mi_concept,0.0774263682681127,4.67392760782265,0.2135981050359802,0.4621667502492798,0.0110512869203143,11.599215827342595,6.391871305600594,0.2140295004350454,2.0384478983798666,1.3023422356528611,1.3555088247597011,1.0,1.0,0.1,0.1,1.0,True,
20,mi_concept,0.146779926762207,4.677542309286293,0.2110439832504634,0.4593952364255243,0.0109653702866621,11.599647466452025,9.975305026282967,0.1365025170183572,1.6396245373284073,1.1724788289388883,1.2044022677561583,1.0,1.0,0.1,0.1,1.0,True,
20,mi_concept,0.2782559402207126,4.680384612803618,0.209178210383454,0.4573600445857224,0.0109026363839131,11.599928011556802,16.616533084753623,0.0816601010312274,1.3737463689422498,1.0953559022299135,1.1136667189871623,1.0,1.0,0.1,0.1,1.0,True,
20,mi_concept,0.5274997063702619,4.682418604179207,0.2078568402526801,0.4559131937690333,0.0108565639793693,11.600126859195418,29.08006716427571,0.0465436741091661,1.2099305978580657,1.0516617832497792,1.061816225227121,1.0,1.0,0.1,0.1,1.0,True,
20,mi_concept,1.0,4.683722659887522,0.2070035734068194,0.4549764536839455,0.0108258702216891,11.600259231980434,52.61760825314924,0.02568083180995,1.1148473766992597,1.027655192710186,1.033165636653879,1.0,1.0,0.1,0.1,1.0,True,
18,mi_concept,1e-05,4.429492445890264,0.4324853811117105,0.6576362072694223,0.0215989993570684,11.542744225680543,0.2225142074299824,8.477879663008897,93.05840119809564,62.97028171544496,71.04103374148384,1.0,1.0,0.1,0.3,0.1,True,
18,mi_concept,1.8957356524063752e-05,4.428922091517832,0.4319635349326706,0.6572393285042144,0.0216039362027531,11.54309442761073,0.405099302281161,4.652350338064956,60.24924431195324,43.73031844816007,48.14853064681965,1.0,1.0,0.1,0.3,0.1,True,
18,mi_concept,3.5938136638046256e-05,4.426515846587392,0.4321976654746839,0.6574174210307208,0.0217083512376503,11.54339105016188,0.6943803318660504,2.7158179506465587,42.128736422489006,32.488427964573795,35.074871033362605,1.0,1.0,0.1,0.3,0.1,True,
18,mi_concept,6.812920690579608e-05,4.425341904366743,0.4307352680476181,0.6563042496035038,0.0218092093824044,11.544334455583408,1.0601303232235233,1.7788002217460372,31.416070020445748,25.1201423332853,26.81525143344157,1.0,1.0,0.1,0.3,0.1,True,
18,mi_concept,0.0001291549665014,4.4305991988802695,0.423688011378079,0.6509132133995122,0.0216877660669995,11.546940082447858,1.4306992992069043,1.3113388473388392,24.27708616088125,19.67058759556738,20.897267091397644,1.0,1.0,0.1,0.3,0.1,True,
18,mi_concept,0.0002448436746822,4.443745854006622,0.4098782821196736,0.6402173709918169,0.0212670226010674,11.551604803173158,1.8095848065925708,1.0243363526347409,18.934058920540703,15.38131141612778,16.296709153409047,1.0,1.0,0.1,0.3,0.1,True,
18,mi_concept,0.0004641588833612,4.463902141344476,0.3899803834237175,0.6244840938116178,0.0206091261257991,11.558393648579187,2.246236872930679,0.8104452537257596,14.717024524043966,11.963215340999897,12.63811569038821,1.0,1.0,0.1,0.3,0.1,True,
18,mi_concept,0.0008799225435691,4.49144743106322,0.3638101391935864,0.6031667590257163,0.0197032360215347,11.567623763759007,2.753071958287558,0.6451289819756764,11.363659618856117,9.243581360781342,9.730534153830376,1.0,1.0,0.1,0.3,0.1,True,
18,mi_concept,0.0016681005372,4.52646304985206,0.331478059945357,0.5757413133911419,0.0184944756454166,11.579470116145224,3.31090598372828,0.5188036336338683,8.708172890599025,7.0902614342736365,7.433982982737653,1.0,1.0,0.1,0.3,0.1,True,
18,mi_concept,0.0031622776601683,4.566715960963,0.295038715944077,0.54317466430613,0.0169930826285576,11.5931971354881,3.891512159997701,0.4227580588310234,6.620274437757743,5.400436999537971,5.638315651815553,1.0,1.0,0.1,0.3,0.1,True,
18,mi_concept,0.0059948425031894,4.607370037089572,0.2584851366924672,0.5084143356480688,0.0153319280445841,11.606929449014014,4.489117663340143,0.3483792805231581,4.99640121773762,4.093362289783255,4.254353345339773,1.0,1.0,0.1,0.3,0.1,True,
18,mi_concept,0.0113646366638572,4.642882626458714,0.22604144782409,0.4754381640382796,0.0137247752612298,11.618535617558193,5.157712998963303,0.2875982124101134,3.754976417942391,3.1035169953358577,3.20910750554196,1.0,1.0,0.1,0.3,0.1,True,
18,mi_concept,0.0215443469003188,4.66980557514774,0.2002527682297185,0.4474961097369658,0.0123640452787688,11.626806882133264,6.043395425302463,0.2338671791679312,2.829822505333532,2.3757181749372296,2.442424385361581,1.0,1.0,0.1,0.3,0.1,True,
18,mi_concept,0.0408423865267452,4.688022011051171,0.1813156700844885,0.4258117777662902,0.011333415424323,11.631814828742524,7.414615809875115,0.1833883547478946,2.164420509677853,1.8615909997162667,1.9020659459973617,1.0,1.0,0.1,0.3,0.1,True,
18,mi_concept,0.0774263682681127,4.699393348599417,0.168148604492351,0.4100592694871694,0.0106217173179077,11.634323854737238,9.744697796459969,0.1357794176004835,1.7080421266088723,1.5163331965394853,1.539868258539674,1.0,1.0,0.1,0.3,0.1,True,
18,mi_concept,0.146779926762207,4.706112044251466,0.1594855692028803,0.3993564437978688,0.0101738369832966,11.635224981468292,13.912539145130172,0.0934974981309499,1.412483316321271,1.2972971214844753,1.3104751318760184,1.0,1.0,0.1,0.3,0.1,True,
18,mi_concept,0.2782559402207126,4.709996487639026,0.1541107885507477,0.3925694697130022,0.0099148959462338,11.63531211450633,21.589182434322197,0.0596813435415165,1.2319915395228318,1.1658035079901417,1.1729909966788026,1.0,1.0,0.1,0.3,0.1,True,
18,mi_concept,0.5274997063702619,4.712242784109085,0.1509435454669931,0.3885145370085823,0.0097734648092396,11.635127518299992,35.9576385835751,0.035655804179725,1.127202661673818,1.0904115014922158,1.0942718406638254,1.0,1.0,0.1,0.3,0.1,True,
18,mi_concept,1.0,4.713531262787093,0.149150212140936,0.3861997049985098,0.0096983099714811,11.634927196141398,63.06194916255011,0.0202796220077655,1.0686042008661512,1.0485993700033789,1.0506554507226762,1.0,1.0,0.1,0.3,0.1,True,
21,mi_concept,1e-05,4.32605953216121,0.541300051409869,0.7357309640146111,0.0262142160571037,11.508516578664135,0.4198619305379594,5.041426177864079,63.915378384211145,45.86496483960559,52.48440616781303,1.0,1.0,0.1,0.2,1.0,True,
21,mi_concept,1.8957356524063752e-05,4.338701051458294,0.526237740048308,0.7254224562613898,0.0256506904244133,11.513631542809431,0.681632107677745,3.0681862551564785,45.01136023249281,34.02770063496615,37.89653594582786,1.0,1.0,0.1,0.2,1.0,True,
21,mi_concept,3.5938136638046256e-05,4.359781720943544,0.5029821380413338,0.7092123363572674,0.0247615804579378,11.521262997925607,0.9570590430130128,2.1419219573976376,34.055750937821635,26.408973076193963,28.939878052312764,1.0,1.0,0.1,0.2,1.0,True,
21,mi_concept,6.812920690579608e-05,4.38920385469509,0.4733197219939201,0.6879823558739862,0.023542148356971,11.530535102279991,1.1586492487278024,1.719349821383544,26.95145416944295,20.846964825440605,22.697438219035163,1.0,1.0,0.1,0.2,1.0,True,
21,mi_concept,0.0001291549665014,4.422979646028679,0.440915802053148,0.6640149110171759,0.0221173008473506,11.54023322599671,1.2949934746565357,1.485456982927546,21.71867378259576,16.477993813750057,17.89589106908527,1.0,1.0,0.1,0.2,1.0,True,
21,mi_concept,0.0002448436746822,4.4571707210886125,0.4082762631514988,0.6389649936823604,0.0206268273438086,11.549823641997904,1.415291913486301,1.3075674955708398,17.56916773438327,12.984536101392658,14.066904672024966,1.0,1.0,0.1,0.2,1.0,True,
21,mi_concept,0.0004641588833612,4.489867548963684,0.376665290136105,0.6137306332065436,0.0191465248396834,11.559097481398776,1.5406129088242488,1.153222225187822,14.209305043114624,10.189533882448698,10.999490559549448,1.0,1.0,0.1,0.2,1.0,True,
21,mi_concept,0.0008799225435691,4.520264901146286,0.3468856345913522,0.5889699776655447,0.0177308154925232,11.567804711992911,1.6820368557376804,1.0136020048717949,11.470694014688227,7.957683984033093,8.547555875295698,1.0,1.0,0.1,0.2,1.0,True,
21,mi_concept,0.0016681005372,4.5475100396412085,0.3198647829913858,0.5655658962414423,0.0164434135078867,11.57563846766815,1.8565248591719328,0.8824514221392229,9.223771927717058,6.182084932087505,6.597983051718091,1.0,1.0,0.1,0.2,1.0,True,
21,mi_concept,0.0031622776601683,4.570474473419802,0.2967038342497034,0.5447052728308249,0.0153474459406118,11.582345348442,2.092344721643771,0.755106923102505,7.368113450928221,4.778503476357998,5.062407447683676,1.0,1.0,0.1,0.2,1.0,True,
21,mi_concept,0.0059948425031894,4.588242334024621,0.2783174701378109,0.5275580253752291,0.0144914264340892,11.58776789661724,2.436575694151299,0.6291561657262317,5.828400343042534,3.681228234516702,3.8700617071385577,1.0,1.0,0.1,0.2,1.0,True,
21,mi_concept,0.0113646366638572,4.600718702165791,0.2649409090560214,0.5147241096510066,0.01389306142506,11.591899343150663,2.9676595670790027,0.5051015625193713,4.553263916413117,2.839139283735192,2.962426086576551,1.0,1.0,0.1,0.2,1.0,True,
21,mi_concept,0.0215443469003188,4.6087333021894885,0.2559832153992604,0.5059478386150695,0.0135317740874501,11.59488289717253,3.819269308714425,0.3867210486375706,3.5136065939355348,2.2112124544069247,2.2904463831360946,1.0,1.0,0.1,0.2,1.0,True,
21,mi_concept,0.0408423865267452,4.613584533959914,0.250384839424061,0.5003846914365596,0.0133599951976695,11.596905277639632,5.232123345383794,0.2799466937171425,2.694668111319278,1.761938187037635,1.812029886029056,1.0,1.0,0.1,0.2,1.0,True,
21,mi_concept,0.0774263682681127,4.616564496526607,0.2469979180762877,0.4969888510583389,0.0133142868960885,11.598144972600435,7.661246489484184,0.1904764842864146,2.083312619182293,1.4573594246530766,1.488400156235688,1.0,1.0,0.1,0.2,1.0,True,
21,mi_concept,0.146779926762207,4.618631766173602,0.2448636433253813,0.4948369866182007,0.0133286182090087,11.598799988511384,11.987471825495843,0.1216041868816363,1.6569270206075088,1.263198885056619,1.2818973376323506,1.0,1.0,0.1,0.2,1.0,True,
21,mi_concept,0.2782559402207126,4.620222695117802,0.24342330552136,0.493379474158948,0.01335609456488,11.599086971515922,19.91843751638653,0.0731825490487291,1.3804233929319356,1.1465660985215531,1.1574409639208725,1.0,1.0,0.1,0.2,1.0,True,
21,mi_concept,0.5274997063702619,4.621412071149347,0.2424497264685768,0.492391842406611,0.0133774490130392,11.599188905333875,34.73009448718874,0.0419793663914142,1.212651260556772,1.0798016188675577,1.0859179262812748,1.0,1.0,0.1,0.2,1.0,True,
21,mi_concept,1.0,4.622217132097509,0.2418294955072093,0.4917616246792843,0.0133903868059086,11.59921713655426,62.65000457894008,0.0232747074324905,1.1160433011092616,1.042848923773082,1.0462022782046712,1.0,1.0,0.1,0.2,1.0,True,
19,mi_concept,1e-05,4.509612283281212,0.3467746041145075,0.5888757119414143,0.0184802031147924,11.568578031767109,0.1064499938562992,16.164091458130418,158.42185879824837,104.66998160169886,114.72535478263906,1.0,1.0,0.1,0.5,0.1,True,
19,mi_concept,1.8957356524063752e-05,4.516037792958992,0.3408243903714176,0.5838016704082112,0.0181217815331696,11.570200378021386,0.1832746786892446,9.294591024138375,97.0732207039917,66.10047624909674,71.63075420920505,1.0,1.0,0.1,0.5,0.1,True,
19,mi_concept,3.5938136638046256e-05,4.521359945504667,0.3355283770174643,0.5792481135208507,0.017873539474012,11.572294480106391,0.3305396793261195,5.11265029272757,61.91967647339637,44.87835782602324,47.8365446761342,1.0,1.0,0.1,0.5,0.1,True,
19,mi_concept,6.812920690579608e-05,4.529895566901636,0.327147941550758,0.5719684795080565,0.0175142019029049,11.575875042007496,0.5584973937509251,2.9889345887274352,42.53743118160167,32.584081970049375,34.24846662101758,1.0,1.0,0.1,0.5,0.1,True,
19,mi_concept,0.0001291549665014,4.54271448412111,0.3150843454429254,0.561323743879524,0.0170198461935604,11.581154046233518,0.835381380117611,1.9635662248315,31.158333101969927,24.643433949579727,25.682353711564748,1.0,1.0,0.1,0.5,0.1,True,
19,mi_concept,0.0002448436746822,4.558441216924068,0.300737622987858,0.5483954986940156,0.0164469184611383,11.58731564239368,1.1015780560666324,1.45887652395277,23.668010603373293,18.86728162543511,19.592026647916107,1.0,1.0,0.1,0.5,0.1,True,
19,mi_concept,0.0004641588833612,4.575498989008227,0.2853082336907518,0.5341425218897592,0.0158457617263653,11.593788463090046,1.3589843226667953,1.1575855950542575,18.148842883604143,14.392886551994287,14.92657447575135,1.0,1.0,0.1,0.5,0.1,True,
19,mi_concept,0.0008799225435691,4.594607203291303,0.2681434429686742,0.5178256878223348,0.0151807551351847,11.600999008348804,1.6373337024016037,0.9386425289552236,13.866821270165502,10.893064098537048,11.284725598372589,1.0,1.0,0.1,0.5,0.1,True,
19,mi_concept,0.0016681005372,4.616136222736139,0.2488923260236512,0.4988910963563603,0.0144051335695098,11.60906579238393,1.9396089291437904,0.771105630951757,10.524992609438083,8.174412852186242,8.450095435907919,1.0,1.0,0.1,0.5,0.1,True,
19,mi_concept,0.0031622776601683,4.638144960670143,0.2292094407066257,0.4787582278213354,0.0135739204863371,11.61719868963915,2.2679017053205914,0.6403698050890958,7.930284702382782,6.084974027525663,6.267956132895267,1.0,1.0,0.1,0.5,0.1,True,
19,mi_concept,0.0059948425031894,4.657892830747357,0.2114052958879639,0.4597883163891443,0.0128039367107889,11.6242920331269,2.648184184873882,0.5338212440222249,5.930610961586475,4.502410052170178,4.619446217332338,1.0,1.0,0.1,0.5,0.1,True,
19,mi_concept,0.0113646366638572,4.673845363365072,0.1965458230530428,0.4433348881523344,0.0121591138645849,11.629665643430592,3.134472225643357,0.4414638376933497,4.407560181471257,3.329326442047121,3.405372460531531,1.0,1.0,0.1,0.5,0.1,True,
19,mi_concept,0.0215443469003188,4.686016898503238,0.1842754069456551,0.4292731146317634,0.0116242985700732,11.633287089410263,3.814568278056103,0.3569258503441883,3.271020853816748,2.487764746279311,2.538772022786899,1.0,1.0,0.1,0.5,0.1,True,
19,mi_concept,0.0408423865267452,4.69508752740318,0.1739424566805157,0.417064091813855,0.0111678672797736,11.63547128736123,4.842109361374586,0.2776760949190185,2.450420787961596,1.910558130424836,1.9446272338469168,1.0,1.0,0.1,0.5,0.1,True,
19,mi_concept,0.0774263682681127,4.701691951243726,0.1653911304995391,0.4066830836161483,0.0107855060917506,11.636542279087887,6.504938942755208,0.2047507733705035,1.8850851647471505,1.5350075428335277,1.5570917143541951,1.0,1.0,0.1,0.5,0.1,True,
19,mi_concept,0.146779926762207,4.706438186462268,0.1587107812829045,0.3983852171992638,0.0104835711410803,11.636828819595634,9.351340364443908,0.1414842548958593,1.517290460687882,1.3035101960806506,1.3173149966988609,1.0,1.0,0.1,0.5,0.1,True,
19,mi_concept,0.2782559402207126,4.709866315154352,0.1538433717682812,0.3922287237929945,0.0102589776429341,11.636702293652068,14.434830123767307,0.0912375330161044,1.2917003750547895,1.1676005111592695,1.1758947786257214,1.0,1.0,0.1,0.5,0.1,True,
19,mi_concept,0.5274997063702619,4.712292303346698,0.150544618061599,0.3880007964703152,0.0101015324094969,11.636464958527824,23.782903257935565,0.0551960986135995,1.1602422885535395,1.0908422535503164,1.095633749208915,1.0,1.0,0.1,0.5,0.1,True,
19,mi_concept,1.0,4.713905495165664,0.1484631895247322,0.385309212872898,0.0099983746839189,11.636265477838467,41.27078168837642,0.0317359978016491,1.0865284605492302,1.0486627103417392,1.0513409839462025,1.0,1.0,0.1,0.5,0.1,True,
36,mi_concept,1e-05,4.565879157047847,0.3201955522969911,0.5658582439948994,0.0162369047797989,11.570403957663236,0.1420495089116112,11.312562115261205,80.81083167696877,41.9806701256964,48.09040852018788,1.0,10.0,0.1,0.1,1.0,True,
36,mi_concept,1.8957356524063752e-05,4.54570940862115,0.3341183439321458,0.5780297085203716,0.0169550721431603,11.567374407757333,0.2445174078069124,6.712226118121563,54.33598984787263,31.144605235550745,34.99280878496214,1.0,10.0,0.1,0.1,1.0,True,
36,mi_concept,3.5938136638046256e-05,4.523846547187018,0.349316940346543,0.5910304056024047,0.0178131118254071,11.564128112571243,0.3756523075523177,4.478068309754604,39.568791080665136,24.063063363032324,26.78384810129364,1.0,10.0,0.1,0.1,1.0,True,
36,mi_concept,6.812920690579608e-05,4.51314439050123,0.355937114402547,0.5966046550292304,0.0182970938259463,11.562978355263816,0.5009356901775885,3.4038386607518287,30.61795279111544,18.88410671523056,20.98103337539497,1.0,10.0,0.1,0.1,1.0,True,
36,mi_concept,0.0001291549665014,4.515672578365744,0.3521964350373234,0.5934614014721795,0.01823518567587,11.564292814788368,0.6083096166528794,2.7974312359767644,24.44254012803168,14.856500278576512,16.521745485490015,1.0,10.0,0.1,0.1,1.0,True,
36,mi_concept,0.0002448436746822,4.524276942181545,0.3436437777123657,0.5862113763075276,0.017895933501994,11.5667167964007,0.7174193578335956,2.348168450278566,19.672868685057043,11.667179013277844,12.988206800763225,1.0,10.0,0.1,0.1,1.0,True,
36,mi_concept,0.0004641588833612,4.534655633057136,0.3336875485152966,0.5776569470847699,0.0174811596119381,11.569401185840787,0.8466012906077537,1.9650670361074285,15.792987780630376,9.134109058793,10.168951740202806,1.0,10.0,0.1,0.1,1.0,True,
36,mi_concept,0.0008799225435691,4.545139888218788,0.3237034992394823,0.5689494698472636,0.0170866466816613,11.571975853562638,1.0124069115760894,1.623458147908002,12.572929382115058,7.123628967389533,7.919033632781397,1.0,10.0,0.1,0.1,1.0,True,
36,mi_concept,0.0016681005372,4.554280236344514,0.3148866326667871,0.5611476032799099,0.0168109207063009,11.574079724308271,1.244234391718168,1.3094552768311032,9.856505280356345,5.5325357398211645,6.129942411841017,1.0,10.0,0.1,0.1,1.0,True,
36,mi_concept,0.0031622776601683,4.561291672982778,0.3076933029081678,0.5547010932999572,0.0167446301140909,11.575517301083098,1.5991359276402828,1.016010674723015,7.536691818767859,4.281240795266352,4.7183070403193765,1.0,10.0,0.1,0.1,1.0,True,
36,mi_concept,0.0059948425031894,4.568062747488304,0.299924842710831,0.5476539443031804,0.0168835429333984,11.576855857058671,2.1804043976604848,0.7478687575907079,5.564886971941388,3.3086837844954164,3.618967826399325,1.0,10.0,0.1,0.1,1.0,True,
36,mi_concept,0.0113646366638572,4.582078621952386,0.2840986712439237,0.5330090723842548,0.0168986570938394,11.58058660376799,3.1318475627141766,0.5225540188696919,3.955295336101501,2.56758267805937,2.780203409766557,1.0,10.0,0.1,0.1,1.0,True,
36,mi_concept,0.0215443469003188,4.612655164716351,0.251541103313867,0.5015387356066,0.0159834772235373,11.590412354762869,4.519587933832391,0.3568564442020427,2.753500922965629,2.019968007626757,2.159980991845196,1.0,10.0,0.1,0.1,1.0,True,
36,mi_concept,0.0408423865267452,4.653929733076984,0.2088970082321288,0.4570525223999194,0.0138603570422434,11.604518613082568,6.270039266447807,0.2450744700592545,1.9636269781554068,1.6329556820295608,1.7214898460688075,1.0,10.0,0.1,0.1,1.0,True,
36,mi_concept,0.0774263682681127,4.688156418603773,0.1740095509252106,0.4171445204305225,0.011658604141205,11.616229334083702,8.690178043595841,0.1656228881472853,1.506144547878843,1.374780832094454,1.4286069257919942,1.0,10.0,0.1,0.1,1.0,True,
36,mi_concept,0.146779926762207,4.7089054523077865,0.1530089674697034,0.3911636070363697,0.0102163789390839,11.623237402888996,12.857642349671012,0.1061864122687403,1.2622440909332564,1.2131593461033487,1.2446685840760303,1.0,10.0,0.1,0.1,1.0,True,
36,mi_concept,0.2782559402207126,4.719834643258469,0.1420033279403536,0.3768332893208264,0.009450313877539,11.62684650240334,20.66025867396177,0.0640098738282512,1.136169206143518,1.1176798226132998,1.1355075760558746,1.0,10.0,0.1,0.1,1.0,True,
36,mi_concept,0.5274997063702619,4.725373640806652,0.1364526529716793,0.3693949823314866,0.0090690999880702,11.62861483089939,35.442160579768235,0.0366851777225343,1.0710920771081265,1.0637154517968916,1.0735368757486732,1.0,10.0,0.1,0.1,1.0,True,
36,mi_concept,1.0,4.728189231464982,0.1336440702647524,0.365573618119186,0.0088797978510074,11.629481399495548,63.46413681626887,0.0203095091739939,1.0372763594846732,1.0340975209616865,1.0394107717528416,1.0,10.0,0.1,0.1,1.0,True,
23,mi_concept,1e-05,4.589959308851132,0.2693185688485053,0.518959120594778,0.0146954260664712,11.595706877958282,0.0681607564794565,22.27637465063148,200.564765487346,126.88376063442097,134.07028539892625,1.0,1.0,0.1,0.5,1.0,True,
23,mi_concept,1.8957356524063752e-05,4.595922001820918,0.2638447872438824,0.5136582397313241,0.0143525108682131,11.59614551410917,0.1059885477970464,14.163358006950787,125.3493938619127,78.47690250187878,82.51395615450983,1.0,1.0,0.1,0.5,1.0,True,
23,mi_concept,3.5938136638046256e-05,4.600327553956878,0.2595772835299995,0.5094872751404097,0.0141370139682278,11.597469417668943,0.1865147468742509,7.983791467502035,78.03431298753027,51.66066185584716,53.73020684039833,1.0,1.0,0.1,0.5,1.0,True,
23,mi_concept,6.812920690579608e-05,4.606076094375155,0.2538046234365657,0.5037902573855172,0.0138847554283939,11.599831805873578,0.3141382794689098,4.692269726172687,51.945146505041386,36.52834413482562,37.5919376829161,1.0,1.0,0.1,0.5,1.0,True,
23,mi_concept,0.0001291549665014,4.614015074294901,0.2459326744623364,0.4959159953685064,0.0135453419863924,11.603153241264064,0.4700446189431658,3.0919734436412742,37.245925904082,27.168497590504685,27.745745805469948,1.0,1.0,0.1,0.5,1.0,True,
23,mi_concept,0.0002448436746822,4.622622186199094,0.2375608344034738,0.4874021280251798,0.0131790090642182,11.606469072140214,0.6119160236942937,2.33858698733985,28.16199836135293,20.607126087108963,20.95277622033138,1.0,1.0,0.1,0.5,1.0,True,
23,mi_concept,0.0004641588833612,4.630066524207754,0.230321708802271,0.4799184397397865,0.0128542306626873,11.608855268089329,0.731933029762623,1.9283438214720152,21.77144794539332,15.583909251525016,15.805632063568185,1.0,1.0,0.1,0.5,1.0,True,
23,mi_concept,0.0008799225435691,4.635950209822823,0.2245611345968612,0.4738788184724669,0.0126012632080077,11.61044201173586,0.8618401672451326,1.6204430649272872,16.824336067894567,11.649268582402293,11.794400648893024,1.0,1.0,0.1,0.5,1.0,True,
23,mi_concept,0.0016681005372,4.640563419011633,0.2200457354236729,0.4690903275742028,0.0124217864340515,11.611603694201392,1.0277383437295606,1.349476844326933,12.881818428428572,8.592675121136873,8.689263750134048,1.0,1.0,0.1,0.5,1.0,True,
23,mi_concept,0.0031622776601683,4.644502539143623,0.2162023823396821,0.4649756792991243,0.012282126496846,11.612601347074245,1.248771794200048,1.1056627347081465,9.752007154072793,6.260670917800423,6.323711843515324,1.0,1.0,0.1,0.5,1.0,True,
23,mi_concept,0.0059948425031894,4.648245439791012,0.2125487472324252,0.4610300936299334,0.0121452033232793,11.613572138823269,1.5516899599961078,0.8866279673137532,7.300056359745661,4.52576863108844,4.561520441038848,1.0,1.0,0.1,0.5,1.0,True,
23,mi_concept,0.0113646366638572,4.651409381929902,0.2094234968825722,0.4576281207296731,0.0120231612178411,11.614322403387002,1.9854508832849225,0.6912237603071644,5.414575867119397,3.2757457122102056,3.290425581522735,1.0,1.0,0.1,0.5,1.0,True,
23,mi_concept,0.0215443469003188,4.653095162337802,0.2077002944938808,0.455741477697478,0.011964808899262,11.614475429118311,2.6432259332929404,0.5193439775729392,3.998274429748232,2.4095475810489657,2.4121376106744634,1.0,1.0,0.1,0.5,1.0,True,
23,mi_concept,0.0408423865267452,4.653080207313338,0.2076934462196354,0.4557339643033372,0.0119939059143973,11.613877699479437,3.699417679801564,0.3723601644530216,2.9646913470713865,1.837004548894392,1.835209312730914,1.0,1.0,0.1,0.5,1.0,True,
23,mi_concept,0.0774263682681127,4.652092497103308,0.2088526459459962,0.4570039889825867,0.0120872949518378,11.612718324691691,5.4834585679934085,0.2525560629711604,2.2370527507437736,1.4783395670770478,1.4760299845241198,1.0,1.0,0.1,0.5,1.0,True,
23,mi_concept,0.146779926762207,4.651059729830108,0.2103503569371362,0.4586396809447872,0.0122009496728713,11.611364583089252,8.628506628229754,0.1613441120507973,1.7470089110899654,1.2652386980541823,1.2635332995155204,1.0,1.0,0.1,0.5,1.0,True,
23,mi_concept,0.2782559402207126,4.65044458511103,0.2116306656393937,0.4600333310091712,0.0123007942024772,11.610147297784838,14.356051715164751,0.0973586069001179,1.4335275078617506,1.1440532181879763,1.1429943351724283,1.0,1.0,0.1,0.5,1.0,True,
23,mi_concept,0.5274997063702619,4.650227237923747,0.2125132995296562,0.4609916480042303,0.0123732652643022,11.609232047115675,25.00742993802268,0.056032211856064,1.2433640705905389,1.077237433044486,1.0766293614597136,1.0,1.0,0.1,0.5,1.0,True,
23,mi_concept,1.0,4.650217897303985,0.2130462867127896,0.4615693736728962,0.0124196854073448,11.608626431418749,45.03913757686704,0.0311566101510235,1.1333126940883913,1.0411063168145698,1.040770745100807,1.0,1.0,0.1,0.5,1.0,True,
25,mi_concept,1e-05,4.567196952928185,0.3153197049405979,0.5615333515834994,0.0159281734817184,11.571876174777543,1.5536896697292917,1.0250650424315038,22.90388799118362,19.314444650027514,19.909582888257894,1.0,1.0,1.0,0.2,0.1,True,
25,mi_concept,1.8957356524063752e-05,4.552984574360105,0.3263457794493529,0.57126681983934,0.0164797992437963,11.569402313762236,2.056343589493182,0.7852703665895778,18.250803162756675,15.489497042252763,15.9679415335237,1.0,1.0,1.0,0.2,0.1,True,
25,mi_concept,3.5938136638046256e-05,4.535862693645155,0.3401829947464244,0.5832520850767912,0.0172203614356128,11.566009820339964,2.7882107013897883,0.5905083840421486,14.500165754668908,12.424140664252048,12.806017482606576,1.0,1.0,1.0,0.2,0.1,True,
25,mi_concept,6.812920690579608e-05,4.513008065213851,0.3590382806477122,0.5991980312448567,0.0183202210637443,11.560875849366306,3.932087506350166,0.4311676247888495,11.468003855189783,9.963971365472714,10.267163692727316,1.0,1.0,1.0,0.2,0.1,True,
25,mi_concept,0.0001291549665014,4.483433693199156,0.3836030143296004,0.6193569361277876,0.0199783039807531,11.553237103086746,5.840144242815061,0.3030488633973966,9.019819801445026,7.988885695886037,8.2279371673712,1.0,1.0,1.0,0.2,0.1,True,
25,mi_concept,0.0002448436746822,4.45290551142692,0.4079590033605539,0.6387166847363187,0.0223087924809755,11.54372071033286,9.21346677660558,0.2034098451106337,7.047838033455625,6.404021786478936,6.590073466569787,1.0,1.0,1.0,0.2,0.1,True,
25,mi_concept,0.0004641588833612,4.454995824424408,0.4006802929145581,0.6329931223280061,0.0241436707898794,11.541726333792528,14.848477449187696,0.133241697130835,5.4668792566036855,5.133458508346456,5.275953173163187,1.0,1.0,1.0,0.2,0.1,True,
25,mi_concept,0.0008799225435691,4.563218213367698,0.2952747000439071,0.5433918476053051,0.0190824934455283,11.57420983913652,18.95492564118235,0.0982534293037941,4.209953953844139,4.116500910063556,4.224111503871164,1.0,1.0,1.0,0.2,0.1,True,
25,mi_concept,0.0016681005372,4.737585275645571,0.1292336917244251,0.3594908784996152,0.0066504716685709,11.631862865725548,12.260380168034144,0.0952432740478531,3.225097069540063,3.3052086544016404,3.3856576234760163,1.0,1.0,1.0,0.2,0.1,True,
25,mi_concept,0.0031622776601683,4.8373946680702025,0.034958743651762,0.1869725745978859,0.0009646076684077,11.658587108290243,4.400919081297788,0.1019573223755026,2.473541891848199,2.662118684398904,2.7218268490691657,1.0,1.0,1.0,0.2,0.1,True,
25,mi_concept,0.0059948425031894,4.869394226453718,0.006225532595789,0.0789020443067801,1.2788348191236028e-05,11.65812193310909,0.5061324675518474,0.1013953647709841,1.925425544438627,2.158481844653991,2.202369121077274,1.0,1.0,1.0,0.2,0.1,True,
25,mi_concept,0.0113646366638572,4.869650680817241,0.0004931363823714,0.0222066742753497,9.302775857472332e-05,11.65223682684687,-1.5455221904788794,0.0890897148876135,1.550958729610319,1.7729668378667125,1.8045478252049847,1.0,1.0,1.0,0.2,0.1,True,
25,mi_concept,0.0215443469003188,4.868642611612426,1.040346291254876e-05,-0.0032254399564321,0.0002355225026945,11.651121300615964,-3.1862850082661103,0.0686006859816708,1.313560200209038,1.4897164571875117,1.511532755129961,1.0,1.0,1.0,0.2,0.1,True,
25,mi_concept,0.0408423865267452,4.868340379727551,0.0001446169930115,-0.0120256805633422,0.0002992093670582,11.651121300615964,-5.257106293799697,0.0468367719419076,1.1728455540172245,1.294166994945661,1.3083685617324103,1.0,1.0,1.0,0.2,0.1,True,
25,mi_concept,0.0774263682681127,4.868458917815184,0.0001855828264063,-0.0136228787855712,0.0003118347486276,11.651121300615964,-8.648365080610565,0.0290682295516301,1.0934168740270516,1.16876201167,1.177429158744011,1.0,1.0,1.0,0.2,0.1,True,
25,mi_concept,0.146779926762207,4.868660667345953,0.0001687227675415,-0.0129893328366619,0.0003072102249279,11.651121300615964,-14.78609792339598,0.0168795464549932,1.04992528799499,1.0936132733647586,1.098622922447591,1.0,1.0,1.0,0.2,0.1,True,
25,mi_concept,0.2782559402207126,4.868818382345669,0.0001459211159294,-0.0120797812864909,0.0003004080491421,11.651121300615964,-26.26108472436067,0.0093999889065153,1.026519232859521,1.0508127876466296,1.0536003394642304,1.0,1.0,1.0,0.2,0.1,True,
25,mi_concept,0.5274997063702619,4.868917879247991,0.0001300856019236,-0.011405507525913,0.0002953823578045,11.651121300615964,-47.92693341326829,0.0051080332957538,1.0140404599968118,1.027228468114178,1.0287434264836046,1.0,1.0,1.0,0.2,0.1,True,
25,mi_concept,1.0,4.868975193816732,0.0001207695684024,-0.0109895208449892,0.0002922948184851,11.651121300615964,-88.95233833262223,0.0027379627797875,1.007420755022579,1.0144853982100408,1.0152976190430665,1.0,1.0,1.0,0.2,0.1,True,
24,mi_concept,1e-05,4.618065672258259,0.2990473517742031,0.5468522211477276,0.0158376564567,11.578466614948743,1.8354397249275856,0.8811973167615836,15.355328543162758,12.505882589508394,12.812151503764088,1.0,1.0,1.0,0.1,0.1,True,
24,mi_concept,1.8957356524063752e-05,4.615983787709265,0.2963024885084702,0.5443367418321771,0.0157385319886801,11.579534537685843,2.1744029533538427,0.7404509186905923,12.43023997773428,10.038464630861734,10.27976508478387,1.0,1.0,1.0,0.1,0.1,True,
24,mi_concept,3.5938136638046256e-05,4.616897610237161,0.2923453485834977,0.5406896971308939,0.0155619070082002,11.580752493276773,2.580078422864,0.619388296127421,10.063723084426634,8.064672584892195,8.251862815565103,1.0,1.0,1.0,0.1,0.1,True,
24,mi_concept,6.812920690579608e-05,4.619293816662779,0.2880105724742972,0.5366661648308911,0.0153634976122062,11.581933586436246,3.074831095905527,0.5149857343795656,8.144291077539515,6.481344136478305,6.6263786218224086,1.0,1.0,1.0,0.1,0.1,True,
24,mi_concept,0.0001291549665014,4.621972480378792,0.2839635176616525,0.5328822737356278,0.0151865944216696,11.582936510765297,3.697578543674413,0.4241818819233672,6.581841452394273,5.210179386021856,5.322915369225991,1.0,1.0,1.0,0.1,0.1,True,
24,mi_concept,0.0002448436746822,4.624360911741402,0.2805875916929609,0.5297051931904774,0.0150569862574551,11.583675691833,4.506829397049672,0.34506647968921,5.307205266562749,4.190820249836164,4.278246105684878,1.0,1.0,1.0,0.1,0.1,True,
24,mi_concept,0.0004641588833612,4.626341878906205,0.2781435376978527,0.5273931528735017,0.0150006366437502,11.584053202615248,5.593449462955618,0.2764714020437865,4.267573744353644,3.3759447909508062,3.443091783933556,1.0,1.0,1.0,0.1,0.1,True,
24,mi_concept,0.0008799225435691,4.627974175971595,0.2767834106980941,0.5261020915165555,0.0150489175749646,11.58395246531212,7.109213215840479,0.2173324197167082,3.4220596986452025,2.728065511323818,2.7789853966355182,1.0,1.0,1.0,0.1,0.1,True,
24,mi_concept,0.0016681005372,4.629606305521804,0.2762712639853902,0.5256151291443105,0.0152165451447199,11.583333474361051,9.308357899676023,0.1667286499743812,2.74011784134195,2.2179055438805992,2.2559863740918624,1.0,1.0,1.0,0.1,0.1,True,
24,mi_concept,0.0031622776601683,4.632098666020293,0.2757135606022144,0.5250843366567074,0.0154689171972191,11.58236566158497,12.617300233716994,0.1240074633885519,2.200435326916067,1.8235335669178223,1.8514874796861704,1.0,1.0,1.0,0.1,0.1,True,
24,mi_concept,0.0059948425031894,4.636526514314849,0.2738491829274796,0.523306012699529,0.015713346930998,11.581445308963772,17.813515014549434,0.0885619715430179,1.788115073171374,1.5292459134100345,1.549105395832723,1.0,1.0,1.0,0.1,0.1,True,
24,mi_concept,0.0113646366638572,4.64293967607917,0.2702554338442547,0.5198609754965791,0.0158604271881028,11.580914217195437,26.476238820524348,0.0599031214772154,1.4899888766885443,1.3220691047105622,1.3354367516020371,1.0,1.0,1.0,0.1,0.1,True,
24,mi_concept,0.0215443469003188,4.649819093958817,0.2659309170324245,0.5156849009156895,0.0159003112582111,11.580782459136993,41.83196611291902,0.0379890061749486,1.289260461235868,1.1866305240877066,1.1950464245535433,1.0,1.0,1.0,0.1,0.1,True,
24,mi_concept,0.0408423865267452,4.655518072885705,0.2621566215555875,0.5120123255895189,0.0158822288107569,11.580855073791533,70.1574349310179,0.022652524963693,1.1637657866795503,1.1042236666436154,1.109203377143856,1.0,1.0,1.0,0.1,0.1,True,
24,mi_concept,0.0774263682681127,4.659449528994456,0.2594829194738601,0.5093946598403444,0.0158509125436082,11.580970321132876,123.35297164426932,0.0128767265617104,1.0900508036731151,1.0568038546459195,1.059617296154196,1.0,1.0,1.0,0.1,0.1,True,
24,mi_concept,0.146779926762207,4.661864455386907,0.2578169911799708,0.5077568228787978,0.0158254412000863,11.581062409692017,223.9025216659089,0.0070903610723534,1.0486227007669846,1.0305100351020644,1.0320529589683407,1.0,1.0,1.0,0.1,0.1,True,
24,mi_concept,0.2782559402207126,4.663249681943583,0.2568539670388153,0.5068076233037693,0.0158089090203008,11.58112176882604,414.3525810864352,0.0038300192230041,1.025977235452878,1.0162520861045434,1.0170835222292736,1.0,1.0,1.0,0.1,0.1,True,
24,mi_concept,0.5274997063702619,4.6640142253378265,0.2563202216197495,0.5062807735039417,0.0157992179760552,11.581156455523214,775.305440327415,0.0020464649003673,1.013797122975452,1.0086178947293971,1.009061545593567,1.0,1.0,1.0,0.1,0.1,True,
24,mi_concept,1.0,4.664427396061738,0.2560311314155347,0.5059951891229152,0.0157938180739804,11.581175753500538,1459.5282627977206,0.0010869553702138,1.0073045777775522,1.004558579954785,1.0047940446522203,1.0,1.0,1.0,0.1,0.1,True,
32,mi_concept,1e-05,4.558559666852856,0.3324083710354802,0.5765486718703636,0.0166729869697717,11.56780540270353,0.1514140593845844,10.89766157957446,78.23239082210748,41.13500233444901,47.00831940830765,1.0,10.0,0.1,0.1,0.1,True,
32,mi_concept,1.8957356524063752e-05,4.535176592569805,0.3493381138561627,0.5910483177001375,0.0175353145062759,11.563696649515077,0.2622429290421161,6.44951228076952,52.73799525841494,30.65549838027801,34.46481714296555,1.0,10.0,0.1,0.1,0.1,True,
32,mi_concept,3.5938136638046256e-05,4.508770659769635,0.3684020483556617,0.6069613236077417,0.0185719313986306,11.559137788350512,0.4057812365527256,4.286612085579372,38.45421079476451,23.73631282220302,26.521087563082045,1.0,10.0,0.1,0.1,0.1,True,
32,mi_concept,6.812920690579608e-05,4.493773624110391,0.378233239574902,0.6150066988049009,0.0191906444063578,11.557027097844545,0.546137380260751,3.2357995659517185,29.72186432431343,18.63242716145491,20.837512035398305,1.0,10.0,0.1,0.1,0.1,True,
32,mi_concept,0.0001291549665014,4.493257171166665,0.3763690595919843,0.613489249777031,0.0191917662421744,11.557975567208311,0.6716030300058062,2.6299603102480957,23.645021480408108,14.65410609154512,16.43305040051961,1.0,10.0,0.1,0.1,0.1,True,
32,mi_concept,0.0002448436746822,4.499917709575274,0.3687497088685236,0.6072476503606445,0.0188753309501328,11.5603983573138,0.8033204671030943,2.178898931765198,18.945466083624535,11.51110155479226,12.929332857267184,1.0,10.0,0.1,0.1,0.1,True,
32,mi_concept,0.0004641588833612,4.509406428694467,0.3589028104218433,0.5990849776299213,0.0184439666650143,11.563344220974663,0.9585202547828692,1.8035846548216496,15.157107834763424,9.020142269571744,10.128885340626772,1.0,10.0,0.1,0.1,0.1,True,
32,mi_concept,0.0008799225435691,4.520535127130699,0.3476639534439661,0.5896303532247692,0.0179383961261047,11.566647821228376,1.1468455205202537,1.4853941964157402,12.081197435958863,7.043856057583412,7.890821914730437,1.0,10.0,0.1,0.1,0.1,True,
32,mi_concept,0.0016681005372,4.532803714354766,0.3353043277843963,0.5790546846234786,0.0173660962870345,11.570325694964982,1.3792430254301231,1.214138307308168,9.583810899104693,5.478878285260254,6.1084748908489,1.0,10.0,0.1,0.1,0.1,True,
32,mi_concept,0.0031622776601683,4.545891856282214,0.3220337267738449,0.5674801554009135,0.0167390011456418,11.574359450187249,1.672257798858432,0.9819666817128002,7.5595407446328595,4.247201358542916,4.700528962833832,1.0,10.0,0.1,0.1,0.1,True,
32,mi_concept,0.0059948425031894,4.559382769561089,0.3083018211751297,0.5552493324400577,0.0160865071906924,11.578585626025024,2.053616097685456,0.7826657093097008,5.924032649435053,3.2892113506969083,3.603849482046128,1.0,10.0,0.1,0.1,0.1,True,
32,mi_concept,0.0113646366638572,4.572772121807102,0.2947492506389604,0.5429081419899322,0.0154475426272867,11.582739443903066,2.572604300128116,0.6112150107420665,4.610589832842618,2.558267491319267,2.7678079248813106,1.0,10.0,0.1,0.1,0.1,True,
32,mi_concept,0.0215443469003188,4.585482674578122,0.2820878765086079,0.531119455968813,0.0148580770881744,11.58651797051553,3.3193359412042294,0.4638249889205321,3.568756369689245,2.016794443776169,2.150550042309395,1.0,10.0,0.1,0.1,0.1,True,
32,mi_concept,0.0408423865267452,4.596942861185113,0.270993220237645,0.5205700915704292,0.014344135965683,11.589645628508505,4.463061704635637,0.3383525654091913,2.760807574184277,1.6327339859189507,1.7149143227203167,1.0,10.0,0.1,0.1,0.1,True,
32,mi_concept,0.0774263682681127,4.606816992803728,0.2618522396982253,0.5117149985081787,0.0139149399592283,11.591998155558407,6.3290795725295625,0.2345266164240602,2.1556237633168416,1.375522365502839,1.4243771343498766,1.0,10.0,0.1,0.1,0.1,True,
32,mi_concept,0.146779926762207,4.614996159094808,0.2546715988291572,0.5046499765472671,0.0135659633303773,11.59365739534413,9.548794480166054,0.1531535994869617,1.7232522889948114,1.21394915116343,1.2421228251614975,1.0,10.0,0.1,0.1,0.1,True,
32,mi_concept,0.2782559402207126,4.621393749130899,0.2492872579930372,0.4992867492664282,0.0132924594439948,11.594802679638695,15.343951308853413,0.0941528975322918,1.431827709939129,1.1182507482387454,1.134050624804763,1.0,10.0,0.1,0.1,0.1,True,
32,mi_concept,0.5274997063702619,4.625988448661374,0.245505283746881,0.495484897597173,0.0130928370307542,11.595578638029911,26.059674294501274,0.0549293321701487,1.2474228649056034,1.0640690463272462,1.072731082842172,1.0,10.0,0.1,0.1,0.1,True,
32,mi_concept,1.0,4.628993670147608,0.2430506519316949,0.4930016753842677,0.012959865412973,11.596079833607243,46.16369174413696,0.0308143655799763,1.137368140547842,1.0343004058855558,1.038974375776577,1.0,10.0,0.1,0.1,0.1,True,
28,mi_concept,1e-05,4.622111104724693,0.2624581125402033,0.512306658692041,0.0135292392950775,11.588515799205943,1.2241772905082238,1.2102394924362014,16.730964454435853,12.589024873961977,12.948156533756238,1.0,1.0,1.0,0.1,1.0,True,
28,mi_concept,1.8957356524063752e-05,4.633150352670297,0.2503380980975273,0.5003379838644347,0.0129684198680363,11.591789837915444,1.305694854990041,1.1145828353124694,13.905059376969648,10.103954350531966,10.392785949363768,1.0,1.0,1.0,0.1,1.0,True,
28,mi_concept,3.5938136638046256e-05,4.646536128587581,0.2371014853015459,0.4869306781273346,0.0123422894345908,11.595135328142224,1.3713147477199832,1.03981305660685,11.64743531634748,8.114524657626003,8.347077849590205,1.0,1.0,1.0,0.1,1.0,True,
28,mi_concept,6.812920690579608e-05,4.662019160336067,0.2225351757703249,0.471736341371242,0.0116460878068538,11.598652957411028,1.415703260744557,0.9834323833129576,9.848769153109592,6.519496415459416,6.70639947690168,1.0,1.0,1.0,0.1,1.0,True,
28,mi_concept,0.0001291549665014,4.678793522873479,0.2070707428719526,0.4550502641159025,0.0109081413131681,11.60229978615876,1.4401657532692906,0.940689676536866,8.413835049757685,5.24016195007391,5.389193318639876,1.0,1.0,1.0,0.1,1.0,True,
28,mi_concept,0.0002448436746822,4.695546561558135,0.1917244900535256,0.4378635518669321,0.0101819301880436,11.605887236238704,1.4537406280436218,0.9050339183226268,7.25839276338828,4.21481079456417,4.332206252408843,1.0,1.0,1.0,0.1,1.0,True,
28,mi_concept,0.0004641588833612,4.711043416800135,0.1774581784894752,0.4212578527333054,0.0095129370286016,11.609229203566072,1.4694309861130097,0.869350095793572,6.310375140002907,3.3950163770456814,3.486218359996324,1.0,1.0,1.0,0.1,1.0,True,
28,mi_concept,0.0008799225435691,4.724584442105989,0.1647525715324709,0.4058972425780581,0.0089203875624642,11.612230663019206,1.5010527620689027,0.8271001821219899,5.510317405034815,2.742926604252924,2.812674682148374,1.0,1.0,1.0,0.1,1.0,True,
28,mi_concept,0.0016681005372,4.736061053750016,0.1536539841728525,0.3919872245020908,0.0084033452243324,11.614876539870886,1.5631562154876557,0.7731802039793625,4.811498677641584,2.2291904201288517,2.2815993171287285,1.0,1.0,1.0,0.1,1.0,True,
28,mi_concept,0.0031622776601683,4.745855883303305,0.1438499202441425,0.3792755202278978,0.0079460983383163,11.617231187828908,1.6726542702432423,0.7045137152009497,4.18116930509215,1.8318338409293624,1.8703269309608317,1.0,1.0,1.0,0.1,1.0,True,
28,mi_concept,0.0059948425031894,4.75465592279202,0.134697751665424,0.367011923056219,0.0075186183723192,11.61944628946432,1.8526272582045775,0.6203956518909006,3.600973444805497,1.5351137501667396,1.5623222782860322,1.0,1.0,1.0,0.1,1.0,True,
28,mi_concept,0.0113646366638572,4.762987932863773,0.125557089651983,0.3543403584859944,0.0070907724788819,11.621686656843398,2.1408653516466374,0.5229681528262564,3.0651141080141167,1.326004100515095,1.3441248391931333,1.0,1.0,1.0,0.1,1.0,True,
28,mi_concept,0.0215443469003188,4.770748254929135,0.1163668559863291,0.3411258653141522,0.0066596837339614,11.62398062454675,2.6052385720487368,0.4179930847520994,2.5775342505373824,1.1891063594832527,1.200371913964733,1.0,1.0,1.0,0.1,1.0,True,
28,mi_concept,0.0408423865267452,4.777418904820086,0.1077511983839556,0.328254776635399,0.0062555258761858,11.626171350626432,3.371745462418374,0.3142455506026376,2.1484501653077683,1.105689811111717,1.112284619041152,1.0,1.0,1.0,0.1,1.0,True,
28,mi_concept,0.0774263682681127,4.782623022543282,0.100513051022576,0.3170379330972495,0.0059166566754382,11.628038769602512,4.681998492230255,0.2208931006955316,1.789870392127218,1.057632968144608,1.0613313336985852,1.0,1.0,1.0,0.1,1.0,True,
28,mi_concept,0.146779926762207,4.786321545923406,0.0951100142409563,0.3083991151753784,0.0056642283995676,11.629447401416694,7.009339846038674,0.1447856019157468,1.5104270040180623,1.0309650317723846,1.0329840326033874,1.0,1.0,1.0,0.1,1.0,True,
28,mi_concept,0.2782559402207126,4.788731770278355,0.0914925190500833,0.3024773033635471,0.0054954095524429,11.630397585026849,11.276924594010094,0.0888202983314424,1.310377838498036,1.0164973689977732,1.0175825120839728,1.0,1.0,1.0,0.1,1.0,True,
28,mi_concept,0.5274997063702619,4.790190654730141,0.0892733569726484,0.298786473878334,0.0053918809074954,11.630983457542124,19.25533183079284,0.0515900679846797,1.1793419062337531,1.0087488064421395,1.009327001518397,1.0,1.0,1.0,0.1,1.0,True,
28,mi_concept,1.0,4.7910267536543065,0.0879933474446917,0.2966367263922183,0.0053321647695649,11.631322483472676,34.30533643480357,0.028817348089844,1.0998822013002132,1.0046280691040053,1.0049347038195835,1.0,1.0,1.0,0.1,1.0,True,
29,mi_concept,1e-05,4.627359362358828,0.2572531067568023,0.507201248772913,0.0134355638119677,11.588368547386144,0.943167669001624,1.572916594694728,25.251208554653747,20.01505118044458,20.406071776956423,1.0,1.0,1.0,0.2,1.0,True,
29,mi_concept,1.8957356524063752e-05,4.63335354699562,0.2495388073087998,0.4995385944136847,0.0130973121091037,11.590960247064274,1.0562412950877331,1.3836238286078246,20.67881675396993,16.07477792236239,16.3719560779972,1.0,1.0,1.0,0.2,1.0,True,
29,mi_concept,3.5938136638046256e-05,4.641230082691012,0.2414780575157927,0.4914041692088018,0.0127281370214514,11.593451097335004,1.1620063378441807,1.2375246097624728,17.02707554010193,12.908555067010164,13.134371029488156,1.0,1.0,1.0,0.2,1.0,True,
29,mi_concept,6.812920690579608e-05,4.650112958178995,0.2336467712169939,0.4833702216903664,0.0123598754361373,11.595704742860072,1.2667107994273166,1.1174763489784132,14.081942770756234,10.360899594681664,10.533272329353853,1.0,1.0,1.0,0.2,1.0,True,
29,mi_concept,0.0001291549665014,4.660059764594008,0.2254512656870199,0.474817086557571,0.0119630239198318,11.597912783562892,1.369791680532707,1.016674008719931,11.699800975908136,8.310738686569119,8.442307587319805,1.0,1.0,1.0,0.2,1.0,True,
29,mi_concept,0.0002448436746822,4.671014615300747,0.2164046140306557,0.4651930932748848,0.0115158986233026,11.60023107892901,1.4719481972614723,0.9296451707927478,9.764395017400874,6.661845351822916,6.7609747946381065,1.0,1.0,1.0,0.2,1.0,True,
29,mi_concept,0.0004641588833612,4.682562573488868,0.2065942441353578,0.4545263954220456,0.0110290949315292,11.602653210928093,1.578088249263422,0.8512649492620241,8.179281807315334,5.337085351850537,5.410180278240575,1.0,1.0,1.0,0.2,1.0,True,
29,mi_concept,0.0008799225435691,4.694020201598294,0.1965228036605012,0.4433089257622738,0.010531846011296,11.605078537932036,1.697868044208865,0.776522612630947,6.866296914062343,4.274934435671234,4.327594656647652,1.0,1.0,1.0,0.2,1.0,True,
29,mi_concept,0.0016681005372,4.704695222407207,0.1867844206201745,0.4321856321306557,0.0100534998666757,11.607398615364872,1.84601837534472,0.7009933715113331,5.763924859586269,3.4267679073831343,3.4636277952493733,1.0,1.0,1.0,0.2,1.0,True,
29,mi_concept,0.0031622776601683,4.714101667099673,0.1778549843232375,0.4217285671178056,0.0096163678181866,11.609529164561907,2.0442409462850506,0.6215962239707035,4.825064524619301,2.754239229891749,2.778822064900723,1.0,1.0,1.0,0.2,1.0,True,
29,mi_concept,0.0059948425031894,4.7220850693969485,0.1699731738882886,0.412278029839438,0.0092316277812754,11.611422349685135,2.3247928845825374,0.5372371219347521,4.016344869829211,2.227312045228674,2.242516625331425,1.0,1.0,1.0,0.2,1.0,True,
29,mi_concept,0.0113646366638572,4.728927091572798,0.1630492017030779,0.4037935136961439,0.0088946204095007,11.613088793614816,2.737881739972013,0.4488953342834423,3.31783216827909,1.823167952183376,1.8317583555911103,1.0,1.0,1.0,0.2,1.0,True,
29,mi_concept,0.0215443469003188,4.735273261453444,0.1566227384785656,0.3957559076988814,0.0085827864740359,11.614626061719914,3.368995519548688,0.3591569096274179,2.7207353958071354,1.5247700217024,1.529287119718001,1.0,1.0,1.0,0.2,1.0,True,
29,mi_concept,0.0408423865267452,4.741651731548053,0.1501351217903029,0.3874727368348681,0.0082687777571044,11.616175057767244,4.37722782249539,0.2719875904657524,2.2231250821918347,1.3171482710995346,1.3194709325448166,1.0,1.0,1.0,0.2,1.0,True,
29,mi_concept,0.0774263682681127,4.747877757773967,0.1435675439720359,0.3789030799189101,0.0079515720853764,11.617760832812532,6.072342114408117,0.1927983778894956,1.825385644800085,1.182839851329069,1.1840522520147412,1.0,1.0,1.0,0.2,1.0,True,
29,mi_concept,0.146779926762207,4.753234996679156,0.1375978590621289,0.3709418540177543,0.0076642438635464,11.619223575938518,9.0629907534456,0.1271768155985027,1.5258557481999346,1.1017637963642648,1.102407377802132,1.0,1.0,1.0,0.2,1.0,True,
29,mi_concept,0.2782559402207126,4.75721229671713,0.1329390335555239,0.3646080547046703,0.0074410287259829,11.620376628942102,14.53361502401633,0.0783243583172633,1.3166471978634582,1.0553511035949248,1.0556944337571248,1.0,1.0,1.0,0.2,1.0,True,
29,mi_concept,0.5274997063702619,4.759819996205293,0.1297748780538582,0.3602428043054548,0.0072900476034472,11.621163815419887,24.75285348032883,0.0455937504604245,1.1818362366621824,1.0296955999368682,1.0298784060591963,1.0,1.0,1.0,0.2,1.0,True,
29,mi_concept,1.0,4.761385152322852,0.1278341375673579,0.357539001463278,0.0071977105461526,11.62164780554136,44.02487829780754,0.0254982085146133,1.100902676694705,1.0158082680266955,1.015905289359502,1.0,1.0,1.0,0.2,1.0,True,
22,mi_concept,1e-05,4.472840961641599,0.3897338086420157,0.6242866398074011,0.0197521288021821,11.558703493757385,0.1529153363952016,11.710716845536645,109.34011435509665,67.52735843728614,76.17969538587452,1.0,1.0,0.1,0.3,1.0,True,
22,mi_concept,1.8957356524063752e-05,4.479495924941626,0.3829737244868518,0.6188487088835621,0.0194663114851446,11.56070776293075,0.2702012384543683,6.57367945098977,69.68391678263501,46.3067347361778,50.95490489031772,1.0,1.0,0.1,0.3,1.0,True,
22,mi_concept,3.5938136638046256e-05,4.487518021335778,0.3741789739452889,0.611701703402311,0.0191481566923514,11.563449827268553,0.4464738271327941,3.9389822398931655,47.973379416880285,34.07296264539675,36.69592562554981,1.0,1.0,0.1,0.3,1.0,True,
22,mi_concept,6.812920690579608e-05,4.499380087832273,0.3614066122134295,0.601171034077183,0.0186825865990612,11.56738456610371,0.6460626267864139,2.681891003744545,35.568950391562254,26.21046600316602,27.84659903244511,1.0,1.0,0.1,0.3,1.0,True,
22,mi_concept,0.0001291549665014,4.515913685594211,0.3446149108380068,0.5870391050330521,0.0180112683501702,11.572219264394914,0.8089572437736529,2.0966447095063536,27.702810576101676,20.477231105873752,21.611836111235704,1.0,1.0,0.1,0.3,1.0,True,
22,mi_concept,0.0002448436746822,4.535585147784779,0.3253734151570869,0.5704151252877916,0.0171765169515299,11.577330105758165,0.9331642585655976,1.7695102616870604,22.011320588822127,15.97897860476561,16.802332537368873,1.0,1.0,0.1,0.3,1.0,True,
22,mi_concept,0.0004641588833612,4.55520569269528,0.3062307916355497,0.553381235348245,0.0163232732296998,11.582209851860926,1.0580071471396526,1.517387293189446,17.515066994088926,12.391512964940585,12.987574910008858,1.0,1.0,0.1,0.3,1.0,True,
22,mi_concept,0.0008799225435691,4.572649396989847,0.2889402641314904,0.537531640121296,0.0155510043998994,11.5866373482579,1.209251449874574,1.293851823546205,13.86194663607946,9.534743292532047,9.962554527038025,1.0,1.0,0.1,0.3,1.0,True,
22,mi_concept,0.0016681005372,4.5873504965280425,0.2740542814429742,0.5235019402475737,0.0148853499746858,11.590634945481256,1.4039905353770177,1.0902303378575031,10.88302324545178,7.271440105881738,7.576957020473262,1.0,1.0,0.1,0.3,1.0,True,
22,mi_concept,0.0031622776601683,4.599414882797795,0.2616249742658026,0.5114928877959132,0.0143287993894639,11.594260564363736,1.6640720349487077,0.903181179880779,8.461876873542389,5.4966636777416165,5.712698459742403,1.0,1.0,0.1,0.3,1.0,True,
22,mi_concept,0.0059948425031894,4.608992182525133,0.2516816711380997,0.5016788525920738,0.0138890919558262,11.597487626088183,2.025784717520013,0.7309232949892613,6.508110736377024,4.128760349415085,4.278474336236712,1.0,1.0,0.1,0.3,1.0,True,
22,mi_concept,0.0113646366638572,4.616189230963445,0.2442289234539219,0.4941952280768421,0.0135781873078372,11.600231838343804,2.5539507795417467,0.5733376429840701,4.949813484809943,3.100917833823028,3.2014304362293213,1.0,1.0,0.1,0.3,1.0,True,
22,mi_concept,0.0215443469003188,4.621244043059914,0.2390522064999252,0.4889296539379926,0.0133971377357277,11.602425379433,3.3655277216331334,0.4321139121283895,3.731536803285865,2.354939949384992,2.419631119581532,1.0,1.0,0.1,0.3,1.0,True,
22,mi_concept,0.0408423865267452,4.624619250756094,0.2356525326779543,0.4854405552464219,0.0133242197547234,11.604049514126467,4.675101065375924,0.3101646840299062,2.809532395162156,1.8368757112397345,1.876738191503788,1.0,1.0,0.1,0.3,1.0,True,
22,mi_concept,0.0774263682681127,4.626881032180138,0.2334148085242166,0.4831302190136906,0.0133196830183675,11.605129007644956,6.890463027986635,0.2103892029950539,2.143235785295778,1.4953531385219978,1.519024329719881,1.0,1.0,0.1,0.3,1.0,True,
22,mi_concept,0.146779926762207,4.628464156092093,0.2318763962248339,0.4815354568719046,0.0133439396790542,11.605743677888857,10.803560473113349,0.1343151524132058,1.6886994176983037,1.2824149057985514,1.2960383577710306,1.0,1.0,0.1,0.3,1.0,True,
22,mi_concept,0.2782559402207126,4.62959248771198,0.2308033648492518,0.4804199879784893,0.0133711805392173,11.606034513210584,17.949692075763252,0.080933097059516,1.3975989427552675,1.1563953535719784,1.164025375274579,1.0,1.0,0.1,0.3,1.0,True,
22,mi_concept,0.5274997063702619,4.6303653722459615,0.2300846979611371,0.4796714479319538,0.0133912753634428,11.60614999277015,31.27252756109558,0.0464926773479159,1.221991936155877,1.084891425087146,1.0890721514840784,1.0,1.0,0.1,0.3,1.0,True,
22,mi_concept,1.0,4.630858091192873,0.2296344269075821,0.4792018644658868,0.0134036274369609,11.606190158915547,56.36769583458236,0.0258071315208796,1.1210966076761375,1.0455066532635695,1.047762182904748,1.0,1.0,0.1,0.3,1.0,True,
35,mi_concept,1e-05,4.632588882030424,0.2290034701127226,0.4785430702797008,0.0129691339588392,11.612808721520528,0.0533608464804219,26.88601216155232,327.04620327383435,243.3522750540262,246.4908071305761,1.0,10.0,0.1,0.5,0.1,True,
35,mi_concept,1.8957356524063752e-05,4.6308976716819465,0.2295450629297275,0.4791086128736652,0.0129740195144475,11.610421836815016,0.0541321447042974,26.54014904207578,239.71362802756892,156.98077360600757,159.74896102701032,1.0,10.0,0.1,0.5,0.1,True,
35,mi_concept,3.5938136638046256e-05,4.631940488700643,0.2285793745765941,0.4780997537926516,0.0128895726653795,11.608613533892978,0.0751596650816163,19.06996917979927,154.26978729351998,94.63412704595714,96.3447017748796,1.0,10.0,0.1,0.5,0.1,True,
35,mi_concept,6.812920690579608e-05,4.63481095729908,0.2259645391964989,0.475357275316681,0.0127383755749528,11.608678982082086,0.1282262432778577,11.110030107412534,93.57009333214953,58.753691806577216,59.590270113083335,1.0,10.0,0.1,0.5,0.1,True,
35,mi_concept,0.0001291549665014,4.63896183003448,0.2217306029124979,0.4708827910557975,0.0125325196074665,11.610153855866498,0.21942039842785,6.432841617008122,58.94264977556082,38.80736010569801,39.16863781641951,1.0,10.0,0.1,0.5,0.1,True,
35,mi_concept,0.0002448436746822,4.64470902181006,0.2159292558548821,0.4646818867299243,0.0122564289933622,11.61234179791614,0.3387751735770768,4.113379793157267,39.77462512938006,26.92672689249882,27.052676714758007,1.0,10.0,0.1,0.5,0.1,True,
35,mi_concept,0.0004641588833612,4.650406019812388,0.2103204922867197,0.4586071219319645,0.0119888525299598,11.614304546304115,0.4564958400234333,3.0141956108257912,28.43462971792292,19.03536711624813,19.05374756091801,1.0,10.0,0.1,0.5,0.1,True,
35,mi_concept,0.0008799225435691,4.6540001925601775,0.2067827516098386,0.4547337150573274,0.011812242947705,11.614978720336271,0.5590266251304039,2.441304449054734,20.95453586734457,13.336150868376343,13.31248044543412,1.0,10.0,0.1,0.5,0.1,True,
35,mi_concept,0.0016681005372,4.655621082863416,0.2052481855986882,0.453043249148123,0.0117165000705694,11.614420422789438,0.6673876134759458,2.0372743862873643,15.542700042169386,9.162659305114015,9.129263405528564,1.0,10.0,0.1,0.5,0.1,True,
35,mi_concept,0.0031622776601683,4.656532858121769,0.2048023766929136,0.4525509658512658,0.0116514728847654,11.61312059664684,0.8049541962117348,1.686750068298482,11.50555923965008,6.193351373994941,6.164078227845608,1.0,10.0,0.1,0.5,0.1,True,
35,mi_concept,0.0059948425031894,4.658172538902089,0.2044432591017779,0.4521540214371403,0.0115583893937911,11.611482986092994,0.9916925229820912,1.3669278309884842,8.510158285764591,4.169754180953654,4.148095363173599,1.0,10.0,0.1,0.5,0.1,True,
35,mi_concept,0.0113646366638572,4.662160627446499,0.2028974076538161,0.4504413476289849,0.0113669772793478,11.610045917466568,1.2539630536868998,1.0756409293835445,6.313233964206149,2.858164382596716,2.843695660151277,1.0,10.0,0.1,0.5,0.1,True,
35,mi_concept,0.0215443469003188,4.669968399674623,0.1986342133612341,0.4456839837387407,0.0110072468907186,11.609476028279346,1.6287203896590414,0.8185657463644848,4.719416947588831,2.051891041702418,2.043188767051855,1.0,10.0,0.1,0.5,0.1,True,
35,mi_concept,0.0408423865267452,4.6820980210363246,0.1904852790951554,0.4364461926688735,0.0104492076675309,11.61027472516282,2.169230952266072,0.6022634305967711,3.5727978766294424,1.5797982113489966,1.5750487998797098,1.0,10.0,0.1,0.5,0.1,True,
35,mi_concept,0.0774263682681127,4.69737774883756,0.1785958667747162,0.4226060420471012,0.0097404701878702,11.612414183552712,2.963268568982129,0.4285499272886138,2.751208736681575,1.313839213793173,1.3113822162557351,1.0,10.0,0.1,0.5,0.1,True,
35,mi_concept,0.146779926762207,4.713227309706642,0.1648243836180158,0.4059856938588055,0.0089961887379039,11.615290315193224,4.180368704661736,0.2939256406529401,2.1633021041627765,1.1679758715560544,1.1667178547558674,1.0,10.0,0.1,0.5,0.1,True,
35,mi_concept,0.2782559402207126,4.726980336113575,0.1518669517367809,0.3897011056396696,0.0083401096664438,11.618112935315487,6.170591909096682,0.1927819737071393,1.7458897673029323,1.0893172338001644,1.0886681594506935,1.0,10.0,0.1,0.5,0.1,True,
35,mi_concept,0.5274997063702619,4.7372195390003125,0.1416700000416466,0.3763907544582447,0.0078435372232114,11.62035878832,9.64233144510317,0.1200618843452285,1.4575459431220388,1.047318123300628,1.0469802321093946,1.0,10.0,0.1,0.5,0.1,True,
35,mi_concept,1.0,4.743980487506602,0.1346964849558631,0.3670101973458818,0.007511049389267,11.621899368838452,15.976471088491648,0.0710350902577694,1.2682013649701775,1.025017769867646,1.0248408244306877,1.0,10.0,0.1,0.5,0.1,True,
27,mi_concept,1e-05,4.630278757431651,0.2590686266092873,0.5089878452471015,0.013391864822273,11.590416937879318,0.7582481372821336,1.9583474344237428,39.654993878602205,33.02518801721823,33.61555982896548,1.0,1.0,1.0,0.5,0.1,True,
27,mi_concept,1.8957356524063752e-05,4.617767091367968,0.2693435690410816,0.5189832068969877,0.0138204170724108,11.588176984913126,1.3177889944254149,1.144244181780694,29.71596622018733,25.817910714651266,26.215575364731645,1.0,1.0,1.0,0.5,0.1,True,
27,mi_concept,3.5938136638046256e-05,4.599628559882003,0.2845757130895681,0.5334563834931288,0.0144942261155186,11.585011289754334,2.1694822231186226,0.7104166700970959,22.94413440423675,20.51297203336276,20.799613727291145,1.0,1.0,1.0,0.5,0.1,True,
27,mi_concept,6.812920690579608e-05,4.571646396367527,0.3080844749607685,0.555053578459565,0.0156391855546493,11.58041183626834,3.697589789334406,0.4305974388821291,17.812055718880185,16.342106049438822,16.54814429696697,1.0,1.0,1.0,0.5,0.1,True,
27,mi_concept,0.0001291549665014,4.528577511610623,0.3410002435992873,0.5839522614043783,0.0176436679208454,11.5761937157305,7.255636779421579,0.229623500005229,13.754847670675128,13.010318658911157,13.152829406993796,1.0,1.0,1.0,0.5,0.1,True,
27,mi_concept,0.0002448436746822,4.594850437185626,0.2645797162690019,0.5143731294196868,0.013670899443912,11.616090640192718,12.422542605939892,0.1186088770096992,10.527667600614524,10.343265593988647,10.437611465470104,1.0,1.0,1.0,0.5,0.1,True,
27,mi_concept,0.0004641588833612,4.86358735679476,0.0203646698080837,0.1427048345645086,0.0001646972509388,11.66613699096823,1.1758941098341265,0.1499681174054041,7.962845813368542,8.207506676759074,8.26790846163374,1.0,1.0,1.0,0.5,0.1,True,
27,mi_concept,0.0008799225435691,4.866880389762244,0.0048167290109742,-0.0694026585295852,0.0010469388993852,11.651121300615964,-1.988883500257041,0.2253388977114394,5.932568297242103,6.498226254679403,6.536374826892679,1.0,1.0,1.0,0.5,0.1,True,
27,mi_concept,0.0016681005372,4.859611978412433,0.0208757411552814,-0.1444843976188484,0.0021571957509611,11.651121300615964,-2.252037315580646,0.2849945618363432,4.345427185024698,5.13368527847264,5.157720637241194,1.0,1.0,1.0,0.5,0.1,True,
27,mi_concept,0.0031622776601683,4.859611978412433,0.0301341199362214,-0.1735918199000788,0.0026725609027905,11.651121300615964,-2.2510404955271004,0.3163488415115035,3.142474495085478,4.049930346217082,4.064859014376949,1.0,1.0,1.0,0.5,0.1,True,
27,mi_concept,0.0059948425031894,4.859611978412433,0.0342736983187215,-0.1851315702918374,0.0028908923462402,11.651121300615964,-2.353175738431428,0.3137581332635995,2.2833804251788323,3.196447104023329,3.205271041118644,1.0,1.0,1.0,0.5,0.1,True,
27,mi_concept,0.0113646366638572,4.859611978412433,0.035525804231702,-0.1884829016958886,0.0029618802797616,11.651121300615964,-2.674196202130304,0.2787801144871489,1.7210932716336032,2.533433644365491,2.537965748751326,1.0,1.0,1.0,0.5,0.1,True,
27,mi_concept,0.0215443469003188,4.859611978412433,0.0350564547412654,-0.1872336901875981,0.0029505447776483,11.651121300615964,-3.3380006048577147,0.2225093128452586,1.3866769828690313,2.0297602911762502,2.031193148460011,1.0,1.0,1.0,0.5,0.1,True,
27,mi_concept,0.0408423865267452,4.859611978412433,0.0336634705811819,-0.1834760763183635,0.0028959508149547,11.651121300615964,-4.571066825809125,0.1607243859739286,1.2025470350424896,1.6604360426297182,1.6598709592215302,1.0,1.0,1.0,0.5,0.1,True,
27,mi_concept,0.0774263682681127,4.859611978412433,0.0320650289241007,-0.1790671073204143,0.0028313644315187,11.651121300615964,-6.828348681893829,0.1062209760490024,1.105470807755485,1.4031544491879435,1.4017322226349032,1.0,1.0,1.0,0.5,0.1,True,
27,mi_concept,0.146779926762207,4.859611978412433,0.0307509490933874,-0.1753594853248248,0.0027789440600356,11.651121300615964,-11.012199005262575,0.065156940928472,1.0550323441361251,1.234985149152587,1.2335612424311468,1.0,1.0,1.0,0.5,0.1,True,
27,mi_concept,0.2782559402207126,4.859611978412433,0.0298656914872211,-0.1728169305572262,0.0027446698340357,11.651121300615964,-18.86336897696801,0.0377585838598115,1.0288198617585091,1.1319829812383444,1.1309239859367908,1.0,1.0,1.0,0.5,0.1,True,
27,mi_concept,0.5274997063702619,4.859611978412433,0.0293351887713621,-0.1712751843419301,0.0027247985473259,11.651121300615964,-33.69160426602761,0.0210469785455227,1.0151370743779573,1.072240732100074,1.0715663153624686,1.0,1.0,1.0,0.5,0.1,True,
27,mi_concept,1.0,4.859611978412433,0.0290366660238727,-0.1704014848053641,0.0027139171231487,11.651121300615964,-61.76789167538729,0.0114516336582112,1.007965489503941,1.0389069307815888,1.038512841314591,1.0,1.0,1.0,0.5,0.1,True,
37,mi_concept,1e-05,4.570502341692015,0.2931940893047148,0.5414739968869372,0.0157376476972077,11.58382851830523,0.0464527590021989,34.117233623950234,198.03028843026016,85.11023504460938,98.17472420903827,1.0,10.0,0.1,0.2,1.0,True,
37,mi_concept,1.8957356524063752e-05,4.582425950595294,0.2831437841278607,0.5321125671583605,0.0151230133179887,11.58598582522589,0.0760933480745972,20.423887535681175,123.68023844844032,55.72974686809486,62.76342306014138,1.0,10.0,0.1,0.2,1.0,True,
37,mi_concept,3.5938136638046256e-05,4.583176909474428,0.2816932106875696,0.530747784439624,0.0150527499806662,11.586673119758682,0.1362488413803513,11.378855242564777,77.234764597873,39.34795254453686,43.19366215065881,1.0,10.0,0.1,0.2,1.0,True,
37,mi_concept,6.812920690579608e-05,4.580784830663584,0.2823813029135889,0.5313956180790249,0.0151484936321343,11.587224799598946,0.2325356066185397,6.68468550914586,51.64225433607499,29.43879675253904,31.70230424692188,1.0,10.0,0.1,0.2,1.0,True,
37,mi_concept,0.0001291549665014,4.5788782008483375,0.2824971970225072,0.5315046538107707,0.0152634315492148,11.588291661809754,0.3538156678846952,4.40603794685707,37.1749562429153,22.63714890898153,24.1212846451336,1.0,10.0,0.1,0.2,1.0,True,
37,mi_concept,0.0002448436746822,4.581670546009282,0.2788995351108375,0.5281093969158639,0.0152106075890154,11.590184839490744,0.4732538559483721,3.2850345049684195,28.158730441699863,17.447846345742565,18.49260397415965,1.0,10.0,0.1,0.2,1.0,True,
37,mi_concept,0.0004641588833612,4.588934031802827,0.27166078958603,0.521210887823758,0.0149633345356264,11.592568515887418,0.5906923871325488,2.607501626524201,21.714274446780166,13.33328229355464,14.067971058222474,1.0,10.0,0.1,0.2,1.0,True,
37,mi_concept,0.0008799225435691,4.597933460461692,0.2628192465292679,0.5126589963409088,0.0146543121770845,11.595241378329847,0.7348715571110697,2.0709480593484604,16.60776916529723,10.071483071448451,10.568786564184224,1.0,10.0,0.1,0.2,1.0,True,
37,mi_concept,0.0016681005372,4.607832571993748,0.2528706947347206,0.5028625008237546,0.0143567555364161,11.598420450901076,0.9393374969076064,1.6003112724595077,12.417245288768012,7.512417506998067,7.831799816554921,1.0,10.0,0.1,0.2,1.0,True,
37,mi_concept,0.0031622776601683,4.61981292002473,0.2406815263053784,0.4905930353209046,0.0140498252250823,11.602696278135406,1.2495663643922996,1.188079150029825,8.988424851235079,5.537469463177778,5.729497489051781,1.0,10.0,0.1,0.2,1.0,True,
37,mi_concept,0.0059948425031894,4.637222588062127,0.2232670137399781,0.4725113900637509,0.0135716184969698,11.609276249263443,1.7317963284872693,0.843776567608337,6.258418252934117,4.05013972581983,4.1564041210371405,1.0,10.0,0.1,0.2,1.0,True,
37,mi_concept,0.0113646366638572,4.664002173530131,0.1971992925375278,0.4440712696600938,0.0125753514438588,11.619330297855358,2.4487071524620028,0.5795120192339474,4.212478182368581,2.9680948519096693,3.020838615850568,1.0,10.0,0.1,0.2,1.0,True,
37,mi_concept,0.0215443469003188,4.69790781641365,0.1647831900784366,0.4059349579408463,0.0108906049045508,11.631322576479484,3.424484436987626,0.3923244272069559,2.820293724319324,2.2156433132473627,2.238188364436142,1.0,10.0,0.1,0.2,1.0,True,
37,mi_concept,0.0408423865267452,4.728694177952641,0.1355646570000633,0.3681910604564746,0.0090470188720854,11.641219203740622,4.777792930917046,0.2612855949984382,1.9748053840229,1.7195209414782644,1.72727578135171,1.0,10.0,0.1,0.2,1.0,True,
37,mi_concept,0.0774263682681127,4.7492865296890585,0.1159739361258721,0.3405494620842502,0.0076970788003335,11.647285802017691,6.987897050450989,0.1672203287875885,1.5080419649432135,1.4102465233738728,1.412016571809125,1.0,10.0,0.1,0.2,1.0,True,
37,mi_concept,0.146779926762207,4.760555970295989,0.1051123639407817,0.3242103698847119,0.0069333301161508,11.650423164620095,11.028783316962866,0.1014682889227307,1.263482490352915,1.2272179380290826,1.2271277207072746,1.0,10.0,0.1,0.2,1.0,True,
37,mi_concept,0.2782559402207126,4.766143204937133,0.0996177655166249,0.3156228216029775,0.0065524511854487,11.651910988688543,18.64079712210724,0.0586537078217318,1.137193067206115,1.1233513258598202,1.122924277058439,1.0,10.0,0.1,0.2,1.0,True,
37,mi_concept,0.5274997063702619,4.76884836559133,0.0969100655020187,0.3113038154311937,0.0063700477316409,11.652588335326378,33.04523147119877,0.0327095956971335,1.071784706185587,1.066130240478244,1.065779975797846,1.0,10.0,0.1,0.2,1.0,True,
37,mi_concept,1.0,4.770183573456119,0.095563597283158,0.3091336236696973,0.0062820042760385,11.65289416654041,60.32611467191674,0.0178180697105978,1.0376913447567004,1.0351945570091228,1.0349715343511403,1.0,10.0,0.1,0.2,1.0,True,
33,mi_concept,1e-05,4.573017595238585,0.2912994087187223,0.5397216029757586,0.0156198138886027,11.5835662194619,0.0507312959581058,31.098391281262725,185.59529297636973,82.09231736302011,93.123898409606,1.0,10.0,0.1,0.2,0.1,True,
33,mi_concept,1.8957356524063752e-05,4.582587153285358,0.2832078677876656,0.5321727800138463,0.0151214592645891,11.585410356648875,0.0853006791881604,18.20358524867729,114.9567865657631,54.03134222178099,59.977183620173726,1.0,10.0,0.1,0.2,0.1,True,
33,mi_concept,3.5938136638046256e-05,4.582782857325649,0.2822125622136305,0.5312368230964704,0.0150813871689255,11.58604344123017,0.1533176494983141,10.105370851464668,72.21948032672935,38.324184320871815,41.62405901937272,1.0,10.0,0.1,0.2,0.1,True,
33,mi_concept,6.812920690579608e-05,4.580579303150587,0.2826513134855323,0.531649615334698,0.0151593662688493,11.586717100636086,0.26020018361927,5.958656252195466,48.75877939354609,28.74898157082075,30.746465905129863,1.0,10.0,0.1,0.2,0.1,True,
33,mi_concept,0.0001291549665014,4.579343606797979,0.2820414516097638,0.531075749408466,0.0152163501214425,11.588019500520083,0.3919993460494073,3.953735593394974,35.385665906233704,22.125345597195416,23.48101157257815,1.0,10.0,0.1,0.2,0.1,True,
33,mi_concept,0.0002448436746822,4.582957887378703,0.2775606870928453,0.5268402861331367,0.015069242404937,11.59021347500811,0.5197313432731432,2.9621529735387844,26.948431567242093,17.061690649131968,18.042881073313158,1.0,10.0,0.1,0.2,0.1,True,
33,mi_concept,0.0004641588833612,4.590809133445325,0.269629499287924,0.5192586054057496,0.0147117574892264,11.592950849277594,0.6429842457834022,2.3631518718301265,20.897424716738367,13.056325001174294,13.759608231619866,1.0,10.0,0.1,0.2,0.1,True,
33,mi_concept,0.0008799225435691,4.600355718789819,0.2602311248642858,0.5101285375905624,0.0142675716976427,11.59592853588092,0.782778337418012,1.910793119157577,16.186933445701577,9.889468311193156,10.371674780598518,1.0,10.0,0.1,0.2,0.1,True,
33,mi_concept,0.0016681005372,4.610454663807179,0.2503275049054059,0.5003273977161414,0.0137997825138337,11.59899436063956,0.9538073388325664,1.5424829863805751,12.449162466618125,7.407541072118748,7.720146905489621,1.0,10.0,0.1,0.2,0.1,True,
33,mi_concept,0.0031622776601683,4.620315264677579,0.2407163810340569,0.4906285570918767,0.0133439556252404,11.60187770030578,1.1690843727928104,1.2381272803547685,9.50014298866847,5.488916367490585,5.680412618075952,1.0,10.0,0.1,0.2,0.1,True,
33,mi_concept,0.0059948425031894,4.629022442005755,0.2323738425390865,0.4820517011058943,0.0129424282023698,11.60419059380449,1.4501308139864535,0.9835906807670228,7.199321379105605,4.036810689518403,4.149223534667248,1.0,10.0,0.1,0.2,0.1,True,
33,mi_concept,0.0113646366638572,4.636181962048466,0.2258007495617838,0.4751849635266081,0.0126135297945835,11.605669416694708,1.8344449823526288,0.7677654076877602,5.429844150887071,2.972157345622677,3.0369935536298525,1.0,10.0,0.1,0.2,0.1,True,
33,mi_concept,0.0215443469003188,4.642277699264279,0.2206691645776312,0.4697543662145475,0.0123339742576628,11.606352085371324,2.38701358650422,0.5833029410895618,4.092296053608556,2.2251353832835634,2.2623820478434937,1.0,10.0,0.1,0.2,0.1,True,
33,mi_concept,0.0408423865267452,4.6482273535441845,0.2162135347533454,0.4649876716143617,0.0120609905129708,11.6065315821526,3.2233871579205937,0.4268321392366232,3.1012360198510627,1.7284729866883353,1.7495725512538125,1.0,10.0,0.1,0.2,0.1,True,
33,mi_concept,0.0774263682681127,4.654694419624874,0.2117620826846634,0.4601761431068145,0.0117627622252241,11.606605794592513,4.554751492924903,0.2979537437956536,2.3838057281415748,1.4167695656350976,1.4284076221596465,1.0,10.0,0.1,0.2,0.1,True,
33,mi_concept,0.146779926762207,4.661655989770834,0.2070313664999918,0.4550069961000509,0.0114367431434909,11.606888379070543,6.7772120017499695,0.1971285834797506,1.8789426831653533,1.231373952021726,1.2376373275971997,1.0,10.0,0.1,0.2,0.1,True,
33,mi_concept,0.2782559402207126,4.668404699239339,0.2022727459351854,0.449747424600948,0.0111140373272464,11.607439960133556,10.652170811460635,0.1234007071651749,1.5363162856330457,1.1257955862012874,1.1291192466155904,1.0,10.0,0.1,0.2,0.1,True,
33,mi_concept,0.5274997063702619,4.674062070639874,0.1980821460980242,0.4450642044672029,0.0108387151060047,11.60809592603192,17.65738524460995,0.0733777164735244,1.3142711106667768,1.067500623914402,1.069254692079726,1.0,10.0,0.1,0.2,0.1,True,
33,mi_concept,1.0,4.678171953490734,0.1949107102130176,0.4414869309651393,0.0106364308243524,11.608667407009277,30.640380970982285,0.0418245561620602,1.1777187725680052,1.0359419515594783,1.0368664320316887,1.0,10.0,0.1,0.2,0.1,True,
38,mi_concept,1e-05,4.590921002062674,0.2684794262557739,0.5181500036242149,0.0149865691057659,11.596253026102431,0.039202402551871,39.08644088753948,281.2158803328277,154.8192077481904,165.7603104830234,1.0,10.0,0.1,0.3,1.0,True,
38,mi_concept,1.8957356524063752e-05,4.599793137628782,0.2615641622924597,0.5114334387703445,0.0145349336474268,11.595642362563652,0.0500867386406068,30.145051924010936,192.01252641963552,94.50714430394714,101.44062632454428,1.0,10.0,0.1,0.3,1.0,True,
38,mi_concept,3.5938136638046256e-05,4.605901458016843,0.2569102418136994,0.5068631391349142,0.0142291068903161,11.595897553855904,0.0826106353081161,18.08383171699009,118.77325496398949,60.037417577558905,63.77428378026028,1.0,10.0,0.1,0.3,1.0,True,
38,mi_concept,6.812920690579608e-05,4.607403775241781,0.2549991930887917,0.5049744479563216,0.0141502048639791,11.596733595814596,0.1479880515635395,10.063595212374336,73.59138468650745,40.92290940212219,42.93196989758695,1.0,10.0,0.1,0.3,1.0,True,
38,mi_concept,0.0001291549665014,4.608581821156645,0.2527312875544768,0.5027238680970666,0.0141081252044326,11.598318918983324,0.2514927198449662,5.909900289106686,48.63827684895471,29.55138618415361,30.69559494494501,1.0,10.0,0.1,0.3,1.0,True,
38,mi_concept,0.0002448436746822,4.611694928010119,0.2486375927424868,0.4986357315139849,0.0140146438982802,11.600907688776248,0.3814294028761926,3.882243608106061,34.32870785673934,21.93238105615553,22.644557354483336,1.0,10.0,0.1,0.3,1.0,True,
38,mi_concept,0.0004641588833612,4.617979341672511,0.2421016810490812,0.492038292258927,0.0138111501185028,11.604067789229632,0.51518830958844,2.8539136212123,25.198849586761124,16.260175869160555,16.724670109777623,1.0,10.0,0.1,0.3,1.0,True,
38,mi_concept,0.0008799225435691,4.626440260927635,0.2338083440290941,0.4835373243391808,0.0135198339706633,11.60732952670902,0.6636498128254805,2.1934446058570143,18.56789342115029,11.878763937546552,12.167715326853454,1.0,10.0,0.1,0.3,1.0,True,
38,mi_concept,0.0016681005372,4.636393440417576,0.2242044416755708,0.4735023143296882,0.013195606278433,11.61106408246528,0.8693174649147517,1.6558424324680483,13.38077708501124,8.526324830444663,8.68719453272841,1.0,10.0,0.1,0.3,1.0,True,
38,mi_concept,0.0031622776601683,4.648556723564414,0.2126717526686394,0.4611634771625345,0.0128316008490886,11.615877196361492,1.1858004119162078,1.1989320324211887,9.31978390531719,6.023563647726587,6.101308058536886,1.0,10.0,0.1,0.3,1.0,True,
38,mi_concept,0.0059948425031894,4.66456487226416,0.1977530378761404,0.4446943195905929,0.0123172516818941,11.62237749304552,1.6865987218487035,0.8287325750657226,6.266308936844967,4.218605978668358,4.250445574804275,1.0,10.0,0.1,0.3,1.0,True,
38,mi_concept,0.0113646366638572,4.685276368692045,0.1785958544052966,0.4226060274124076,0.0114895369294437,11.63058487066328,2.4722609893889023,0.5499046594840777,4.12163386443594,2.9744887087229728,2.98516795701948,1.0,10.0,0.1,0.3,1.0,True,
38,mi_concept,0.0215443469003188,4.708049589538983,0.1574201081079218,0.3967620295692644,0.0103505724999057,11.638962790131236,3.691756541028513,0.3533501299610244,2.743113333693161,2.1615108525113462,2.164211664288592,1.0,10.0,0.1,0.3,1.0,True,
38,mi_concept,0.0408423865267452,4.727783422121879,0.1387611312530791,0.3725065519599342,0.0091840814185438,11.645433608496235,5.65584082336295,0.2198879808481182,1.9337683430473536,1.6589649512995643,1.6593184640716456,1.0,10.0,0.1,0.3,1.0,True,
38,mi_concept,0.0774263682681127,4.741498275291354,0.1254293689173489,0.3541600893908699,0.0082786479979425,11.64933689307176,9.057398625418587,0.1316671494824496,1.490394619736494,1.3636600125815177,1.3635502391651102,1.0,10.0,0.1,0.3,1.0,True,
38,mi_concept,0.146779926762207,4.749658523244005,0.1171838896191572,0.3423213251013691,0.0076971005692513,11.651297907016142,15.273886873728436,0.0757964862871417,1.2563206346486868,1.1969622662710002,1.1968421182485696,1.0,10.0,0.1,0.3,1.0,True,
38,mi_concept,0.2782559402207126,4.754107239196949,0.1124740341271353,0.3353714867533245,0.0073601437989875,11.652165545944571,26.908803944179205,0.0422435282081781,1.134170045997482,1.105447693953895,1.1053741261590342,1.0,10.0,0.1,0.3,1.0,True,
38,mi_concept,0.5274997063702619,4.756442165370192,0.1098845795884029,0.3314884305498503,0.0071741139102684,11.652522221659982,48.87122414058944,0.023017175131271,1.0704133357797136,1.056075612865086,1.0560355416777778,1.0,10.0,0.1,0.3,1.0,True,
38,mi_concept,1.0,4.757655670631305,0.1084870166503193,0.3293736732805453,0.0070736488259501,11.652666538562226,90.44833394296998,0.0123650765159223,1.037029775233553,1.029708931687466,1.0296877214571478,1.0,10.0,0.1,0.3,1.0,True,
26,mi_concept,1e-05,4.5712448893992175,0.3126728166372744,0.559171544910213,0.0155440963774025,11.574333832400004,1.34152801722,1.1773445822916853,28.812195634682663,24.65887935606682,25.32305753472405,1.0,1.0,1.0,0.3,0.1,True,
26,mi_concept,1.8957356524063752e-05,4.54563021567931,0.3324965114646028,0.5766251047817835,0.0164204083481551,11.569231104067066,1.992589955628891,0.8160400592244954,22.58118159977838,19.687044538251087,20.20678573731649,1.0,1.0,1.0,0.3,0.1,True,
26,mi_concept,3.5938136638046256e-05,4.514529509967481,0.3570928385458057,0.5975724546411135,0.0175390926991566,11.562780647069324,2.964196179609779,0.5678667548134088,17.767177260197503,15.746637792694486,16.158392155926112,1.0,1.0,1.0,0.3,0.1,True,
26,mi_concept,6.812920690579608e-05,4.468256384642477,0.3950089887137114,0.628497405494813,0.0193903988940495,11.552583807298412,4.720041381913731,0.3743998772672042,13.924326729686122,12.594243994808656,12.913341049959586,1.0,1.0,1.0,0.3,0.1,True,
26,mi_concept,0.0001291549665014,4.39927064941006,0.4528189617535098,0.6729182429935376,0.0226526033274078,11.536426986045274,8.411809895121001,0.2249262330337105,10.84790326133353,10.0689311679273,10.309086854753064,1.0,1.0,1.0,0.3,0.1,True,
26,mi_concept,0.0002448436746822,4.363075774251807,0.4852092640448789,0.6965696404846244,0.0260526881618172,11.529445547008148,16.267758907519877,0.1230104433177892,8.387454623137257,8.04392827795759,8.219912330603677,1.0,1.0,1.0,0.3,0.1,True,
26,mi_concept,0.0004641588833612,4.646948262939718,0.245782167376325,0.4957642255914852,0.0111285488492857,11.61464955008381,14.372518658744369,0.096943046487664,6.423323162650888,6.419677926376591,6.545816630600519,1.0,1.0,1.0,0.3,0.1,True,
26,mi_concept,0.0008799225435691,4.883654652846699,0.0269269982171885,0.1640944795451344,0.0002925659366124,11.664510501263658,1.7697189115292684,0.1334070131973272,4.86489506119223,5.11866073769374,5.20713588539502,1.0,1.0,1.0,0.3,0.1,True,
26,mi_concept,0.0016681005372,4.8802492278048,0.0001591099645116,-0.0126138798357848,0.0004236908988733,11.651121300615964,-1.649097048337652,0.1724602031485149,3.646421648421249,4.080132373459925,4.14050680263689,1.0,1.0,1.0,0.3,0.1,True,
26,mi_concept,0.0031622776601683,4.86512424872695,0.0087345039461817,-0.0934585680726052,0.0013166897944785,11.651121300615964,-2.576936020936221,0.1940512265414525,2.721705482730181,3.255850685402162,3.2956274676475084,1.0,1.0,1.0,0.3,0.1,True,
26,mi_concept,0.0059948425031894,4.859611978412433,0.0173874435229922,-0.1318614557897504,0.0018922245718427,11.651121300615964,-3.103974555151066,0.1928144012495711,2.055938621362347,2.6073576911455314,2.6326556938816035,1.0,1.0,1.0,0.3,0.1,True,
26,mi_concept,0.0113646366638572,4.859611978412433,0.0222770268411079,-0.1492549055847342,0.0021856342496727,11.651121300615964,-3.7855392668316536,0.1698246591566415,1.611649948974417,2.1047454179421634,2.120586442518157,1.0,1.0,1.0,0.3,0.1,True,
26,mi_concept,0.0215443469003188,4.859611978412433,0.0240214070785361,-0.1549884094974077,0.0022910998816946,11.651121300615964,-4.955452263153415,0.1328294069190702,1.33900876082698,1.7256404538570032,1.7357529280302308,1.0,1.0,1.0,0.3,0.1,True,
26,mi_concept,0.0408423865267452,4.859611978412433,0.0238123587567505,-0.1543125359675958,0.002285920546084,11.651121300615964,-7.069657921899278,0.0930206409039583,1.18293537817321,1.4525507560949438,1.459212595560112,1.0,1.0,1.0,0.3,0.1,True,
26,mi_concept,0.0774263682681127,4.859611978412433,0.0227936986845367,-0.1509758215229734,0.0022333759165051,11.651121300615964,-10.965308808655417,0.059293891408183,1.097423742843432,1.2681768725796376,1.2725587108076435,1.0,1.0,1.0,0.3,0.1,True,
26,mi_concept,0.146779926762207,4.859611978412433,0.0217383839166118,-0.147439424566877,0.002176246412387,11.651121300615964,-18.24671264360918,0.0351811999609636,1.0515928030139574,1.1523164379281818,1.1550781783568047,1.0,1.0,1.0,0.3,0.1,True,
26,mi_concept,0.2782559402207126,4.859611978412433,0.0209542686328139,-0.1447558932576284,0.0021327632946563,11.651121300615964,-31.97105850702145,0.0198803778920198,1.0272603985380833,1.0839405433741995,1.0855859217189254,1.0,1.0,1.0,0.3,0.1,True,
26,mi_concept,0.5274997063702619,4.859611978412433,0.0204574608525309,-0.1430295803410294,0.0021048203678753,11.651121300615964,-57.93623626112608,0.0108996675632183,1.0143905547996908,1.045385062042425,1.046320223509766,1.0,1.0,1.0,0.3,0.1,True,
26,mi_concept,1.0,4.859611978412433,0.0201683226422044,-0.1420152197555051,0.0020884242980582,11.651121300615964,-107.12765170142876,0.0058720710748525,1.007593692036966,1.0242663749467893,1.024781237561397,1.0,1.0,1.0,0.3,0.1,True,
34,mi_concept,1e-05,4.585789717692296,0.2738958491753024,0.5233505987149556,0.0150152520272087,11.593583262302882,0.0428296590054935,36.273830373305344,260.4039009693316,144.27316110891806,154.67879790226132,1.0,10.0,0.1,0.3,0.1,True,
34,mi_concept,1.8957356524063752e-05,4.596064636471168,0.2660950427840537,0.5158440101271446,0.0145367021614713,11.593497379380892,0.0581025212954845,26.350280880246142,172.6169691991382,88.18311199237114,94.50405290843604,1.0,10.0,0.1,0.3,0.1,True,
34,mi_concept,3.5938136638046256e-05,4.601466297067784,0.2618456167149776,0.5117085271079402,0.0142735313595457,11.593966166929722,0.0991300932104498,15.316537574816468,105.84862676917,56.63432389974622,59.9995551704622,1.0,10.0,0.1,0.3,0.1,True,
34,mi_concept,6.812920690579608e-05,4.602826383145676,0.2599295846367155,0.5098328987391021,0.0141871651968692,11.59487366745499,0.1767407313175348,8.559288287870439,66.55389434976196,39.05512940281651,40.856878328031534,1.0,10.0,0.1,0.3,0.1,True,
34,mi_concept,0.0001291549665014,4.60436644520345,0.2572407070980609,0.5071890250173607,0.0140894488661666,11.596550596038576,0.2929035990403126,5.139178711699127,44.94221453979728,28.461256374364797,29.48062609804059,1.0,10.0,0.1,0.3,0.1,True,
34,mi_concept,0.0002448436746822,4.607981916636938,0.2526162787226399,0.5026094693921315,0.0139124272393407,11.599101365161951,0.4268537613107308,3.497679409673283,32.4218524624983,21.252450844564542,21.880208446914757,1.0,10.0,0.1,0.3,0.1,True,
34,mi_concept,0.0004641588833612,4.614436754735472,0.245842567842323,0.4958251383727161,0.0136246612339353,11.601886134042136,0.5509866702782187,2.6777115327637238,24.33757786606599,15.837465106242528,16.24511323669475,1.0,10.0,0.1,0.3,0.1,True,
34,mi_concept,0.0008799225435691,4.622278686302999,0.2380720479985391,0.4879262731177111,0.0132729371461254,11.604322767289672,0.6726950216884366,2.1631603871444023,18.47274468843788,11.642347337337048,11.904949070741177,1.0,10.0,0.1,0.3,0.1,True,
34,mi_concept,0.0016681005372,4.629982764177591,0.2305541187747316,0.48016051355222,0.0129255239622327,11.60630995744236,0.8139927095313298,1.7635251719034968,13.96592026869834,8.42141386540003,8.58475011386505,1.0,10.0,0.1,0.3,0.1,True,
34,mi_concept,0.0031622776601683,4.636804668608789,0.2240309103816012,0.4733190365721637,0.0126172579793855,11.607699158108156,0.990902484249462,1.4312730098446265,10.488647988576028,6.001946995554058,6.099580327047916,1.0,10.0,0.1,0.3,0.1,True,
34,mi_concept,0.0059948425031894,4.642647724961351,0.2187626852703611,0.4677207342745894,0.0123507315604409,11.608378817907887,1.2234814790821893,1.147455831912273,7.836055206945716,4.240433208369709,4.296523874621169,1.0,10.0,0.1,0.3,0.1,True,
34,mi_concept,0.0113646366638572,4.64797150426751,0.2145873780576115,0.4632357694064779,0.0121076973195815,11.60840158338143,1.545562852163538,0.9005270179148385,5.841072119916458,3.0107512823147964,3.0414309880854877,1.0,10.0,0.1,0.3,0.1,True,
34,mi_concept,0.0215443469003188,4.653698195391801,0.2108904126498446,0.4592280616968486,0.0118512772171471,11.608034779400093,2.013743759947725,0.6854271556283291,4.364167126804129,2.195451982405185,2.211295171453018,1.0,10.0,0.1,0.3,0.1,True,
34,mi_concept,0.0408423865267452,4.660880240682426,0.2066670958617795,0.4546065286176382,0.0115331679540549,11.60776335522797,2.722194937618273,0.5020405097668841,3.288510117468497,1.684200533856406,1.6920372689850411,1.0,10.0,0.1,0.3,0.1,True,
34,mi_concept,0.0774263682681127,4.669917519374687,0.2010610215980679,0.4483982845619148,0.0111267183431844,11.60806558303852,3.834096040188226,0.3519463093290165,2.5175702341523984,1.3800418984721503,1.3838503205768615,1.0,10.0,0.1,0.3,0.1,True,
34,mi_concept,0.146779926762207,4.680016639116097,0.1940667072464763,0.4405300299031569,0.0106591697084536,11.609069261476613,5.651964781241458,0.2352620582629916,1.9747960442262789,1.206722499588046,1.2085785045034367,1.0,10.0,0.1,0.3,0.1,True,
34,mi_concept,0.2782559402207126,4.689604790567173,0.1866869742316932,0.4320728806945574,0.0102028293890073,11.610471037958504,8.76609586738919,0.1495423315969424,1.6024171585759737,1.110963781378069,1.111882560019758,1.0,10.0,0.1,0.3,0.1,True,
34,mi_concept,0.5274997063702619,4.697335631483989,0.1802440618929688,0.4245516009779833,0.0098276060579377,11.611826490904178,14.339537895203913,0.0903857059575587,1.3570183307568031,1.0590980189968269,1.059561841179234,1.0,10.0,0.1,0.3,0.1,True,
34,mi_concept,1.0,4.702748209743124,0.1754916989338251,0.4189172936676464,0.009561791616163,11.61286574632671,24.62594475322574,0.052228449351678,1.2035884869899138,1.031336347910391,1.0315744329776928,1.0,10.0,0.1,0.3,0.1,True,
30,mi_concept,1e-05,4.638689121321802,0.2438473565617247,0.4938090284327786,0.0127401525298248,11.59320631441444,0.7103760084497144,1.9896960860156157,33.13240205897804,26.354005683238167,26.74265042122121,1.0,1.0,1.0,0.3,1.0,True,
30,mi_concept,1.8957356524063752e-05,4.63375800034485,0.2445819565438297,0.4945522788784111,0.0128485205677346,11.593748782470678,0.8727236445742045,1.6243722698352832,26.53301003176044,21.02088650710135,21.306054432406786,1.0,1.0,1.0,0.3,1.0,True,
30,mi_concept,3.5938136638046256e-05,4.634948630440068,0.2414195507615072,0.4913446354255913,0.0127537754276793,11.595004630212378,0.9976301897462476,1.4148593823255669,21.601358857846325,16.815872257926113,17.034405821632326,1.0,1.0,1.0,0.3,1.0,True,
30,mi_concept,6.812920690579608e-05,4.6392407110263925,0.23643834997065,0.4862492673214532,0.0125525774287162,11.59649501201456,1.1182777005036972,1.2520164740091804,17.66820043193903,13.4452158471758,13.612636344979402,1.0,1.0,1.0,0.3,1.0,True,
30,mi_concept,0.0001291549665014,4.644874098561197,0.2308459392046533,0.4804642954524855,0.0123052028620274,11.597948003528533,1.2466327793065417,1.1121076097341334,14.48180991080504,10.73909594288306,10.866506556528824,1.0,1.0,1.0,0.3,1.0,True,
30,mi_concept,0.0002448436746822,4.651185020416664,0.2250219389407209,0.4743647741356022,0.0120326224341306,11.599307899858848,1.3866844976064778,0.9891569814623284,11.89107497567012,8.567305196869013,8.663361741171004,1.0,1.0,1.0,0.3,1.0,True,
30,mi_concept,0.0004641588833612,4.65795724246267,0.2189884842117648,0.4679620542434662,0.0117389358739358,11.60064202096035,1.543905596571281,0.878606586548453,9.775217320423677,6.8265888786296784,6.896995506034474,1.0,1.0,1.0,0.3,1.0,True,
30,mi_concept,0.0008799225435691,4.6648394934894295,0.2129244115516522,0.4614373322041165,0.0114342254378581,11.601976598352204,1.7282333503970504,0.7763577821786357,8.035582525179533,5.433742481851716,5.482683841036703,1.0,1.0,1.0,0.3,1.0,True,
30,mi_concept,0.0016681005372,4.671402235983553,0.2070896320368426,0.4550710186738358,0.0111322225859841,11.603290157769589,1.9553785742674807,0.6790509089629516,6.594257807788892,4.321826977133209,4.35321975965272,1.0,1.0,1.0,0.3,1.0,True,
30,mi_concept,0.0031622776601683,4.677402311887432,0.2016253533984165,0.4490271187783836,0.0108433363637228,11.6045622782552,2.248768270461069,0.5845243678235053,5.392114136089436,3.438134790410023,3.455624220775436,1.0,1.0,1.0,0.3,1.0,True,
30,mi_concept,0.0059948425031894,4.68271279997537,0.1966760051520863,0.4434816852498943,0.0105791909517683,11.605747595631067,2.6455943583210497,0.4921782488449603,4.385751649560995,2.7418108615667385,2.7488923172344744,1.0,1.0,1.0,0.3,1.0,True,
30,mi_concept,0.0113646366638572,4.68729666884831,0.1923719128336789,0.4386022262069344,0.0103484461678142,11.60679175873454,3.2072455792595465,0.4027037783079102,3.5453701776901982,2.2014632438284214,2.2017479832779614,1.0,1.0,1.0,0.3,1.0,True,
30,mi_concept,0.0215443469003188,4.691381526548639,0.1886079747313735,0.4342901964486115,0.010146405557612,11.607692806223998,4.0392329378110565,0.317569218134099,2.851988525783801,1.7931611067176718,1.7900977345754496,1.0,1.0,1.0,0.3,1.0,True,
30,mi_concept,0.0408423865267452,4.6955071657215575,0.1849571438602745,0.4300664412160923,0.0099523143942207,11.608531553851249,5.33611028569285,0.2388022579903317,2.293439382842493,1.4977675085890956,1.4939954177095311,1.0,1.0,1.0,0.3,1.0,True,
30,mi_concept,0.0774263682681127,4.700078189436626,0.1810045604500053,0.4254463073644021,0.0097457905132179,11.609414146800578,7.478387166753616,0.1691353054207461,1.8602825791444704,1.2968408977950945,1.2937554252841472,1.0,1.0,1.0,0.3,1.0,True,
30,mi_concept,0.146779926762207,4.704771450957,0.1769048978611499,0.4206006393969818,0.0095345606912302,11.610335605991809,11.221337138289366,0.1118187889686025,1.5420829491978767,1.1694706349002812,1.1674002557591996,1.0,1.0,1.0,0.3,1.0,True,
30,mi_concept,0.2782559402207126,4.708812090969906,0.1732894560646531,0.4162805016628249,0.0093500679318504,11.611163998009792,18.03991195492164,0.0690486165835243,1.323935720709022,1.093729372429329,1.0924852143184285,1.0,1.0,1.0,0.3,1.0,True,
30,mi_concept,0.5274997063702619,4.711739612802058,0.1706111816016276,0.4130510641574811,0.0092143431464026,11.611787381220427,30.75824764673405,0.0402744453555441,1.1851257245685225,1.050790169339047,1.050086607987046,1.0,1.0,1.0,0.3,1.0,True,
30,mi_concept,1.0,4.713606156694462,0.16887673281338,0.4109461434462915,0.009126865878542,11.612195008632524,54.73144248447378,0.0225517704774219,1.102436553017581,1.0271911082694096,1.026806056733476,1.0,1.0,1.0,0.3,1.0,True,
39,mi_concept,1e-05,4.6528157452591055,0.212514038326974,0.4609924493166607,0.0122302197266874,11.621059781195532,0.0540641602209937,25.70628684643047,343.8144251597269,264.40408882099786,267.42630269693586,1.0,10.0,0.1,0.5,1.0,True,
39,mi_concept,1.8957356524063752e-05,4.647399198840523,0.2152518676193207,0.4639524411179671,0.0123841060281805,11.618070684331189,0.0514819886878675,27.21675485860108,259.137358944945,175.24321147439795,178.03748236306637,1.0,10.0,0.1,0.5,1.0,True,
39,mi_concept,3.5938136638046256e-05,4.643770508524742,0.2172283326318864,0.4660776036583247,0.0124857016599805,11.61513013080572,0.0672499493486046,20.96097674545861,170.48592344611416,105.90722757932984,107.7208900743153,1.0,10.0,0.1,0.5,1.0,True,
39,mi_concept,6.812920690579608e-05,4.644045006777504,0.2166685331130436,0.4654766730063319,0.0124495622671356,11.614229811733372,0.1130777974735695,12.452170582941124,102.9187261796701,64.50676443761944,65.42924982650212,1.0,10.0,0.1,0.5,1.0,True,
39,mi_concept,0.0001291549665014,4.647304022347582,0.2136369584486301,0.4622087823144754,0.0123034056275878,11.61545154838497,0.2006341577629818,6.964732201906652,63.03549897627492,41.569822315749136,41.9911433944504,1.0,10.0,0.1,0.5,1.0,True,
39,mi_concept,0.0002448436746822,4.653117090847596,0.2085423960182688,0.4566644238587771,0.0120631289106086,11.617905296684407,0.332405534469237,4.149892214938455,40.90505266864942,28.161191655166263,28.32458764144384,1.0,10.0,0.1,0.5,1.0,True,
39,mi_concept,0.0004641588833612,4.660777523734634,0.2022067976996111,0.4496741016554224,0.0117658721492123,11.62108122227415,0.4942003183554223,2.7471046246162705,27.855807877772616,19.486684676707775,19.518658281101867,1.0,10.0,0.1,0.5,1.0,True,
39,mi_concept,0.0008799225435691,4.667752320354571,0.196504863950582,0.4432886914309703,0.0115079595032508,11.62387108983392,0.6794037656209405,1.9709556422210572,19.296027117754285,13.36949970017824,13.3359968616171,1.0,10.0,0.1,0.5,1.0,True,
39,mi_concept,0.0016681005372,4.672994171755985,0.1921060543202346,0.4382990466795868,0.0113317635872012,11.62595309766353,0.93342875083759,1.4214749496018435,13.178891192806551,8.982999125779505,8.925013860068745,1.0,10.0,0.1,0.5,1.0,True,
39,mi_concept,0.0031622776601683,4.676999100220449,0.1887689254917597,0.434475460172102,0.011235773605856,11.62761723660969,1.343797813575953,0.9830545569700746,8.766401099151876,5.940221687267489,5.885492600898711,1.0,10.0,0.1,0.5,1.0,True,
39,mi_concept,0.0059948425031894,4.6798778250962005,0.1863403851132068,0.4316716172198571,0.0112171633461197,11.628826800345475,2.048500897226356,0.6452277643999008,5.7208363581755775,3.9320400193463656,3.892855119313495,1.0,10.0,0.1,0.5,1.0,True,
39,mi_concept,0.0113646366638572,4.682092788132178,0.1842618531522008,0.4292573274298306,0.0112399259933745,11.629586204955988,3.2978965479684144,0.402265240268127,3.741901300818472,2.6768557425730752,2.6530493672118527,1.0,10.0,0.1,0.5,1.0,True,
39,mi_concept,0.0215443469003188,4.684505757844212,0.1817875063796008,0.4263654610537782,0.0112458735465369,11.630125368094184,5.5642345569989295,0.2392710599651317,2.531959195229683,1.931472664723596,1.918197967346296,1.0,10.0,0.1,0.5,1.0,True,
39,mi_concept,0.0408423865267452,4.687585030749856,0.1786168151332305,0.4226308260565366,0.011195824242748,11.630691996961229,9.743075122832757,0.1367911362929864,1.831264067343021,1.5069106950369815,1.4997404430539585,1.0,10.0,0.1,0.5,1.0,True,
39,mi_concept,0.0774263682681127,4.690958641183304,0.1751921354686755,0.4185595960776381,0.0110977783732748,11.631311016405428,17.532365398484323,0.0759017207010209,1.4429349670660592,1.2722411413045054,1.268396826621599,1.0,10.0,0.1,0.5,1.0,True,
39,mi_concept,0.146779926762207,4.693878072216046,0.1722553709044346,0.4150365898380945,0.0109919525879164,11.631850522133904,32.159548308337364,0.0412728252803429,1.2340397506201963,1.1450522801268703,1.142997269525985,1.0,10.0,0.1,0.5,1.0,True,
39,mi_concept,0.2782559402207126,4.695943915088977,0.1701784776607603,0.4125269417392763,0.0109092961215888,11.632227204093429,59.76533401406181,0.0221587226971944,1.123342684155271,1.0769339400158675,1.0758393844776946,1.0,10.0,0.1,0.5,1.0,True,
39,mi_concept,0.5274997063702619,4.697222076118933,0.1688855405265174,0.4109568596903055,0.0108557691118835,11.632454280380347,112.007228773123,0.0118057197342988,1.0649857273280714,1.040701937603757,1.040120971510427,1.0,10.0,0.1,0.5,1.0,True,
39,mi_concept,1.0,4.697954563051631,0.1681384490921665,0.4100468864558864,0.0108244275285007,11.632580937737648,210.98478323528067,0.006261841173644,1.0342499864968342,1.021503888192304,1.0211963094753205,1.0,10.0,0.1,0.5,1.0,True,
31,mi_concept,1e-05,4.642690045052799,0.2221941272216037,0.4713747206009289,0.0117155584255017,11.601552434745232,0.3769417585811322,3.718804674947701,50.59595319886144,38.124228649355565,38.8805197646992,1.0,1.0,1.0,0.5,1.0,True,
31,mi_concept,1.8957356524063752e-05,4.638050423530828,0.225460421858845,0.4748267282481526,0.0119577991648726,11.601638983337804,0.579012129830645,2.4375923892719373,37.42692176901564,29.280682298296902,29.76185185103473,1.0,1.0,1.0,0.5,1.0,True,
31,mi_concept,3.5938136638046256e-05,4.635012913806319,0.2275170894006107,0.4769875149315867,0.0121488019537871,11.60201503234876,0.7684449185835001,1.8453992841127096,29.24890751415464,23.121501877204835,23.469014868182665,1.0,1.0,1.0,0.5,1.0,True,
31,mi_concept,6.812920690579608e-05,4.634915229007283,0.2272833770809496,0.4767424641050445,0.0121959499938583,11.602635336938189,0.9211912458968298,1.539128418256457,23.454178083929893,18.37704520256301,18.647239780446373,1.0,1.0,1.0,0.5,1.0,True,
31,mi_concept,0.0001291549665014,4.636673686123384,0.2255652383933931,0.4749370888795622,0.0121362918042084,11.603372016839058,1.0685823449711729,1.321347194321948,18.926374349404195,14.586663176114117,14.799888145540628,1.0,1.0,1.0,0.5,1.0,True,
31,mi_concept,0.0002448436746822,4.639283132306128,0.2231956505415558,0.4724358692368264,0.0120279048898112,11.604145688740015,1.2351472504137766,1.1353267762359691,15.26794113230724,11.545064377123472,11.71205879298723,1.0,1.0,1.0,0.5,1.0,True,
31,mi_concept,0.0004641588833612,4.642301326122976,0.220567958512505,0.4696466315353544,0.0119020534096525,11.60490583645807,1.431659808727228,0.9709791353839086,12.295200735749711,9.10741225752574,9.236304072896557,1.0,1.0,1.0,0.5,1.0,True,
31,mi_concept,0.0008799225435691,4.645248647087323,0.2180678420072599,0.4669773463533964,0.0117831026817024,11.605603979261629,1.6707172376142243,0.8247426866907098,9.87291689996534,7.157667578449915,7.255873604363132,1.0,1.0,1.0,0.5,1.0,True,
31,mi_concept,0.0016681005372,4.647522305957578,0.2161899365367157,0.4649622958226997,0.0116964096788834,11.60615891957653,1.97243563497686,0.6940081454679676,7.894076439159466,5.6029425407290985,5.6776500146082585,1.0,1.0,1.0,0.5,1.0,True,
31,mi_concept,0.0031622776601683,4.648748451046089,0.2152100288651371,0.4639073494407446,0.0116560036949625,11.60652733244037,2.3667644715437057,0.5766446014004591,6.2770456478105,4.369969416361862,4.427576541810823,1.0,1.0,1.0,0.5,1.0,True,
31,mi_concept,0.0059948425031894,4.649043977624871,0.2149636838823345,0.4636417624441682,0.0116542194822042,11.606755588798762,2.8965773786489133,0.4710548214864856,4.961703961267733,3.4019302346428666,3.447278503370633,1.0,1.0,1.0,0.5,1.0,True,
31,mi_concept,0.0113646366638572,4.648838456358707,0.2150999610502473,0.463788703021373,0.0116741722352116,11.606893752953338,3.629649335706265,0.3762414621990595,3.9025071675394334,2.655032128500238,2.6911840900356485,1.0,1.0,1.0,0.5,1.0,True,
31,mi_concept,0.0215443469003188,4.648538362078386,0.2153703753392165,0.4640801389191488,0.0117033975190778,11.606918984516266,4.687704248024713,0.2916670274401018,3.0626658271190395,2.0945741535005893,2.123200271570695,1.0,1.0,1.0,0.5,1.0,True,
31,mi_concept,0.0408423865267452,4.648479318401044,0.2155908712376043,0.4643176404548984,0.0117299981197393,11.606785999569585,6.304715193066433,0.2171439415374895,2.411661233095282,1.6909026144863166,1.7128054203314955,1.0,1.0,1.0,0.5,1.0,True,
31,mi_concept,0.0774263682681127,4.648978884978184,0.2155297637714796,0.4642518322758454,0.0117377937506143,11.60652118642449,8.944366478313885,0.1531987099819344,1.9236160105660824,1.415644417377007,1.43134844639785,1.0,1.0,1.0,0.5,1.0,True,
31,mi_concept,0.146779926762207,4.650096681148886,0.2150760427559319,0.4637629165381077,0.0117184564659636,11.606227217130485,13.52832084404925,0.1012900386501635,1.5748615876169054,1.239476116269157,1.249846579807959,1.0,1.0,1.0,0.5,1.0,True,
31,mi_concept,0.2782559402207126,4.651491051699233,0.2143898264487571,0.4630224902191653,0.0116816242107472,11.605997553956788,21.85569486147324,0.06265176090666,1.3406507721886962,1.1334261066597535,1.1397659698742095,1.0,1.0,1.0,0.5,1.0,True,
31,mi_concept,0.5274997063702619,4.652733396337992,0.2137299332341216,0.4623093479847899,0.0116440663096023,11.605855670181215,37.3701514133409,0.0366076250967483,1.1936681165352343,1.072662585979644,1.076318643025724,1.0,1.0,1.0,0.5,1.0,True,
31,mi_concept,1.0,4.653624550064803,0.2132385700680953,0.4617776197133154,0.0116154820734924,11.605778660088262,66.60076179035356,0.020525146337571,1.1068422170107088,1.039018877663075,1.041048191391296,1.0,1.0,1.0,0.5,1.0,True,
40,mi_concept,1e-05,4.62939732171386,0.2392837663776666,0.489166399477383,0.012887815465365,11.59817715093269,0.4807554716461806,3.0037779017887853,26.71293988657329,16.846049677259796,17.251195615314938,1.0,10.0,1.0,0.1,0.1,True,
40,mi_concept,1.8957356524063752e-05,4.628651367108489,0.2394498275884645,0.4893361090175795,0.0129404108625267,11.598338291678312,0.5880225143301847,2.458352994441777,21.561684295110435,13.488961372254288,13.819460240218564,1.0,10.0,1.0,0.1,0.1,True,
40,mi_concept,3.5938136638046256e-05,4.629478664420983,0.2384020067765165,0.4882642796442481,0.012917690699621,11.598736103832431,0.7125174010053001,2.026098112111582,17.46170797250454,10.810423578514062,11.07505654047366,1.0,10.0,1.0,0.1,0.1,True,
40,mi_concept,6.812920690579608e-05,4.63088374251349,0.2369176823119491,0.4867419052351555,0.0128641637508392,11.599208164950271,0.8634885347979754,1.668613336178435,14.138810417577282,8.666761304611024,8.877041010276875,1.0,10.0,1.0,0.1,0.1,True,
40,mi_concept,0.0001291549665014,4.632516131098522,0.2353587942830534,0.4851379126424294,0.0128005311727518,11.599648211157556,1.0487844864629632,1.3712538162522752,11.437327225548428,6.947957057514052,7.114581184428597,1.0,10.0,1.0,0.1,0.1,True,
40,mi_concept,0.0002448436746822,4.634083695052418,0.2340065484248276,0.4837422334516882,0.0127469513905128,11.599986908551076,1.2790536965954915,1.1229302521531013,9.236762742741314,5.568517490727492,5.700311410268761,1.0,10.0,1.0,0.1,0.1,True,
40,mi_concept,0.0004641588833612,4.635404319571878,0.2329736792766509,0.4826734706575978,0.0127139871452804,11.60021919210234,1.5691204910735923,0.9147476395639262,7.442487287365378,4.462181791372279,4.565995084625476,1.0,10.0,1.0,0.1,0.1,True,
40,mi_concept,0.0008799225435691,4.636461036028918,0.2322394506353701,0.4819122852090099,0.01270222688776,11.6003725143421,1.9400041029067143,0.7397277383568884,5.980357346226147,3.5775851964243555,3.658528277274204,1.0,10.0,1.0,0.1,0.1,True,
40,mi_concept,0.0016681005372,4.637394599901551,0.2316770714810729,0.4813284444961391,0.0127056469144605,11.600477061451254,2.423153156673469,0.5921731411075353,4.791162733757102,2.8745058845001767,2.936450746487024,1.0,10.0,1.0,0.1,0.1,True,
40,mi_concept,0.0031622776601683,4.638364796219303,0.2311520755034547,0.4807827737174603,0.0127191559865206,11.600539592462033,3.070295574553477,0.4671971062686817,3.827074195873639,2.321491406067436,2.3676903869284938,1.0,10.0,1.0,0.1,0.1,True,
40,mi_concept,0.0059948425031894,4.639533270385358,0.2305976181735236,0.4802058081422211,0.0127428534225331,11.600519616621796,3.974382281403299,0.3607149847158977,3.0505409791679,1.8946623071122823,1.9280790374404893,1.0,10.0,1.0,0.1,0.1,True,
40,mi_concept,0.0113646366638572,4.641209298565569,0.2299257170449086,0.4795057007428677,0.0127740060204735,11.60035485565634,5.31450565901327,0.269592833856959,2.433816344635423,1.5763768054244638,1.5996534242859994,1.0,10.0,1.0,0.1,0.1,True,
40,mi_concept,0.0215443469003188,4.643799587300316,0.2289359960907045,0.4784725656615064,0.0127966332709711,11.60004113760711,7.452171657840671,0.1921024924519994,1.957373633664594,1.351904009420004,1.3673141437062848,1.0,10.0,1.0,0.1,0.1,True,
40,mi_concept,0.0408423865267452,4.6472770099103045,0.2275367421533369,0.4770081153956785,0.012792846137032,11.599672905508177,11.116017067354417,0.1285976936035099,1.6062218485601871,1.204565587580531,1.2141643882149549,1.0,10.0,1.0,0.1,0.1,True,
40,mi_concept,0.0774263682681127,4.650918927885855,0.2259766248171683,0.4753699872911291,0.0127645469639959,11.59936677366376,17.73275850742086,0.0804522498385302,1.3639525054716377,1.1145155686546244,1.1201610077885098,1.0,10.0,1.0,0.1,0.1,True,
40,mi_concept,0.146779926762207,4.653929557126261,0.2246245353192827,0.4739457092529509,0.0127289593551768,11.599166700556896,30.03171474990658,0.047411834048496,1.2087660476509774,1.062511599453131,1.0656907939516018,1.0,10.0,1.0,0.1,0.1,True,
40,mi_concept,0.2782559402207126,4.656013453951571,0.2236591532462697,0.4729261604587652,0.0126994480420599,11.599052780664575,53.18481501126932,0.0267321573924182,1.1158129471235352,1.0336072011230426,1.0353476935628212,1.0,10.0,1.0,0.1,0.1,True,
40,mi_concept,0.5274997063702619,4.657297735447088,0.2230528970503822,0.4722847626701313,0.0126795768816272,11.598991744770824,96.97808036097994,0.0146463345120572,1.06287048632774,1.0179113262186297,1.018848368017924,1.0,10.0,1.0,0.1,0.1,True,
40,mi_concept,1.0,4.658036037711879,0.2227005884454048,0.4719116320301978,0.0126676237160053,11.598959664668737,179.94181425045957,0.0078890098629676,1.0336929722833368,1.0095004655705566,1.0100002254864362,1.0,10.0,1.0,0.1,0.1,True,
43,mi_concept,1e-05,4.644692128407151,0.2230281956121966,0.4722586109455248,0.0121508286368572,11.60315578151654,0.0816908800200445,16.887107512114323,107.67119578049171,51.76963366577914,53.10179287759066,1.0,10.0,1.0,0.5,0.1,True,
43,mi_concept,1.8957356524063752e-05,4.642984673246657,0.2241118513967336,0.4734045325054817,0.0122043739639678,11.60312913930835,0.1496355852910353,9.240103207673918,67.9659584308636,37.356638220949016,38.11807717513634,1.0,10.0,1.0,0.5,0.1,True,
43,mi_concept,3.5938136638046256e-05,4.638665149700033,0.2269271245383058,0.4763686855139681,0.0123702093018602,11.603055135044414,0.2601638598817177,5.350790881220855,46.17223232961976,28.47917476104571,28.964582153329477,1.0,10.0,1.0,0.5,0.1,True,
43,mi_concept,6.812920690579608e-05,4.633610377938503,0.230181569841837,0.4797724146320181,0.012584720682981,11.603183546167571,0.4068030965406483,3.451273011487729,33.62288269198498,22.26647373972938,22.617208044201718,1.0,10.0,1.0,0.5,0.1,True,
43,mi_concept,0.0001291549665014,4.630745082766035,0.2319090708216001,0.4815693831854348,0.0127347841601806,11.603530318755237,0.5696878038826865,2.478095415864842,25.58277851126401,17.482988469280333,17.754038978403557,1.0,10.0,1.0,0.5,0.1,True,
43,mi_concept,0.0002448436746822,4.629950547596028,0.2320884459648205,0.4817555873727055,0.0128106316365805,11.603996283682427,0.7561951088340226,1.8702692785103852,19.75651929609391,13.681683883670226,13.891897644900103,1.0,10.0,1.0,0.5,0.1,True,
43,mi_concept,0.0004641588833612,4.629983049891553,0.2314771661069761,0.4811207396350485,0.0128814818976604,11.604761050279375,0.996006225079889,1.4210116633266263,15.225910686641557,10.653341292347852,10.812341183032572,1.0,10.0,1.0,0.5,0.1,True,
43,mi_concept,0.0008799225435691,4.630942947201521,0.2299474503570151,0.4795283624114586,0.0129724147176415,11.606055005091008,1.3158940654662543,1.0767113843788394,11.648947881781789,8.246348399496677,8.363625278991252,1.0,10.0,1.0,0.5,0.1,True,
43,mi_concept,0.0016681005372,4.633876106683038,0.2266412914774656,0.4760685785445891,0.0130553217547145,11.608167575081008,1.741313556686694,0.8147980149083471,8.831387749863977,6.3414276681279445,6.426877634532442,1.0,10.0,1.0,0.5,0.1,True,
43,mi_concept,0.0031622776601683,4.640356818249908,0.2201902425656994,0.4692443314156276,0.0130543753995413,11.611499443667842,2.2978488941993525,0.6178049042777057,6.6260375793977255,4.845987151338517,4.907579946694573,1.0,10.0,1.0,0.5,0.1,True,
43,mi_concept,0.0059948425031894,4.651655402350946,0.2094184416569232,0.4576225974063378,0.0128586381826507,11.616279537948907,3.005479299253887,0.4709119564457794,4.921119497757901,3.688110920325757,3.731393403395853,1.0,10.0,1.0,0.5,0.1,True,
43,mi_concept,0.0113646366638572,4.667396784027889,0.1944957616943635,0.4410167362973468,0.0123818033744351,11.622051100056584,3.883322951518732,0.3608634572386955,3.6314607598706927,2.811238088448311,2.8403442578490417,1.0,10.0,1.0,0.5,0.1,True,
43,mi_concept,0.0215443469003188,4.684865240834323,0.1776208327343291,0.4214508663347712,0.0116627583195035,11.627555487384182,4.995225417602001,0.2756577586412031,2.68906943269527,2.1691364446935952,2.1876068834576268,1.0,10.0,1.0,0.5,0.1,True,
43,mi_concept,0.0408423865267452,4.700403944995412,0.1620604376884924,0.4025673082709181,0.0108864308148676,11.631514987266684,6.549200039530267,0.2057862108218819,2.033723219018838,1.720425967895937,1.7314041904421775,1.0,10.0,1.0,0.5,0.1,True,
43,mi_concept,0.0774263682681127,4.711833487250527,0.1501553004832262,0.3874987748151292,0.0102512388534624,11.633515942896612,9.029998607095797,0.1464117144514073,1.6049391844216057,1.4243791673078685,1.4305254477611875,1.0,10.0,1.0,0.5,0.1,True,
43,mi_concept,0.146779926762207,4.719246160433831,0.1423037836022097,0.3772317372679686,0.0098325573473029,11.634027102854878,13.384737520956424,0.0974806293074991,1.3413228310066672,1.2406044894324135,1.2439106243292783,1.0,10.0,1.0,0.5,0.1,True,
43,mi_concept,0.2782559402207126,4.723803130058078,0.1376100438330898,0.3709582777524851,0.0095926470779401,11.633810578397584,21.388627313826337,0.0605416369844474,1.1876010814104871,1.132601728349026,1.1343476997624615,1.0,10.0,1.0,0.5,0.1,True,
43,mi_concept,0.5274997063702619,4.726544302486408,0.1349545993439037,0.3673616737547668,0.009464177371872,11.633422116184375,36.38436181600992,0.0354478975264374,1.1013613198185124,1.0717304568034811,1.072647822492737,1.0,10.0,1.0,0.5,0.1,True,
43,mi_concept,1.0,4.728148429718219,0.133496296863746,0.3653714505318471,0.0093968415512087,11.63309984729499,64.69412993668011,0.0198952227183,1.0541960101640993,1.0383692772453978,1.0388513283950152,1.0,10.0,1.0,0.5,0.1,True,
41,mi_concept,1e-05,4.636218579398337,0.2330659726559848,0.4827690676254899,0.0126129890359765,11.599490867090823,0.2702685589179145,5.263077573184576,43.45445656648125,25.993094906153264,26.79568490431095,1.0,10.0,1.0,0.2,0.1,True,
41,mi_concept,1.8957356524063752e-05,4.627419986380144,0.2391923022251519,0.4890729007266216,0.0129995357189378,11.598828980024006,0.3966332161813263,3.6355023302241993,32.747970537630145,20.727977284814354,21.364809712900023,1.0,10.0,1.0,0.2,0.1,True,
41,mi_concept,3.5938136638046256e-05,4.623308089501544,0.2421040500184529,0.4920406995548771,0.0132048049469647,11.598652317133148,0.5244412399983134,2.768552583740325,25.688007521393697,16.568916586822407,17.085231668957267,1.0,10.0,1.0,0.2,0.1,True,
41,mi_concept,6.812920690579608e-05,4.622096213960143,0.2428700846487929,0.4928185108625618,0.0132685364673045,11.598785052202397,0.6659030427131359,2.184061475525712,20.41915453593486,13.235330101351458,13.648752866073586,1.0,10.0,1.0,0.2,0.1,True,
41,mi_concept,0.0001291549665014,4.621541891318424,0.243061657888997,0.4930128374484755,0.0132986403748858,11.599081997756894,0.8434527214961953,1.7242948127600872,16.22778959252462,10.560253186214206,10.886133552546925,1.0,10.0,1.0,0.2,0.1,True,
41,mi_concept,0.0002448436746822,4.621026760149167,0.2431542870129673,0.4931067703986301,0.013337587198083,11.59949329302293,1.0761028082661954,1.3511995530613348,12.8465222809469,8.412997024203356,8.666952827344785,1.0,10.0,1.0,0.2,0.1,True,
41,mi_concept,0.0004641588833612,4.620449417825304,0.2432277793787627,0.4931812844976609,0.0134025440440674,11.600001647871464,1.3869747153052423,1.0490303032162085,10.115180996999127,6.689830924512873,6.886009549204911,1.0,10.0,1.0,0.2,0.1,True,
41,mi_concept,0.0008799225435691,4.619909875920681,0.2431621594418559,0.4931147528130302,0.0135042180378551,11.600640108112534,1.8096230598675216,0.8059586925842298,7.912223947771781,5.30901905614484,5.459145253637545,1.0,10.0,1.0,0.2,0.1,True,
41,mi_concept,0.0016681005372,4.619830378391555,0.2425568464200331,0.4925006055021995,0.0136395430480374,11.601537633556138,2.392428140801457,0.6119924716854728,6.144237843908567,4.2062862794085385,4.319892132344072,1.0,10.0,1.0,0.2,0.1,True,
41,mi_concept,0.0031622776601683,4.621089307825304,0.2406123665454947,0.4905225443804746,0.0137803669854856,11.602951496269991,3.20516855664028,0.4586831053292627,4.737180970635115,3.331384747881051,3.416183542800724,1.0,10.0,1.0,0.2,0.1,True,
41,mi_concept,0.0059948425031894,4.625050991798098,0.2360954597215144,0.4858965524898426,0.0138619440240526,11.60523247459223,4.346736549351072,0.3391408645463691,3.631954792432276,2.64529377835277,2.7075172951781226,1.0,10.0,1.0,0.2,0.1,True,
41,mi_concept,0.0113646366638572,4.632991311374639,0.2278608395500954,0.4773477134648237,0.0137898491741499,11.608616878210846,5.95742354914218,0.2473094083948229,2.782253442418037,2.1177630140100043,2.162479911746333,1.0,10.0,1.0,0.2,0.1,True,
41,mi_concept,0.0215443469003188,4.644847900771318,0.2159929568001073,0.4647504242064845,0.0134927722136778,11.6128388508716,8.264864491542635,0.1772699162142725,2.151353311517093,1.725036421061187,1.7562835375310035,1.0,10.0,1.0,0.2,0.1,True,
41,mi_concept,0.0408423865267452,4.658431707564127,0.2025722669768665,0.4500802894782958,0.0130102482717941,11.616964033823644,11.744073041645366,0.1234643130282657,1.70661981074048,1.44681452464971,1.4677419760183763,1.0,10.0,1.0,0.2,0.1,True,
41,mi_concept,0.0774263682681127,4.670673160002217,0.1905577210748515,0.4365291755139071,0.0124941580913087,11.620042491479396,17.467046193452084,0.0820095664138145,1.4131917014604651,1.262189449900646,1.2754308636649978,1.0,10.0,1.0,0.2,0.1,True,
41,mi_concept,0.146779926762207,4.679808483168832,0.1816774439578479,0.4262363709936635,0.0120777150264386,11.621873377598972,27.63926216616948,0.0512852371025808,1.2324208156367829,1.1478704418801535,1.1557716603059744,1.0,10.0,1.0,0.2,0.1,True,
41,mi_concept,0.2782559402207126,4.6857967417346185,0.1759381595620253,0.4194498296125835,0.0117972659996522,11.62282006451104,46.48071241702819,0.0302698644081453,1.1272816111564532,1.0811236988160229,1.0856203274778369,1.0,10.0,1.0,0.2,0.1,True,
41,mi_concept,0.5274997063702619,4.689402253909994,0.1725320060838842,0.4153697221559176,0.0116276272662709,11.623283654974848,81.93696413662633,0.0170914180853261,1.068559215630254,1.0437452495926345,1.0462234180226566,1.0,10.0,1.0,0.2,0.1,True,
41,mi_concept,1.0,4.691457534710896,0.1706118522811208,0.4130518760169487,0.0115311261938939,11.623510565222208,149.0049415109082,0.009373042015026,1.036578413181516,1.02335455296511,1.0246939170463094,1.0,10.0,1.0,0.2,0.1,True,
44,mi_concept,1e-05,4.630200280653542,0.2405288429819615,0.4904373996566346,0.0129577531696717,11.598191865144347,0.4483432098337533,3.2325876725061438,27.48240540500116,16.89358438451465,17.37326482474903,1.0,10.0,1.0,0.1,1.0,True,
44,mi_concept,1.8957356524063752e-05,4.6310895529467295,0.2389187681997986,0.4887931752794822,0.0128874758823018,11.598647925115214,0.5322354640818827,2.716323555016244,22.42245371098473,13.530427257082152,13.923723673998024,1.0,10.0,1.0,0.1,1.0,True,
44,mi_concept,3.5938136638046256e-05,4.634005800832347,0.2360670107037932,0.4858672768398724,0.0127327612798882,11.599147063924072,0.6196171644120371,2.32043405369874,18.44781783953963,10.84394890436676,11.164790385046771,1.0,10.0,1.0,0.1,1.0,True,
44,mi_concept,6.812920690579608e-05,4.638436799770533,0.23226255355137,0.481936254655499,0.0125158526404838,11.599738335913557,0.7121839063703702,2.0024494219613027,15.270540613914903,8.691764085179127,8.951901951529678,1.0,10.0,1.0,0.1,1.0,True,
44,mi_concept,0.0001291549665014,4.644484090636222,0.2272388982126577,0.476695813084883,0.012224861023953,11.60056420654576,0.8079303604374276,1.7453257009615284,12.723786534886504,6.966047245597385,7.175196735660443,1.0,10.0,1.0,0.1,1.0,True,
44,mi_concept,0.0002448436746822,4.65196328144835,0.2210324183489337,0.4701408494791042,0.0118668273568224,11.601668261676576,0.9058275742852204,1.5350936606878618,10.671595316381614,5.581978247618367,5.748854841254539,1.0,10.0,1.0,0.1,1.0,True,
44,mi_concept,0.0004641588833612,4.660504657566409,0.2139273313071881,0.4625227900408672,0.011463981242052,11.603008681593424,1.0073508920570735,1.3590098194162146,9.000462746076208,4.472524087142489,4.605062929655646,1.0,10.0,1.0,0.1,1.0,True,
44,mi_concept,0.0008799225435691,4.669727229876168,0.2062054533536259,0.4540985062226322,0.0110369416012291,11.604540429463382,1.1172219716197689,1.2053066685283162,7.617896961541121,3.58550685998444,3.690166638174592,1.0,10.0,1.0,0.1,1.0,True,
44,mi_concept,0.0016681005372,4.679166475291261,0.1982082780197868,0.4452058827326822,0.0106069185326284,11.606195467592318,1.2452292206088127,1.0633508297368244,6.448491012371988,2.880462714952024,2.962119921413196,1.0,10.0,1.0,0.1,1.0,True,
44,mi_concept,0.0031622776601683,4.688259641211667,0.1904383691352413,0.4363924485314122,0.0102008797885984,11.607845014878126,1.409319520955045,0.9243060404488752,5.432438456739799,2.3259568882086645,2.388477789269219,1.0,10.0,1.0,0.1,1.0,True,
44,mi_concept,0.0059948425031894,4.696554172948408,0.1833942049065226,0.4282454960726646,0.0098433144844624,11.609342491246718,1.6402196747845037,0.7823510914803624,4.528034753311393,1.898032278734961,1.944624649125232,1.0,10.0,1.0,0.1,1.0,True,
44,mi_concept,0.0113646366638572,4.703994974159578,0.177279316323735,0.4210455038635788,0.009543128706688,11.610600715826513,1.990548344188117,0.6360986562936759,3.714886512363577,1.5788786204704854,1.612200820063851,1.0,10.0,1.0,0.1,1.0,True,
44,mi_concept,0.0215443469003188,4.71095730246912,0.171873657464656,0.4145764796327163,0.0092876801820699,11.611641415671516,2.554197212247928,0.4897111277974524,2.99436850835826,1.3536578786901996,1.376117552054593,1.0,10.0,1.0,0.1,1.0,True,
44,mi_concept,0.0408423865267452,4.717702340636649,0.1668478608393092,0.4084701468152957,0.0090564853993263,11.612556959134572,3.5061080503961453,0.3526107011001139,2.383629221911406,1.205700700906535,1.2198291367246814,1.0,10.0,1.0,0.1,1.0,True,
44,mi_concept,0.0774263682681127,4.723882512415379,0.1622253031584777,0.4027720238031406,0.0088445808966115,11.613402605202662,5.180572634793268,0.2360341530251596,1.901552311896408,1.1151979837563164,1.1235475373003485,1.0,10.0,1.0,0.1,1.0,True,
44,mi_concept,0.146779926762207,4.728882680574502,0.1583523363067963,0.3979350905698017,0.0086651367995939,11.614144615036375,8.22157026593034,0.1473433261313984,1.552839314380875,1.0629004475588226,1.0676131058874905,1.0,10.0,1.0,0.1,1.0,True,
44,mi_concept,0.2782559402207126,4.73242596816827,0.1554903252569514,0.3943226157056572,0.0085308654794121,11.614721403753736,13.865588972746108,0.0867551846678176,1.3219807200439009,1.0338214025090118,1.036404200848931,1.0,10.0,1.0,0.1,1.0,True,
44,mi_concept,0.5274997063702619,4.734680406805214,0.153604941262719,0.3919246627385409,0.0084415909379384,11.61511602572877,24.469931843412304,0.0489291804970578,1.1804573879171163,1.0180270219667478,1.0194182817669637,1.0,10.0,1.0,0.1,1.0,True,
44,mi_concept,1.0,4.73601022341289,0.1524659910355142,0.3904689373503534,0.0083873528349787,11.61536017404125,44.50725037552745,0.0268245591254495,1.098588485122714,1.009562275609812,1.0103044865084956,1.0,10.0,1.0,0.1,1.0,True,
42,mi_concept,1e-05,4.65059007292729,0.2196154222085979,0.4686314353610926,0.0119975073045055,11.603158922057087,0.1583537849512124,8.828534657248264,63.02736448716672,34.27618168405879,35.03047556233715,1.0,10.0,1.0,0.3,0.1,True,
42,mi_concept,1.8957356524063752e-05,4.644077877483177,0.2236423128893025,0.4729083556983345,0.0122468567879275,11.602949040391731,0.2672722653018468,5.269540868437256,43.8664807369768,26.699202537317785,27.21603959436724,1.0,10.0,1.0,0.3,0.1,True,
42,mi_concept,3.5938136638046256e-05,4.637877581674247,0.2274808907266284,0.4769495683262837,0.0125154304752915,11.60297875064893,0.4010553367668197,3.538160321204177,32.66915780138673,21.176196173166066,21.56720429116725,1.0,10.0,1.0,0.3,0.1,True,
42,mi_concept,6.812920690579608e-05,4.634919094560786,0.2291841560793055,0.4787318206253951,0.0126680381564232,11.60324117574691,0.5427976262557342,2.6240317953241044,25.319923775834997,16.835412898203273,17.1419605581601,1.0,10.0,1.0,0.3,0.1,True,
42,mi_concept,0.0001291549665014,4.633928402694608,0.2294944047774708,0.4790557428707757,0.0127299175808054,11.603620949209745,0.705809264596736,2.020321825202462,19.86507673950285,13.358241160052108,13.598423838352062,1.0,10.0,1.0,0.3,0.1,True,
42,mi_concept,0.0002448436746822,4.633251986021789,0.2294693678478707,0.4790296106169959,0.0127866179298973,11.604204509873048,0.9178162864933088,1.555200007337987,15.550618579686429,10.569857886925307,10.75579960615301,1.0,10.0,1.0,0.3,0.1,True,
42,mi_concept,0.0004641588833612,4.632841073227917,0.2290825547662651,0.4786256938007665,0.0128629306030407,11.605133249838786,1.2043639480927308,1.1864550869338306,12.097392260731027,8.336623215298056,8.477534736749424,1.0,10.0,1.0,0.3,0.1,True,
42,mi_concept,0.0008799225435691,4.633309661597449,0.2278423725815655,0.4773283697640079,0.012949302946585,11.606580328754688,1.5947365311220998,0.896495388497566,9.341743880077766,6.55179804329983,6.655768687022801,1.0,10.0,1.0,0.3,0.1,True,
42,mi_concept,0.0016681005372,4.635673106336164,0.2249419877329485,0.4742804947844139,0.0130136939208062,11.608825964001978,2.126936308624176,0.6716633561771717,7.1550820121463685,5.130584769478514,5.2052181735913,1.0,10.0,1.0,0.3,0.1,True,
42,mi_concept,0.0031622776601683,4.641492928308108,0.2190723724526706,0.4680516771176775,0.0129823549353222,11.612300411606414,2.846233373624594,0.5001010767920215,5.43358768694601,4.0064006188509,4.058519184970983,1.0,10.0,1.0,0.3,0.1,True,
42,mi_concept,0.0059948425031894,4.652429342849793,0.208719662298776,0.4568584707530069,0.0127352699411348,11.617385156190176,3.796924500236535,0.37140349558899,4.095190159819062,3.127292723352102,3.162778084182785,1.0,10.0,1.0,0.3,0.1,True,
42,mi_concept,0.0113646366638572,4.668921226364446,0.1932810533879094,0.4396374112696842,0.0121527165694324,11.62389505203762,5.015038543422046,0.2760989885486316,3.0766002576113,2.45270819576444,2.47637813582638,1.0,10.0,1.0,0.3,0.1,True,
42,mi_concept,0.0215443469003188,4.688690443280321,0.1745071106860748,0.4177404824601931,0.0112395016712377,11.630623855948343,6.566901178594019,0.2049108245262341,2.3284479424123763,1.9503334382853408,1.965860094766631,1.0,10.0,1.0,0.3,0.1,True,
42,mi_concept,0.0408423865267452,4.707225422076975,0.1563742539325498,0.3954418464610818,0.0102153993886092,11.635937927181866,8.704040488170016,0.1493187784284633,1.8074618275833731,1.59241885545177,1.6024075068547337,1.0,10.0,1.0,0.3,0.1,True,
42,mi_concept,0.0774263682681127,4.720980638708498,0.1423747224691333,0.3773257511343923,0.0093651969805496,11.639098236817505,12.10895189280939,0.1039722891913703,1.4681765668006868,1.351928798518492,1.358161960762909,1.0,10.0,1.0,0.3,0.1,True,
42,mi_concept,0.146779926762207,4.729529445966213,0.1333123338466402,0.3651196158064371,0.008805661954711,11.640519347696245,18.16482859571601,0.0677708476107661,1.2616585179487927,1.2005743211629896,1.2043066750397946,1.0,10.0,1.0,0.3,0.1,True,
42,mi_concept,0.2782559402207126,4.734345505706022,0.1280509423965998,0.357842063481363,0.008485972182688,11.640991945278987,29.43235909681056,0.0412753444522276,1.1426745252016897,1.1108620782726573,1.1130053932686037,1.0,10.0,1.0,0.3,0.1,True,
42,mi_concept,0.5274997063702619,4.736956917137537,0.1251560767328147,0.3537740475682392,0.0083146858392531,11.641087860683305,50.68051477309986,0.0237991831950961,1.0766473333797772,1.0600624231719613,1.0612531553642126,1.0,10.0,1.0,0.3,0.1,True,
42,mi_concept,1.0,4.738355418898985,0.1235996569276667,0.3515674287070216,0.0082247338434134,11.641075861917011,90.90040257409576,0.013219166926697,1.0408314776349177,1.032153509329414,1.0328005671571063,1.0,10.0,1.0,0.3,0.1,True,
48,mi_concept,1e-05,4.906324607016888,0.0623479167530618,0.2496956482461435,0.0025584902938006,11.679954237797675,0.4517963775904856,1.4455149840552135,27.062539285463828,27.833894675163112,31.146025779973545,3.0,1.0,0.1,0.1,0.1,True,
48,mi_concept,1.8957356524063752e-05,4.762299047874908,0.2026566881417658,0.4501740642704395,0.0090494889157643,11.631381055043075,1.3840564112581744,0.9031424385840638,21.76051217942522,21.412105070979948,23.813253935388857,3.0,1.0,0.1,0.1,0.1,True,
48,mi_concept,3.5938136638046256e-05,4.558345709889146,0.3882748771415351,0.6231170653589381,0.0177653865055674,11.568669617706572,2.7045785224480943,0.655992446835903,17.56129523825313,16.756313192067385,18.61790889085722,3.0,1.0,0.1,0.1,0.1,True,
48,mi_concept,6.812920690579608e-05,4.372712058901061,0.5468275239792467,0.7394778725420029,0.0253216744167854,11.515572607170316,4.13192001462597,0.515941576843705,14.163468604607075,13.202122029666064,14.674845437004556,3.0,1.0,0.1,0.1,0.1,True,
48,mi_concept,0.0001291549665014,4.242630575519366,0.6518744101438869,0.8073873978109188,0.0304812206423206,11.480503519405064,5.5928607566514605,0.4189847878920059,11.406484306401971,10.438651070744566,11.60092626864445,3.0,1.0,0.1,0.1,0.1,True,
48,mi_concept,0.0002448436746822,4.1638767079450645,0.7119103459211352,0.8437477975800205,0.0335768318378867,11.460612989596646,7.154798144921048,0.3429857154815561,9.168828934523969,8.2686575468681,9.178025147475834,3.0,1.0,0.1,0.1,0.1,True,
48,mi_concept,0.0004641588833612,4.121066631177705,0.7411945326741206,0.8609265547502415,0.035228519239987,11.45114049827354,8.930903662834313,0.2798066530799134,7.352284953437931,6.553460423039785,7.257723847509684,3.0,1.0,0.1,0.1,0.1,True,
48,mi_concept,0.0008799225435691,4.102775963141484,0.7494598699470258,0.8657135033872498,0.0359080568726233,11.448574408302964,11.06434904421046,0.2262757531790269,5.877851183676132,5.194499760469042,5.732972746955293,3.0,1.0,0.1,0.1,0.1,True,
48,mi_concept,0.0016681005372,4.102179691167702,0.742698056059445,0.8617993130998917,0.0359304673183069,11.450699182948211,13.75577130545663,0.1807680354860596,4.683582429356779,4.1190912718308,4.523662419493458,3.0,1.0,0.1,0.1,0.1,True,
48,mi_concept,0.0031622776601683,4.115303442170271,0.7245918446518333,0.8512296074807509,0.035478604528857,11.456333817050394,17.290047511513116,0.1421888597490004,3.7216235456424656,3.2716532207578912,3.5684526503326626,3.0,1.0,0.1,0.1,0.1,True,
48,mi_concept,0.0059948425031894,4.140194712213383,0.6970841549789988,0.8349156574043864,0.0346232171865063,11.465038182889748,22.077801541962614,0.1096978765848229,2.954497428419108,2.6092698532299186,2.8204808107730805,3.0,1.0,0.1,0.1,0.1,True,
48,mi_concept,0.0113646366638572,4.175129133527969,0.6618231840617643,0.8135251588376136,0.0333884258404183,11.476485513101297,28.7696879433564,0.08258109512748,2.353122220843051,2.0994328754384903,2.244590761816897,3.0,1.0,0.1,0.1,0.1,True,
48,mi_concept,0.0215443469003188,4.215351560666964,0.6230193511587057,0.7893157487081489,0.0318884186322712,11.489410910093188,38.6107715161549,0.0601348284388763,1.8954099011263,1.718009844014078,1.8141896697585305,3.0,1.0,0.1,0.1,0.1,True,
48,mi_concept,0.0408423865267452,4.252735137684689,0.587759985005021,0.7666550625966159,0.0303975620569598,11.501366785859611,54.32674755735456,0.0417484591437731,1.5629418851038857,1.445703889919263,1.5070380901175586,3.0,1.0,0.1,0.1,0.1,True,
48,mi_concept,0.0774263682681127,4.281007682746067,0.561389717744014,0.7492594462160714,0.0291889231546256,11.510364838749286,81.65687719211262,0.0272340978680193,1.3362825987070786,1.2633003410411732,1.300816965862004,3.0,1.0,0.1,0.1,0.1,True,
48,mi_concept,0.146779926762207,4.29929880499617,0.5444292490659643,0.7378544904423665,0.0283557187616333,11.516140615388846,131.7649599155946,0.0166427313882601,1.192297050057786,1.1492875315426403,1.1712760365323034,3.0,1.0,0.1,0.1,0.1,True,
48,mi_concept,0.2782559402207126,4.310043839933485,0.5345010364810057,0.7310957779121732,0.0278405621152518,11.519505979734124,225.7158701169681,0.0096297031183781,1.106489301279311,1.0821996204040476,1.0946160127193056,3.0,1.0,0.1,0.1,0.1,True,
48,mi_concept,0.5274997063702619,4.316033162552889,0.5289795480623251,0.7273098019842198,0.0275428187494193,11.521370141706887,403.2248693545107,0.0053625034139521,1.05775419754163,1.0444249700083614,1.0512470310977315,3.0,1.0,0.1,0.1,0.1,True,
48,mi_concept,1.0,4.3192828348688215,0.5259879530727696,0.7252502692676298,0.0273775105287149,11.522377526168532,739.403797027578,0.0029158576115882,1.030935571194644,1.023748117198633,1.027430954493719,3.0,1.0,0.1,0.1,0.1,True,
47,mi_concept,1e-05,4.656603679371212,0.2101721294766271,0.4584453396825265,0.0117049780583397,11.606711187418416,0.053496564484174,25.53877827458068,143.85393289412312,61.9709713104048,62.13020838180372,1.0,10.0,1.0,0.5,1.0,True,
47,mi_concept,1.8957356524063752e-05,4.657269430007858,0.2093365827984167,0.4575331493983979,0.0116363569800879,11.606955524723588,0.0955420108134023,14.256616849664091,89.1667549419867,43.24319603158949,43.31045426183604,1.0,10.0,1.0,0.5,1.0,True,
47,mi_concept,3.5938136638046256e-05,4.655141168131717,0.2100595245212121,0.4583225114711387,0.0117014720698397,11.607395062446672,0.1671315129118475,8.163844271616638,58.52149610978525,32.24443980225339,32.26378900872951,1.0,10.0,1.0,0.5,1.0,True,
47,mi_concept,6.812920690579608e-05,4.652177790281662,0.2111818341342383,0.4595452471022176,0.0118177798382706,11.608187471639342,0.2647021869011797,5.172344873872334,41.55219279035323,24.97180388670411,24.96507104207288,1.0,10.0,1.0,0.5,1.0,True,
47,mi_concept,0.0001291549665014,4.65032865040473,0.2118574399132211,0.4602797409328604,0.0119231574731924,11.60901439861,0.3674303554224422,3.7388276577549817,31.437228185309603,19.540364856329784,19.51849505833911,1.0,10.0,1.0,0.5,1.0,True,
47,mi_concept,0.0002448436746822,4.650095622413351,0.2117924914287023,0.4602091822516173,0.0119634528150175,11.609366557727345,0.4646067728662873,2.961507697921823,24.59946932107732,15.23123440937045,15.202411011103871,1.0,10.0,1.0,0.5,1.0,True,
47,mi_concept,0.0004641588833612,4.650575940222041,0.2113576341981621,0.4597364834317177,0.0119544451725909,11.609429276806576,0.5704607160212812,2.412185272441942,19.389962205128565,11.777141526869082,11.748764329346445,1.0,10.0,1.0,0.5,1.0,True,
47,mi_concept,0.0008799225435691,4.651034370463719,0.2109824914762484,0.4593283046756953,0.0119389926795836,11.60946820462084,0.7022268358222711,1.9593118574176096,15.199110495024142,9.020584288033854,8.997694482128367,1.0,10.0,1.0,0.5,1.0,True,
47,mi_concept,0.0016681005372,4.651269695551774,0.210806807316388,0.4591370245540954,0.0119348423279337,11.609519203771708,0.8746548041832816,1.573213786988864,11.798755770895768,6.840634531275107,6.825176166104026,1.0,10.0,1.0,0.5,1.0,True,
47,mi_concept,0.0031622776601683,4.651337785847326,0.2107816504227567,0.4591096278915927,0.0119445067934172,11.609575443385234,1.108026802474334,1.2422722119096905,9.050895903580097,5.140508483664256,5.131475003649864,1.0,10.0,1.0,0.5,1.0,True,
47,mi_concept,0.0059948425031894,4.6513127475505565,0.2108726847778269,0.4592087594741926,0.0119698682827245,11.609614191419046,1.4358813187670705,0.9593712048719722,6.852247906950743,3.840790944281896,3.835707026611296,1.0,10.0,1.0,0.5,1.0,True,
47,mi_concept,0.0113646366638572,4.65121663733121,0.2111149276174302,0.4594724448946098,0.0120137976828017,11.609581650811291,1.9157690243563956,0.7201518601475456,5.124559791638116,2.8748584158422297,2.87166728751858,1.0,10.0,1.0,0.5,1.0,True,
47,mi_concept,0.0215443469003188,4.651122533678038,0.2115039958804022,0.4598956358570956,0.0120739926581342,11.60941246128413,2.650594940579482,0.5216226920953129,3.803543223628685,2.1845028564612634,2.182261178613243,1.0,10.0,1.0,0.5,1.0,True,
47,mi_concept,0.0408423865267452,4.651211572984,0.2119361643454229,0.4603652510186047,0.0121409411690703,11.609065348303828,3.8341642781456287,0.361421310672053,2.829055121596657,1.7152926990623767,1.7137196254590472,1.0,10.0,1.0,0.5,1.0,True,
47,mi_concept,0.0774263682681127,4.651642585876836,0.2122831963759098,0.4607420063071196,0.0122027003151882,11.608563666067102,5.843093338776256,0.2376048924411185,2.1414637481324514,1.414275020484176,1.413246634307922,1.0,10.0,1.0,0.5,1.0,True,
47,mi_concept,0.146779926762207,4.652391930797147,0.2124734100477113,0.460948381109763,0.0122500530564687,11.608009146621594,9.412244302715658,0.1476795386588989,1.6813719775927014,1.2319464086705931,1.231326322712414,1.0,10.0,1.0,0.5,1.0,True,
47,mi_concept,0.2782559402207126,4.653248143689897,0.2125203962327917,0.4609993451544066,0.0122802376412407,11.607523121217053,15.961832838064282,0.0871272794141058,1.390865301007386,1.1267733151847266,1.1264213819658198,1.0,10.0,1.0,0.5,1.0,True,
47,mi_concept,0.5274997063702619,4.653985692341184,0.2124903623217113,0.4609667692162975,0.0122967347300271,11.607169408407236,28.20607224435875,0.0493099130553846,1.2173242152511516,1.0682333640142925,1.068040639229102,1.0,10.0,1.0,0.5,1.0,True,
47,mi_concept,1.0,4.6545083303265695,0.2124423564501849,0.4609146954157406,0.0123049628063252,11.60694370346221,51.2973745876063,0.0271113620799583,1.118248789266202,1.0363937988680236,1.0362902074252225,1.0,10.0,1.0,0.5,1.0,True,
50,mi_concept,1e-05,4.125086723923572,0.702315667233728,0.8380427597883822,0.0361953032780874,11.46144907418439,0.9713152698055828,2.624500866062328,63.46624636326987,55.62539820572741,61.2301286717188,3.0,1.0,0.1,0.3,0.1,True,
50,mi_concept,1.8957356524063752e-05,4.131324884733193,0.6950413830691633,0.8336914195727118,0.0358306494705767,11.464892085371616,1.727062572153098,1.466049528331688,43.98556286919069,39.57215169219982,42.67234573393674,3.0,1.0,0.1,0.3,0.1,True,
50,mi_concept,3.5938136638046256e-05,4.147066429570296,0.6788480596213282,0.8239223626175759,0.0351000700616887,11.471883205092883,2.7932636647833733,0.8943084993213957,32.60333532686696,29.89644774087388,31.74532354254073,3.0,1.0,0.1,0.3,0.1,True,
50,mi_concept,6.812920690579608e-05,4.1772449697079255,0.6507915014488465,0.8067164938495099,0.0338764764332532,11.483378439805744,3.95466688616213,0.6178356574133411,25.14255183760686,23.292310088902,24.52102461142161,3.0,1.0,0.1,0.3,0.1,True,
50,mi_concept,0.0001291549665014,4.225127395896517,0.6090334119843371,0.7804059276968218,0.0320073927618876,11.499867473209314,5.038814010222219,0.4690586572843898,19.6229374876411,18.27526425419623,19.155478817595977,3.0,1.0,0.1,0.3,0.1,True,
50,mi_concept,0.0002448436746822,4.299649859452684,0.5455884742592214,0.7386396105403645,0.029019358629977,11.52370071245095,6.016523673358543,0.3721479248028735,15.281387318265532,14.296224942308768,14.930335825089964,3.0,1.0,0.1,0.3,0.1,True,
50,mi_concept,0.0004641588833612,4.403646488121139,0.4568198104140408,0.6758844652853332,0.0246957049915131,11.555037612632075,6.726135950285983,0.305964930931373,11.835860383067883,11.124878018050447,11.567782364747842,3.0,1.0,0.1,0.3,0.1,True,
50,mi_concept,0.0008799225435691,4.520247051343183,0.3558431349003917,0.5965258878710896,0.0196777864354286,11.588548122564928,6.982592458852998,0.2632712731142867,9.117445038722538,8.605815888910966,8.903456512636664,3.0,1.0,0.1,0.3,0.1,True,
50,mi_concept,0.0016681005372,4.623424614999925,0.2647882091325965,0.5145757564563225,0.0150608608370935,11.617267592898818,6.821840429715568,0.2369155849989959,6.988982311594884,6.614919145714434,6.80667999524611,3.0,1.0,0.1,0.3,0.1,True,
50,mi_concept,0.0031622776601683,4.69612702722692,0.19869092488483,0.4457476022199447,0.011635443427965,11.637228697101394,6.51862967134364,0.2191080515558971,5.336619927276632,5.053326380410527,5.170798535666914,3.0,1.0,0.1,0.3,0.1,True,
50,mi_concept,0.0059948425031894,4.737579633638373,0.158487399189947,0.3981047590646802,0.0095161298618043,11.648714780964008,6.388995238176843,0.2027039144843609,4.067462724396619,3.8437130664425023,3.9119538362362167,3.0,1.0,0.1,0.3,0.1,True,
50,mi_concept,0.0113646366638572,4.756297056350849,0.1372909372626672,0.3705279169815241,0.0084050434908251,11.65403801711076,6.664105745618424,0.1825442963391175,3.1078504777333507,2.9261272718871987,2.964254248197163,3.0,1.0,0.1,0.3,0.1,True,
50,mi_concept,0.0215443469003188,4.761154885938433,0.1280426221669497,0.3578304377312665,0.0079657037273206,11.655388879870909,7.551394576079937,0.1564780471381804,2.399554480146995,2.2521253215159107,2.273156178609085,3.0,1.0,0.1,0.3,0.1,True,
50,mi_concept,0.0408423865267452,4.758410111250289,0.1258536505548862,0.354758580664212,0.0079453794441883,11.654341123136929,9.379126576151224,0.1255187445623954,1.894084636065396,1.7784630170034712,1.7902559276925427,3.0,1.0,0.1,0.3,0.1,True,
50,mi_concept,0.0774263682681127,4.752495124449063,0.1272467021310202,0.3567165571304761,0.0081396142442102,11.652143377301284,12.783161830425293,0.0930504108372677,1.5482763552570242,1.4631085213083634,1.4699197628751104,3.0,1.0,0.1,0.3,0.1,True,
50,mi_concept,0.146779926762207,4.746546189829879,0.1296626629832263,0.3600870214034745,0.0083818868157374,11.649832267530403,19.02189352686269,0.0633978598765025,1.3229234469373938,1.2650064036435626,1.2689816452473155,3.0,1.0,0.1,0.3,0.1,True,
50,mi_concept,0.2782559402207126,4.742071814660964,0.1317236075585499,0.3629374705903896,0.0085790560858674,11.648009776625567,30.567473511332228,0.0398997570064034,1.183498124091496,1.147129669197229,1.1494094212862729,3.0,1.0,0.1,0.3,0.1,True,
50,mi_concept,0.5274997063702619,4.739214115227037,0.1330900848594874,0.3648151379253435,0.0087100837139421,11.646800300841454,52.191346431988286,0.0235446795499005,1.1013952124104471,1.0799939741543072,1.0812658727253912,3.0,1.0,0.1,0.3,0.1,True,
50,mi_concept,1.0,4.73754786023042,0.1338942029663737,0.3659155680841876,0.008788268464586,11.646076394042874,92.98466375951664,0.0132748026034432,1.0549612349384765,1.0429242213470005,1.0436178774447595,3.0,1.0,0.1,0.3,0.1,True,
46,mi_concept,1e-05,4.6543069542608215,0.218127968785469,0.4670417206047753,0.011961706611185,11.60290794846313,0.1242566845724003,11.07828349639582,73.11209244143247,36.60198123869295,37.49473972932841,1.0,10.0,1.0,0.3,1.0,True,
46,mi_concept,1.8957356524063752e-05,4.648588093587032,0.2204586357974118,0.4695302288430552,0.0121254110447031,11.603207213791617,0.2091552956285826,6.625819158483661,50.11145871461768,28.32488089508865,28.91724783694177,1.0,10.0,1.0,0.3,1.0,True,
46,mi_concept,3.5938136638046256e-05,4.642922695876258,0.2228312044557875,0.4720500020715894,0.0123242679731273,11.603799794669394,0.3111459498913233,4.490006183575854,37.104704529852775,22.43413496553481,22.875290430040625,1.0,10.0,1.0,0.3,1.0,True,
46,mi_concept,6.812920690579608e-05,4.640638067492732,0.2235064871027831,0.4727647270078248,0.0124284969627068,11.604440100480724,0.4074595932660707,3.443714527077842,29.00505505766164,17.840915161895147,18.18469624990596,1.0,10.0,1.0,0.3,1.0,True,
46,mi_concept,0.0001291549665014,4.641018394081952,0.222801214027934,0.4720182348468478,0.0124182259336466,11.604804160105452,0.4981287117020473,2.816710116434611,23.24915283189344,14.156655850367564,14.42352634285568,1.0,10.0,1.0,0.3,1.0,True,
46,mi_concept,0.0002448436746822,4.642276192527103,0.2216993186018617,0.4708495710966102,0.0123604677304414,11.604972793239796,0.5981037490227002,2.3414929674566305,18.742524322088038,11.19374012951772,11.398902461750149,1.0,10.0,1.0,0.3,1.0,True,
46,mi_concept,0.0004641588833612,4.6439032800671605,0.2204693839772337,0.469541674377508,0.0122876426649866,11.605060860737762,0.7175035989424006,1.9470993703617183,15.090953902762305,8.814229918154057,8.970598434482286,1.0,10.0,1.0,0.3,1.0,True,
46,mi_concept,0.0008799225435691,4.645934660861679,0.2190260804008057,0.4680022226451555,0.0122013502958502,11.605157471788957,0.8642597180508731,1.6115653075700551,12.106840963783144,6.908800323272694,7.026316609704964,1.0,10.0,1.0,0.3,1.0,True,
46,mi_concept,0.0016681005372,4.648179738469993,0.2174447249003787,0.466309687761662,0.0121108213788538,11.605315652185524,1.0510724693571227,1.3206850848386416,9.65243476546379,5.390075841201483,5.476813255982414,1.0,10.0,1.0,0.3,1.0,True,
46,mi_concept,0.0031622776601683,4.650177799647633,0.2160022590900022,0.464760431932412,0.0120364487271988,11.605523730372,1.3003554638314812,1.0645674647853174,7.622880181733032,4.1886988667885445,4.251562125179556,1.0,10.0,1.0,0.3,1.0,True,
46,mi_concept,0.0059948425031894,4.6515026868978175,0.2149876169300535,0.4636675715747798,0.0119988134728322,11.605726742908272,1.6506828654887125,0.8377074762424086,5.945260842199278,3.2503152705498657,3.294775780536224,1.0,10.0,1.0,0.3,1.0,True,
46,mi_concept,0.0113646366638572,4.652033607979536,0.2145330731426302,0.4631771509289186,0.0120104015964088,11.605866111781006,2.1684929626325187,0.638306920123031,4.573453646278352,2.532105485431622,2.562401649689501,1.0,10.0,1.0,0.3,1.0,True,
46,mi_concept,0.0215443469003188,4.652003975144476,0.2145591613309034,0.4632053122870067,0.0120720772459476,11.605898732444214,2.971660094515136,0.4671088599603722,3.4788874337501565,1.9992951904317997,2.0189738757453943,1.0,10.0,1.0,0.3,1.0,True,
46,mi_concept,0.0408423865267452,4.651887523641722,0.214808185022778,0.4634740392112356,0.012170739296303,11.605795693630792,4.278403709968826,0.3257446399863761,2.6396144977224494,1.6214049496736758,1.6335503215492817,1.0,10.0,1.0,0.3,1.0,True,
46,mi_concept,0.0774263682681127,4.652145521365697,0.2149753849118095,0.4636543808827967,0.0122813770251575,11.605551573905188,6.5080309262342775,0.2150706941114114,2.030250761978895,1.3685381406200223,1.3756968640314702,1.0,10.0,1.0,0.3,1.0,True,
46,mi_concept,0.146779926762207,4.6529197749912905,0.2148943553236112,0.4635669911928709,0.0123774546240272,11.60521702420782,10.477944516090044,0.1340803708389374,1.6159038628373097,1.2098509941935576,1.213918226185551,1.0,10.0,1.0,0.3,1.0,True,
46,mi_concept,0.2782559402207126,4.6539611376833605,0.2146185476333158,0.463269411501899,0.0124448917551777,11.604886772385097,17.770799408323573,0.0792621819168738,1.3528433880388546,1.1159402483449177,1.1181886792375186,1.0,10.0,1.0,0.3,1.0,True,
46,mi_concept,0.5274997063702619,4.654918488376232,0.2143035345471002,0.4629292975683222,0.0124854320977194,11.604630382042336,31.41322396638824,0.0449099561951354,1.1957863674719384,1.062801924273394,1.0640215711859489,1.0,10.0,1.0,0.3,1.0,True,
46,mi_concept,1.0,4.655615858638631,0.2140525855566062,0.4626581735543059,0.0125077537815861,11.604461155746629,57.14985009305951,0.024706799886929,1.106349442504521,1.0336172976746814,1.0342709620438113,1.0,10.0,1.0,0.3,1.0,True,
49,mi_concept,1e-05,4.239244672802283,0.6287597675164991,0.7929437354040317,0.0281693648938902,11.49813084695575,1.2620561876526308,1.7150235845318034,44.52858381497373,40.78079335082073,45.712784866503625,3.0,1.0,0.1,0.2,0.1,True,
49,mi_concept,1.8957356524063752e-05,4.190883693992482,0.6622792629766058,0.8138054208326495,0.0298611373339103,11.488156118712372,2.1568828570344536,1.0321299711337604,33.27093489912769,30.86631889398628,33.8031143739356,3.0,1.0,0.1,0.2,0.1,True,
49,mi_concept,3.5938136638046256e-05,4.151844603550651,0.6864862370457603,0.8285446500012901,0.0312103670200512,11.481294862166246,3.2198021159137875,0.705869026309766,25.92572038379388,24.188039538296987,26.148802428770228,3.0,1.0,0.1,0.2,0.1,True,
49,mi_concept,6.812920690579608e-05,4.139966926849136,0.6891425291851069,0.8301460890621041,0.0315600939909744,11.48138388078428,4.273608282061123,0.5348472059154655,20.49589396409032,19.154426106814256,20.591109477972694,3.0,1.0,0.1,0.2,0.1,True,
49,mi_concept,0.0001291549665014,4.151974970278535,0.6739441988135868,0.8209410446637364,0.0311047525368224,11.486951661220427,5.421129037706231,0.4197512887070209,16.19788548442107,15.165168940966293,16.247169319826103,3.0,1.0,0.1,0.2,0.1,True,
49,mi_concept,0.0002448436746822,4.189651192931999,0.6400177785960064,0.8000111115453374,0.0299298813015547,11.497528594562276,6.782104179520877,0.3307814052098395,12.741916326182704,11.974262705973906,12.779213081010274,3.0,1.0,0.1,0.2,0.1,True,
49,mi_concept,0.0004641588833612,4.262886241480902,0.5794591315186256,0.7612221302081447,0.0276814267781654,11.515071975710166,8.280724622142479,0.2623050001731792,9.963657228536167,9.42148928413091,10.00715792434259,3.0,1.0,0.1,0.2,0.1,True,
49,mi_concept,0.0008799225435691,4.37383276584838,0.4892247446060611,0.699446026942795,0.0240377727304001,11.54089405292007,9.61683884884152,0.2123113137816675,7.740186814658291,7.381168911306724,7.799170495444696,3.0,1.0,0.1,0.2,0.1,True,
49,mi_concept,0.0016681005372,4.503851428620713,0.3823850792242192,0.6183729289225226,0.0193890862524197,11.57178141442558,10.413499259719226,0.1779993662415379,5.976512239443331,5.754605501795564,6.049456628496221,3.0,1.0,0.1,0.2,0.1,True,
49,mi_concept,0.0031622776601683,4.621595050403712,0.2834061387034922,0.5323590317666191,0.0148665663938728,11.600681111052584,10.611779376672224,0.1549041614207505,4.595432933359147,4.466004323146519,4.672144630168603,3.0,1.0,0.1,0.2,0.1,True,
49,mi_concept,0.0059948425031894,4.707504470293749,0.2091349719891181,0.4573127726065806,0.0113969404391661,11.622589458794092,10.597782208860998,0.137630861749794,3.530063657089641,3.457161812217987,3.5996768360140723,3.0,1.0,0.1,0.2,0.1,True,
49,mi_concept,0.0113646366638572,4.761657363087206,0.1608478870627973,0.4010584584107376,0.0091183759961009,11.63711919049716,10.863540347790854,0.1213996024609318,2.722946080494731,2.682605682664954,2.779716262572716,3.0,1.0,0.1,0.2,0.1,True,
49,mi_concept,0.0215443469003188,4.792423220667924,0.1322866684845252,0.3637123430467067,0.0077639841903993,11.645938081802242,11.87254824972333,0.1031610488721488,2.127699401371519,2.1055573891182826,2.1705944277291747,3.0,1.0,0.1,0.2,0.1,True,
49,mi_concept,0.0408423865267452,4.807689299871882,0.1169625203862304,0.3419978368151332,0.007050683479393,11.650770322923009,14.244167742364986,0.0821698580215409,1.7061360325631656,1.6937006182550312,1.736344850751056,3.0,1.0,0.1,0.2,0.1,True,
49,mi_concept,0.0774263682681127,4.813536708598294,0.109750919385734,0.3312867630705067,0.006742292165895,11.65306923471734,19.04292023702596,0.0601479673169983,1.422878629690829,1.415495539873958,1.4425846626245686,3.0,1.0,0.1,0.2,0.1,True,
49,mi_concept,0.146779926762207,4.814637468868169,0.1068785382853013,0.3269228323095549,0.0066476197904698,11.65397824550469,28.26998381349024,0.0402236681501853,1.2433057531728804,1.2387766812734535,1.2552517292860863,3.0,1.0,0.1,0.2,0.1,True,
49,mi_concept,0.2782559402207126,4.814041277315655,0.1059483731732988,0.3254971169969081,0.0066392060132295,11.654258457386566,45.77219370869772,0.024817096871236,1.1356095837767364,1.1328776051566931,1.1424533828171104,3.0,1.0,0.1,0.2,0.1,True,
49,mi_concept,0.5274997063702619,4.813201967327922,0.1057297535410149,0.3251611193562584,0.0066535491736463,11.65431192892146,78.9114093077077,0.014405343811896,1.073914235286871,1.072330146246281,1.0776943334654254,3.0,1.0,0.1,0.2,0.1,True,
49,mi_concept,1.0,4.812566435127911,0.1057179135052022,0.325142912432675,0.0066680742559651,11.654304150383036,141.6889214602552,0.0080295983822692,1.039719926874492,1.03883403406252,1.0417640622675466,3.0,1.0,0.1,0.2,0.1,True,
45,mi_concept,1e-05,4.645458188980834,0.2249058477104049,0.4742423934133313,0.0122398915070142,11.600762283599993,0.2315912022837385,6.08460917490075,46.77312060044,26.87794896978785,27.535934984144763,1.0,10.0,1.0,0.2,1.0,True,
45,mi_concept,1.8957356524063752e-05,4.637997755211288,0.2299000614743429,0.4794789478948402,0.0125682546054363,11.600157817811624,0.3347164797857263,4.25193174702461,35.3188597797,21.453653075692557,21.958714917307308,1.0,10.0,1.0,0.2,1.0,True,
45,mi_concept,3.5938136638046256e-05,4.635646603435356,0.2313183112881379,0.4809556229925354,0.0127012725760064,11.600064293651586,0.4282230113039587,3.3346412371706844,28.006350068347995,17.17411615098674,17.57734450732764,1.0,10.0,1.0,0.2,1.0,True,
45,mi_concept,6.812920690579608e-05,4.637083787691607,0.2299418010081332,0.4795224718489564,0.0126477267059619,11.600340930859293,0.5160100332901587,2.7605062169296684,22.689430254339864,13.733447456851016,14.054640871018108,1.0,10.0,1.0,0.2,1.0,True,
45,mi_concept,0.0001291549665014,4.639796732886346,0.2275377999377552,0.4770092241642243,0.012514905185152,11.600793260638564,0.6112518650965018,2.3193374304601044,18.490080607488554,10.962030871502703,11.216493522803146,1.0,10.0,1.0,0.2,1.0,True,
45,mi_concept,0.0002448436746822,4.642960940624672,0.22478912216297,0.4741193121598929,0.0123537721005403,11.601307106446608,0.7204811276185932,1.957201050576376,15.088656354433915,8.730450738967038,8.931566708390875,1.0,10.0,1.0,0.2,1.0,True,
45,mi_concept,0.0004641588833612,4.646549294039433,0.2217980679829468,0.4709544224051271,0.0121761929497017,11.601860485992946,0.8475481231138579,1.6546200218574831,12.316779655857026,6.936642387899937,7.094555965248556,1.0,10.0,1.0,0.2,1.0,True,
45,mi_concept,0.0008799225435691,4.650623308535399,0.2185412575345439,0.4674839650025912,0.0119833280293295,11.602475256322297,0.9979762107392912,1.3969251001231964,10.045939688666854,5.498872128728549,5.620870504251708,1.0,10.0,1.0,0.2,1.0,True,
45,mi_concept,0.0016681005372,4.655074266334236,0.2150589530090069,0.4637444910821118,0.0117779777227918,11.603170982572712,1.1817163173527805,1.171621533084084,8.171330514622447,4.351057868255626,4.442891753324422,1.0,10.0,1.0,0.2,1.0,True,
45,mi_concept,0.0031622776601683,4.659565732961327,0.2115617554075318,0.4599584279122753,0.0115744965138678,11.60391140874467,1.4175467073902364,0.9689924744472194,6.607922223634049,3.440588355600539,3.507328665378049,1.0,10.0,1.0,0.2,1.0,True,
45,mi_concept,0.0059948425031894,4.6635668952123,0.2084852999246299,0.4566019053011386,0.0114024956043575,11.604575644401704,1.7408300226741993,0.7829127612559216,5.291122046686522,2.7263486963726167,2.772811347331469,1.0,10.0,1.0,0.2,1.0,True,
45,mi_concept,0.0113646366638572,4.666511618632363,0.2063663240230168,0.4542756035965576,0.0112970790553333,11.604998071211154,2.2166416201476906,0.6113763348942306,4.179977351731619,2.1764928650787128,2.207395724531493,1.0,10.0,1.0,0.2,1.0,True,
45,mi_concept,0.0215443469003188,4.668199705665474,0.2054835732767237,0.4533029597043502,0.0112772648894814,11.605062680274768,2.962984441163193,0.456388988236965,3.257341911148806,1.7661309376731822,1.7858566868581134,1.0,10.0,1.0,0.2,1.0,True,
45,mi_concept,0.0408423865267452,4.669108443554025,0.2055636439122425,0.4533912702205927,0.0113290667728706,11.604778910566449,4.197301533436015,0.3225082502768321,2.5211075546297077,1.4742025304562467,1.4863615950733486,1.0,10.0,1.0,0.2,1.0,True,
45,mi_concept,0.0774263682681127,4.67005735689057,0.2059325766981684,0.453797946996423,0.0114102995697154,11.604287396051893,6.333322296420258,0.2142685384577332,1.968684057227283,1.2793907328950571,1.28663654422923,1.0,10.0,1.0,0.2,1.0,True,
45,mi_concept,0.146779926762207,4.671421530487609,0.2060701295448992,0.4539494790666679,0.0114796791898478,11.603781095244733,10.17222077118731,0.1337017839460221,1.5842051657743583,1.1580664904844309,1.1622370496403265,1.0,10.0,1.0,0.2,1.0,True,
45,mi_concept,0.2782559402207126,4.672927630000165,0.2059222234148868,0.4537865394818215,0.0115218860712743,11.603388601360283,17.260226481597943,0.0788995275298289,1.3364724250122828,1.0868991542807007,1.0892266889749185,1.0,10.0,1.0,0.2,1.0,True,
45,mi_concept,0.5274997063702619,4.67418350967036,0.2056721750468745,0.4535109425877996,0.0115426915878528,11.603134074912465,30.55020922482828,0.0446031360833916,1.1872736902039327,1.0469189730248412,1.0481887022948186,1.0,10.0,1.0,0.2,1.0,True,
45,mi_concept,1.0,4.675047213685359,0.205455829697937,0.4532723570856015,0.0115519664548498,11.602985086355712,55.64465223737485,0.0244938945572219,1.1018969848051845,1.025066979603371,1.025749607986706,1.0,10.0,1.0,0.2,1.0,True,
54,mi_concept,1e-05,4.242669870368256,0.5929371639121934,0.7700241320323626,0.0304577089268151,11.498261708024534,0.5597765700955247,3.886260228394462,73.0750407618572,58.9526423978422,66.4001394559787,3.0,1.0,0.1,0.3,0.5,True,
54,mi_concept,1.8957356524063752e-05,4.271032097245006,0.5675716146945528,0.7533734895087248,0.0293268619314976,11.506275398960614,0.9451543689762936,2.263906490279208,49.671926912408914,41.47802704989717,45.52710058297117,3.0,1.0,0.1,0.3,0.5,True,
54,mi_concept,3.5938136638046256e-05,4.3188343970819565,0.5244726263111946,0.724204823452036,0.0273690900939511,11.519840630725458,1.4037959790663237,1.4776501071233537,36.38659642479328,31.09475924137833,33.4323775077492,3.0,1.0,0.1,0.3,0.5,True,
54,mi_concept,6.812920690579608e-05,4.377412770856775,0.4710127226566563,0.6863036665038708,0.0248746727102364,11.536596945695056,1.7726065776099162,1.1197983677015653,28.064856803329445,24.12938887913837,25.619673707981026,3.0,1.0,0.1,0.3,0.5,True,
54,mi_concept,0.0001291549665014,4.431048469666335,0.4214041594090241,0.6491564983954363,0.0224911780253925,11.552120103182878,2.0080186155510256,0.9424757432493208,22.129224952526343,18.88700999595093,19.919675553114985,3.0,1.0,0.1,0.3,0.5,True,
54,mi_concept,0.0002448436746822,4.47648501305205,0.3789323973454488,0.6155748511314029,0.0204032323312364,11.565550928445948,2.201984161684684,0.8191972472219698,17.497303684105354,14.728495434497686,15.462359904877948,3.0,1.0,0.1,0.3,0.5,True,
54,mi_concept,0.0004641588833612,4.515541046641038,0.3421783694280775,0.5849601434525924,0.0185738727995844,11.57741300916402,2.4142361767843923,0.7119057939644647,13.78212795607009,11.404445587615385,11.921279066553153,3.0,1.0,0.1,0.3,0.5,True,
54,mi_concept,0.0008799225435691,4.548062109190007,0.3114185525772137,0.5580488800967293,0.0170322984106606,11.58757992270407,2.674794554174532,0.6136625964816851,10.794172163402294,8.760822488281267,9.117165352130572,3.0,1.0,0.1,0.3,0.5,True,
54,mi_concept,0.0016681005372,4.574671910331007,0.2861465434574012,0.5349266711030599,0.0157575056450577,11.596198013190978,3.014463531931416,0.522383114175823,8.393026762350358,6.676783873998446,6.914429694088493,3.0,1.0,0.1,0.3,0.5,True,
54,mi_concept,0.0031622776601683,4.597165596542125,0.2647658642825117,0.5145540440833322,0.0146723656083895,11.603742161448135,3.46899406173888,0.4373035863701917,6.471597184820756,5.053904193196908,5.204951258537911,3.0,1.0,0.1,0.3,0.5,True,
54,mi_concept,0.0059948425031894,4.616378723289644,0.2465875741197815,0.4965758493118464,0.0137499211726261,11.610363144144484,4.096585788105915,0.3581636532837552,4.949892352616891,3.8113056893716455,3.901511426945902,3.0,1.0,0.1,0.3,0.5,True,
54,mi_concept,0.0113646366638572,4.6315901240056965,0.2322687720754331,0.4819427062166551,0.0130302112375145,11.615761251354163,5.007979289252327,0.2849942104710643,3.765893729228104,2.8817139801580023,2.932218131346764,3.0,1.0,0.1,0.3,0.5,True,
54,mi_concept,0.0215443469003188,4.64198544923036,0.2223605160022182,0.4715511806816077,0.0125459709009438,11.619643810561335,6.4119235259174046,0.2181766453656932,2.8677179251377645,2.208410761256554,2.235533646861509,3.0,1.0,0.1,0.3,0.5,True,
54,mi_concept,0.0408423865267452,4.64783411183137,0.2164422067118579,0.4652334969795897,0.0122807508342733,11.622023374965908,8.70520522643772,0.158754469207623,2.2094568288920367,1.7418594068993898,1.7564968194123438,3.0,1.0,0.1,0.3,0.5,True,
54,mi_concept,0.0774263682681127,4.650434924943373,0.2133813055770974,0.4619321439097927,0.0121762211704567,11.623207861065683,12.65620014265867,0.1085491417962174,1.7483711502947543,1.4359143360822622,1.4441585327266993,3.0,1.0,0.1,0.3,0.5,True,
54,mi_concept,0.146779926762207,4.651306274124255,0.2119619807012611,0.4603932891574996,0.0121602974573986,11.623653355078387,19.75561286093753,0.069395141250107,1.4427449808228852,1.2467745231745395,1.2515708044832834,3.0,1.0,0.1,0.3,0.5,True,
54,mi_concept,0.2782559402207126,4.651514857739622,0.2113173531047236,0.4596926724505445,0.0121764390033342,11.623761594984073,32.868161591977334,0.0416960215980869,1.2519281875124788,1.1358926575439952,1.1386704525018605,3.0,1.0,0.1,0.3,0.5,True,
54,mi_concept,0.5274997063702619,4.651551150983855,0.2110005019476806,0.4593479094843913,0.0121957637795229,11.623763629737804,57.452179619820456,0.0238588305534778,1.1392005633735791,1.0734808514211889,1.0750496648239811,3.0,1.0,0.1,0.3,0.5,True,
54,mi_concept,1.0,4.65156040917112,0.2108299926986332,0.4591622727300591,0.0122096885010226,11.623747797872168,103.86290983603668,0.0132009317944035,1.0754226847014654,1.039297686478637,1.040161538306889,3.0,1.0,0.1,0.3,0.5,True,
51,mi_concept,1e-05,4.443537575284427,0.4090912046138187,0.639602380087675,0.021053786769899,11.56189668366197,0.3529409305731636,5.12335731198666,106.171313646893,89.11221656959837,92.44339371556892,3.0,1.0,0.1,0.5,0.1,True,
51,mi_concept,1.8957356524063752e-05,4.445617939777206,0.4070049475724434,0.637969393915134,0.0210792163069503,11.562147835688782,0.6440721778234954,2.8108941959676503,66.96472960711638,57.64144366355261,59.43889431999577,3.0,1.0,0.1,0.5,0.1,True,
51,mi_concept,3.5938136638046256e-05,4.455810812528538,0.3974531830599528,0.6304388813040903,0.0208577919938828,11.564523474903254,1.1302259603790394,1.594966039661875,45.39789493456584,40.161772274074266,41.11564375969714,3.0,1.0,0.1,0.5,0.1,True,
51,mi_concept,6.812920690579608e-05,4.47890417342078,0.3767998943042187,0.6138402840350401,0.0202205545241194,11.570293378474286,1.7707895116736871,1.0046989067397794,32.95463482033674,29.733971698583407,30.25110400943284,3.0,1.0,0.1,0.5,0.1,True,
51,mi_concept,0.0001291549665014,4.517005911957785,0.3439768597385712,0.5864954047037122,0.0189984629860347,11.580425775241103,2.3683551317369087,0.7310961692798887,24.975517112962123,22.73230034539937,23.016123290804348,3.0,1.0,0.1,0.5,0.1,True,
51,mi_concept,0.0002448436746822,4.563770590904096,0.3043756630895787,0.5517025132166599,0.0173359863097251,11.593747690491655,2.7956837483328254,0.5943933173474488,19.216530418053093,17.506580553324355,17.64908154168755,3.0,1.0,0.1,0.5,0.1,True,
51,mi_concept,0.0004641588833612,4.612438986121037,0.2631298363101836,0.5129618273421362,0.0155141231472035,11.608316612597124,3.090600291256224,0.5108841980261749,14.776993422472485,13.425777723003426,13.474865987041014,3.0,1.0,0.1,0.5,0.1,True,
51,mi_concept,0.0008799225435691,4.65623665416628,0.225332090713403,0.4746915743020967,0.0138254624383353,11.621736107546123,3.293808427923456,0.4543920589626927,11.307311967091277,10.21843231177858,10.212225945427216,3.0,1.0,0.1,0.5,0.1,True,
51,mi_concept,0.0016681005372,4.6886379840075385,0.1958031910542652,0.442496543550642,0.0124882823450638,11.631929226486005,3.445258153351691,0.4143727687485345,8.604444171664056,7.706924647884954,7.675778867949017,3.0,1.0,0.1,0.5,0.1,True,
51,mi_concept,0.0031622776601683,4.70740054440604,0.1765153324216085,0.4201372780670724,0.0115571081749007,11.638173795478156,3.605788568850429,0.3817604023494446,6.513666052330115,5.756668783982164,5.722103320198517,3.0,1.0,0.1,0.5,0.1,True,
51,mi_concept,0.0059948425031894,4.714990012447417,0.1661691363992166,0.4076384873870678,0.0109761219170137,11.640925273325706,3.851345200137177,0.3486195602114063,4.91285999597087,4.267582736738614,4.241694461983938,3.0,1.0,0.1,0.5,0.1,True,
51,mi_concept,0.0113646366638572,4.714759026767573,0.1623439814981226,0.4029193238082812,0.0106969551581056,11.640969650642004,4.281925369806148,0.3096378817881187,3.706161045366248,3.162842185125905,3.1470582698195124,3.0,1.0,0.1,0.5,0.1,True,
51,mi_concept,0.0215443469003188,4.709613337195645,0.1627241388689335,0.4033908016662422,0.0106712658756603,11.639131233378942,5.038164592506408,0.2629505850693394,2.816941796515302,2.3747608173740624,2.364756980774565,3.0,1.0,0.1,0.5,0.1,True,
51,mi_concept,0.0408423865267452,4.702554700012367,0.165125585131052,0.4063564754388098,0.0108054440466191,11.636245906880072,6.339672924322562,0.2103811511496982,2.1803444579944418,1.838248237049238,1.8307895016886504,3.0,1.0,0.1,0.5,0.1,True,
51,mi_concept,0.0774263682681127,4.69613363945281,0.167907592098149,0.4097652890352586,0.0110021173980809,11.633004846165983,8.58326142257964,0.156857059653776,1.7394226138196476,1.4912730326381922,1.4857898022064466,3.0,1.0,0.1,0.5,0.1,True,
51,mi_concept,0.146779926762207,4.691740415965157,0.1702184845706885,0.4125754289468637,0.0111959989285304,11.629944671249618,12.531820022273989,0.1084047306991553,1.4455259595582186,1.278201584077467,1.2747678633904038,3.0,1.0,0.1,0.5,0.1,True,
51,mi_concept,0.2782559402207126,4.689493089246005,0.1717693039542282,0.414450604963038,0.0113493134270924,11.627463291806183,19.666019251372077,0.069564913378783,1.2583763196886204,1.1534106604740637,1.151577358774409,3.0,1.0,0.1,0.5,0.1,True,
51,mi_concept,0.5274997063702619,4.688681965540591,0.1726448917860296,0.4155055857458834,0.0114515965442534,11.625712456192424,32.84696967458631,0.0418446013300696,1.1450027515091123,1.0830636744888769,1.0821737951329864,3.0,1.0,0.1,0.5,0.1,True,
51,mi_concept,1.0,4.68852787358305,0.1730853188960648,0.4160352375653591,0.0115122725607369,11.624605559022267,57.54938429455418,0.023949930243343,1.0794161831641216,1.0444642877052182,1.0440443016261929,3.0,1.0,0.1,0.5,0.1,True,
55,mi_concept,1e-05,4.568626231724256,0.2905002083387877,0.5389807123996069,0.0160829051380234,11.588841479643705,0.183659195536888,8.629967289829272,131.5469195660489,105.59656951334148,108.11453670382222,3.0,1.0,0.1,0.5,0.5,True,
55,mi_concept,1.8957356524063752e-05,4.5752189875698335,0.2842240746002093,0.5331266965742846,0.0157119057585442,11.59129958447442,0.3146641950609339,4.971740962256976,81.53836434972598,66.5783816239422,67.90581843230429,3.0,1.0,0.1,0.5,0.5,True,
55,mi_concept,3.5938136638046256e-05,4.587587626708688,0.271976290806357,0.5215134617690679,0.0150534971641035,11.59661766197364,0.5301187665763277,2.8858116893430004,53.73431739450479,45.04668854196759,45.67810766278939,3.0,1.0,0.1,0.5,0.5,True,
55,mi_concept,6.812920690579608e-05,4.606465683378838,0.2533315954166992,0.5033205692366439,0.0140636499750339,11.604549179834017,0.7961714571043443,1.8559794368301337,38.14447904374106,32.56627197146177,32.830950111297625,3.0,1.0,0.1,0.5,0.5,True,
55,mi_concept,0.0001291549665014,4.6280008262499015,0.232340375625098,0.4820169868636353,0.0129592106711141,11.613065747691572,1.029856389306414,1.3774050594055345,28.618062336216457,24.496893788854347,24.571643881006292,3.0,1.0,0.1,0.5,0.5,True,
55,mi_concept,0.0002448436746822,4.646038542338521,0.215145604164826,0.4638379072098635,0.0120665900185984,11.619457302497302,1.1986393985980264,1.142188706141333,22.01731373709244,18.61272407832998,18.594584857300784,3.0,1.0,0.1,0.5,0.5,True,
55,mi_concept,0.0004641588833612,4.659032797765372,0.2032278216220449,0.4508079653489332,0.0114687276463974,11.62333918428244,1.3534461613176016,0.985521980521728,16.97809602833289,14.037051585372824,13.982678654456617,3.0,1.0,0.1,0.5,0.5,True,
55,mi_concept,0.0008799225435691,4.668327715334124,0.1951895494974394,0.4418026137286191,0.011091545210875,11.625498660186215,1.5358780965547965,0.8527082138392285,13.011524784746204,10.450675901258505,10.392313658620436,3.0,1.0,0.1,0.5,0.5,True,
55,mi_concept,0.0016681005372,4.675127084547903,0.189498239660059,0.4353139552783244,0.0108417596180754,11.62655218663386,1.7633629187017896,0.7332226344575856,9.89937265662732,7.678548720710868,7.629979882218474,3.0,1.0,0.1,0.5,0.5,True,
55,mi_concept,0.0031622776601683,4.679998916625783,0.1852148780731486,0.430365981547274,0.0106564183060414,11.626891057082071,2.056861209187581,0.6230822116633691,7.48215393456359,5.581820799138129,5.54393178281553,3.0,1.0,0.1,0.5,0.5,True,
55,mi_concept,0.0059948425031894,4.683173868294725,0.1818961311006627,0.4264928265524084,0.0105074332006517,11.626685168910535,2.452017411728513,0.5196333740321798,5.62994625842228,4.039320425488476,4.007232412494353,3.0,1.0,0.1,0.5,0.5,True,
55,mi_concept,0.0113646366638572,4.6847906190114905,0.1794071982447428,0.4235648689926289,0.0103873575138872,11.625910114983364,3.011929203427769,0.4214562956133373,4.235210805115684,2.943010745451055,2.9132020991387555,3.0,1.0,0.1,0.5,0.5,True,
55,mi_concept,0.0215443469003188,4.684777646861726,0.178123759514099,0.422047105799932,0.0103140910902618,11.624420329215871,3.856485685335751,0.3287900213400836,3.2049477730734086,2.195219492098683,2.168381140697033,3.0,1.0,0.1,0.5,0.5,True,
55,mi_concept,0.0408423865267452,4.683385631791607,0.1783113206896303,0.4222692514138702,0.0103049970218563,11.62224191466562,5.21003383813721,0.2439240785603967,2.4589797636441046,1.7080848783242484,1.6864611694375462,3.0,1.0,0.1,0.5,0.5,True,
55,mi_concept,0.0774263682681127,4.681761307604687,0.1794000381078708,0.4235564166765401,0.0103389856385631,11.619780119010295,7.487377621871785,0.1704722438720547,1.931751143816113,1.4055460183149997,1.3900863117815314,3.0,1.0,0.1,0.5,0.5,True,
55,mi_concept,0.146779926762207,4.681038861291263,0.1804792427310377,0.4248284862518493,0.0103752054507853,11.617571523125836,11.47198731896035,0.1116884790920032,1.5715995994206653,1.2259138486371943,1.2159373863280296,3.0,1.0,0.1,0.5,0.5,True,
55,mi_concept,0.2782559402207126,4.681346080582573,0.1810877053107108,0.4255440110149722,0.010392756134608,11.615924365523137,18.67280406338366,0.0687456451249069,1.3365776306481392,1.123269742536008,1.1173118806590792,3.0,1.0,0.1,0.5,0.5,True,
55,mi_concept,0.5274997063702619,4.682135196490694,0.181278583554406,0.4257682275069454,0.0103948223090015,11.614846713992083,31.99760962477856,0.0401270323946444,1.1910815660459215,1.0663270583658502,1.0629498149182015,3.0,1.0,0.1,0.5,0.5,True,
55,mi_concept,1.0,4.682911166998581,0.1812670425666501,0.4257546741571373,0.0103908850123767,11.61419857380911,57.00057845862917,0.0225157506743,1.105469528657394,1.035379701034425,1.033525373177831,3.0,1.0,0.1,0.5,0.5,True,
52,mi_concept,1e-05,4.82506313876292,0.1555185530736751,0.3943584068758711,0.0077716615420641,11.64248407420621,0.8105946468385964,1.4024543726836478,27.957829471413834,28.178215070908248,31.55839608300451,3.0,1.0,0.1,0.1,0.5,True,
52,mi_concept,1.8957356524063752e-05,4.546848807996135,0.4199485374570352,0.6480343644105884,0.0214374483120856,11.54434084398216,2.1142715888584966,0.9267641954720248,22.701209085339386,21.54772690403428,24.10487670203227,3.0,1.0,0.1,0.1,0.5,True,
52,mi_concept,3.5938136638046256e-05,4.273662469391422,0.6514027390396526,0.8070952478113427,0.0326066108270132,11.46532758531466,3.287317232302778,0.750074482743226,18.57303200729748,16.810390152541242,18.83679424883763,3.0,1.0,0.1,0.1,0.5,True,
52,mi_concept,6.812920690579608e-05,4.157591314474473,0.7339796105825176,0.8567261000941419,0.035711822415206,11.444018570578615,3.834648002033759,0.6729252710444008,15.251030951168616,13.222260420702732,14.83708608455692,3.0,1.0,0.1,0.1,0.5,True,
52,mi_concept,0.0001291549665014,4.173883382236488,0.7058858123855979,0.8401701091955116,0.0336183590774314,11.458251902601347,3.9290526753577466,0.6318778394722125,12.568040140627822,10.443662993569443,11.718393894678917,3.0,1.0,0.1,0.1,0.5,True,
52,mi_concept,0.0002448436746822,4.24965429762758,0.6302834689646833,0.7939039419002045,0.0296731834341009,11.484113666917729,3.824401359290933,0.6041823859412258,10.398061078686666,8.26786906925608,9.264038145571616,3.0,1.0,0.1,0.1,0.5,True,
52,mi_concept,0.0004641588833612,4.338317799590273,0.544613254060231,0.7379791691235132,0.0255575327254838,11.510409356336671,3.671072031951207,0.5794589457469491,8.63500303053544,6.550349153514016,7.322079952274675,3.0,1.0,0.1,0.1,0.5,True,
52,mi_concept,0.0008799225435691,4.419335658912965,0.4658462439378282,0.6825292989592668,0.0219373813751472,11.533113673061155,3.5546694781907298,0.5509325230419994,7.1861875267429065,5.189378736236759,5.781073278383425,3.0,1.0,0.1,0.1,0.5,True,
52,mi_concept,0.0016681005372,4.485438472515069,0.4006919915143039,0.6330023629610745,0.0190295393618743,11.551119374721248,3.537666431738149,0.5131448467371298,5.973527051558064,4.11159636999475,4.558786849915871,3.0,1.0,0.1,0.1,0.5,True,
52,mi_concept,0.0031622776601683,4.535443291694778,0.3505719246431438,0.5920911455537431,0.0168365101254005,11.564589350792968,3.6788694678783047,0.4625387483985733,4.937163772833853,3.261707637542475,3.5938344165857896,3.0,1.0,0.1,0.1,0.5,True,
52,mi_concept,0.0059948425031894,4.570776377488331,0.3143797714150318,0.5606957922216216,0.0152732140117985,11.57416015100724,4.054800374080609,0.3986452809089978,4.038073677652426,2.597658078743762,2.8394283654722354,3.0,1.0,0.1,0.1,0.5,True,
52,mi_concept,0.0113646366638572,4.5937862396027445,0.2901920227715683,0.5386947398773895,0.0142406587631691,11.580500270878886,4.794535500803745,0.3247998568832077,3.2584450370199973,2.087729206683202,2.2595668883558453,3.0,1.0,0.1,0.1,0.5,True,
52,mi_concept,0.0215443469003188,4.607298379373967,0.2756844244129324,0.5250565916288762,0.0136345687579743,11.58425600535461,6.137211185434338,0.2477348041438331,2.598544466229788,1.7077583746195482,1.826268747364536,3.0,1.0,0.1,0.1,0.5,True,
52,mi_concept,0.0408423865267452,4.614607680118186,0.26791985381778,0.517609750504934,0.013325904223687,11.586182094515532,8.536653880613972,0.1757146934779731,2.067878190987961,1.4377685211256557,1.5163054456485352,3.0,1.0,0.1,0.1,0.5,True,
52,mi_concept,0.0774263682681127,4.618784298459357,0.263843131384783,0.5136566278992056,0.0131770881375558,11.587086574076473,12.86920376032198,0.1157180386494235,1.6715165388572395,1.2577967245338688,1.307283848887414,3.0,1.0,0.1,0.1,0.5,True,
52,mi_concept,0.146779926762207,4.621611000836007,0.2614059191948533,0.5112787098978925,0.0130935045685853,11.587554650275733,20.83844468278306,0.0711612087867737,1.3995243829947324,1.1458112453310425,1.1753726582228896,3.0,1.0,0.1,0.1,0.5,True,
52,mi_concept,0.2782559402207126,4.623636628477442,0.2597875951279692,0.5096936286907746,0.0130377424109291,11.587844110180782,35.72611520739701,0.0413937789499248,1.2274253476272805,1.0801532192129215,1.097026276997313,3.0,1.0,0.1,0.1,0.5,True,
52,mi_concept,0.5274997063702619,4.62499346848033,0.2587341383185191,0.5086591573131454,0.0130004023863965,11.58803137046442,63.78464572367905,0.0231444397113844,1.1255061974294012,1.043275239626598,1.0525990755175776,3.0,1.0,0.1,0.1,0.5,True,
52,mi_concept,1.0,4.625826626547712,0.258092906751772,0.5080284507306377,0.0129771508403929,11.58814661182902,116.86876382160614,0.0126184929608824,1.0679163342617402,1.0231200905749398,1.0281684892935548,3.0,1.0,0.1,0.1,0.5,True,
58,mi_concept,1e-05,4.306739397891533,0.5352475976334369,0.7316061765960132,0.0279737797237922,11.510283232237253,0.5703535068982369,3.804496781010555,72.73609549887705,60.34862812057751,65.91165111802452,3.0,1.0,0.1,0.3,1.0,True,
58,mi_concept,1.8957356524063752e-05,4.33314219459496,0.511146402484816,0.7149450345899439,0.0268528993775908,11.518044271184165,0.9511015311933478,2.2315042899140263,49.59974489804418,42.304445518574425,45.32354326917861,3.0,1.0,0.1,0.3,1.0,True,
58,mi_concept,3.5938136638046256e-05,4.373232476274326,0.4743061957457594,0.6886989151623222,0.0251449168979769,11.52982105915352,1.3915730278153764,1.4719051914067598,36.45728742823622,31.635406783787374,33.38038360896114,3.0,1.0,0.1,0.3,1.0,True,
58,mi_concept,6.812920690579608e-05,4.418446962178543,0.4323760582385142,0.6575530839700429,0.0231739611637757,11.543044281028653,1.7340753469007564,1.129908247795631,28.211182569087484,24.52017483862664,25.64596605817073,3.0,1.0,0.1,0.3,1.0,True,
58,mi_concept,0.0001291549665014,4.45813124999634,0.3952239554352576,0.6286683986294027,0.0213964860546899,11.55439474306984,1.9460494885945532,0.9636696820378556,22.31105217980379,19.18154782575163,19.981764343689456,3.0,1.0,0.1,0.3,1.0,True,
58,mi_concept,0.0002448436746822,4.492060064779224,0.3631830476468263,0.6026467021786698,0.0198465561428116,11.563876738379015,2.121854909128995,0.8479359040794642,17.685054189220804,14.949642273075236,15.532604656933248,3.0,1.0,0.1,0.3,1.0,True,
58,mi_concept,0.0004641588833612,4.522085821600253,0.3346046316914701,0.5784501981082469,0.0184528541772236,11.572369896359769,2.323690632412418,0.7440557884257095,13.952091681465562,11.56920986341786,11.98280951683546,3.0,1.0,0.1,0.3,1.0,True,
58,mi_concept,0.0008799225435691,4.548173612137817,0.3096442507412262,0.5564568723101785,0.0172203296616203,11.580123472571907,2.580987510245893,0.6454302626145111,10.931857781721966,8.881494612433633,9.163678535952425,3.0,1.0,0.1,0.3,1.0,True,
58,mi_concept,0.0016681005372,4.570646003862545,0.2881945938013874,0.536837586055026,0.0161597229573444,11.587237258705198,2.9274579894053008,0.5503445553458443,8.491572256160696,6.760507261516808,6.946778580693319,3.0,1.0,0.1,0.3,1.0,True,
58,mi_concept,0.0031622776601683,4.590512333773384,0.2695661986114506,0.5191976488886006,0.0152650453289155,11.5938726399434,3.413622749030972,0.4582891586383288,6.52689282649992,5.106089541707189,5.226494377614024,3.0,1.0,0.1,0.3,1.0,True,
58,mi_concept,0.0059948425031894,4.608825853451883,0.2530183387945002,0.5030092830102644,0.0145184913834511,11.600260406663782,4.117037579374038,0.3702776309279075,4.960951621621724,3.838607966434805,3.915028776186661,3.0,1.0,0.1,0.3,1.0,True,
58,mi_concept,0.0113646366638572,4.626288000335977,0.2379485500603451,0.4877997028087913,0.0138901161897667,11.606612814369027,5.16305333041228,0.2885348239107991,3.7381475368947,2.892260472726559,2.9391375730301195,3.0,1.0,0.1,0.3,1.0,True,
58,mi_concept,0.0215443469003188,4.642810622004337,0.2241843286523362,0.473481075284257,0.0133525510003958,11.612863472798844,6.774277083193264,0.2155167135160163,2.8137915386419903,2.210073549520404,2.237392271471329,3.0,1.0,0.1,0.3,1.0,True,
58,mi_concept,0.0408423865267452,4.657337332352225,0.2122693297515794,0.4607269579171371,0.0129077177175749,11.618525661360504,9.378538589885158,0.1531828655541058,2.146067370611384,1.74034838507991,1.7555932579181757,3.0,1.0,0.1,0.3,1.0,True,
58,mi_concept,0.0774263682681127,4.668735955181267,0.2029188693864155,0.450465170003648,0.0125732418272412,11.623045981454434,13.81870821810704,0.1028284552559657,1.6905365974314817,1.4341217517259892,1.4424967289878012,3.0,1.0,0.1,0.3,1.0,True,
58,mi_concept,0.146779926762207,4.676828427607148,0.1962387508190416,0.442988431924629,0.0123433687910933,11.626262226864783,21.736738843391937,0.0649507210499199,1.3987365983684137,1.2455378587324872,1.250146062986755,3.0,1.0,0.1,0.3,1.0,True,
58,mi_concept,0.2782559402207126,4.68219254857606,0.1917938436129946,0.4379427401076476,0.0121924458598684,11.628374322000624,36.29166372342856,0.0387625614875724,1.222662300099164,1.135179914443594,1.1377117700878396,3.0,1.0,0.1,0.3,1.0,True,
58,mi_concept,0.5274997063702619,4.685560207974578,0.1890062521263588,0.4347484929546724,0.012096363120874,11.629685233145178,63.51237538913291,0.0221042618409351,1.121475887679166,1.073096594293028,1.0744752752057012,3.0,1.0,0.1,0.3,1.0,True,
58,mi_concept,1.0,4.68756929499977,0.187349193244748,0.4328385302220078,0.0120377512969356,11.630461300284567,114.8466122565853,0.0122096874614607,1.0653081765819838,1.0390947753363462,1.039837502846449,3.0,1.0,0.1,0.3,1.0,True,
53,mi_concept,1e-05,4.08401517100796,0.7369335519213068,0.8584483396927894,0.0359944848348394,11.449851188027594,1.2780212247814668,1.982140835360741,47.69500913830982,41.5396364267424,46.80017472864074,3.0,1.0,0.1,0.2,0.5,True,
53,mi_concept,1.8957356524063752e-05,4.090732920031395,0.7289449959185988,0.8537827568641796,0.036071910766517,11.452405016777032,1.977095999125288,1.2748248048840347,35.60461762833814,31.35748249322968,34.48293000880964,3.0,1.0,0.1,0.2,0.5,True,
53,mi_concept,3.5938136638046256e-05,4.139050180724656,0.6854280953037002,0.8279058492991218,0.0342866380316978,11.467108307823729,2.519337771598798,0.9663261197008286,27.9386855942062,24.540688821021437,26.615863378130676,3.0,1.0,0.1,0.2,0.5,True,
53,mi_concept,6.812920690579608e-05,4.210884218915398,0.6215816277179662,0.7884044823045885,0.0312704576851612,11.488208981994688,2.784798615703541,0.8266288028718258,22.40122843753103,19.4185211524379,20.927800480827084,3.0,1.0,0.1,0.2,0.5,True,
53,mi_concept,0.0001291549665014,4.28468014062976,0.555348191659784,0.7452168755870897,0.0280157206678842,11.50928517749204,2.928265003369222,0.7370148770052557,18.04053785822719,15.35810119244207,16.485639336397966,3.0,1.0,0.1,0.2,0.5,True,
53,mi_concept,0.0002448436746822,4.354978263740243,0.4912990344551531,0.7009272675928317,0.0248545687671999,11.52884589562827,3.047522797352616,0.6611701320975841,14.51099838858091,12.106582501782285,12.939561679735094,3.0,1.0,0.1,0.2,0.5,True,
53,mi_concept,0.0004641588833612,4.417921470197628,0.4330560211973045,0.6580699212069372,0.0219899946718361,11.546169583777251,3.1834780459587777,0.5912167295021172,11.638704039614462,9.50386830321464,10.106387023444256,3.0,1.0,0.1,0.2,0.5,True,
53,mi_concept,0.0008799225435691,4.470476223536269,0.3837383765667835,0.6194662029253764,0.0195744772151986,11.560737761432112,3.3776899258050945,0.5235319429542611,9.295638072673157,7.425389635779925,7.851451616491609,3.0,1.0,0.1,0.2,0.5,True,
53,mi_concept,0.0016681005372,4.511513808562352,0.3447756725644765,0.5871760149771758,0.017689449556781,11.572350532531797,3.682010686960243,0.4559094668490905,7.381047576207039,5.771865327015369,6.068170647233763,3.0,1.0,0.1,0.2,0.5,True,
53,mi_concept,0.0031622776601683,4.542081692548113,0.3154907153848046,0.5616856019027056,0.0163081743833164,11.581366373531386,4.159485223553562,0.3875365864840373,5.817395554227619,4.465219039804095,4.670208094251001,3.0,1.0,0.1,0.2,0.5,True,
53,mi_concept,0.0059948425031894,4.564600812438087,0.2938355162793903,0.5420659704126337,0.0153262642025335,11.588520672036818,4.897372387236143,0.3190675384356268,4.546614340031505,3.4454938962664934,3.587393505238129,3.0,1.0,0.1,0.2,0.5,True,
53,mi_concept,0.0113646366638572,4.581328751599708,0.2778833562069084,0.5271464276715802,0.014642895395636,11.594409345251588,6.045449466856447,0.2523956866927372,3.526190211396583,2.666169007374426,2.7637361814586794,3.0,1.0,0.1,0.2,0.5,True,
53,mi_concept,0.0215443469003188,4.594128772367011,0.2659809223311491,0.5157333829908135,0.0141704008021784,11.599402124732366,7.875334666008596,0.1902583731594627,2.726180361966575,2.089133770496848,2.1546505115066714,3.0,1.0,0.1,0.2,0.5,True,
53,mi_concept,0.0408423865267452,4.6044872256484055,0.2566372885819307,0.5065938102483396,0.0138240061932275,11.603709682385263,10.889193379077865,0.1356244103115975,2.1237858132278946,1.6801714412267368,1.7224462133698522,3.0,1.0,0.1,0.2,0.5,True,
53,mi_concept,0.0774263682681127,4.612923652441049,0.2491282960454571,0.4991275348500192,0.0135532858930569,11.607274476568607,16.063999135644632,0.0908642548086355,1.6951058206856393,1.4057642392367364,1.4318036338860545,3.0,1.0,0.1,0.2,0.5,True,
53,mi_concept,0.146779926762207,4.619250268203528,0.2434446167055659,0.4934010708395007,0.0133491120384446,11.60992143588948,25.33229348409981,0.0571145030344474,1.4097412911925291,1.232441408438676,1.2477963382914878,3.0,1.0,0.1,0.2,0.5,True,
53,mi_concept,0.2782559402207126,4.623477347778818,0.2395610045521369,0.4894496956298337,0.013210256892724,11.61165961145247,42.44457802272751,0.0338879810619867,1.2321407976429564,1.1290485628811606,1.1377782750552,3.0,1.0,0.1,0.2,0.5,True,
53,mi_concept,0.5274997063702619,4.626044199097028,0.2371441528399578,0.4869744889005561,0.0131247811505239,11.61269731576638,74.55150402506378,0.0192252696247764,1.127814103619289,1.07013576721624,1.074961911191643,3.0,1.0,0.1,0.2,0.5,True,
53,mi_concept,1.0,4.627508623782751,0.2357375141326615,0.4855280775945522,0.013075647223896,11.613281289494056,135.20115801053055,0.0105798252940816,1.0690881509116894,1.0376197460839105,1.0402368427537727,3.0,1.0,0.1,0.2,0.5,True,
60,mi_concept,1e-05,4.448297163100831,0.5704483914177793,0.7552803396208452,0.0281829218555054,11.494107988052669,11.830652219106693,0.2031713090220155,12.32474501876326,11.816067603946571,12.18317553031627,3.0,1.0,1.0,0.1,0.1,True,
60,mi_concept,1.8957356524063752e-05,4.386644519196191,0.5895278844601509,0.7678071922430467,0.0285372208300582,11.491343885336764,13.318772722631447,0.1802747262532124,9.98058956152939,9.489847569225727,9.77533051667418,3.0,1.0,1.0,0.1,0.1,True,
60,mi_concept,3.5938136638046256e-05,4.365402390324936,0.58471981873827,0.7646697448822399,0.028145057981637,11.494021916382774,15.0299578230948,0.1567900156186562,8.072464654964906,7.625854582530671,7.848804029354985,3.0,1.0,1.0,0.1,0.1,True,
60,mi_concept,6.812920690579608e-05,4.360388672610469,0.575878225919004,0.7588664084797824,0.0278186658283202,11.496321812046803,17.43233099068514,0.1327853617534894,6.518281594636943,6.13015885880183,6.30582641303296,3.0,1.0,1.0,0.1,0.1,True,
60,mi_concept,0.0001291549665014,4.35930166249719,0.5698356047433325,0.7548745622574207,0.0278107787686406,11.496589461632087,20.95730157003628,0.1090481249552099,5.253179652649123,4.930176756507847,5.069631086153197,3.0,1.0,1.0,0.1,0.1,True,
60,mi_concept,0.0002448436746822,4.354526502399172,0.5697901234529373,0.7548444365913664,0.0283160781378798,11.49384523349048,26.39612444056264,0.0862865424366488,4.223594972212475,3.968756943974384,4.079639755181502,3.0,1.0,1.0,0.1,0.1,True,
60,mi_concept,0.0004641588833612,4.342082650733639,0.5767109573958833,0.7594148783082165,0.0295801417869388,11.487040160378598,35.3109933809228,0.0653363245288404,3.387180433226878,3.2007144807701238,3.288525671552367,3.0,1.0,1.0,0.1,0.1,True,
60,mi_concept,0.0008799225435691,4.329499259398316,0.5816086726801057,0.7626327246323132,0.0315100476064117,11.477600872711248,50.140998657881006,0.0474245252217401,2.713143437992,2.5907166206927053,2.659728935639382,3.0,1.0,1.0,0.1,0.1,True,
60,mi_concept,0.0016681005372,4.344726481156836,0.5573574041496806,0.7465637308024551,0.0326685652670381,11.474988353439528,72.36268645362345,0.0338613112433006,2.1801167869859968,2.1116254427735845,2.165196844929263,3.0,1.0,1.0,0.1,0.1,True,
60,mi_concept,0.0031622776601683,4.4108091961234015,0.4833828951711678,0.6952574308636822,0.0302499905167553,11.493045705213405,97.35481100749968,0.0248610330611918,1.7732160746646035,1.7434403625848816,1.7840241570625404,3.0,1.0,1.0,0.1,0.1,True,
60,mi_concept,0.0059948425031894,4.496626219176703,0.3918691814999617,0.6259945538900172,0.0247983684136364,11.52491885545913,120.938703241968,0.018601453327241,1.4795384744085982,1.4717700055595746,1.5011100946193725,3.0,1.0,1.0,0.1,0.1,True,
60,mi_concept,0.0113646366638572,4.561136732507409,0.3238528028878239,0.5690806646582046,0.0200523715616789,11.551511354048438,155.2206809623958,0.0132397574143555,1.282408851874729,1.2836203222993865,1.3034096640076442,3.0,1.0,1.0,0.1,0.1,True,
60,mi_concept,0.0215443469003188,4.598972292962844,0.2842171734866123,0.5331202242333453,0.0172058608522634,11.5674739811594,222.2730179915141,0.0086307166599491,1.1595836146315903,1.162761761271499,1.1751364034755185,3.0,1.0,1.0,0.1,0.1,True,
60,mi_concept,0.0408423865267452,4.619342606972584,0.2630146819898871,0.5128495705271547,0.0156923443157259,11.575995723508829,353.90600188528475,0.0051958039677759,1.0876395702631183,1.0902920877939408,1.0975533602286007,3.0,1.0,1.0,0.1,0.1,True,
60,mi_concept,0.0774263682681127,4.630071009484749,0.2519096004792415,0.5019059677661161,0.0149078780684457,11.58042067477332,606.8088556782272,0.0029589723029461,1.047284374942955,1.04901033343099,1.0530862678615251,3.0,1.0,1.0,0.1,0.1,True,
60,mi_concept,0.146779926762207,4.635703891921542,0.24610168717741,0.496086370682979,0.0145008304761994,11.582718024471736,1088.266902925275,0.001628713945885,1.0252511702304017,1.0262623422371704,1.0284883123033213,3.0,1.0,1.0,0.1,0.1,True,
60,mi_concept,0.2782559402207126,4.638664596521782,0.2430563901027094,0.4930074949762015,0.0142884444442907,11.583916872717044,2002.1131826617077,0.0008792113282146,1.0134082695654452,1.0139712924036837,1.0151678716893051,3.0,1.0,1.0,0.1,0.1,True,
60,mi_concept,0.5274997063702619,4.640222913700473,0.2414557932461374,0.4913815149617834,0.0141771280346696,11.584545222790776,3735.136199557119,0.0004695525828043,1.007097788339938,1.007403276465751,1.0080408965448424,3.0,1.0,1.0,0.1,0.1,True,
60,mi_concept,1.0,4.641043891700749,0.2406131944076978,0.4905233882371949,0.0141186184399579,11.58487548881477,7020.816975720731,0.0002493222999269,1.0037510727358,1.0039146187741808,1.004252780958329,3.0,1.0,1.0,0.1,0.1,True,
57,mi_concept,1e-05,4.076386521580853,0.754902091896487,0.8688510182398862,0.0358972091940305,11.448673129700472,1.226555594879075,1.9961327029120823,48.09928070459295,41.21682778873684,46.84428242385712,3.0,1.0,0.1,0.2,1.0,True,
57,mi_concept,1.8957356524063752e-05,4.085158593356741,0.7426715707697576,0.8617839466883551,0.0358463856792391,11.452009519697622,1.8767271926512024,1.299011272563823,35.879114478896106,31.16347687720512,34.51366981363228,3.0,1.0,0.1,0.2,1.0,True,
57,mi_concept,3.5938136638046256e-05,4.139322308503531,0.6916471276816799,0.831653249666999,0.0338073172390734,11.4680762209424,2.355320607486811,0.9994657436427782,28.15880177857765,24.40674459715684,26.65237462198951,3.0,1.0,0.1,0.2,1.0,True,
57,mi_concept,6.812920690579608e-05,4.214205811654301,0.6235437894470766,0.7896478895349981,0.0306976123128495,11.489383284989504,2.5755901224088102,0.8658792462582311,22.60361192980235,19.31778532011015,20.976752589491124,3.0,1.0,0.1,0.2,1.0,True,
57,mi_concept,0.0001291549665014,4.286307101030886,0.5579355557867705,0.7469508389357163,0.0275737773759516,11.50938709080249,2.698158371237956,0.7796367492312103,18.236627691394045,15.28204687678602,16.54709464338656,3.0,1.0,0.1,0.2,1.0,True,
57,mi_concept,0.0002448436746822,4.350375819151,0.4990001329497895,0.7063994146018169,0.0247436676864418,11.526855008088088,2.819924174765851,0.7043844953580495,14.699854552320708,12.050191652331288,13.012450398614098,3.0,1.0,0.1,0.2,1.0,True,
57,mi_concept,0.0004641588833612,4.404806467357231,0.4483331844940162,0.6695768697423891,0.0223236885804699,11.54147258856499,2.9794642795756663,0.6324043039813216,11.816460034148696,9.463933279928408,10.188399792664184,3.0,1.0,0.1,0.2,1.0,True,
57,mi_concept,0.0008799225435691,4.450212314118961,0.4055947715777832,0.6368632283134136,0.0203061339421084,11.553524131401424,3.2065508624896784,0.5607261804539825,9.458716658766315,7.401593965397523,7.936381065794222,3.0,1.0,0.1,0.2,1.0,True,
57,mi_concept,0.0016681005372,4.488092292386206,0.3694548218395588,0.6078279541445579,0.018629900387603,11.563585415102292,3.5390438794464347,0.4875933065639667,7.524530274510018,5.76495151208396,6.147088449966201,3.0,1.0,0.1,0.2,1.0,True,
57,mi_concept,0.0031622776601683,4.519433418223786,0.3389712485482425,0.5822123740940608,0.017257439755884,11.572129604153034,4.04267883099918,0.4119492941428541,5.932720765913151,4.4744319498283405,4.736150812277948,3.0,1.0,0.1,0.2,1.0,True,
57,mi_concept,0.0059948425031894,4.544706096294249,0.3138410390877132,0.560215172132738,0.0161861650267906,11.579460913007344,4.83565890270203,0.3342697618578022,4.624209682601321,3.4670641855759428,3.638250355851348,3.0,1.0,0.1,0.2,1.0,True,
57,mi_concept,0.0113646366638572,4.564945243321152,0.2935981114126308,0.5418469446371649,0.0154084091693796,11.58590582311952,6.121642260982255,0.2577354548575475,3.5622509830572686,2.694141356678112,2.801095357521772,3.0,1.0,0.1,0.2,1.0,True,
57,mi_concept,0.0215443469003188,4.582450491758345,0.276761482814352,0.5260812511526637,0.0148576358089379,11.591966325423083,8.24367997155045,0.1876571975926307,2.726758685081507,2.117429587753961,2.181284082515732,3.0,1.0,0.1,0.2,1.0,True,
57,mi_concept,0.0408423865267452,4.599555592983673,0.2614459777377643,0.5113178832563597,0.0144096175832113,11.59808058735898,11.791931728500195,0.1289389241494944,2.1026340411486912,1.704293280952914,1.740872974912642,3.0,1.0,0.1,0.2,1.0,True,
57,mi_concept,0.0774263682681127,4.616337067690108,0.2472014712630503,0.4971935953560246,0.013972544371991,11.604054285655504,17.856852872264007,0.08377113387372,1.6673045684605663,1.423650686109542,1.4440191855022988,3.0,1.0,0.1,0.2,1.0,True,
57,mi_concept,0.146779926762207,4.630796704919029,0.2352063134031601,0.4849807350845599,0.0135551671412587,11.609126721902836,28.58474421798113,0.0515686115151555,1.3854983304174862,1.2442733666983092,1.2554626991772635,3.0,1.0,0.1,0.2,1.0,True,
57,mi_concept,0.2782559402207126,4.6414170506169,0.2264504013754353,0.4758680503831239,0.0132137190959621,11.612786854471056,48.204546280767865,0.0302233003512644,1.2150244513229105,1.1362307633199238,1.1423315792362807,3.0,1.0,0.1,0.2,1.0,True,
57,mi_concept,0.5274997063702619,4.648283132811537,0.2207908041668547,0.4698838198606701,0.0129748683688382,11.615113089598308,84.84870254246383,0.0170307404895232,1.1171561385034832,1.0742487486834786,1.0775482259144933,3.0,1.0,0.1,0.2,1.0,True,
57,mi_concept,1.0,4.6523589957224285,0.2174272724771187,0.4662909740463767,0.0128258482729525,11.616475696672866,153.95149839128152,0.0093383179345195,1.0629248113602874,1.0398916824028457,1.0416613658778795,3.0,1.0,0.1,0.2,1.0,True,
59,mi_concept,1e-05,4.53986371879799,0.3243912419617205,0.5695535461760558,0.0175972172462153,11.583604921258578,0.1900578535683962,8.624225818561197,133.77153014975212,104.55689040637476,108.50791123610158,3.0,1.0,0.1,0.5,1.0,True,
59,mi_concept,1.8957356524063752e-05,4.546483089610304,0.3170077066972027,0.5630343743477859,0.0172574886625781,11.585498071632104,0.3250958175489176,4.989058393862512,82.8521725874513,66.02832265513855,68.1159824089943,3.0,1.0,0.1,0.5,1.0,True,
59,mi_concept,3.5938136638046256e-05,4.557894518441444,0.3051362381885376,0.5523913813488925,0.0167727367317878,11.589020688077664,0.5509048425716553,2.9062992534582883,54.47080987479842,44.76874507613375,45.82869518147805,3.0,1.0,0.1,0.5,1.0,True,
59,mi_concept,6.812920690579608e-05,4.5750569120188285,0.287625846315838,0.5363076041935617,0.0160434198484749,11.594378803203847,0.8349189446501265,1.8793679647210837,38.58853668439076,32.4104347388909,32.95482618285177,3.0,1.0,0.1,0.5,1.0,True,
59,mi_concept,0.0001291549665014,4.594019641670183,0.2685097534848251,0.5181792677103408,0.0152146057691577,11.600313423246655,1.0899257595342633,1.4041732141103895,28.923568505927637,24.386070288780207,24.680538156945445,3.0,1.0,0.1,0.5,1.0,True,
59,mi_concept,0.0002448436746822,4.608992573696988,0.2534743479146656,0.503462359978048,0.014534132787557,11.604920266985772,1.276795521107056,1.1710848021485338,22.25380820566271,18.52131665767113,18.689500397435086,3.0,1.0,0.1,0.5,1.0,True,
59,mi_concept,0.0004641588833612,4.619092652582607,0.2433731056743199,0.4933285980706165,0.0140713917534818,11.607970142065875,1.4504405349529343,1.0118942382420668,17.162171418849674,13.968869699626564,14.064323818623514,3.0,1.0,0.1,0.5,1.0,True,
59,mi_concept,0.0008799225435691,4.62632811184168,0.2362353374050142,0.4860404688963813,0.0137577248861606,11.610236252308296,1.6623233166006366,0.8700377313868554,13.135550390037006,10.412017276080745,10.464950497525512,3.0,1.0,0.1,0.5,1.0,True,
59,mi_concept,0.0016681005372,4.632389014023589,0.2303760284398263,0.4799750289752857,0.0135069358705001,11.612260427892178,1.9390891458793704,0.7366957730199022,9.954043888484383,7.666256080967925,7.696973439034128,3.0,1.0,0.1,0.5,1.0,True,
59,mi_concept,0.0031622776601683,4.638249819739686,0.2248815868355724,0.4742168141637034,0.0132583210950279,11.614250404887205,2.3111145715350783,0.6112068587831503,7.467448982355538,5.5858027541971245,5.605299861222659,3.0,1.0,0.1,0.5,1.0,True,
59,mi_concept,0.0059948425031894,4.64417916093106,0.21942070414445,0.4684236374740818,0.0129925261956661,11.61616905195456,2.8296315779063006,0.4939101720314753,5.554848134044811,4.048740515437744,4.060994437866744,3.0,1.0,0.1,0.5,1.0,True,
59,mi_concept,0.0113646366638572,4.649495876882455,0.2143089235211457,0.4629351180469524,0.0127431776947721,11.61772403547964,3.591517029981661,0.3856028826938665,4.113843542399361,2.95052902168217,2.95641117490252,3.0,1.0,0.1,0.5,1.0,True,
59,mi_concept,0.0215443469003188,4.653137372170425,0.2102992529463103,0.4585839649903934,0.0125663483126558,11.61858444699834,4.783427364611193,0.2878996860970363,3.056320571790682,2.1981300363694376,2.198680416019399,3.0,1.0,0.1,0.5,1.0,True,
59,mi_concept,0.0408423865267452,4.6547083064500105,0.2079612854367309,0.4560277244167627,0.0124945007672751,11.618658343229283,6.766399316790854,0.2033596796385838,2.30561665950486,1.7071588449744517,1.7046868902246397,3.0,1.0,0.1,0.5,1.0,True,
59,mi_concept,0.0774263682681127,4.654564626227648,0.2073467355848996,0.4553534183300918,0.0125271630054806,11.61810464028996,10.244460979457743,0.1348275583295794,1.7944867550629964,1.402876341573605,1.3997761401464777,3.0,1.0,0.1,0.5,1.0,True,
59,mi_concept,0.146779926762207,4.653481941395767,0.2079077364727904,0.4559690082371722,0.0126296561438146,11.617242005411889,16.57349353506164,0.0838704436753869,1.4637764505555726,1.2231987186309798,1.2207457437450857,3.0,1.0,0.1,0.5,1.0,True,
59,mi_concept,0.2782559402207126,4.652215429039442,0.2088837345088903,0.457038001164991,0.0127515051581248,11.616385035833082,28.33782072863243,0.0493631731336855,1.2613214181360275,1.1212382874993578,1.1196579987181277,3.0,1.0,0.1,0.5,1.0,True,
59,mi_concept,0.5274997063702619,4.65118950951406,0.2097625320317293,0.4579983974117478,0.0128555613987394,11.615711655149388,50.44682853999612,0.0278642496608502,1.1434537469860089,1.06502836456443,1.0641098246044385,3.0,1.0,0.1,0.5,1.0,True,
59,mi_concept,1.0,4.650502628810397,0.2103761763607696,0.4586678279111907,0.0129287986950881,11.61525696402481,92.21392319075484,0.0152923941456855,1.0774174676379136,1.0346188826655789,1.0341110617772893,3.0,1.0,0.1,0.5,1.0,True,
56,mi_concept,1e-05,4.924973786998931,0.0983367430144425,0.3135868986651747,0.0044743766868039,11.666863464669746,0.6193975547698995,1.3659246644156011,28.057446555257584,28.07299029484605,31.078408706275752,3.0,1.0,0.1,0.1,1.0,True,
56,mi_concept,1.8957356524063752e-05,4.729286682301192,0.2940479881807749,0.5422619184312826,0.0138856893328569,11.594451740009868,1.6569762532210277,0.9115832895297288,22.80089631277416,21.62934352601899,23.916626193422232,3.0,1.0,0.1,0.1,1.0,True,
56,mi_concept,3.5938136638046256e-05,4.4995272954344605,0.4860550799077507,0.6971765055620784,0.0228007357664928,11.527460329738693,2.643499008650153,0.7392270574066543,18.68238830919434,16.936831010623862,18.78952463855684,3.0,1.0,0.1,0.1,1.0,True,
56,mi_concept,6.812920690579608e-05,4.367077094901105,0.5749695383438764,0.7582674583178922,0.0267107361921026,11.498593748915264,3.170417543261789,0.6681271294348603,15.382013396904496,13.33947371809905,14.858227566159725,3.0,1.0,0.1,0.1,1.0,True,
56,mi_concept,0.0001291549665014,4.346602849293002,0.5689473873597156,0.75428601164261,0.0263202799786037,11.500900775616834,3.29593435203723,0.6356962867436687,12.726948230072525,10.538190208841058,11.769244065527834,3.0,1.0,0.1,0.1,1.0,True,
56,mi_concept,0.0002448436746822,4.38888239588699,0.5147398740721767,0.7174537435069781,0.0238529585538839,11.51730454829296,3.216584461441582,0.6179542454036266,10.581400531396788,8.338950635638508,9.322356078069689,3.0,1.0,0.1,0.1,1.0,True,
56,mi_concept,0.0004641588833612,4.450975955340836,0.4473729762966864,0.6688594593011946,0.0208753050300387,11.536721815014811,3.079666883153328,0.6034700780911267,8.83402141881388,6.602289333728472,7.376296901201775,3.0,1.0,0.1,0.1,1.0,True,
56,mi_concept,0.0008799225435691,4.510808494784232,0.3845583391389499,0.6201276797071309,0.0181470817855798,11.554206809220757,2.9734390917073266,0.5841382439266986,7.39134842349073,5.22739002053402,5.827992885272356,3.0,1.0,0.1,0.1,1.0,True,
56,mi_concept,0.0016681005372,4.559920216705909,0.3331993087992572,0.5772341888690042,0.0159420145214392,11.568175158164278,2.957529186437549,0.5526432545329146,6.1741990821015085,4.139386954481675,4.598516796715487,3.0,1.0,0.1,0.1,1.0,True,
56,mi_concept,0.0031622776601683,4.596562444515209,0.2946621514978497,0.542827920705862,0.0142995892100379,11.578528149421198,3.0879852757330077,0.5034511242863813,5.119619355725537,3.28195591325877,3.626291644997837,3.0,1.0,0.1,0.1,1.0,True,
56,mi_concept,0.0059948425031894,4.621649053653147,0.2681053650962821,0.5177889194413898,0.0131761125699698,11.585632393040658,3.443482794813204,0.4349076309493721,4.186426510875674,2.6126198035944457,2.864440328528957,3.0,1.0,0.1,0.1,1.0,True,
56,mi_concept,0.0113646366638572,4.636698446552363,0.2521852698430004,0.5021805151964783,0.0125143164628859,11.589885734471132,4.164351336277902,0.3511050839115132,3.3601463127771862,2.099026743294061,2.277657048312267,3.0,1.0,0.1,0.1,1.0,True,
56,mi_concept,0.0215443469003188,4.643503474513373,0.2452301790632893,0.4952072082101484,0.0122474857638303,11.591701598705242,5.519570918469341,0.2619448167101143,2.6513552151966056,1.7162255906094253,1.838555965556675,3.0,1.0,0.1,0.1,1.0,True,
56,mi_concept,0.0408423865267452,4.644622178398993,0.2446914753325831,0.494662991674719,0.0122717774221539,11.591685965066771,8.027985595243603,0.1798603374075494,2.0823338024411893,1.443794346044432,1.524157840297037,3.0,1.0,0.1,0.1,1.0,True,
56,mi_concept,0.0774263682681127,4.643146722031075,0.2472719102114959,0.4972644268510426,0.0124436127722479,11.59068554596078,12.685787603070004,0.1142618536608541,1.6651127600578368,1.261765733643245,1.3120464855297165,3.0,1.0,0.1,0.1,1.0,True,
56,mi_concept,0.146779926762207,4.641384142423762,0.2502717081501334,0.5002716343649052,0.0126348367608929,11.589494856816684,21.401414273253625,0.068056957752791,1.38715046190228,1.1482353127973066,1.1781448308564977,3.0,1.0,0.1,0.1,1.0,True,
56,mi_concept,0.2782559402207126,4.6401797379288094,0.2525121331490836,0.5025058538455882,0.012782107020452,11.588543573959132,37.817916223811416,0.0386594650258071,1.2166488152114336,1.0815505303172983,1.098588190659504,3.0,1.0,0.1,0.1,1.0,True,
56,mi_concept,0.5274997063702619,4.639508705344218,0.2539018308080447,0.5038867241831687,0.0128769818479279,11.587916009465824,68.85846734326722,0.0212837777048308,1.118192332880758,1.0440506587657894,1.0534575692552657,3.0,1.0,0.1,0.1,1.0,True,
56,mi_concept,1.0,4.63916087464993,0.2546926897706051,0.5046708727186513,0.0129325979833645,11.587542654177714,127.6498962029715,0.0114974014319424,1.0635126966092168,1.0235407297517949,1.028632389811738,3.0,1.0,0.1,0.1,1.0,True,
62,mi_concept,1e-05,4.859611978412433,0.0274830278397193,-0.165780058631065,0.0025175212869243,11.651121300615964,-1.6194658775477135,0.422532149045425,22.48532978990941,23.304095770720554,23.6967502261822,3.0,1.0,1.0,0.3,0.1,True,
62,mi_concept,1.8957356524063752e-05,4.859611978412433,0.0465947461356262,-0.2158581620778474,0.0038135492657066,11.651121300615964,-2.168400120613305,0.3917218740908785,17.754817594598332,18.619165063975807,18.9232267244394,3.0,1.0,1.0,0.3,0.1,True,
62,mi_concept,3.5938136638046256e-05,4.859611978412433,0.0678356957338138,-0.2604528666262167,0.0050427547211958,11.651121300615964,-2.5784227045599577,0.3785367324734253,13.963777267585108,14.894591137176546,15.127842037304289,3.0,1.0,1.0,0.3,0.1,True,
62,mi_concept,6.812920690579608e-05,4.859611978412433,0.0879364793571429,-0.2965408561347709,0.0060348428492028,11.651121300615964,-2.8424971157196097,0.373417226820479,10.914647356722256,11.91492526590726,12.089620667530037,3.0,1.0,1.0,0.3,0.1,True,
62,mi_concept,0.0001291549665014,4.859611978412433,0.1040936036463694,-0.3226354035848661,0.0067104811593283,11.651121300615964,-2.984010876100355,0.3725238751443857,8.463944512490867,9.5282188442554,9.655654328278873,3.0,1.0,1.0,0.3,0.1,True,
62,mi_concept,0.0002448436746822,4.859611978412433,0.1143006103440097,-0.3380837327408844,0.0070529749217774,11.651121300615964,-3.042726232706808,0.3728093716011114,6.501298537675987,7.6153801504530705,7.706123660765994,3.0,1.0,1.0,0.3,0.1,True,
62,mi_concept,0.0004641588833612,4.859611978412433,0.1180341254747398,-0.3435609487045055,0.0070990575380086,11.651121300615964,-3.062227000000504,0.3710440613972788,4.941403645866492,6.0822809602184895,6.146307180803452,3.0,1.0,1.0,0.3,0.1,True,
62,mi_concept,0.0008799225435691,4.859611978412433,0.1167954267103052,-0.3417534589588015,0.0069466723331473,11.651121300615964,-3.0911330686752128,0.3634436176192056,3.7178804029947057,4.854604019268326,4.900408392608544,3.0,1.0,1.0,0.3,0.1,True,
62,mi_concept,0.0016681005372,4.859611978412433,0.1130915760331211,-0.3362909098282633,0.0067158246580539,11.651121300615964,-3.1948436738031667,0.345279568773876,2.783218686062728,3.8740317469454095,3.907632450904618,3.0,1.0,1.0,0.3,0.1,True,
62,mi_concept,0.0031622776601683,4.859611978412433,0.10919797689868,-0.3304511717314376,0.0065054370228901,11.651121300615964,-3.4677836917621243,0.3121980504174185,2.103607016920173,3.0952367127681506,3.120016534087258,3.0,1.0,1.0,0.3,0.1,True,
62,mi_concept,0.0059948425031894,4.859611978412433,0.1065962747120922,-0.3264908493543,0.0063765070985995,11.651121300615964,-4.050762496835818,0.2636347674164221,1.6444616389745976,2.4831971097206043,2.5007165315875897,3.0,1.0,1.0,0.3,0.1,True,
62,mi_concept,0.0113646366638572,4.859611978412433,0.1058136204357432,-0.325290055851302,0.0063476851427699,11.651121300615964,-5.173424959128482,0.2051728873507877,1.3592366532918074,2.010912023654134,2.0222522055489733,3.0,1.0,1.0,0.3,0.1,True,
62,mi_concept,0.0215443469003188,4.859611978412433,0.1065617901046575,-0.3264380340963007,0.0064007878738065,11.651121300615964,-7.253943399169736,0.1464149151053532,1.1944570097823606,1.6576208464054607,1.6642281296345,3.0,1.0,1.0,0.3,0.1,True,
62,mi_concept,0.0408423865267452,4.859611978412433,0.1080759740570744,-0.3287491050285527,0.0064946344747207,11.651121300615964,-11.0986771066747,0.0961008859949424,1.1037043864123088,1.406154573382915,1.409681680860256,3.0,1.0,1.0,0.3,0.1,True,
62,mi_concept,0.0774263682681127,4.859611978412433,0.1096001839159335,-0.3310591849140174,0.0065879602495591,11.651121300615964,-18.269891221004286,0.0586620506256085,1.0549491171423098,1.2386969951736015,1.240488354330543,3.0,1.0,1.0,0.3,0.1,True,
62,mi_concept,0.146779926762207,4.859611978412433,0.110749567443095,-0.3327905759529483,0.0066588471735556,11.651121300615964,-31.7603458555918,0.0338732360082982,1.029039837529321,1.1347640758796955,1.1356616463013136,3.0,1.0,1.0,0.3,0.1,True,
62,mi_concept,0.2782559402207126,4.859611978412433,0.1114872154399951,-0.3338970132241305,0.0067047960050748,11.651121300615964,-57.258115084513456,0.0188358393897624,1.0153311403330865,1.0739851431253162,1.0744383430233042,3.0,1.0,1.0,0.3,0.1,True,
62,mi_concept,0.5274997063702619,4.859611978412433,0.1119196144748283,-0.3345438902069926,0.0067319440289291,11.651121300615964,-105.5457906802066,0.0102334325782099,1.008090293862168,1.0399130379550203,1.040145019669309,3.0,1.0,1.0,0.3,0.1,True,
62,mi_concept,1.0,4.859611978412433,0.1121608595767733,-0.3349042543426006,0.0067471687709745,11.651121300615964,-197.05722305144508,0.00548566500157,1.0042684355847349,1.02131394814741,1.021434092802399,3.0,1.0,1.0,0.3,0.1,True,
63,mi_concept,1e-05,4.859611978412433,0.0305774968066603,-0.1748642239186174,0.0029100124822582,11.651121300615964,-1.1859174657849618,0.5658326920496369,29.403291453005163,30.74765340473643,31.343020913302496,3.0,1.0,1.0,0.5,0.1,True,
63,mi_concept,1.8957356524063752e-05,4.859611978412433,0.0601767270120729,-0.2453094515343283,0.0046183578161644,11.651121300615964,-1.5607374296583725,0.5390881570682162,22.74097817473584,24.205905447547934,24.62521873415474,3.0,1.0,1.0,0.5,0.1,True,
63,mi_concept,3.5938136638046256e-05,4.859611978412433,0.0842481055472695,-0.2902552420668222,0.005792230430865,11.651121300615964,-1.7353825803971157,0.5424847564405135,17.67487590171277,19.2680116453966,19.582278152367756,3.0,1.0,1.0,0.5,0.1,True,
63,mi_concept,6.812920690579608e-05,4.859611978412433,0.1013926960877563,-0.3184221978564879,0.0065174347090828,11.651121300615964,-1.8236264416481325,0.5482425938762712,13.66440448895217,15.359773527695443,15.595661127388524,3.0,1.0,1.0,0.5,0.1,True,
63,mi_concept,0.0001291549665014,4.859611978412433,0.1119007162788887,-0.3345156442961805,0.0068910242809951,11.651121300615964,-1.876511838368188,0.5499620989128532,10.476576739006422,12.237625408628546,12.4121149194646,3.0,1.0,1.0,0.5,0.1,True,
63,mi_concept,0.0002448436746822,4.859611978412433,0.1165049661875391,-0.3413282381924166,0.0069918583452751,11.651121300615964,-1.9153398692525652,0.5469357366092866,7.950281260697968,9.738672552411163,9.86597810160164,3.0,1.0,1.0,0.5,0.1,True,
63,mi_concept,0.0004641588833612,4.859611978412433,0.1163083359666813,-0.3410400797071823,0.0068927484759478,11.651121300615964,-1.9511762824612573,0.5391776598005534,5.957821444433766,7.737665514665196,7.828599793949586,3.0,1.0,1.0,0.5,0.1,True,
63,mi_concept,0.0008799225435691,4.859611978412433,0.1127488646478343,-0.3357809771976882,0.0066671555954894,11.651121300615964,-1.997952881306359,0.5248075966066312,4.402546886933377,6.137336067048214,6.199195106043969,3.0,1.0,1.0,0.5,0.1,True,
63,mi_concept,0.0016681005372,4.859611978412433,0.1074872131840413,-0.3278524259236789,0.0063901965653805,11.651121300615964,-2.085639831148584,0.4985798502749243,3.2188118811347426,4.860870880608544,4.89915934419965,3.0,1.0,1.0,0.5,0.1,True,
63,mi_concept,0.0031622776601683,4.859611978412433,0.1018271693676012,-0.3191036968880198,0.0061163921819146,11.651121300615964,-2.264357769062806,0.4540502239184381,2.361480406749989,3.8472428050964633,3.867588647963605,3.0,1.0,1.0,0.5,0.1,True,
63,mi_concept,0.0059948425031894,4.859611978412433,0.0965974850511176,-0.3108013594743717,0.0058777160398797,11.651121300615964,-2.609470576485958,0.3890862477281627,1.785476868485497,3.0488462181792566,3.056547961767333,3.0,1.0,1.0,0.5,0.1,True,
63,mi_concept,0.0113646366638572,4.859611978412433,0.0922656558883967,-0.3037526228502343,0.0056915924471544,11.651121300615964,-3.239086132308083,0.3097951181268505,1.431140619189721,2.4288474140682688,2.427865375481413,3.0,1.0,1.0,0.5,0.1,True,
63,mi_concept,0.0215443469003188,4.859611978412433,0.0889352683766613,-0.298220167622281,0.0055605338304752,11.651121300615964,-4.3564259657018125,0.2281192440476068,1.2296361130509774,1.9582328100049768,1.9518708431016811,3.0,1.0,1.0,0.5,0.1,True,
63,mi_concept,0.0408423865267452,4.859611978412433,0.0865022899337203,-0.2941127163754065,0.0054771095063893,11.651121300615964,-6.34413667860387,0.1555100302735997,1.120795441979885,1.6135265717450529,1.6051161368691762,3.0,1.0,1.0,0.5,0.1,True,
63,mi_concept,0.0774263682681127,4.859611978412433,0.084836980206386,-0.2912678839254099,0.0054306785012571,11.651121300615964,-9.950129315469786,0.0986661231728712,1.0633817848989813,1.3738454045721964,1.3660744412508634,3.0,1.0,1.0,0.5,0.1,True,
63,mi_concept,0.146779926762207,4.859611978412433,0.0837943534950313,-0.2894725435944337,0.0054091960990893,11.651121300615964,-16.627812254664235,0.0588716721159189,1.0332905524165967,1.217579719404653,1.2117467136258924,3.0,1.0,1.0,0.5,0.1,True,
63,mi_concept,0.2782559402207126,4.859611978412433,0.083195328620355,-0.2884360043759361,0.0054012971005028,11.651121300615964,-29.15957287113665,0.0335205793695116,1.0175122050369925,1.1220901596165982,1.1182746502026455,3.0,1.0,1.0,0.5,0.1,True,
63,mi_concept,0.5274997063702619,4.859611978412433,0.0828702537919595,-0.2878719399176647,0.0053991659621762,11.651121300615964,-52.82822216178408,0.0184891539624781,1.0092227680235837,1.0667906657742885,1.0645085532148413,3.0,1.0,1.0,0.5,0.1,True,
63,mi_concept,1.0,4.859611978412433,0.0826983717999213,-0.2875732459738238,0.0053989185505172,11.651121300615964,-97.64273992856668,0.0099999607455539,1.0048606396683006,1.0359619402852496,1.0346700075079254,3.0,1.0,1.0,0.5,0.1,True,
61,mi_concept,1e-05,4.850669419077562,0.0101777554569241,0.1008848623774851,6.322415123052772e-05,11.67609032128576,0.3861339278850502,0.2593759108433366,17.836739057445296,18.14908537810861,18.69469444672453,3.0,1.0,1.0,0.2,0.1,True,
61,mi_concept,1.8957356524063752e-05,4.858829431642622,0.001226875858741,0.0350267877308367,7.054876302322368e-05,11.662266329146007,-0.4544931102132731,0.2342084970895933,14.164631003252934,14.55353898125604,14.993106629956223,3.0,1.0,1.0,0.2,0.1,True,
61,mi_concept,3.5938136638046256e-05,4.859611978412433,0.0017355616794043,-0.0416600729644628,0.0006528449885803,11.651121300615964,-1.447486978583952,0.224024368246025,11.197671166224636,11.675434400314211,12.028433710768882,3.0,1.0,1.0,0.2,0.1,True,
61,mi_concept,6.812920690579608e-05,4.859611978412433,0.0125842299990029,-0.1121794544424375,0.0016110381805787,11.651121300615964,-2.28387704087366,0.2228099248705685,8.80488430237581,9.367964404092412,9.649496670788656,3.0,1.0,1.0,0.2,0.1,True,
61,mi_concept,0.0001291549665014,4.859611978412433,0.0280313216189133,-0.16742557038551,0.0025963303931496,11.651121300615964,-2.866546821363851,0.2255184595978582,6.882877163616718,7.515879054948962,7.739380621512875,3.0,1.0,1.0,0.2,0.1,True,
61,mi_concept,0.0002448436746822,4.859611978412433,0.042837298072529,-0.2069717325446376,0.0034123393986777,11.651121300615964,-3.2600970044604494,0.228532601201022,5.34767258483533,6.029306990088657,6.205923262666141,3.0,1.0,1.0,0.2,0.1,True,
61,mi_concept,0.0004641588833612,4.859611978412433,0.0546953043173618,-0.2338702724105008,0.0040115029312183,11.651121300615964,-3.5557124614793416,0.22932921526826,4.130013393964763,4.837421413042216,4.975519588272774,3.0,1.0,1.0,0.2,0.1,True,
61,mi_concept,0.0008799225435691,4.859611978412433,0.0631584070033223,-0.2513133641558329,0.0044132665318247,11.651121300615964,-3.8346949804277335,0.2254416409729675,3.175559989694756,3.883698077115893,3.989888035820005,3.0,1.0,1.0,0.2,0.1,True,
61,mi_concept,0.0016681005372,4.859611978412433,0.0687669878868433,-0.2622346046707859,0.0046680242078368,11.651121300615964,-4.195657832462463,0.2138661833403407,2.4451087091988373,3.12343976596148,3.2034384816785764,3.0,1.0,1.0,0.2,0.1,True,
61,mi_concept,0.0031622776601683,4.859611978412433,0.0725264347193165,-0.2693073239243903,0.0048368293694209,11.651121300615964,-4.7904095597126926,0.1918829599095803,1.910160679721604,2.5218990504189427,2.5806863170137047,3.0,1.0,1.0,0.2,0.1,True,
61,mi_concept,0.0059948425031894,4.859611978412433,0.075354282639976,-0.2745073453297306,0.0049693218143082,11.651121300615964,-5.866614583718274,0.1593699286689313,1.543203561434615,2.052514039165972,2.094346385958756,3.0,1.0,1.0,0.2,0.1,True,
61,mi_concept,0.0113646366638572,4.859611978412433,0.0776781210106577,-0.2787079493137174,0.0050869697360453,11.651121300615964,-7.851249377163897,0.1206324024488357,1.3097828476350364,1.695542707942476,1.724151952939747,3.0,1.0,1.0,0.2,0.1,True,
61,mi_concept,0.0215443469003188,4.859611978412433,0.0794407605781625,-0.2818523737316444,0.0051840520353211,11.651121300615964,-11.530623426215003,0.082902585160743,1.171038427579414,1.4360066919035133,1.4547096539124456,3.0,1.0,1.0,0.2,0.1,True,
61,mi_concept,0.0408423865267452,4.859611978412433,0.0805400145805741,-0.2837957268539717,0.0052506876957028,11.651121300615964,-18.40354927418073,0.0522366604240156,1.092544347459535,1.259318288958685,1.2709495694075608,3.0,1.0,1.0,0.2,0.1,True,
61,mi_concept,0.0774263682681127,4.859611978412433,0.0811046906802677,-0.2847888528019798,0.0052892561700903,11.651121300615964,-31.3356096949749,0.0307695645618857,1.0494940557357817,1.147621712172911,1.1545011630152522,3.0,1.0,1.0,0.2,0.1,True,
61,mi_concept,0.146779926762207,4.859611978412433,0.0813607758725716,-0.2852381038230545,0.00530941784463,11.651121300615964,-55.77642561095118,0.0173108192055958,1.026301065762939,1.081460429420238,1.085361525633082,3.0,1.0,1.0,0.2,0.1,True,
61,mi_concept,0.2782559402207126,4.859611978412433,0.0814721344197257,-0.2854332398648163,0.0053195804617712,11.651121300615964,-102.05996502856016,0.0094666121569822,1.0139281739535375,1.0440760897667711,1.0462233087929795,3.0,1.0,1.0,0.2,0.1,True,
61,mi_concept,0.5274997063702619,4.859611978412433,0.0815214846259332,-0.2855196746739762,0.0053247069032233,11.651121300615964,-189.77131625170736,0.0050927493303683,1.0073623351822802,1.0235757271245898,1.0247357306904967,3.0,1.0,1.0,0.2,0.1,True,
61,mi_concept,1.0,4.859611978412433,0.0815443758388942,-0.2855597587877084,0.0053273259160789,11.651121300615964,-356.03180438852183,0.0027149315716491,1.0038878812708598,1.0125296240563186,1.0131495433125954,3.0,1.0,1.0,0.2,0.1,True,
65,mi_concept,1e-05,4.535953913214732,0.3785971143854764,0.6153024576462184,0.0182775542988584,11.552731514127306,4.265700593062109,0.4115550701120433,20.365580668770853,18.908468625618053,19.370195652148308,3.0,1.0,1.0,0.2,0.5,True,
65,mi_concept,1.8957356524063752e-05,4.556827582431097,0.3402011166231016,0.5832676200708399,0.0167136398168062,11.564325270681277,3.895522341614409,0.4248896710426504,16.70581452198328,15.181090290637428,15.549239745018802,3.0,1.0,1.0,0.2,0.5,True,
65,mi_concept,3.5938136638046256e-05,4.584426993269657,0.3051108644512713,0.5523684136980239,0.015266715927637,11.57447331677872,3.610625589961226,0.4344111268003652,13.744415789427244,12.187128531177502,12.480428311913132,3.0,1.0,1.0,0.2,0.5,True,
65,mi_concept,6.812920690579608e-05,4.610676832676012,0.2756279631776878,0.5250028220664036,0.0140125758172898,11.582756430701425,3.41731664533604,0.4386297262427534,11.340673179489889,9.780345372508664,10.01165136749262,3.0,1.0,1.0,0.2,0.5,True,
65,mi_concept,0.0001291549665014,4.634739977895373,0.2500479138781718,0.500047911582652,0.0128918273466872,11.589754120441912,3.296290772231899,0.4367969995154774,9.38395071220523,7.846035893523851,8.025020722026563,3.0,1.0,1.0,0.2,0.5,True,
65,mi_concept,0.0002448436746822,4.656351813906485,0.2277748259516274,0.4772576096319759,0.0118972494625922,11.595722501127328,3.2428225430695545,0.4278984307594467,7.783504717310298,6.292499674852391,6.428057746922831,3.0,1.0,1.0,0.2,0.5,True,
65,mi_concept,0.0004641588833612,4.67509021486913,0.2089730076380037,0.4571356556187712,0.0110476098330506,11.600694556243294,3.2667456905539023,0.410881844077751,6.464566662197748,5.045920568747277,5.146486307160949,3.0,1.0,1.0,0.2,0.5,True,
65,mi_concept,0.0008799225435691,4.690914068231622,0.193455390693791,0.4398356405451825,0.0103393709133856,11.604773760239707,3.3837060053402666,0.3852377653378186,5.367873839072647,4.047375819691988,4.1202232754885335,3.0,1.0,1.0,0.2,0.5,True,
65,mi_concept,0.0016681005372,4.704088925626188,0.1806875794593513,0.4250736165175997,0.0097508444212269,11.60812589130156,3.616778346692342,0.3513187421835091,4.448252980493927,3.250579324114922,3.301562708397089,3.0,1.0,1.0,0.2,0.5,True,
65,mi_concept,0.0031622776601683,4.714937326418502,0.1701613945495498,0.412506235770503,0.0092616136331324,11.610886029722923,4.00533819358769,0.3102981642543822,3.672747392821865,2.619479117430972,2.6534009727020864,3.0,1.0,1.0,0.2,0.5,True,
65,mi_concept,0.0059948425031894,4.723789861317352,0.1615170426374391,0.4018918295231183,0.0088578718926435,11.613136327889126,4.619305424186525,0.264009523418091,3.01900094439398,2.1261651575442992,2.147347103105506,3.0,1.0,1.0,0.2,0.5,True,
65,mi_concept,0.0113646366638572,4.73101708727696,0.1544455616434833,0.3929956254762682,0.0085262177449535,11.614946812127204,5.588456965238855,0.2147474107431265,2.4734254642024087,1.749539806464604,1.761974332365263,3.0,1.0,1.0,0.2,0.5,True,
65,mi_concept,0.0215443469003188,4.737065036647687,0.1485246092315007,0.3853889064717622,0.0082462591943081,11.616431505581216,7.167909324382842,0.1651315535144447,2.028802918664825,1.4736923532701336,1.480677853069098,3.0,1.0,1.0,0.2,0.5,True,
65,mi_concept,0.0408423865267452,4.742232072951124,0.1433898472849054,0.3786685190042941,0.0080008191378016,11.617702916145978,9.874351642442214,0.1184193189392605,1.681150169386935,1.2839246802364055,1.287753445424174,3.0,1.0,1.0,0.2,0.5,True,
65,mi_concept,0.0774263682681127,4.746429942940137,0.1390898169111023,0.3729474720535082,0.007793723230351,11.618766071095834,14.73836431515699,0.0785193784350253,1.4256079309428091,1.1626271761515508,1.1646947331695097,3.0,1.0,1.0,0.2,0.5,True,
65,mi_concept,0.146779926762207,4.749481225393332,0.1358661092878856,0.3686002025065716,0.0076380188317498,11.619565176458844,23.75299781249859,0.0483362399312127,1.2518457189606162,1.0901190631613529,1.0912241701614904,3.0,1.0,1.0,0.2,0.5,True,
65,mi_concept,0.2782559402207126,4.751460994944374,0.1337260857625459,0.3656857746242611,0.0075346129342198,11.620096904189436,40.70459678847087,0.0280566300129978,1.142703063075052,1.048887421782658,1.0494743571673713,3.0,1.0,1.0,0.2,0.5,True,
65,mi_concept,0.5274997063702619,4.752641427165631,0.1324316091335097,0.3639115402587691,0.0074720825211903,11.620419000984056,72.75713698431454,0.0156455566924667,1.0784849485223535,1.026188230808246,1.0264988973824722,3.0,1.0,1.0,0.2,0.5,True,
65,mi_concept,1.0,4.753308495592536,0.1316939755132651,0.3628966457729599,0.0074364630338883,11.620602685230192,133.47299930099726,0.0085126264307961,1.0423780679643566,1.013929552003934,1.0140937088757225,3.0,1.0,1.0,0.2,0.5,True,
66,mi_concept,1e-05,4.329179550174944,0.5289242877952341,0.7272718114950105,0.0265623689074508,11.496371499067386,7.155175025179042,0.3093616045073128,25.686929471827742,24.710664561020323,25.34419791159742,3.0,1.0,1.0,0.3,0.5,True,
66,mi_concept,1.8957356524063752e-05,4.353512039641445,0.4976033226869873,0.7054100386916728,0.0252173850243635,11.51269379041808,6.6439101119928745,0.3227847328962653,20.818990541597955,19.732040311643924,20.22415683874159,3.0,1.0,1.0,0.3,0.5,True,
66,mi_concept,3.5938136638046256e-05,4.421211424244304,0.4328472015131867,0.6579112413640511,0.0223106960416271,11.536045463533632,5.904578485555773,0.338629437498897,16.93192155357251,15.785331787816444,16.173780422188653,3.0,1.0,1.0,0.3,0.5,True,
66,mi_concept,6.812920690579608e-05,4.476283081618528,0.3812101797701485,0.6174222054398015,0.019864091397612,11.553977187567757,5.415234842209128,0.3457458107188664,13.788363295964476,12.623570794106264,12.929925246023284,3.0,1.0,1.0,0.3,0.5,True,
66,mi_concept,0.0001291549665014,4.517232669553027,0.3432898911620278,0.5859094564538345,0.0179996010990968,11.56664488841233,5.162454635743041,0.343166572138445,11.23775083831848,10.08747260740215,10.327988344881993,3.0,1.0,1.0,0.3,0.5,True,
66,mi_concept,0.0002448436746822,4.548511431701497,0.3146704195506904,0.5609549175742116,0.0165669370450641,11.575620418475037,5.101226764633878,0.3317880296313905,9.1602852333211,8.05297930479124,8.239947064323449,3.0,1.0,1.0,0.3,0.5,True,
66,mi_concept,0.0004641588833612,4.572947063460052,0.2925956971707441,0.5409211561500845,0.0154560529871127,11.582050952147418,5.21179468309705,0.3127736336888128,7.461418809147319,6.421621454721685,6.564580336158219,3.0,1.0,1.0,0.3,0.5,True,
66,mi_concept,0.0008799225435691,4.592469064760294,0.2750759032585383,0.5244767900093753,0.0145713509455715,11.586882823844864,5.495343723171475,0.2870970157706202,6.068042168872903,5.115350279247969,5.221735018178407,3.0,1.0,1.0,0.3,0.5,True,
66,mi_concept,0.0016681005372,4.608420427971398,0.2604379560584621,0.5103312219122618,0.0138291438964057,11.590866431273396,5.979118781088735,0.2558143316658388,4.9229655478129,4.072428492793113,4.148604212897224,3.0,1.0,1.0,0.3,0.5,True,
66,mi_concept,0.0031622776601683,4.621379320491115,0.2478747949102998,0.4978702591140586,0.0131926233202447,11.594351412002146,6.732870008724678,0.2205272417891607,3.9814416443510257,3.244324145266741,3.2965171805006226,3.0,1.0,1.0,0.3,0.5,True,
66,mi_concept,0.0059948425031894,4.631485025413747,0.2374310598892831,0.4872689810456675,0.0126682104806784,11.597329652738823,7.888623659434256,0.1832976807933106,3.209997536568556,2.5931963597627505,2.627535677437684,3.0,1.0,1.0,0.3,0.5,True,
66,mi_concept,0.0113646366638572,4.6388621309311935,0.2293968231442848,0.4789538841519972,0.0122713888730914,11.599674159276772,9.682408193666763,0.146202218637575,2.584961478738293,2.089938116635436,2.111902133704099,3.0,1.0,1.0,0.3,0.5,True,
66,mi_concept,0.0215443469003188,4.643943015040778,0.2237503834743044,0.4730226035553739,0.0119976152799101,11.60133232271146,12.559037290486309,0.1110096773564529,2.0899379440455297,1.712382732745804,1.7262161356653687,3.0,1.0,1.0,0.3,0.5,True,
66,mi_concept,0.0408423865267452,4.647501054523149,0.2199827150567308,0.4690231498089735,0.0118158165980592,11.602393758359783,17.40535427784197,0.0792883534978718,1.7127093260699642,1.4423426983657368,1.4509039393253316,3.0,1.0,1.0,0.3,0.5,True,
66,mi_concept,0.0774263682681127,4.650200825311988,0.217425600631139,0.4662891813361522,0.0116895699110744,11.603041265260716,26.00470566312293,0.052709329589305,1.4412545071953888,1.2612974891578512,1.2664265268391874,3.0,1.0,1.0,0.3,0.5,True,
66,mi_concept,0.146779926762207,4.652268418091934,0.2156592561523868,0.4643912748452396,0.0115993383834414,11.60343775772152,41.838496616857896,0.0326113682688286,1.2595233535098898,1.1481226046839927,1.1510739864823056,3.0,1.0,1.0,0.3,0.5,True,
66,mi_concept,0.2782559402207126,4.6537237472090975,0.2144899473314576,0.4631305942511871,0.0115381182785439,11.603679581669116,71.53833467206144,0.0190154870781867,1.146517004322215,1.081543672331591,1.0831847309030724,3.0,1.0,1.0,0.3,0.5,True,
66,mi_concept,0.5274997063702619,4.654649110752464,0.2137691571331181,0.4623517677408816,0.0114998712232813,11.603822325873036,127.64927620157074,0.0106373793725707,1.080416145582913,1.044065234526492,1.044956978702707,3.0,1.0,1.0,0.3,0.5,True,
66,mi_concept,1.0,4.655193922094219,0.2133512249028198,0.461899583137742,0.0114775443817604,11.60390335177654,233.91157283882896,0.0057988718966652,1.043371779958316,1.0235541741341048,1.0240322233428276,3.0,1.0,1.0,0.3,0.5,True,
64,mi_concept,1e-05,4.522811782834914,0.4007043565427688,0.6330121298543724,0.0195879104939937,11.546140813169815,3.5396008155879453,0.5020473423106045,13.65707014419705,11.835252623083749,12.311929299089677,3.0,1.0,1.0,0.1,0.5,True,
64,mi_concept,1.8957356524063752e-05,4.565199439761971,0.343180350502252,0.5858159698252106,0.0169460761717223,11.563174872910448,3.107282466046368,0.5310020332554969,11.420994775960828,9.500118489963,9.88305945312485,3.0,1.0,1.0,0.1,0.5,True,
64,mi_concept,3.5938136638046256e-05,4.606306212268139,0.2949102864541177,0.5430564302667981,0.0147728793047301,11.576781199847842,2.773602305556889,0.55582372879873,9.625211923716256,7.631932994696474,7.9368847303356,3.0,1.0,1.0,0.1,0.5,True,
64,mi_concept,6.812920690579608e-05,4.641904010251934,0.2560102496520947,0.5059745543523851,0.0130338614031936,11.587357419570582,2.5237298810830326,0.5754811928223322,8.176073183063357,6.134197015904589,6.374915180920424,3.0,1.0,1.0,0.1,0.5,True,
64,mi_concept,0.0001291549665014,4.670937979291043,0.2254350329530391,0.4747999925790218,0.0116665543656482,11.59546555461203,2.3496864313038706,0.5876486162329785,6.99458265479977,4.932737527870279,5.121683097036347,3.0,1.0,1.0,0.1,0.5,True,
64,mi_concept,0.0002448436746822,4.693924724028783,0.2015473612889673,0.4489402647223429,0.0105937814679573,11.601705954143275,2.2445458541863563,0.5896510145330269,6.017167629956528,3.969992696458659,4.117842976982911,3.0,1.0,1.0,0.1,0.5,True,
64,mi_concept,0.0004641588833612,4.71198454399076,0.1828050075858062,0.427557022613132,0.009747430968117,11.60655828532369,2.205012647100333,0.5791133940396533,5.193356478609803,3.20104899914201,3.316212500199582,3.0,1.0,1.0,0.1,0.5,True,
64,mi_concept,0.0008799225435691,4.726220073850296,0.1679827304941515,0.4098569634569498,0.0090740040770772,11.610368520765096,2.23450625113175,0.5543592369600108,4.483304548863197,2.5906722197444565,2.679581347921693,3.0,1.0,1.0,0.1,0.5,True,
64,mi_concept,0.0016681005372,4.737578155195714,0.1560294528792866,0.3950056365158434,0.0085270666241602,11.613423686569584,2.344775979460769,0.514697122950795,3.857522191738653,2.111538864181892,2.179128470687195,3.0,1.0,1.0,0.1,0.5,True,
64,mi_concept,0.0031622776601683,4.74695056818749,0.1458974224272744,0.3819652110170171,0.0080596742030093,11.61600797041427,2.5596124177814823,0.4605698066970722,3.29740437375178,1.7434012576883984,1.793452308618648,3.0,1.0,1.0,0.1,0.5,True,
64,mi_concept,0.0059948425031894,4.755203222007812,0.1365084279265115,0.3694704696271564,0.0076228143101811,11.618412681300024,2.9251988311419077,0.3937441080407667,2.794470351065828,1.471737653376428,1.5071853057774838,3.0,1.0,1.0,0.1,0.5,True,
64,mi_concept,0.0113646366638572,4.762813805863551,0.1272072351850492,0.3566612330840699,0.0071868972274673,11.62081834368845,3.532568467655727,0.3180788203383097,2.348450666619713,1.2835667076712969,1.3071101412309931,3.0,1.0,1.0,0.1,0.5,True,
64,mi_concept,0.0215443469003188,4.769601540641448,0.1182759954005826,0.3439127729535247,0.0067667957342618,11.62315280881444,4.560081493828209,0.2402306481138063,1.9648360543749928,1.1627013770629748,1.1772759696409345,3.0,1.0,1.0,0.1,0.5,True,
64,mi_concept,0.0408423865267452,4.775110253427188,0.1105951226430684,0.3325584499649173,0.0064054557221012,11.6251760532833,6.357177840975157,0.1683755912452186,1.651282037632012,1.0902432266621451,1.0987437519661636,3.0,1.0,1.0,0.1,0.5,True,
64,mi_concept,0.0774263682681127,4.779104277537476,0.1048219718097736,0.3237622149197983,0.0061341935277432,11.626704521285305,9.610467251366858,0.109359547562477,1.4127760977424544,1.0489777721036808,1.0537328679268123,3.0,1.0,1.0,0.1,0.5,True,
64,mi_concept,0.146779926762207,4.781712064687863,0.1009807398135586,0.3177746683006036,0.0059538873951017,11.627725102388174,15.649262808446805,0.0663165566399766,1.2465922354980088,1.0262428639999437,1.0288347917549727,3.0,1.0,1.0,0.1,0.5,True,
64,mi_concept,0.2782559402207126,4.783280970676247,0.0986487392438272,0.31408396846039,0.0058444777389589,11.628346232199585,27.006342663946803,0.0381272073822538,1.1405474057125258,1.0139603046871764,1.0153521686039642,3.0,1.0,1.0,0.1,0.5,True,
64,mi_concept,0.5274997063702619,4.784174032761284,0.0973156239014602,0.3119545221686331,0.0057819437435664,11.628701884355634,48.4794469166056,0.0211426956242405,1.0775611849227804,1.0073972703789662,1.0081385422416895,3.0,1.0,1.0,0.1,0.5,True,
64,mi_concept,1.0,4.784665494386804,0.0965804876453022,0.3107740137870317,0.005747461757946,11.628898198034596,89.15372628973513,0.0114676735441029,1.041957898573726,1.0039113903065662,1.0043044089467614,3.0,1.0,1.0,0.1,0.5,True,
70,mi_concept,1e-05,4.494363548929586,0.4156627207246078,0.6447191021868421,0.0194774623063755,11.54094381468807,4.952823931339489,0.4067712106407273,26.13884476961496,24.75345058433931,25.345378117665177,3.0,1.0,1.0,0.3,1.0,True,
70,mi_concept,1.8957356524063752e-05,4.503401165753,0.3827244635612348,0.6186472852613473,0.0183167389841254,11.554443409240374,4.3842931168637405,0.4306305412371045,21.255359532806583,19.757329400476216,20.212632560623685,3.0,1.0,1.0,0.3,1.0,True,
70,mi_concept,3.5938136638046256e-05,4.536395501349792,0.3415667801086079,0.5844371481251067,0.0167175117306339,11.567728665759264,3.887993716602631,0.4540409699070624,17.368218656900893,15.795929850746498,16.153276561300505,3.0,1.0,1.0,0.3,1.0,True,
70,mi_concept,6.812920690579608e-05,4.567266769275453,0.3080000859752312,0.5549775544787656,0.0153137319634493,11.577729144428222,3.5636918281480905,0.4667874629701672,14.232279923878975,12.62361270144268,12.904344401458085,3.0,1.0,1.0,0.3,1.0,True,
70,mi_concept,0.0001291549665014,4.593159691196026,0.2813662141330141,0.5304396423091077,0.0141454591745772,11.58519912908586,3.3765507076743453,0.4674165143198588,11.691268200913164,10.081084432314386,10.300700147330462,3.0,1.0,1.0,0.3,1.0,True,
70,mi_concept,0.0002448436746822,4.614518964893202,0.2601512468432599,0.5100502395286761,0.0131967392870332,11.590893042217433,3.3029018663624523,0.456392027999465,9.61952773699701,8.042633434791016,8.213159443644273,3.0,1.0,1.0,0.3,1.0,True,
70,mi_concept,0.0004641588833612,4.632149198490149,0.2432571405856729,0.4932110507538055,0.0124432939086892,11.595256560277967,3.3385849952603137,0.4345587426046597,7.915418185026919,6.408613866376833,6.539790085491042,3.0,1.0,1.0,0.3,1.0,True,
70,mi_concept,0.0008799225435691,4.646608611762797,0.2298377550946818,0.4794139704834245,0.0118516279516968,11.5985788115303,3.4942352904083727,0.4028999959344302,6.500424696889511,5.100643163444296,5.200568438026974,3.0,1.0,1.0,0.3,1.0,True,
70,mi_concept,0.0016681005372,4.658076108065549,0.2193549968319575,0.4683534955906249,0.01139443095775,11.60106690678858,3.795451830194987,0.3627796927191981,5.317004362015379,4.056835566105234,4.132433811535977,3.0,1.0,1.0,0.3,1.0,True,
70,mi_concept,0.0031622776601683,4.666568960232214,0.2114293124984348,0.4598144326773952,0.0110512277597307,11.6028923322275,4.289969359968396,0.3160384929596984,4.32448353470498,3.228471084700788,3.2856452015203748,3.0,1.0,1.0,0.3,1.0,True,
70,mi_concept,0.0059948425031894,4.67232304042469,0.2056374006999785,0.4534726019286926,0.0108021094525978,11.60421440869106,5.061985882251574,0.2650407167947157,3.4952620182693317,2.5777558678106014,2.6211102462516167,3.0,1.0,1.0,0.3,1.0,True,
70,mi_concept,0.0113646366638572,4.676074929247267,0.201416319896189,0.4487942957482738,0.0106231544680897,11.605191480047845,6.259353489422686,0.2127200531065142,2.811512678404545,2.075829365854917,2.108422705662803,3.0,1.0,1.0,0.3,1.0,True,
70,mi_concept,0.0215443469003188,4.67891738200883,0.1981103360394744,0.4450958728627737,0.0104852441908135,11.60596623867875,8.15540132111965,0.1622216149760449,2.261561516098587,1.7005826987920856,1.7242708690345971,3.0,1.0,1.0,0.3,1.0,True,
70,mi_concept,0.0408423865267452,4.681789270923808,0.195145192025099,0.4417524103217763,0.0103598560547252,11.606642504672456,11.289678133858192,0.1164410777892679,1.8361932029964927,1.4334479050527416,1.4496667927469362,3.0,1.0,1.0,0.3,1.0,True,
70,mi_concept,0.0774263682681127,4.684910157513738,0.1923173512375736,0.4385400223897172,0.0102351101038689,11.60726142808242,16.752745650380536,0.0779614639721269,1.5249585234237462,1.2552537973197122,1.2655885139157752,3.0,1.0,1.0,0.3,1.0,True,
70,mi_concept,0.146779926762207,4.687817608663598,0.1898489962784887,0.4357166467768804,0.0101220520108755,11.60779179608409,26.6974776805263,0.0486355978516982,1.3126444127105945,1.1443634045222526,1.150528563665058,3.0,1.0,1.0,0.3,1.0,True,
70,mi_concept,0.2782559402207126,4.690048572299664,0.1879988638959261,0.433588357657267,0.0100353810483576,11.608188866885076,45.25179977337136,0.0285664882377564,1.178207622051262,1.0793525831242696,1.0828537047526174,3.0,1.0,1.0,0.3,1.0,True,
70,mi_concept,0.5274997063702619,4.691521443003147,0.1867859283646196,0.4321873764521815,0.0099778871705921,11.60845013641989,80.23578170321879,0.0160638472120451,1.098436362054189,1.042841295073719,1.0447671517737518,3.0,1.0,1.0,0.3,1.0,True,
70,mi_concept,1.0,4.692403693143222,0.1860606134352171,0.4313474393516405,0.0099433014964941,11.60860690530157,146.4445662130499,0.0087857584771035,1.0532962035021125,1.022887732181465,1.0239272771063002,3.0,1.0,1.0,0.3,1.0,True,
67,mi_concept,1e-05,4.409051441332495,0.4487820463737303,0.6699119691226082,0.0210808673716363,11.548429591040726,4.601296238414285,0.4329571408745848,36.41175501911384,34.88741370630476,35.32453823215429,3.0,1.0,1.0,0.5,0.5,True,
67,mi_concept,1.8957356524063752e-05,4.483831240634174,0.3803207811569041,0.6167015332856763,0.018792275544834,11.57037450546342,4.546035219837065,0.3960849607606047,28.506903701440937,27.106602592800385,27.381066352514505,3.0,1.0,1.0,0.5,0.5,True,
67,mi_concept,3.5938136638046256e-05,4.53626048543881,0.3313740401256699,0.5756509707502194,0.016930426503573,11.585981485525837,4.321685426189046,0.3873867715784484,22.825705802935637,21.482380475447652,21.67340758705566,3.0,1.0,1.0,0.5,0.5,True,
67,mi_concept,6.812920690579608e-05,4.568738574556159,0.3007579831734802,0.5484140617940793,0.0156932645757009,11.5958120624796,4.261907731625712,0.3745668168558918,18.35034602930315,17.078778490213587,17.21990456014996,3.0,1.0,1.0,0.5,0.5,True,
67,mi_concept,0.0001291549665014,4.590897201416519,0.2797771430221407,0.5289396402446509,0.0148203794072098,11.602474926430842,4.395937136778576,0.3508987792499082,14.722648551049986,13.555153382046615,13.661738244206967,3.0,1.0,1.0,0.5,0.5,True,
67,mi_concept,0.0002448436746822,4.608364706538069,0.2632594050807451,0.5130881065477401,0.0141213292774829,11.607537367789394,4.696972026064375,0.3193340839738187,11.772506036884586,10.732375092869114,10.81139260384112,3.0,1.0,1.0,0.5,0.5,True,
67,mi_concept,0.0004641588833612,4.623829203782554,0.2488692969987234,0.4988680156100643,0.0135227686258758,11.611826944679162,5.167614353772378,0.2835122449371321,9.374275511770014,8.473942456639936,8.529432670339636,3.0,1.0,1.0,0.5,0.5,True,
67,mi_concept,0.0008799225435691,4.638489721423957,0.2359184292260644,0.4857143494133815,0.0130055639955243,11.615803504130849,5.838964886772603,0.2462691296302586,7.428252827513837,6.669787099206573,6.706592384002634,3.0,1.0,1.0,0.5,0.5,True,
67,mi_concept,0.0016681005372,4.653425540327431,0.2238996523859394,0.4731803592563193,0.012530824670834,11.619911398109988,6.746733708568468,0.2098635773300227,5.856191313743163,5.232556145327505,5.256136249134115,3.0,1.0,1.0,0.5,0.5,True,
67,mi_concept,0.0031622776601683,4.669076280984058,0.2125335646607028,0.4610136274132282,0.0120664260196908,11.62435009269742,7.928907874054275,0.1758794661304394,4.596473249742197,4.094174742141592,4.108870819900821,3.0,1.0,1.0,0.5,0.5,True,
67,mi_concept,0.0059948425031894,4.684773715012051,0.2019681301988188,0.4494086449978669,0.0116112115316551,11.628934963267318,9.463606374502213,0.1448856616377142,3.598806387437776,3.20219697615906,3.210563710952613,3.0,1.0,1.0,0.5,0.5,True,
67,mi_concept,0.0113646366638572,4.699386974508835,0.1924638349996279,0.4387070035908111,0.0111751055979063,11.633368248008397,11.542048842032672,0.1166103539083477,2.821006090707734,2.515701329141362,2.5192773234178043,3.0,1.0,1.0,0.5,0.5,True,
67,mi_concept,0.0215443469003188,4.7117910040112925,0.1844790814331869,0.4295102809400339,0.0107795649715722,11.637329147748492,14.586668296015732,0.090601772981989,2.2281828635992422,2.0015719500412,2.001883327868485,3.0,1.0,1.0,0.5,0.5,True,
67,mi_concept,0.0408423865267452,4.721075835745276,0.178583832008127,0.4225918030536406,0.0104610025208087,11.640453087040246,19.478683930349245,0.066825159402475,1.7915678769673182,1.6316220088424245,1.6303604979776518,3.0,1.0,1.0,0.5,0.5,True,
67,mi_concept,0.0774263682681127,4.727076494624776,0.1748681482983987,0.4181723906457703,0.010239435006996,11.642565061675064,27.982626569300614,0.0460281893851628,1.4855834830880896,1.3795295026622665,1.3780107700681683,3.0,1.0,1.0,0.5,0.5,True,
67,mi_concept,0.146779926762207,4.730491020636611,0.1728305726249119,0.4157289653427001,0.010102631383901,11.643810931704774,43.50978452477346,0.0294135114994699,1.284222223366842,1.21838081840846,1.2172042547671051,3.0,1.0,1.0,0.5,0.5,True,
67,mi_concept,0.2782559402207126,4.732291231141734,0.17181170470184,0.4145017547632821,0.0100241233158516,11.644484487837966,72.53624899883965,0.0175801819129623,1.1601309968847529,1.121533531256237,1.1207797853425638,3.0,1.0,1.0,0.5,0.5,True,
67,mi_concept,0.5274997063702619,4.733214977472803,0.1713217955644441,0.4139103714144453,0.00998079617064,11.644835111238756,127.30529122023074,0.0099974945905303,1.0878236205201377,1.0661316934152216,1.0656926221808685,3.0,1.0,1.0,0.5,0.5,True,
67,mi_concept,1.0,4.733688936021547,0.171085741601444,0.4136251220627732,0.0099573750462219,11.645016265289048,230.98103194129573,0.005504438290167,1.0473562607755478,1.0354935060271564,1.0352497878703877,3.0,1.0,1.0,0.5,0.5,True,
76,mi_concept,1e-05,4.442388983617517,0.424939659882147,0.6518739601197052,0.0213237823823983,11.543001172082215,0.3153245471060155,5.901520532520233,57.12005431885222,37.359002977659735,42.38929984581933,3.0,10.0,0.1,0.1,0.5,True,
76,mi_concept,1.8957356524063752e-05,4.44136195523482,0.4211831333906531,0.648986235131881,0.0214121426745312,11.544343609516208,0.4929092475585747,3.777309958451345,41.03345603294205,28.338577473086783,31.54725649494526,3.0,10.0,0.1,0.1,0.5,True,
76,mi_concept,3.5938136638046256e-05,4.444262379186291,0.41506933345899,0.6442587472894644,0.0214177119218386,11.546237854639449,0.6731585796690658,2.763174582017447,31.42184847632146,22.146639607655093,24.447390047775936,3.0,10.0,0.1,0.1,0.5,True,
76,mi_concept,6.812920690579608e-05,4.452884245098,0.4056667811472846,0.6369197603680424,0.02118567317358,11.548762547352196,0.8276694758244924,2.2332681783331982,24.922653082523283,17.46163219027417,19.242622803628723,3.0,10.0,0.1,0.1,0.5,True,
76,mi_concept,0.0001291549665014,4.465836225340725,0.3933475978460596,0.6271742962255864,0.0207271343604799,11.551965155247572,0.9766943217516006,1.8700993067615663,19.984484145607627,13.770664662282138,15.176146146453542,3.0,10.0,0.1,0.1,0.5,True,
76,mi_concept,0.0002448436746822,4.480973297681112,0.3792662317844003,0.6158459480944892,0.020151163511832,11.555709816032984,1.1483005643473212,1.566513259507977,16.0054486384193,10.834035073549662,11.935895820665651,3.0,10.0,0.1,0.1,0.5,True,
76,mi_concept,0.0004641588833612,4.4965098925924885,0.3647044526686361,0.603907652434241,0.0195676235107116,11.559653504237875,1.366558515563954,1.295474661646744,12.726546026787725,8.49321412595419,9.343911572992267,3.0,10.0,0.1,0.1,0.5,True,
76,mi_concept,0.0008799225435691,4.510901619182139,0.3508925054447704,0.5923618028238911,0.0190962565725814,11.563353293946363,1.6718567211970428,1.044705078871631,9.97934262768394,6.630012134091788,7.271928094548162,3.0,10.0,0.1,0.1,0.5,True,
76,mi_concept,0.0016681005372,4.523765641082751,0.3379667753216398,0.5813490993556624,0.0188335561007417,11.56665691353276,2.1416905958304,0.808947003218211,7.648074574420963,5.153369889860021,5.624086701053955,3.0,10.0,0.1,0.1,0.5,True,
76,mi_concept,0.0031622776601683,4.538919556229649,0.3220287148695053,0.567475739454565,0.0186877627332874,11.570815032760358,2.906867918066578,0.5941028194104881,5.675426204463952,3.992727465837103,4.326871577749219,3.0,10.0,0.1,0.1,0.5,True,
76,mi_concept,0.0059948425031894,4.56830490128166,0.2916982386873159,0.5400909540876573,0.0179669554703064,11.580135394191029,4.090999697194187,0.4174538583963479,4.063738425025915,3.0932618710654136,3.321580223707093,3.0,10.0,0.1,0.1,0.5,True,
76,mi_concept,0.0113646366638572,4.623323257351702,0.2368875950040829,0.4867109974143618,0.0153200036933976,11.598785306060991,5.498996207574038,0.2937405382297752,2.8477967611411708,2.4114001340050497,2.560671828636047,3.0,10.0,0.1,0.1,0.5,True,
76,mi_concept,0.0215443469003188,4.688599608514616,0.1733370112121058,0.4163376168593295,0.0110493220488262,11.620566834681108,6.63952829612139,0.2131608056402614,2.032293641901577,1.911259746637488,2.004467463484326,3.0,10.0,0.1,0.1,0.5,True,
76,mi_concept,0.0408423865267452,4.737116044536668,0.1270316767570661,0.3564150344150287,0.007591807626431,11.636324744154482,7.875497525749661,0.1521808858971296,1.5486871260913844,1.5611028457959069,1.6169063013995484,3.0,10.0,0.1,0.1,0.5,True,
76,mi_concept,0.0774263682681127,4.764218674079547,0.1017880767475253,0.3190424372203882,0.0057193918776171,11.64491174695425,10.347377496823889,0.1015787997416052,1.2860818961313465,1.3299506540414108,1.3622253986432593,3.0,10.0,0.1,0.1,0.5,True,
76,mi_concept,0.146779926762207,4.777615357003622,0.0896463573058836,0.2994100153733733,0.0048496392277799,11.649101179165347,15.460029995444229,0.0628890389177525,1.1489526907786782,1.1866726938143053,1.2048319139929136,3.0,10.0,0.1,0.1,0.5,True,
76,mi_concept,0.2782559402207126,4.783990523343302,0.0840024096735683,0.2898316919758229,0.0044590468085947,11.651113867450862,25.484466405608337,0.0366565712660536,1.077851035580581,1.1026919589482125,1.1126871546707089,3.0,10.0,0.1,0.1,0.5,True,
76,mi_concept,0.5274997063702619,4.787030053106141,0.0813517555428018,0.2852222914549314,0.0042809627168347,11.652095552023324,44.68882581464441,0.0205013991548639,1.0408381439538037,1.055480333921332,1.060892436383735,3.0,10.0,0.1,0.1,0.5,True,
76,mi_concept,1.0,4.788509834083547,0.0800706844137054,0.2829676384566006,0.004196884560461,11.652584790330062,81.20669963460396,0.0111758155165032,1.021474461861242,1.0296536883057716,1.03255214673495,3.0,10.0,0.1,0.1,0.5,True,
73,mi_concept,1e-05,4.499364432795449,0.3584598959201083,0.5987152043502055,0.0191131897123761,11.567622545687524,0.1168015518669765,15.043596100745694,121.14940146181084,71.33394517713076,80.73828395530263,3.0,10.0,0.1,0.2,0.1,True,
73,mi_concept,1.8957356524063752e-05,4.505285476232952,0.352706580343769,0.5938910509039255,0.0188211707419298,11.569469176513593,0.2096133230950976,8.318653738751157,75.62058702677103,48.0963636783026,53.1096728331388,3.0,10.0,0.1,0.2,0.1,True,
73,mi_concept,3.5938136638046256e-05,4.512395594748786,0.3452123279837625,0.5875477240052611,0.0184902077741476,11.57241090198342,0.3637559420060312,4.748879096134398,50.49447975144758,34.81442364322768,37.57300608186867,3.0,10.0,0.1,0.2,0.1,True,
73,mi_concept,6.812920690579608e-05,4.523032374521674,0.3342118679605933,0.5781106018406801,0.0180165270561023,11.576829520586765,0.5681822469843314,2.997693214028968,36.2659345047642,26.40170902457916,28.06079363121868,3.0,10.0,0.1,0.2,0.1,True,
73,mi_concept,0.0001291549665014,4.536868876663245,0.3205350057934533,0.5661581102425834,0.0174200494090397,11.582004029360778,0.7764300748619399,2.153733445656315,27.403583039073794,20.353827004527883,21.471599227638546,3.0,10.0,0.1,0.2,0.1,True,
73,mi_concept,0.0002448436746822,4.552590499375633,0.3053827438487231,0.5526144622145923,0.0167294316248133,11.58707807015793,0.9696030313129312,1.6874419103019422,21.138521730775043,15.648845636453162,16.45115315057095,3.0,10.0,0.1,0.2,0.1,True,
73,mi_concept,0.0004641588833612,4.569642932318923,0.2890181119935949,0.5376040475978533,0.0159508780466586,11.592172406244355,1.1760975702074965,1.3562033901894617,16.307081195445026,11.920992581303883,12.497918226674196,3.0,10.0,0.1,0.2,0.1,True,
73,mi_concept,0.0008799225435691,4.587520433922929,0.2718551595032824,0.5213973144381187,0.0151086065173547,11.597420036107412,1.4188022782224894,1.09220344357444,12.495280334039286,8.982636541228208,9.386998074964549,3.0,10.0,0.1,0.2,0.1,True,
73,mi_concept,0.0016681005372,4.604800144197108,0.2551927285732878,0.5051660405978294,0.0142676936445869,11.60243927441645,1.7115035411805126,0.8781955694531006,9.50512808618136,6.693538083025165,6.964755189434968,3.0,10.0,0.1,0.2,0.1,True,
73,mi_concept,0.0031622776601683,4.619732698362919,0.2406421406562669,0.4905528928222388,0.0135092246922655,11.606643403505126,2.0756211722941567,0.7033564686579187,7.187573309222358,4.9402745492276,5.111066696117173,3.0,10.0,0.1,0.2,0.1,True,
73,mi_concept,0.0059948425031894,4.631398851707747,0.2291040289460254,0.4786481264415703,0.0128766083210848,11.609595689565069,2.549586724382022,0.5583953441361247,5.417297514316007,3.629438109142348,3.729173846192739,3.0,10.0,0.1,0.2,0.1,True,
73,mi_concept,0.0113646366638572,4.639933027067626,0.2205988018408215,0.4696794671271265,0.0123680369469271,11.611164200469114,3.2038324462565493,0.4356382084424041,4.08678095072078,2.6826988315632185,2.736711567578276,3.0,10.0,0.1,0.2,0.1,True,
73,mi_concept,0.0215443469003188,4.646280639566488,0.2145159949674732,0.4631587146621266,0.0119584628785316,11.611569272554378,4.169129916780928,0.3299278164722777,3.103829876186008,2.029937178668997,2.057395720293743,3.0,10.0,0.1,0.2,0.1,True,
73,mi_concept,0.0408423865267452,4.651983793181399,0.2096693580535239,0.4578966674409456,0.0116006110743869,11.611402662664478,5.685065923076213,0.239296035611024,2.39133430475248,1.604132220875244,1.6174460337487442,3.0,10.0,0.1,0.2,0.1,True,
73,mi_concept,0.0774263682681127,4.65813249850072,0.204970580388609,0.4527367672153534,0.0112550132940664,11.611292912316388,8.201655760271718,0.1642896881623108,1.8871568690929756,1.3418525457108246,1.3480923026890892,3.0,10.0,0.1,0.2,0.1,True,
73,mi_concept,0.146779926762207,4.664458874835219,0.2002707024841798,0.4475161477356765,0.0109293408041998,11.611482854623416,12.59164489646404,0.1060762950773667,1.5425534889421713,1.1883119892342144,1.1911957408934246,3.0,10.0,0.1,0.2,0.1,True,
73,mi_concept,0.2782559402207126,4.669965807595093,0.1961324399584555,0.4428684228509135,0.0106588572671742,11.611855080475854,20.55257119759364,0.0645056842374284,1.3180793121276526,1.1018798311378708,1.1032289435457967,3.0,10.0,0.1,0.2,0.1,True,
73,mi_concept,0.5274997063702619,4.674020344628459,0.1930265719113966,0.4393478939421431,0.0104641056702645,11.61222352926157,35.34599097957159,0.0372999233396405,1.1797762545258974,1.0545098354691331,1.0551597395830574,3.0,10.0,0.1,0.2,0.1,True,
73,mi_concept,1.0,4.676646255165979,0.1909831937079933,0.43701623963875,0.010339265944344,11.612497481927166,63.17515454725911,0.0207926190727374,1.0988812198453617,1.0289778480647942,1.0293007818712598,3.0,10.0,0.1,0.2,0.1,True,
71,mi_concept,1e-05,4.499173361854872,0.3577973539314916,0.598161645319634,0.0173306005004151,11.572270280627624,2.869790088336514,0.5229982769889894,37.46758131457909,35.25867768935337,35.719801510018456,3.0,1.0,1.0,0.5,1.0,True,
71,mi_concept,1.8957356524063752e-05,4.539079290308761,0.3183639924596712,0.5642375319487983,0.0161448597545608,11.584978203248628,3.096375628606726,0.4765568686197078,29.27272829106561,27.37850273920819,27.65070383550851,3.0,1.0,1.0,0.5,1.0,True,
71,mi_concept,3.5938136638046256e-05,4.576357737541898,0.2825536009458896,0.5315577117735097,0.0148398934755583,11.595594787945814,3.0488873902271165,0.4710645666330265,23.46904886922158,21.703285021409894,21.87698431755116,3.0,1.0,1.0,0.5,1.0,True,
71,mi_concept,6.812920690579608e-05,4.601690678522141,0.2580231369642476,0.5079597788843597,0.0138821671249465,11.601995703901828,3.0207439745624844,0.4655334316890435,18.93192614455392,17.26355646826556,17.3818083242959,3.0,1.0,1.0,0.5,1.0,True,
71,mi_concept,0.0001291549665014,4.618246202311942,0.24184116203469,0.491773486510497,0.0132484621496417,11.60533900853844,3.0933022613119947,0.4489118559457776,15.262629390543006,13.706664350907948,13.795711059318434,3.0,1.0,1.0,0.5,1.0,True,
71,mi_concept,0.0002448436746822,4.629107870257666,0.231191348563656,0.4808236148148883,0.012842392441625,11.606828437575183,3.26745663991952,0.4218432930797149,12.281678389689814,10.85223878686022,10.927088083711151,3.0,1.0,1.0,0.5,1.0,True,
71,mi_concept,0.0004641588833612,4.636821965831059,0.2236885753860666,0.4729572659195191,0.0125636123167614,11.607553970250503,3.545535032234922,0.3862810305111351,9.85699260317632,8.566062731816071,8.63119833068707,3.0,1.0,1.0,0.5,1.0,True,
71,mi_concept,0.0008799225435691,4.642647666973994,0.2180870304133796,0.4669978912301206,0.0123638060088517,11.608223904666833,3.94918560054547,0.3444869891775847,7.881191372015594,6.738970208616597,6.794145337916902,3.0,1.0,1.0,0.5,1.0,True,
71,mi_concept,0.0016681005372,4.646700590441474,0.2141517255883638,0.4627653029218632,0.0122381811799293,11.609112410473532,4.522341959236197,0.2990887773877165,6.270258122167039,5.282870894256303,5.327346245562616,3.0,1.0,1.0,0.5,1.0,True,
71,mi_concept,0.0031622776601683,4.649445544565922,0.2113644875438427,0.4597439369299423,0.0121668579207012,11.610350086478396,5.330963783858134,0.2526479481336073,4.9605188132772735,4.129314310135768,4.162911287876471,3.0,1.0,1.0,0.5,1.0,True,
71,mi_concept,0.0059948425031894,4.652021750914303,0.2087296137328439,0.4568693617795397,0.0121102486023965,11.612012737067214,6.472870090895153,0.207330863505283,3.9044220287947855,3.2257375173853777,3.2489879273902678,3.0,1.0,1.0,0.5,1.0,True,
71,mi_concept,0.0113646366638572,4.655060100865899,0.2058116527244109,0.4536646919525597,0.0120545990508014,11.61395375044002,8.119810516062048,0.1647169155714111,3.065571378442167,2.5309942271834083,2.5451696704894435,3.0,1.0,1.0,0.5,1.0,True,
71,mi_concept,0.0215443469003188,4.65804450507834,0.2031084531883138,0.4506755520197583,0.0120250779492974,11.615774236031552,10.611916405828833,0.1257805407574395,2.414480319174485,2.011503461884114,2.018732271468495,3.0,1.0,1.0,0.5,1.0,True,
71,mi_concept,0.0408423865267452,4.660007425193071,0.2013654836509333,0.4487376557086928,0.0120491481771497,11.617045080918388,14.637998408599756,0.0912341025070833,1.9260916224500009,1.6382445334771762,1.641166825759601,3.0,1.0,1.0,0.5,1.0,True,
71,mi_concept,0.0774263682681127,4.660564865098337,0.2008304069632988,0.4481410569935529,0.0121228703368867,11.617596828486567,21.580686094195247,0.062047067865657,1.5770422225174847,1.383995051291708,1.3848627914185216,3.0,1.0,1.0,0.5,1.0,True,
71,mi_concept,0.146779926762207,4.660141214983806,0.2011480741746104,0.448495344652105,0.0122159092020686,11.617606858249252,34.152234273387734,0.0393365072823383,1.3424709334347638,1.2212939164148675,1.22143287892399,3.0,1.0,1.0,0.5,1.0,True,
71,mi_concept,0.2782559402207126,4.659400079328389,0.2017700761512626,0.4491882413323646,0.0122984756250027,11.617388362456552,57.54822644479678,0.0234095044022851,1.1950151545152818,1.123324765609658,1.1232854400183023,3.0,1.0,1.0,0.5,1.0,True,
71,mi_concept,0.5274997063702619,4.658748920271956,0.2023367432296857,0.4498185670130633,0.0123578195374995,11.617156226327705,101.6143673365654,0.0132831622583443,1.107725147507995,1.0671730711994896,1.0671188703647028,3.0,1.0,1.0,0.5,1.0,True,
71,mi_concept,1.0,4.658301390272887,0.2027340060426641,0.4502599316424505,0.0123952360712872,11.616986432162197,184.9794173894518,0.007305368035661,1.058342083009569,1.0360750055450365,1.0360372330048129,3.0,1.0,1.0,0.5,1.0,True,
72,mi_concept,1e-05,4.392459726538281,0.4763217666906726,0.6901606817913294,0.0239416995127445,11.528612585144792,0.3550309040104092,5.571532300735956,55.88924559999098,36.61476372074974,42.598615521766966,3.0,10.0,0.1,0.1,0.1,True,
72,mi_concept,1.8957356524063752e-05,4.39331991132332,0.4711531141126781,0.6864059397416941,0.0239303296834979,11.530243687316382,0.5558703026068297,3.547898456123056,40.248360739003125,27.893802436069247,31.68249360682012,3.0,10.0,0.1,0.1,0.1,True,
72,mi_concept,3.5938136638046256e-05,4.399081145955579,0.4621849206064035,0.6798418349928191,0.0237486593406077,11.532929460266432,0.7597381725727745,2.5777925917166757,30.83986237592808,21.84065690914244,24.524781941012357,3.0,10.0,0.1,0.1,0.1,True,
72,mi_concept,6.812920690579608e-05,4.41216859051567,0.4482014338663072,0.6694784790165456,0.0232260627641405,11.53699462117322,0.9359775022047327,2.062739654464574,24.4256291317326,17.235055571570033,19.26889592642652,3.0,10.0,0.1,0.1,0.1,True,
72,mi_concept,0.0001291549665014,4.429692902378569,0.4310823895749416,0.6565686480292382,0.0224578117372464,11.541934676839183,1.1093511277515886,1.7063518125719768,19.53561906137187,13.603052717787476,15.1671062441017,3.0,10.0,0.1,0.1,0.1,True,
72,mi_concept,0.0002448436746822,4.448302834396724,0.4131249540431303,0.6427479708588199,0.0216089520093576,11.547138096643032,1.3094585113371218,1.414209758446981,15.616192371276709,10.713401839844812,11.910103107330842,3.0,10.0,0.1,0.1,0.1,True,
72,mi_concept,0.0004641588833612,4.466496990776904,0.3954282379837947,0.6288308500573065,0.0207560785984789,11.55237181522813,1.5539007941817724,1.165253367894706,12.436224337091533,8.409503785610372,9.313758291682566,3.0,10.0,0.1,0.1,0.1,True,
72,mi_concept,0.0008799225435691,4.48393841247591,0.378175040697768,0.6149593813397499,0.0199189063230411,11.557635195545606,1.8624131476124,0.9509768372600332,9.847323822061725,6.575248625873865,7.245684519473174,3.0,10.0,0.1,0.1,0.1,True,
72,mi_concept,0.0016681005372,4.500813533657834,0.3611756390147761,0.6009789006402605,0.0190976135590652,11.562973580493932,2.2637597643830407,0.7657907914065843,7.739605117767074,5.121492423366526,5.606384051660921,3.0,10.0,0.1,0.1,0.1,True,
72,mi_concept,0.0031622776601683,4.517266163246452,0.3444808194768479,0.5869248840157043,0.01830182318838,11.568333130972944,2.8006564437623567,0.6061931231831822,6.032627646792714,3.9780801158079178,4.318141777275428,3.0,10.0,0.1,0.1,0.1,True,
72,mi_concept,0.0059948425031894,4.532972112895827,0.3286489308696915,0.5732791038139202,0.0175607443444505,11.573498396011392,3.541943174424929,0.4697823180432359,4.665809547394979,3.089879044001524,3.3201487241752914,3.0,10.0,0.1,0.1,0.1,True,
72,mi_concept,0.0113646366638572,4.547134523909792,0.3145614429253566,0.5608577742399196,0.0169146605740558,11.5781529427436,4.610830974646912,0.35436925832644,3.5897350360237787,2.41387823789812,2.564359124619516,3.0,10.0,0.1,0.1,0.1,True,
72,mi_concept,0.0215443469003188,4.558979409772743,0.3029899567324745,0.5504452349984279,0.0163970863580789,11.581983331275511,6.238073241237586,0.2580732202389428,2.762770247267266,1.915623453500384,2.010894574563694,3.0,10.0,0.1,0.1,0.1,True,
72,mi_concept,0.0408423865267452,4.568286714096141,0.2941641903268424,0.542369053622017,0.0160110570868837,11.584810032574342,8.862475461865882,0.1796730122328885,2.14919512932566,1.5651085405744514,1.6237757989386956,3.0,10.0,0.1,0.1,0.1,True,
72,mi_concept,0.0774263682681127,4.575405438715059,0.2877205627413591,0.5363959011228172,0.0157268568103518,11.586689562827749,13.331791694523362,0.1185050439239595,1.715196725355458,1.3328355503718212,1.3679329648976293,3.0,10.0,0.1,0.1,0.1,True,
72,mi_concept,0.146779926762207,4.580763262278467,0.2831197354412887,0.5320899693109133,0.0155121931309669,11.58785485979208,21.294517670311773,0.0737577136977758,1.4253805854086583,1.1884939696130792,1.208826894823691,3.0,10.0,0.1,0.1,0.1,True,
72,mi_concept,0.2782559402207126,4.584612623967927,0.2799470508709029,0.5291002276231819,0.0153522072997118,11.588558013741496,35.93112026394788,0.0435177989903347,1.2432252266582984,1.1037564245543348,1.1151789508514915,3.0,10.0,0.1,0.1,0.1,True,
72,mi_concept,0.5274997063702619,4.587176929234335,0.2778826794912826,0.5271457858043471,0.0152410048394477,11.588977457667372,63.313129824833936,0.0246176840053511,1.1349202193658543,1.0560749288946831,1.0623381234741345,3.0,10.0,0.1,0.1,0.1,True,
72,mi_concept,1.0,4.588758106175017,0.2766238230362228,0.5259503997871119,0.0151701201239142,11.589222230293554,114.96335569995064,0.0135287834096284,1.073305449777557,1.02997731425251,1.0333558400826937,3.0,10.0,0.1,0.1,0.1,True,
74,mi_concept,1e-05,4.578764695787635,0.2805051435712963,0.5296273629367126,0.015392055419521,11.596570691288631,0.0868440961401553,18.01140350824465,178.83864316499353,121.92212622031184,127.74084397082784,3.0,10.0,0.1,0.3,0.1,True,
74,mi_concept,1.8957356524063752e-05,4.579672098114504,0.2793366828588496,0.5285231147819834,0.0153188826138493,11.596123089954384,0.1421586652764818,10.992771411984563,110.0110984065534,75.27323105587676,78.65172794930658,3.0,10.0,0.1,0.3,0.1,True,
74,mi_concept,3.5938136638046256e-05,4.584777694830409,0.2744455499148623,0.5238755099399688,0.0150892738937801,11.59786968485898,0.2542570303470334,6.101542593981243,68.70326609490807,49.43685021880904,51.23306094337309,3.0,10.0,0.1,0.3,0.1,True,
74,mi_concept,6.812920690579608e-05,4.5942305092104005,0.2655400200610027,0.5153057539568161,0.014677331319845,11.60130413010876,0.4302826984769975,3.553615239890962,45.943387759322114,34.7393102462913,35.7204632664288,3.0,10.0,0.1,0.3,0.1,True,
74,mi_concept,0.0001291549665014,4.6077968979916175,0.2529397577617457,0.5029311660274651,0.0140851615309421,11.606028706626825,0.6436147584470434,2.323774242894273,32.840224316492936,25.52999410222472,26.10776358806108,3.0,10.0,0.1,0.3,0.1,True,
74,mi_concept,0.0002448436746822,4.6221137633191685,0.2395453611946247,0.4894337148119494,0.0134393062826222,11.610481515189278,0.8380005236669914,1.73965727897723,24.476920479024045,19.0186693917393,19.385197499487084,3.0,10.0,0.1,0.3,0.1,True,
74,mi_concept,0.0004641588833612,4.634735360819635,0.2272555551483029,0.476713284006543,0.0128234612419814,11.613685787013951,1.004713030708372,1.4143923145641908,18.489466852994287,14.059861489771317,14.288416513588084,3.0,10.0,0.1,0.3,0.1,True,
74,mi_concept,0.0008799225435691,4.646101726900491,0.2158031155341746,0.4645461392953068,0.012221972953687,11.616036674171289,1.1737726933904964,1.1799446621921963,13.93542518171064,10.238244102686531,10.362813805576527,3.0,10.0,0.1,0.3,0.1,True,
74,mi_concept,0.0016681005372,4.655736357699908,0.205847673525427,0.4537043900222116,0.0116734874335118,11.61759652294263,1.3675833118956957,0.9890147174082552,10.448732750392614,7.336532706843396,7.389014527560998,3.0,10.0,0.1,0.3,0.1,True,
74,mi_concept,0.0031622776601683,4.662611113039215,0.1985411340515415,0.4455795485113085,0.0112413394190148,11.618010929947742,1.6100706978219856,0.82497387901057,7.807419617049095,5.18862911367638,5.201097213086741,3.0,10.0,0.1,0.3,0.1,True,
74,mi_concept,0.0059948425031894,4.667126861022188,0.1938603593173161,0.4402957634560162,0.0109225952958038,11.6172928067449,1.937157494151324,0.6774150862721909,5.83361746063268,3.655790277633654,3.6527215490227256,3.0,10.0,0.1,0.3,0.1,True,
74,mi_concept,0.0113646366638572,4.671146878770992,0.1905010721427093,0.4364642850711949,0.0106480776444617,11.616013064225058,2.4023904799336586,0.5412181092875226,4.37907517210103,2.6125624149396214,2.606959586273939,3.0,10.0,0.1,0.3,0.1,True,
74,mi_concept,0.0215443469003188,4.676723603769908,0.1867341066146121,0.4321274194200273,0.0103353815708181,11.614964434060385,3.0900350646530583,0.4163814885506185,3.3203728527643563,1.9398382107814571,1.9362052401585117,3.0,10.0,0.1,0.3,0.1,True,
74,mi_concept,0.0408423865267452,4.684911894213657,0.1811981658244204,0.4256737786432475,0.0099368900227358,11.61475326378122,4.145346506256707,0.3058467783113897,2.557556835848637,1.5291803067828853,1.5276746951438291,3.0,10.0,0.1,0.3,0.1,True,
74,mi_concept,0.0774263682681127,4.6949797585104704,0.1738181858870568,0.4169150823453822,0.0094752635429948,11.615461182916883,5.844658648799728,0.2129143695038851,2.013940149810191,1.29046208864177,1.2900362785876816,3.0,10.0,0.1,0.3,0.1,True,
74,mi_concept,0.146779926762207,4.704885150830176,0.1659600380165543,0.4073819313820316,0.0090293488394687,11.616667707946505,8.741871576385343,0.1396471136288842,1.6343416112850842,1.156780795077199,1.156715371331604,3.0,10.0,0.1,0.3,0.1,True,
74,mi_concept,0.2782559402207126,4.712848885590896,0.1592596975563419,0.3990735490562384,0.0086717350166499,11.617857686772448,13.93838134799437,0.0862044514670567,1.3794302563532737,1.083768640227543,1.0837861557249902,3.0,10.0,0.1,0.3,0.1,True,
74,mi_concept,0.5274997063702619,4.71830962379871,0.1544852555436354,0.3930461239392082,0.0084259809065389,11.618754525063215,23.56437204862288,0.0504351393504914,1.217616788585802,1.044497574263438,1.0445219583344545,3.0,10.0,0.1,0.3,0.1,True,
74,mi_concept,1.0,4.721659617162329,0.1514880239847385,0.3892146245771586,0.0082748165590692,11.619330979090233,41.668044480861774,0.0283340717112258,1.1208077758761694,1.023560660054473,1.0235777588259578,3.0,10.0,0.1,0.3,0.1,True,
68,mi_concept,1e-05,4.631105912196139,0.2817954049433904,0.5308440495507041,0.0143470396025625,11.579396617315911,2.942684661684756,0.5232689937916981,13.720269233384585,11.919679549298516,12.20044411183187,3.0,1.0,1.0,0.1,1.0,True,
68,mi_concept,1.8957356524063752e-05,4.6544439011754655,0.2487772449139239,0.4987757461163523,0.0128345465753638,11.588775350885667,2.577358103048069,0.5637100505682278,11.518947620916132,9.57173121182828,9.79485966165947,3.0,1.0,1.0,0.1,1.0,True,
68,mi_concept,3.5938136638046256e-05,4.678043320490801,0.2209742298436993,0.4700789612859731,0.0115613277393111,11.596383960077418,2.299291737544708,0.600338114439636,9.760515769021271,7.690925227733298,7.868724644149043,3.0,1.0,1.0,0.1,1.0,True,
68,mi_concept,6.812920690579608e-05,4.6987779918127615,0.1979419101902191,0.4449066308678925,0.0104989139911383,11.602537833696516,2.086149280972214,0.6325824116240407,8.353217591734166,6.181486340618321,6.323658124609121,3.0,1.0,1.0,0.1,1.0,True,
68,mi_concept,0.0001291549665014,4.716167652470176,0.1789554927229561,0.4230313141162911,0.0096176126622048,11.607521980005838,1.928817640981272,0.657679454014232,7.217036678284256,4.970333101958363,5.084179853055912,3.0,1.0,1.0,0.1,1.0,True,
68,mi_concept,0.0002448436746822,4.730488115764153,0.1634550090177765,0.4042956950275089,0.008896261567601,11.61153189848089,1.824964504704737,0.6717466391018974,6.282528578013145,4.000069700663413,4.090876692852485,3.0,1.0,1.0,0.1,1.0,True,
68,mi_concept,0.0004641588833612,4.742124118870812,0.150967577137212,0.388545463410927,0.0083148428570463,11.614727724133814,1.7755084711455624,0.6708114906056132,5.49184460144918,3.225107664350669,3.296682945009932,3.0,1.0,1.0,0.1,1.0,True,
68,mi_concept,0.0008799225435691,4.751451879865143,0.1409833747109312,0.375477528902771,0.007849571742495,11.61726804288399,1.7844109781122397,0.651552500591732,4.799860124414568,2.609678026843933,2.664896807939721,3.0,1.0,1.0,0.1,1.0,True,
68,mi_concept,0.0016681005372,4.758850238416192,0.1329852722416208,0.36467145794759,0.0074756049774334,11.619301171977945,1.8614181395912517,0.612062966106238,4.174327376515266,2.1262144742029707,2.167672815838064,3.0,1.0,1.0,0.1,1.0,True,
68,mi_concept,0.0031622776601683,4.764829510181794,0.1263458720856244,0.3554516452144011,0.0071632236527927,11.620993203515791,2.026105042061101,0.5524601877615707,3.5960975738255345,1.754330656602414,1.784575564800826,3.0,1.0,1.0,0.1,1.0,True,
68,mi_concept,0.0059948425031894,4.770047585170476,0.1202395571507162,0.3467557600829671,0.0068737158825243,11.622558389344864,2.3153035783052194,0.4752375997116625,3.0590776481002315,1.479453320714146,1.5007105964453828,3.0,1.0,1.0,0.1,1.0,True,
68,mi_concept,0.0113646366638572,4.774953216635039,0.114005586109803,0.3376471325360295,0.0065763086466348,11.624174467382876,2.799150709518118,0.3858815431666557,2.5684691178207326,1.2886552081813814,1.3027931681002274,3.0,1.0,1.0,0.1,1.0,True,
68,mi_concept,0.0215443469003188,4.779488983481443,0.1076755229575235,0.3281394870440366,0.0062736941695578,11.625839022479306,3.612629203702261,0.2931199584448424,2.136597681727462,1.165830859297334,1.174633901786275,3.0,1.0,1.0,0.1,1.0,True,
68,mi_concept,0.0408423865267452,4.783329551936818,0.1018813818520598,0.3191886305181622,0.005997277023218,11.627380673278692,5.017923216441364,0.2070440923000575,1.7771295603672028,1.0920601794455784,1.0972248223248962,3.0,1.0,1.0,0.1,1.0,True,
68,mi_concept,0.0774263682681127,4.786245457809979,0.0972589932731941,0.3118637415173398,0.0057775746613604,11.628620266670929,7.529117681775808,0.1358126154659343,1.499078757799496,1.049991348611561,1.0528928115607072,3.0,1.0,1.0,0.1,1.0,True,
68,mi_concept,0.146779926762207,4.788234665588663,0.0940242602539644,0.3066337558944945,0.0056243067991319,11.629492198156305,12.147666150040736,0.0832125615062817,1.3018193358099783,1.026794483325744,1.028380267046786,3.0,1.0,1.0,0.1,1.0,True,
68,mi_concept,0.2782559402207126,4.78947367492088,0.0919861332661082,0.3032921582667581,0.0055279243228377,11.630043449592309,20.793155442696776,0.0482536867757073,1.1736862515440687,1.014256269854722,1.0151091512584054,3.0,1.0,1.0,0.1,1.0,True,
68,mi_concept,0.5274997063702619,4.790195706527077,0.0907925127085475,0.3013179594855699,0.0054715379695589,11.63036698563194,37.109002199856725,0.0269184181377286,1.096474675748872,1.0075548212571042,1.008009432637584,3.0,1.0,1.0,0.1,1.0,True,
68,mi_concept,1.0,4.790598767331366,0.0901247487999164,0.3002078426689024,0.005440010179911,11.630548220086418,67.99485850617882,0.0146543797235722,1.052396961420419,1.003994902444102,1.004236046482388,3.0,1.0,1.0,0.1,1.0,True,
79,mi_concept,1e-05,4.70869326287834,0.1555192014302056,0.3943592289147112,0.009482936886478,11.637569778356893,0.0898989139612346,13.259241951923425,252.92187602717917,213.357696795768,209.64897674511096,3.0,10.0,0.1,0.5,0.5,True,
79,mi_concept,1.8957356524063752e-05,4.7044622970504,0.1585280039104613,0.3981557533308559,0.0096477754587245,11.635614420200216,0.1115793004208441,10.77248429655172,165.27634677409034,133.07904244991008,130.06062224796696,3.0,10.0,0.1,0.5,0.5,True,
79,mi_concept,3.5938136638046256e-05,4.702973626966921,0.1596308579204362,0.3995383059487991,0.0096976074207863,11.63477260907296,0.1828621849417414,6.587049890805194,99.47367907056332,79.77469667436418,77.87041420054771,3.0,10.0,0.1,0.5,0.5,True,
79,mi_concept,6.812920690579608e-05,4.70473340801752,0.1583200237716401,0.3978944882398348,0.0096052074990934,11.635445233866688,0.3265329682141593,3.6692527835716406,60.7039398097705,49.74676150994345,48.6060452739242,3.0,10.0,0.1,0.5,0.5,True,
79,mi_concept,0.0001291549665014,4.707600000634408,0.1563753462201902,0.3954432275563589,0.0094728393482164,11.636631362252215,0.5530817455057041,2.149576565623297,39.14220966262129,32.73553349140893,32.004177648040745,3.0,10.0,0.1,0.5,0.5,True,
79,mi_concept,0.0002448436746822,4.709039560072056,0.1557797294710319,0.39468940886605,0.0094214588389452,11.637327228438282,0.8475794232579186,1.397162937750463,26.423830919054467,22.258997688412503,21.75486909094797,3.0,10.0,0.1,0.5,0.5,True,
79,mi_concept,0.0004641588833612,4.706114365982321,0.1584885095755501,0.3981061536519501,0.0095698689833987,11.636394611056163,1.1943767628031603,0.997718906982022,18.13931834336072,15.150329975537804,14.79745920113583,3.0,10.0,0.1,0.5,0.5,True,
79,mi_concept,0.0008799225435691,4.699834447183229,0.1636458873419644,0.40453168892185,0.0098591094467679,11.633984856511384,1.6514338953039156,0.7314187718477769,12.330249897526656,10.118665551163458,9.884134910713728,3.0,10.0,0.1,0.5,0.5,True,
79,mi_concept,0.0016681005372,4.693899864303085,0.168523200272029,0.4105157734753064,0.0101103672813172,11.631258590246832,2.335614842283331,0.5237148469560562,8.236111374727601,6.636604516191593,6.489649108039571,3.0,10.0,0.1,0.5,0.5,True,
79,mi_concept,0.0031622776601683,4.690211743640013,0.1715478363833224,0.4141833366799327,0.0102202951959504,11.628881495730104,3.421416124396998,0.3603131156587422,5.451494037389598,4.343395372920505,4.253131485856778,3.0,10.0,0.1,0.5,0.5,True,
79,mi_concept,0.0059948425031894,4.68880864808934,0.172591134456292,0.4154408916516188,0.0101953763895474,11.626935365895768,5.23699141319075,0.2361133030951379,3.640025955903436,2.9132084206269373,2.8575755202264443,3.0,10.0,0.1,0.5,0.5,True,
79,mi_concept,0.0113646366638572,4.688767666956059,0.1724881252826034,0.4153168974200344,0.0101131849306019,11.625302924489072,8.430257145924493,0.1466281142602672,2.513438900273721,2.064293299376108,2.0306208511359976,3.0,10.0,0.1,0.5,0.5,True,
79,mi_concept,0.0215443469003188,4.689346344912367,0.1718873119062932,0.4145929472462035,0.0100393749339752,11.623950474908447,14.259366555851024,0.0864868010117542,1.8425183531955,1.579926258885309,1.5605143678461142,3.0,10.0,0.1,0.5,0.5,True,
79,mi_concept,0.0408423865267452,4.69026114187602,0.1709849031686016,0.413503208172079,0.0099903683705016,11.62293740167973,25.12857125077368,0.0489327089464046,1.4585673389591605,1.3116332473267285,1.300964102346973,3.0,10.0,0.1,0.5,0.5,True,
79,mi_concept,0.0774263682681127,4.691231569462397,0.1700321937638976,0.4123496013868543,0.0099605142755368,11.622274576632597,45.613732143188486,0.0268896757393902,1.2459180332942072,1.1660522900414074,1.1603485353345435,3.0,10.0,0.1,0.5,0.5,True,
79,mi_concept,0.146779926762207,4.6919997227215084,0.1692860394151852,0.4114438472199885,0.0099437119681093,11.621882609858446,84.41171604627947,0.0145053783915398,1.1307802198470915,1.0880620900454088,1.0850466113409671,3.0,10.0,0.1,0.5,0.5,True,
79,mi_concept,0.2782559402207126,4.692520575658227,0.168788154188815,0.4108383553039017,0.0099343200575705,11.62166155169914,157.96745933705753,0.0077421689965735,1.0692562039503049,1.0465834137401666,1.0449941029196124,3.0,10.0,0.1,0.5,0.5,True,
79,mi_concept,0.5274997063702619,4.69286017724121,0.1684659099645405,0.4104459890954479,0.0099282110343767,11.62153966736638,297.37435951430393,0.0041094048001151,1.0366016445556046,1.0246089989176268,1.0237716173410478,3.0,10.0,0.1,0.5,0.5,True,
79,mi_concept,1.0,4.693075389472078,0.1682608860678194,0.4101961555985373,0.0099239376107975,11.621473546761322,561.5649480884579,0.0021749434798378,1.019325400408057,1.0129913037841571,1.0125499588478488,3.0,10.0,0.1,0.5,0.5,True,
69,mi_concept,1e-05,4.483328411373779,0.395387616564098,0.6287985500652001,0.018766821172012,11.547350631604298,4.080649915518359,0.4445937813679803,20.45248526702081,18.902396601717147,19.326516797249408,3.0,1.0,1.0,0.2,1.0,True,
69,mi_concept,1.8957356524063752e-05,4.530162300199697,0.3459237792180682,0.5881528536172108,0.0167650302731356,11.563052176095676,3.581785671516545,0.4690735698929438,16.836258910557554,15.178829914937957,15.507579238611006,3.0,1.0,1.0,0.2,1.0,True,
69,mi_concept,3.5938136638046256e-05,4.574967803183618,0.3010674752017995,0.548696159273782,0.0148961681634882,11.57620705443563,3.184614944440249,0.4910357141138066,13.9233805424461,12.187552169995309,12.43835146214299,3.0,1.0,1.0,0.2,1.0,True,
69,mi_concept,6.812920690579608e-05,4.612098322087551,0.2647946044416158,0.514581970575744,0.0133461683514313,11.586296329811528,2.8939777584795934,0.5078121391346314,11.570527655682255,9.78197846966627,9.970754304848306,3.0,1.0,1.0,0.2,1.0,True,
69,mi_concept,0.0001291549665014,4.641839713881369,0.2364779940272814,0.4862900307710219,0.0121146802678473,11.593858722716549,2.697618558532252,0.5175437119536371,9.660375720660303,7.847576662723355,7.987985053310294,3.0,1.0,1.0,0.2,1.0,True,
69,mi_concept,0.0002448436746822,4.665575942025399,0.2145279367316725,0.4631716061371558,0.0111463102486367,11.599545965197136,2.5843640899347844,0.518607224988478,8.097065839813782,6.293025412026612,6.396194058541242,3.0,1.0,1.0,0.2,1.0,True,
69,mi_concept,0.0004641588833612,4.684551966509877,0.1974074077356686,0.4443055342167916,0.0103814588593578,11.603878745617498,2.5495293614221803,0.5091891679186331,6.802623505651827,5.045071035344168,5.119922843431666,3.0,1.0,1.0,0.2,1.0,True,
69,mi_concept,0.0008799225435691,4.6995465913176,0.1840345032479249,0.4289924279610596,0.0097774731534839,11.607201435061969,2.598215183527416,0.4874752394131228,5.714630783652274,4.045138617241169,4.099014464654505,3.0,1.0,1.0,0.2,1.0,True,
69,mi_concept,0.0016681005372,4.711102054737237,0.1736800087609728,0.4167493356455087,0.0093056522120484,11.609740805825997,2.746539757836216,0.4524820800231925,4.785786366735448,3.246948297720497,3.285895618089066,3.0,1.0,1.0,0.2,1.0,True,
69,mi_concept,0.0031622776601683,4.719834977162519,0.1657018345228728,0.407064902101462,0.0089398198145622,11.61168240502614,3.0238741167882344,0.4049086117787175,3.98390025537941,2.6145515693405588,2.643114405499041,3.0,1.0,1.0,0.2,1.0,True,
69,mi_concept,0.0059948425031894,4.726478918297918,0.1594807430858474,0.3993504013843575,0.0086529129071483,11.613190114959323,3.4816656905842267,0.3473642210507778,3.2904011683065346,2.120421544398257,2.141537947423631,3.0,1.0,1.0,0.2,1.0,True,
69,mi_concept,0.0113646366638572,4.731819270538288,0.1544088270580741,0.3929488860629003,0.0084172471016215,11.614414589263722,4.21506661028896,0.2838153049610507,2.6970832188127543,1.74381389457351,1.759217387025214,3.0,1.0,1.0,0.2,1.0,True,
69,mi_concept,0.0215443469003188,4.736615877788173,0.1498214512433993,0.3870677605321829,0.0082022072443998,11.615523188099926,5.40857758394252,0.2188689916624868,2.202472773604619,1.4688062571849787,1.4796001908586105,3.0,1.0,1.0,0.2,1.0,True,
69,mi_concept,0.0408423865267452,4.741256726001762,0.1452699335671636,0.3811429306272959,0.0079872246891226,11.616639699920668,7.430224833699149,0.1575976091962866,1.807821741077728,1.2803124573323934,1.287418051215894,3.0,1.0,1.0,0.2,1.0,True,
69,mi_concept,0.0774263682681127,4.745480521668697,0.1409512860162751,0.375434795958333,0.0077824451151404,11.617720979536326,11.013673528436629,0.1052040394058299,1.5120405085705295,1.1602547500527751,1.1646223591799971,3.0,1.0,1.0,0.2,1.0,True,
69,mi_concept,0.146779926762207,4.748809012760178,0.1374116068028735,0.3706907158304259,0.0076145210990824,11.618620722377722,17.59028547476451,0.0652916035932393,1.3068762607737503,1.0886897634044834,1.0912243990570536,3.0,1.0,1.0,0.2,1.0,True,
69,mi_concept,0.2782559402207126,4.751084592954221,0.1349221442402321,0.3673174978683048,0.0074965480944273,11.61925893004286,29.89726028075858,0.0381733879522848,1.1755896106180732,1.0480736049023935,1.0494869639159836,3.0,1.0,1.0,0.2,1.0,True,
69,mi_concept,0.5274997063702619,4.7524852293061866,0.1333625088301297,0.3651883196792166,0.0074227318447966,11.619660496121014,53.12338727979882,0.0213979809260791,1.0972030782276607,1.0257403581741114,1.026509329325786,3.0,1.0,1.0,0.2,1.0,True,
69,mi_concept,1.0,4.753291393867819,0.1324556027074035,0.3639445049831135,0.0073798488194373,11.619894502243426,97.09154673304474,0.0116805282350374,1.0526922694777472,1.013687804089136,1.0141003130712007,3.0,1.0,1.0,0.2,1.0,True,
75,mi_concept,1e-05,4.662616401134821,0.2073115255058786,0.4553147543248282,0.0118671661428545,11.623914741991005,0.0984190159345197,13.687174676220078,240.1878016445592,197.06265984765503,198.26621038895385,3.0,10.0,0.1,0.5,0.1,True,
75,mi_concept,1.8957356524063752e-05,4.657110637918534,0.2105113852407579,0.4588151972643866,0.0120041969125263,11.62229819376157,0.1274985145193511,10.621078750275036,155.05908348593923,121.43664256860576,122.4737267017308,3.0,10.0,0.1,0.5,0.1,True,
75,mi_concept,3.5938136638046256e-05,4.654895560465219,0.2112220174306204,0.4595889657407153,0.0120191751436598,11.621636739292065,0.2096937361207329,6.46087106389177,94.08851008025972,73.58714839624233,74.20885128459406,3.0,10.0,0.1,0.5,0.1,True,
75,mi_concept,6.812920690579608e-05,4.6556333401071885,0.2094687261701432,0.4576775351381617,0.0119146002824536,11.621711723393991,0.354665836864709,3.8046979460063257,59.01347604447447,46.956254464358416,47.26196565207184,3.0,10.0,0.1,0.5,0.1,True,
75,mi_concept,0.0001291549665014,4.657575550812419,0.2064080266980033,0.4543215014700529,0.0117442531510012,11.621786309843475,0.5408023052458081,2.4799099899914725,39.57464607920266,31.73917988611977,31.87140764581925,3.0,10.0,0.1,0.5,0.1,True,
75,mi_concept,0.0002448436746822,4.659762986919828,0.2030825800863036,0.4506468463068433,0.0115671322277764,11.62134738676014,0.7117955668089739,1.874300725730006,28.098355249117528,22.19653842399804,22.23567168218136,3.0,10.0,0.1,0.5,0.1,True,
75,mi_concept,0.0004641588833612,4.66079217109785,0.2010031156204453,0.4483337101093842,0.0114581065202386,11.61995739924039,0.836518288308631,1.5936437784065838,20.574247956820823,15.564377707041997,15.55579036668136,3.0,10.0,0.1,0.5,0.1,True,
75,mi_concept,0.0008799225435691,4.66044698014184,0.2005683491240259,0.4478485783432006,0.0114227839533666,11.617657582606622,0.9463195266509968,1.4142510475130627,15.187287080094857,10.733521516054756,10.70742127307419,3.0,10.0,0.1,0.5,0.1,True,
75,mi_concept,0.0016681005372,4.66005524181423,0.2009980665932499,0.4483280791934071,0.0114047847760509,11.6148579272458,1.07733429080056,1.2486671281950832,11.21732330385869,7.260690447716282,7.236655098798607,3.0,10.0,0.1,0.5,0.1,True,
75,mi_concept,0.0031622776601683,4.662147353657071,0.2006767672136416,0.4479696052341516,0.0113091233183622,11.612279100932572,1.2522145082949905,1.075361677519758,8.305200473923053,4.860349465330804,4.84417198003822,3.0,10.0,0.1,0.5,0.1,True,
75,mi_concept,0.0059948425031894,4.66898343249735,0.1978048068508762,0.4447525231529061,0.0110421999233689,11.610740482873116,1.495808406431937,0.8936621564146138,6.186281669973727,3.282630122835903,3.2715662905747003,3.0,10.0,0.1,0.5,0.1,True,
75,mi_concept,0.0113646366638572,4.680914163086026,0.1911264924550901,0.4371801601800911,0.0105608830033665,11.610755560988688,1.8438387836058383,0.712917261801612,4.651000648808178,2.3005404481752403,2.292218164260156,3.0,10.0,0.1,0.5,0.1,True,
75,mi_concept,0.0215443469003188,4.696565096046456,0.1801888208766505,0.4244865379215818,0.0098827833355608,11.612402265167296,2.350949448869593,0.5451195469077958,3.538563460702536,1.7197223464901612,1.713796782535625,3.0,10.0,0.1,0.5,0.1,True,
75,mi_concept,0.0408423865267452,4.7134216479195015,0.166175446284454,0.4076462268738103,0.0091026966347307,11.615189628827215,3.115324900540825,0.3987007352943563,2.730265332694399,1.3903441538496306,1.3866184353601263,3.0,10.0,0.1,0.5,0.1,True,
75,mi_concept,0.0774263682681127,4.728756543285607,0.1518501188450252,0.3896795078587341,0.0083625538867108,11.61824472852458,4.336348395097026,0.2772662741035117,2.143338569347521,1.2090837639764798,1.2069461705175375,3.0,10.0,0.1,0.5,0.1,True,
75,mi_concept,0.146779926762207,4.740751823042853,0.1398691910443927,0.3739908970073907,0.0077718195178284,11.620840934107031,6.423910343302523,0.1818093540973442,1.7239252006796617,1.1112024160525096,1.1100320154293872,3.0,10.0,0.1,0.5,0.1,True,
75,mi_concept,0.2782559402207126,4.748974517128435,0.1313691157508343,0.3624487767269112,0.0073635044182116,11.622688353979807,10.193445269411082,0.1120377563961263,1.4363887111601574,1.0589158906472262,1.058288191756836,3.0,10.0,0.1,0.5,0.1,True,
75,mi_concept,0.5274997063702619,4.754041887321623,0.1260442017791295,0.3550270437292482,0.0071110839609421,11.623846154684118,17.216888677895184,0.0653420212430426,1.2512547898450548,1.0311499030161582,1.0308162501077085,3.0,10.0,0.1,0.5,0.1,True,
75,mi_concept,1.0,4.75693529071983,0.1229833712051455,0.3506898504450129,0.0069669187888593,11.624511403332534,30.475947566354208,0.0365837234929373,1.139663156134954,1.016451584250457,1.0162749318924729,3.0,10.0,0.1,0.5,0.1,True,
77,mi_concept,1e-05,4.5070233702372295,0.349359691962731,0.5910665715151983,0.0185641438834474,11.574726332987565,0.1017429086353649,16.899523240760065,130.19701199340997,73.56425971165966,82.81737782171228,3.0,10.0,0.1,0.2,0.5,True,
77,mi_concept,1.8957356524063752e-05,4.513472212063316,0.3432387781683671,0.5858658363212239,0.0182621508427012,11.576479755941952,0.1809013524175024,9.422499402084163,80.89615473814817,49.35786566505352,54.32872675650601,3.0,10.0,0.1,0.2,0.5,True,
77,mi_concept,3.5938136638046256e-05,4.521015110349531,0.3358022077189476,0.5794844326804195,0.0179705988313353,11.579278996045655,0.3142114124589105,5.376506734863766,53.48951774168983,35.58401579217141,38.33534851261407,3.0,10.0,0.1,0.2,0.5,True,
77,mi_concept,6.812920690579608e-05,4.532304657718949,0.3248370271889125,0.569944758015119,0.01755682704491,11.58356282125072,0.4933480829408619,3.3789288147524186,38.07460402957685,26.924961888635742,28.581427027484366,3.0,10.0,0.1,0.2,0.5,True,
77,mi_concept,0.0001291549665014,4.546667577575924,0.3112083776791476,0.5578605360474495,0.0170398892816601,11.58864944672832,0.6796089119195233,2.410900905946439,28.57875451937854,20.73926233915207,21.846593950757352,3.0,10.0,0.1,0.2,0.5,True,
77,mi_concept,0.0002448436746822,4.562146149292017,0.2965729582360185,0.5445851248758256,0.0164764303461931,11.59352211543096,0.8596096687824913,1.869467988494196,21.89257491701846,15.934124971626032,16.71409551285794,3.0,10.0,0.1,0.2,0.5,True,
77,mi_concept,0.0004641588833612,4.578239360566757,0.2813437398339275,0.5304184572900226,0.0159006815599045,11.598391141337665,1.075067052385626,1.4645861693689672,16.660542433807596,12.121786554878357,12.663517835955648,3.0,10.0,0.1,0.2,0.5,True,
77,mi_concept,0.0008799225435691,4.596289699403654,0.2645386176739184,0.5143331776911911,0.0152904307813743,11.604287727660337,1.3814747579811717,1.1154949766834077,12.412752319842474,9.112322276882674,9.47310130688096,3.0,10.0,0.1,0.2,0.5,True,
77,mi_concept,0.0016681005372,4.619963997165383,0.2432242457266945,0.4931777019763713,0.0144949516176506,11.612718449439551,1.8398353119389077,0.8161381360150545,8.980136911859919,6.7664837785950445,6.9939231449872095,3.0,10.0,0.1,0.2,0.5,True,
77,mi_concept,0.0031622776601683,4.655637843996137,0.2122655535379773,0.4607228597953192,0.0131220316043712,11.62556039299717,2.5002643457808382,0.5758884932133873,6.2819988030842895,4.972392977220162,5.106235409919052,3.0,10.0,0.1,0.2,0.5,True,
77,mi_concept,0.0059948425031894,4.707206107393916,0.1686665958731223,0.4106903893118541,0.0106685636013162,11.642459613092974,3.2963075684259606,0.4017316565254535,4.273271886276291,3.6372236078149034,3.7097414563977664,3.0,10.0,0.1,0.2,0.5,True,
77,mi_concept,0.0113646366638572,4.76524111878973,0.1203982678877083,0.3469845355166543,0.0074224992788153,11.657904843301855,4.003835103871765,0.2836469058897174,2.895772791713529,2.6798312045908776,2.7151363695116038,3.0,10.0,0.1,0.2,0.5,True,
77,mi_concept,0.0215443469003188,4.811918857514332,0.0822097005210413,0.2867223404638037,0.0046866832408827,11.66724788841212,4.645875409143865,0.1987752141548641,2.0386293721868625,2.0245038019521275,2.039274092512096,3.0,10.0,0.1,0.2,0.5,True,
77,mi_concept,0.0408423865267452,4.8405570949240975,0.0592906506712337,0.2434967159352128,0.0030814269883224,11.671480559899011,5.722876192659835,0.1326044024852844,1.5502910551873386,1.599280878455474,1.6043155515087977,3.0,10.0,0.1,0.2,0.5,True,
77,mi_concept,0.0774263682681127,4.855520896834628,0.0474989125309954,0.2179424523377568,0.0022941656212897,11.673196432331489,7.971167607700259,0.0826967738714301,1.2878857129945476,1.3382952131673136,1.3395741448947598,3.0,10.0,0.1,0.2,0.5,True,
77,mi_concept,0.146779926762207,4.862623710773718,0.0417877310814266,0.2044204761794342,0.0019275449879607,11.67391712674997,12.480431970648484,0.048576405145117,1.1504468939045986,1.185972226673534,1.1861109592740626,3.0,10.0,0.1,0.2,0.5,True,
77,mi_concept,0.2782559402207126,4.865782636468039,0.0390503486916224,0.1976116107206821,0.0017563371307263,11.67424455954393,21.212332855597737,0.0273298815283255,1.0788210081660845,1.1004599536237043,1.1003547548108452,3.0,10.0,0.1,0.2,0.5,True,
77,mi_concept,0.5274997063702619,4.867147366049117,0.0377211777649981,0.1942194062523056,0.0016746478061792,11.67440154931892,37.88321107106096,0.0149575593981702,1.0414019380452524,1.0536959218391733,1.0535860175870255,3.0,10.0,0.1,0.2,0.5,True,
77,mi_concept,1.0,4.867744749757471,0.0370616222188401,0.1925139533094682,0.0016346024491058,11.674479162122804,69.55706772988982,0.0080527750120776,1.0217861660212415,1.028527875567977,1.0284540373464008,3.0,10.0,0.1,0.2,0.5,True,
78,mi_concept,1e-05,4.581242688144458,0.2806046570664935,0.5297213013146569,0.0157918259815312,11.598463155268366,0.0782617166831473,20.176915858731167,193.89532650904616,129.16365522113213,136.93862442141074,3.0,10.0,0.1,0.3,0.5,True,
78,mi_concept,1.8957356524063752e-05,4.581630629739301,0.2790408053099311,0.5282431308686665,0.0157037017777853,11.597722730545582,0.1235011470267172,12.78181854475299,120.14694102980684,79.39605354249044,83.9579840453105,3.0,10.0,0.1,0.3,0.5,True,
78,mi_concept,3.5938136638046256e-05,4.5865791586044224,0.2743565895105628,0.5237905970047217,0.0154940436403245,11.599200573236397,0.2212409562932143,7.0899546161906,74.15906230662672,51.69833280867275,54.06430533731299,3.0,10.0,0.1,0.3,0.5,True,
78,mi_concept,6.812920690579608e-05,4.5963969472949735,0.2656791727295139,0.5154407557901431,0.0151207181623532,11.602667955399651,0.3842069063736448,4.028891392610778,48.66610531553226,36.04213998303605,37.25910196572193,3.0,10.0,0.1,0.3,0.5,True,
78,mi_concept,0.0001291549665014,4.612056129677861,0.2521524750183805,0.5021478617084618,0.0145355537964726,11.608255367503912,0.6029155714201434,2.5125724453315508,34.06262354392593,26.33861885314373,26.985990006099133,3.0,10.0,0.1,0.3,0.5,True,
78,mi_concept,0.0002448436746822,4.631476285040538,0.2355219716719802,0.4853060597931785,0.013807851445277,11.61517325391462,0.8383450572547121,1.7577721245150923,24.78544972039456,19.53578906881221,19.90232792542685,3.0,10.0,0.1,0.3,0.5,True,
78,mi_concept,0.0004641588833612,4.652344266536559,0.2175149685507978,0.4663850003492799,0.0130106484111907,11.622609261822417,1.0912885960454528,1.3091179090741891,18.113918122451285,14.360071689973042,14.57114305336016,3.0,10.0,0.1,0.3,0.5,True,
78,mi_concept,0.0008799225435691,4.67633052283877,0.1970799317705461,0.4439368556118608,0.0120798741722904,11.631264893575503,1.4219383743037926,0.9676965919692248,12.977790903703976,10.368548612997133,10.47915389112021,3.0,10.0,0.1,0.3,0.5,True,
78,mi_concept,0.0016681005372,4.704847012343775,0.1736529883578436,0.416716916332711,0.0109388303075013,11.64164673350646,1.895843652517279,0.6917207869938006,9.03758891608753,7.349995652232103,7.396101332208228,3.0,10.0,0.1,0.3,0.5,True,
78,mi_concept,0.0031622776601683,4.737242865409594,0.1480758494712069,0.3848062492621539,0.009545785287417,11.653016740783489,2.5721917766433413,0.4790434302967073,6.130892152298888,5.139170751842765,5.148725945616123,3.0,10.0,0.1,0.3,0.5,True,
78,mi_concept,0.0059948425031894,4.771003690405683,0.1221176475484814,0.3494533553258309,0.0079392990578006,11.66341281605927,3.5109135501166677,0.3237558383232464,4.104172280969986,3.586969260774996,3.579653386230253,3.0,10.0,0.1,0.3,0.5,True,
78,mi_concept,0.0113646366638572,4.801441681802707,0.0987544123631171,0.314252147746228,0.0063394012004846,11.67064658982962,4.8283056001351365,0.2135568928203973,2.783901457121277,2.55041748606844,2.538425190254064,3.0,10.0,0.1,0.3,0.5,True,
78,mi_concept,0.0215443469003188,4.8241708618951,0.0807708850873734,0.2842021905041786,0.0050306773937121,11.674210997466783,6.848860631473611,0.1361234431509533,1.9829798032320067,1.8940495079514763,1.8837261593895327,3.0,10.0,0.1,0.3,0.5,True,
78,mi_concept,0.0408423865267452,4.83809717887752,0.0687731458205992,0.2622463456763493,0.0041310738643741,11.675295273738708,10.302057284873223,0.0829781997183469,1.526761177242485,1.499393161105943,1.4925874447155418,3.0,10.0,0.1,0.3,0.5,True,
78,mi_concept,0.0774263682681127,4.845160513098337,0.0615108705164757,0.2480138514609128,0.0035799787244898,11.675280702491424,16.596025469614904,0.0483226799035776,1.2783401867381892,1.272580087927848,1.2686802855590662,3.0,10.0,0.1,0.3,0.5,True,
78,mi_concept,0.146779926762207,4.848226804346372,0.0573117616586054,0.2393987503279945,0.0032599270150658,11.674975439672767,28.35246561614061,0.0271106106930881,1.1463588153571502,1.1465888244092912,1.1444885162400802,3.0,10.0,0.1,0.3,0.5,True,
78,mi_concept,0.2782559402207126,4.849468451320342,0.0548986192800827,0.2343045438741698,0.0030754373080659,11.67469431312792,50.47878475107148,0.0148243852872501,1.0769106134930924,1.078146912807316,1.0770386256341686,3.0,10.0,0.1,0.3,0.5,True,
78,mi_concept,0.5274997063702619,4.849995835910519,0.0535098375151503,0.2313219347903487,0.0029689532944804,11.674505554302488,92.2577590760356,0.007978924170287,1.0404473726913537,1.0414573244823049,1.0408748756440251,3.0,10.0,0.1,0.3,0.5,True,
78,mi_concept,1.0,4.850244551131622,0.0527204306649415,0.2296093000401803,0.002908304787564,11.674393881522082,171.3087461755122,0.0042554604933273,1.0212925050299562,1.0219350120827826,1.0216287565296809,3.0,10.0,0.1,0.3,0.5,True,
80,mi_concept,1e-05,4.456842823970872,0.4118349528956433,0.6417436816172352,0.020635310801753,11.548428094988653,0.3058984662440396,5.95646590070797,57.65147669096184,37.287336453507066,42.47262405796969,3.0,10.0,0.1,0.1,1.0,True,
80,mi_concept,1.8957356524063752e-05,4.451654505934622,0.4123469418209096,0.64214246224721,0.020898650581009,11.548444524220937,0.4806261395953174,3.8137614406803206,41.35065308585874,28.31955775697305,31.64295263504784,3.0,10.0,0.1,0.1,1.0,True,
80,mi_concept,3.5938136638046256e-05,4.450975048838833,0.4096679228712295,0.6400530625434344,0.0210289712164523,11.54937034403802,0.658380178072338,2.792523544561804,31.632098887698078,22.129500498361395,24.5385041121466,3.0,10.0,0.1,0.1,1.0,True,
80,mi_concept,6.812920690579608e-05,4.457932819471049,0.4016618438264682,0.633767973178251,0.0208194233193507,11.551661518701758,0.8099783750042964,2.258094857027158,25.06906271140934,17.43686429775374,19.313579495264435,3.0,10.0,0.1,0.1,1.0,True,
80,mi_concept,0.0001291549665014,4.470113183578513,0.3897464203589394,0.6242967406281563,0.0203537642840348,11.554903832193672,0.9576672397659828,1.8869610824721688,20.068953825785574,13.745436523686834,15.222121701844218,3.0,10.0,0.1,0.1,1.0,True,
80,mi_concept,0.0002448436746822,4.48401902763418,0.376412115435894,0.6135243397257308,0.0198304003660424,11.558430084252436,1.1345299150605714,1.5699223827864637,16.012219876261184,10.815558987987878,11.96188983702717,3.0,10.0,0.1,0.1,1.0,True,
80,mi_concept,0.0004641588833612,4.497340989670671,0.3634634114685773,0.6028792677382241,0.0193998400937633,11.561709823660788,1.3726330441620975,1.2808589564294297,12.638116654818434,8.482701124697673,9.35793121533768,3.0,10.0,0.1,0.1,1.0,True,
80,mi_concept,0.0008799225435691,4.509437387837779,0.351247271941762,0.5926611780281901,0.0191604279712634,11.564596937579989,1.725586998707071,1.0105872261347155,9.781675603286088,6.625262536456593,7.280516835792301,3.0,10.0,0.1,0.1,1.0,True,
80,mi_concept,0.0016681005372,4.523927021969186,0.336055138108348,0.5797026290334968,0.0190437138328996,11.56828002671499,2.2864967980321107,0.7605828681683233,7.337194661077788,5.152148885321978,5.630279219311894,3.0,10.0,0.1,0.1,1.0,True,
80,mi_concept,0.0031622776601683,4.554655463833701,0.3046262311146072,0.551929552673715,0.0183121339796938,11.577578769227884,3.136217319604419,0.5492699300875331,5.273868054296612,3.993156156455631,4.330990015943728,3.0,10.0,0.1,0.1,1.0,True,
80,mi_concept,0.0059948425031894,4.620447975023977,0.2396528367652335,0.4895434983382309,0.0150680929492391,11.599027103291032,4.002303308526001,0.403014312101065,3.634901166072768,3.0933075820079927,3.323633859122681,3.0,10.0,0.1,0.1,1.0,True,
80,mi_concept,0.0113646366638572,4.704507081109945,0.1581995733197374,0.3977430996506884,0.0094463427942473,11.625891009874966,4.20860023268602,0.3161162084501785,2.4755749546246766,2.4096962944070808,2.561190694616758,3.0,10.0,0.1,0.1,1.0,True,
80,mi_concept,0.0215443469003188,4.765215931720497,0.1005024732802561,0.3170212505184095,0.0052597541161699,11.64451297878478,4.100067007126134,0.2477461870317384,1.7679879386434283,1.9079016786964875,2.004251867686821,3.0,10.0,0.1,0.1,1.0,True,
80,mi_concept,0.0408423865267452,4.796291297111065,0.0720151556781324,0.2683563967527744,0.00334367644816,11.653316629384385,4.553587812870862,0.1792109127505425,1.387669424863496,1.5572013342424171,1.6165926625095992,3.0,10.0,0.1,0.1,1.0,True,
80,mi_concept,0.0774263682681127,4.810092359060525,0.0600594639193792,0.2450703244364344,0.0026050479972329,11.657068044345973,6.11312138998385,0.1180328362501787,1.1961649762908253,1.3265830942303245,1.3620468291604375,3.0,10.0,0.1,0.1,1.0,True,
80,mi_concept,0.146779926762207,4.815743233172958,0.0554908183971102,0.2355648921149122,0.0023436692398978,11.658739676961345,9.509906965524207,0.0719715990404572,1.100582490015469,1.184280603398168,1.204768484962785,3.0,10.0,0.1,0.1,1.0,True,
80,mi_concept,0.2782559402207126,4.817872782122385,0.0538946563445792,0.2321522266629792,0.0022621066385375,11.65952265817792,16.19754831155006,0.0415033237942311,1.052171116224893,1.1011929102921785,1.1126748972086855,3.0,10.0,0.1,0.1,1.0,True,
80,mi_concept,0.5274997063702619,4.818617615068671,0.0533854303000412,0.2310528733862473,0.0022420894970226,11.65989920233736,29.01237181772453,0.0230628950206769,1.0272623250904953,1.0546097045930696,1.0608950478068109,3.0,10.0,0.1,0.1,1.0,True,
80,mi_concept,1.0,4.818866953136926,0.0532367692801044,0.2307309456490491,0.0022399778939336,11.660084055085033,53.38080510151033,0.0125267062985381,1.0143073905306588,1.0291696879681276,1.0325566870766147,3.0,10.0,0.1,0.1,1.0,True,
81,mi_concept,1e-05,4.522611690551825,0.3342513202472569,0.5781447225801313,0.0177724638194638,11.57702864083908,0.0993192169758349,16.95112741756429,130.56990556824854,74.33536441586413,84.46350817071291,3.0,10.0,0.1,0.2,1.0,True,
81,mi_concept,1.8957356524063752e-05,4.529352871721423,0.3278015908881891,0.572539597659576,0.0174762401078874,11.578708518559372,0.1767595035258957,9.43802407249503,81.01433737884044,49.77050591900229,55.1558801332862,3.0,10.0,0.1,0.2,1.0,True,
81,mi_concept,3.5938136638046256e-05,4.537746284857155,0.3196333751768337,0.5653612784554968,0.0171769263423785,11.581490707375124,0.307855343042505,5.368972654973189,53.46749821477545,35.8264864655117,38.74524393644956,3.0,10.0,0.1,0.2,1.0,True,
81,mi_concept,6.812920690579608e-05,4.55038744427195,0.3076495601137697,0.5546616627402418,0.0167557350983648,11.585796953642673,0.4864189259847426,3.3544639227447366,37.95317568553076,27.09721399171362,28.79259542162612,3.0,10.0,0.1,0.2,1.0,True,
81,mi_concept,0.0001291549665014,4.566445039909199,0.2927902585365532,0.5411009688926395,0.0162281842401775,11.591127861247251,0.6771237770211543,2.3715930653039807,28.363677911421064,20.88401883637993,21.96398093463497,3.0,10.0,0.1,0.2,1.0,True,
81,mi_concept,0.0002448436746822,4.5841069152348695,0.2763700971435861,0.5257091373978449,0.0156258398429523,11.596782703051348,0.8683692628489018,1.8155146801877,21.572507099109327,16.05897048679452,16.77779975210756,3.0,10.0,0.1,0.2,1.0,True,
81,mi_concept,0.0004641588833612,4.604374321072751,0.2574483133110172,0.5073936472907571,0.0149234837761213,11.603425642500463,1.1039534078783635,1.3967439981301757,16.22059760392701,12.223685737273884,12.687382928644077,3.0,10.0,0.1,0.2,1.0,True,
81,mi_concept,0.0008799225435691,4.6317481698406695,0.2322719304128091,0.481945982878589,0.0139321434692035,11.61294196512506,1.4351941149746898,1.040700292873509,11.850746895912993,9.19030677878444,9.465846848510456,3.0,10.0,0.1,0.2,1.0,True,
81,mi_concept,0.0016681005372,4.674422710075031,0.1937905421161449,0.4402164718818969,0.0120789013412282,11.62775761436536,1.8634952198998835,0.7533554194304708,8.324799580150422,6.821523925092513,6.965448607553307,3.0,10.0,0.1,0.2,1.0,True,
81,mi_concept,0.0031622776601683,4.737753935188805,0.1375882838051108,0.3709289471113178,0.0085970766093151,11.64706012612521,2.1976694046171588,0.5523101285554604,5.602740347511016,5.00600010678028,5.067825834815765,3.0,10.0,0.1,0.2,1.0,True,
81,mi_concept,0.0059948425031894,4.805912738755006,0.0780979824744018,0.2794601625892353,0.0043697664172156,11.66280872109919,2.0968784405183083,0.4266259545572213,3.66461649115147,3.6519004188535504,3.671037788018785,3.0,10.0,0.1,0.2,1.0,True,
81,mi_concept,0.0113646366638572,4.853233768073548,0.0381729891196553,0.1953790907944228,0.0016669093662454,11.669834768306846,1.7017419144394914,0.3316649398789378,2.4323355607535744,2.680309672117248,2.682158621595439,3.0,10.0,0.1,0.2,1.0,True,
81,mi_concept,0.0215443469003188,4.8773334593530056,0.019369695734053,0.139175054280762,0.0006009696399657,11.671304507779132,1.4175675000212975,0.2409055992014616,1.7357263880541012,2.0174232073930924,2.014566801565857,3.0,10.0,0.1,0.2,1.0,True,
81,mi_concept,0.0408423865267452,4.885783896116124,0.0118210920491184,0.1087248455925253,0.0002558391943983,11.67087278007254,1.3982048300950745,0.1596420240203515,1.3733248750579596,1.5906499879945708,1.5877138567145987,3.0,10.0,0.1,0.2,1.0,True,
81,mi_concept,0.0774263682681127,4.886801110905077,0.0088932476277185,0.0943040170285369,0.0001447311170112,11.669773206276911,1.7179709082714385,0.0977349292907388,1.190772471526371,1.3313330842617532,1.3293467266601615,3.0,10.0,0.1,0.2,1.0,True,
81,mi_concept,0.146779926762207,4.887181198119149,0.0077608560804662,0.0880957211246165,0.000106507357408,11.669085220879992,2.549177711000412,0.0564947013890686,1.0985727106759058,1.181349268813563,1.1801883575334529,3.0,10.0,0.1,0.2,1.0,True,
81,mi_concept,0.2782559402207126,4.8871678633095454,0.0073314451602727,0.0856238585925251,9.263907881926244e-05,11.668856837707594,4.271047573911382,0.0314444418263652,1.0513705605761734,1.097697423995154,1.0970589511979456,3.0,10.0,0.1,0.2,1.0,True,
81,mi_concept,0.5274997063702619,4.886973597032252,0.007176478115831,0.0847140963230503,8.757328584497774e-05,11.668789622662985,7.63630510963518,0.0170994707470261,1.0269150934054423,1.0521377114412849,1.0517951506199943,3.0,10.0,0.1,0.2,1.0,True,
81,mi_concept,1.0,4.886760565271701,0.0071242934112371,0.0844055295062898,8.576402659824498e-05,11.668772393548554,14.087496227769014,0.0091730123662392,1.0141453959542943,1.0276760213710177,1.0274940229619218,3.0,10.0,0.1,0.2,1.0,True,
83,mi_concept,1e-05,4.735751668366056,0.1460169481377726,0.3821216404991644,0.0087030895520874,11.64695698607506,0.0923658229629007,12.342347965538046,250.54517367346284,213.5141937783633,211.69925872396712,3.0,10.0,0.1,0.5,1.0,True,
83,mi_concept,1.8957356524063752e-05,4.732227518552213,0.1469938800017765,0.3833978090727391,0.0087716189858168,11.646155222801545,0.114932992744376,9.960813946287171,162.91624417470507,133.16898953375656,131.65368005401285,3.0,10.0,0.1,0.5,1.0,True,
83,mi_concept,3.5938136638046256e-05,4.732955047945682,0.1458142629233953,0.3818563380689069,0.008721144376377,11.646504905475322,0.1891699902395228,6.034841501001886,97.6378483370039,79.74328777246237,78.79376121554891,3.0,10.0,0.1,0.5,1.0,True,
83,mi_concept,6.812920690579608e-05,4.741863699052847,0.1401316747177975,0.3743416550663278,0.0084185245247806,11.64888421296052,0.3383330962417861,3.3126513940428723,59.34411271906964,49.65047254950243,49.08316974884372,3.0,10.0,0.1,0.5,1.0,True,
83,mi_concept,0.0001291549665014,4.75952085646958,0.129904558181864,0.3604227492568471,0.0078694807960831,11.65336663811368,0.5732014204859932,1.8878855447753504,37.99791443889504,32.62109781874257,32.247611577149655,3.0,10.0,0.1,0.5,1.0,True,
83,mi_concept,0.0002448436746822,4.785714778482736,0.1162823268149817,0.3410019454709632,0.0071414246657655,11.659700518996878,0.877861086654087,1.1730259896595585,25.327566072800597,22.15348414111723,21.87821857809583,3.0,10.0,0.1,0.5,1.0,True,
83,mi_concept,0.0004641588833612,4.81516289967089,0.1026496631815973,0.3203898612340868,0.0064107544256865,11.666377847828103,1.2392296363628383,0.7878271906781237,17.029299607048273,15.066660038905612,14.85597409028322,3.0,10.0,0.1,0.5,1.0,True,
83,mi_concept,0.0008799225435691,4.841671881010603,0.0912287725219398,0.3020410113245216,0.0057711868920879,11.671856425011276,1.7348686870494014,0.5359494977202793,11.236756157757384,10.056643132827462,9.906855850678072,3.0,10.0,0.1,0.5,1.0,True,
83,mi_concept,0.0016681005372,4.860482246121517,0.0822243626599273,0.2867479078562342,0.0052016142951759,11.674957079183413,2.514837254046756,0.353878077298397,7.239836921900487,6.59117772552671,6.497121822247396,3.0,10.0,0.1,0.5,1.0,True,
83,mi_concept,0.0031622776601683,4.867036648749552,0.0754227513480383,0.2746320289915914,0.0047035519444332,11.674841530866912,3.78076788520396,0.2268689082752137,4.629814973183223,4.310334058662439,4.256993415108217,3.0,10.0,0.1,0.5,1.0,True,
83,mi_concept,0.0059948425031894,4.862599574986211,0.0700957934161746,0.2647561017543781,0.0042724601504946,11.672315336900926,5.847897138520515,0.1422888132826501,3.0295221863785,2.88898800588936,2.860412157856897,3.0,10.0,0.1,0.5,1.0,True,
83,mi_concept,0.0113646366638572,4.854084763576465,0.0653719783308392,0.2556794444824206,0.0038791718804738,11.669325634163464,9.282778939666589,0.0869815628822234,2.101728570512329,2.0471270337705265,2.0322931372847344,3.0,10.0,0.1,0.5,1.0,True,
83,mi_concept,0.0215443469003188,4.8466636758228585,0.0610244987776021,0.24703137205141,0.0035261210105578,11.667006115400488,15.205328009620189,0.0514108391801744,1.586908864360365,1.5687993734478978,1.5612897342368164,3.0,10.0,0.1,0.5,1.0,True,
83,mi_concept,0.0408423865267452,4.84169198895186,0.0574674037811596,0.2397235987156034,0.003244106455229,11.665457319203307,25.837760311772996,0.0293396460813842,1.3097263284529004,1.305027888048097,1.3012890630144394,3.0,10.0,0.1,0.5,1.0,True,
83,mi_concept,0.0774263682681127,4.838551475113621,0.0549809930104545,0.2344802614516934,0.0030471292488133,11.66448866100504,45.49519913602245,0.0162580053655482,1.1629559708046373,1.1623503027473407,1.1604901379641246,3.0,10.0,0.1,0.5,1.0,True,
83,mi_concept,0.146779926762207,4.836391997935423,0.0534227543016591,0.2311336286689134,0.0029220650782024,11.663910207525486,82.39676698452512,0.0088235869602977,1.0857300180891916,1.0860508852416677,1.0851138185600429,3.0,10.0,0.1,0.5,1.0,True,
83,mi_concept,0.2782559402207126,4.8348111246647845,0.0525094062132355,0.229149309868556,0.0028477981402024,11.663562273388296,152.08870984239758,0.004728485755544,1.0451357578258922,1.0455073876610994,1.045027940809503,3.0,10.0,0.1,0.5,1.0,True,
83,mi_concept,0.5274997063702619,4.833715875755456,0.0519986350148811,0.2280320920723245,0.002805977564827,11.66334557865662,283.9937888023253,0.0025161489387094,1.023780628889951,1.0240374740800338,1.0237891306765452,3.0,10.0,0.1,0.5,1.0,True,
83,mi_concept,1.0,4.833027812847265,0.0517218488723983,0.227424380558458,0.0027832787237997,11.663211159372274,533.8759432007668,0.0013337207203487,1.0125356049016718,1.012688788576806,1.0125591245580037,3.0,10.0,0.1,0.5,1.0,True,
82,mi_concept,1e-05,4.594381856590411,0.2669366243481048,0.5166590987760739,0.0150205679041391,11.601427288769685,0.07579120828162,20.243030495680934,196.18734769949472,131.5943584285247,138.41790016273157,3.0,10.0,0.1,0.3,1.0,True,
82,mi_concept,1.8957356524063752e-05,4.594766243712199,0.265535005016855,0.5153008878479204,0.014938216530193,11.600740211431324,0.1190704210264232,12.830874784084225,121.63171790928617,80.76893603504807,84.80924598949146,3.0,10.0,0.1,0.3,1.0,True,
82,mi_concept,3.5938136638046256e-05,4.599939027869848,0.2605969433144576,0.5104869668409348,0.0147048236152883,11.602500860754391,0.2131619178918204,7.109222300090154,74.88497635674392,52.4163398081786,54.49850008763684,3.0,10.0,0.1,0.3,1.0,True,
82,mi_concept,6.812920690579608e-05,4.610219874881584,0.2513727869372279,0.501370907549718,0.0142788311986988,11.60659615270488,0.3708239898780123,4.0290910319206805,48.942541587641614,36.42291341613591,37.46956723474303,3.0,10.0,0.1,0.3,1.0,True,
82,mi_concept,0.0001291549665014,4.627033029215703,0.2368427861174215,0.4866649629030444,0.0136006421997399,11.61337469683391,0.5845847834000325,2.4960131577010305,34.07382827772197,26.55280553914293,27.076335956060884,3.0,10.0,0.1,0.3,1.0,True,
82,mi_concept,0.0002448436746822,4.649086177263481,0.2185175795140287,0.4674586393618463,0.0127276110702532,11.622205013263637,0.819391834552339,1.723941766181732,24.611502151093145,19.6691369489999,19.92206899275911,3.0,10.0,0.1,0.3,1.0,True,
82,mi_concept,0.0004641588833612,4.67525909813963,0.1975839880793444,0.4445042047937729,0.0116983291008536,11.632430082794496,1.0779878688747877,1.2584462682913224,17.779909366633316,14.451169707129806,14.546875249353295,3.0,10.0,0.1,0.3,1.0,True,
82,mi_concept,0.0008799225435691,4.7109674380176685,0.1706369171327774,0.4130822159483235,0.0102674631047804,11.645475643683298,1.4082507446284906,0.9077100275614964,12.494766319064013,10.432124116790462,10.433452687105596,3.0,10.0,0.1,0.3,1.0,True,
82,mi_concept,0.0016681005372,4.763624980943055,0.1330121362618886,0.3647082892695046,0.0079839637667041,11.661770347639608,1.7845750717601832,0.6416466855707977,8.439575670151614,7.390501113033188,7.3478139281751105,3.0,10.0,0.1,0.3,1.0,True,
82,mi_concept,0.0031622776601683,4.829234751566464,0.0868479747808707,0.2946998045144766,0.0048352233584607,11.675906313649728,1.9885718104761123,0.4608533920187821,5.494968202070257,5.1594244456726015,5.1076242534346505,3.0,10.0,0.1,0.3,1.0,True,
82,mi_concept,0.0059948425031894,4.884993176506786,0.0464620924008013,0.215550672466595,0.0020859640624511,11.681489897186967,1.820496608638336,0.3398448812790592,3.5318324580960034,3.591507268286246,3.548023166019206,3.0,10.0,0.1,0.3,1.0,True,
82,mi_concept,0.0113646366638572,4.910131521784882,0.022548378758428,0.1501611759358193,0.0006906690117918,11.680720325142502,1.4778210147944808,0.2445513347998658,2.3488053186641613,2.5456125597493946,2.515643203291525,3.0,10.0,0.1,0.3,1.0,True,
82,mi_concept,0.0215443469003188,4.909498554783266,0.0116334494761157,0.1078584696540597,0.0002045185482664,11.676828539978622,1.20766103069566,0.1638689447295903,1.6972377207711766,1.88646074622608,1.8683895719462744,3.0,10.0,0.1,0.3,1.0,True,
82,mi_concept,0.0408423865267452,4.908060933443123,0.0070583785175178,0.0840141566494469,6.091439127901207e-05,11.6722574827804,1.066323386179135,0.1015579060432202,1.357743427209967,1.4929912086714885,1.4829786962928562,3.0,10.0,0.1,0.3,1.0,True,
82,mi_concept,0.0774263682681127,4.907206846693914,0.0050990427953016,0.0714075821975624,1.9735950956367617e-05,11.669378233440536,1.0431484178261088,0.059157411058126,1.1843508492342236,1.2683404515410164,1.2630328252669802,3.0,10.0,0.1,0.3,1.0,True,
82,mi_concept,0.146779926762207,4.906891282886022,0.0042134488652861,0.0649110843021914,7.37292360866387e-06,11.667968410556847,1.1415199357278367,0.0330519966080758,1.09569070841878,1.1440881381807304,1.14131957411515,3.0,10.0,0.1,0.3,1.0,True,
82,mi_concept,0.2782559402207126,4.906829766719584,0.0037899883725316,0.0615628814508519,3.295010961124112e-06,11.667264894624946,1.4008986673596922,0.0180037467406701,1.0499729544467673,1.076752440552008,1.07531046950326,3.0,10.0,0.1,0.3,1.0,True,
82,mi_concept,0.5274997063702619,4.906843805116591,0.003577800255431,0.0598147160440558,1.7886170035166885e-06,11.666902743426842,1.922371069911068,0.009664947582413,1.026205480463203,1.0407007559198924,1.0399472385680149,3.0,10.0,0.1,0.3,1.0,True,
82,mi_concept,1.0,4.906867105678435,0.0034683066487762,0.0588923309844014,1.1698484519658517e-06,11.666712270419946,2.919195949173428,0.0051466275983615,1.0137771659876844,1.0215301072633278,1.0211349614765397,3.0,10.0,0.1,0.3,1.0,True,
85,mi_concept,1e-05,4.588211074023125,0.2720060076223036,0.521541951929376,0.014830918568741,11.592743236662177,0.6517339947237331,2.3546053111006007,32.13856445951828,24.427062678463383,25.10708672546914,3.0,10.0,1.0,0.2,0.1,True,
85,mi_concept,1.8957356524063752e-05,4.584880815388793,0.2745458576542835,0.5239712374303417,0.0150455351795238,11.593411568510447,0.8814756602729982,1.7526026582103225,25.22380874290789,19.50203167430496,20.0279990159928,3.0,10.0,1.0,0.2,0.1,True,
85,mi_concept,3.5938136638046256e-05,4.584140814111936,0.2750194986393174,0.5244230149786692,0.0151362557734594,11.59437998193537,1.1348436442894558,1.3649261846405267,20.027277281094022,15.589485929526605,16.002259309833608,3.0,10.0,1.0,0.2,0.1,True,
85,mi_concept,6.812920690579608e-05,4.584234803975422,0.2748545792588094,0.5242657525137508,0.0151993572950218,11.595524443441018,1.4591008431924644,1.062886951101042,15.8882926069985,12.45255160606138,12.775472614063265,3.0,10.0,1.0,0.2,0.1,True,
85,mi_concept,0.0001291549665014,4.584751112819705,0.2744485332110805,0.523878357265387,0.0152813727718305,11.59686414447228,1.8956508160096053,0.8188123345936941,12.555676886156675,9.934699033560486,10.187427477806551,3.0,10.0,1.0,0.2,0.1,True,
85,mi_concept,0.0002448436746822,4.586353449189828,0.2732492192482053,0.5227324547492773,0.0153757385557882,11.598686068276065,2.49253679132115,0.6230554153319839,9.87250003964498,7.913436251589954,8.11158989754634,3.0,10.0,1.0,0.2,0.1,True,
85,mi_concept,0.0004641588833612,4.59067993488333,0.269875194322776,0.519495134070355,0.0154357784883754,11.601560275245832,3.3168706364298264,0.4682173058446806,7.71502965407115,6.292180349850255,6.447319833037086,3.0,10.0,1.0,0.2,0.1,True,
85,mi_concept,0.0008799225435691,4.600394350968726,0.2620681807757906,0.5119259524343248,0.0153553739996895,11.6062441529685,4.450029537527212,0.3484644073657382,5.987009702218206,4.99458327824661,5.115400422976511,3.0,10.0,1.0,0.2,0.1,True,
85,mi_concept,0.0016681005372,4.618965630411712,0.2467119753837417,0.4967010925936662,0.014912536900064,11.613538304736954,5.941498242221642,0.2591414878923483,4.614699571785063,3.960124990872346,4.053389955307995,3.0,10.0,1.0,0.2,0.1,True,
85,mi_concept,0.0031622776601683,4.648745398740891,0.2213265629439481,0.4704535715072723,0.0137829956823143,11.623550434110184,7.705082539854279,0.1953800907638272,3.5404055922212865,3.141114068352929,3.2122433103952783,3.0,10.0,1.0,0.2,0.1,True,
85,mi_concept,0.0059948425031894,4.686874904412386,0.187804471837967,0.4333641330774468,0.0118384600219148,11.63453623508728,9.478423973181652,0.1508603287845731,2.718391296935218,2.5005561706399875,2.5539584003783187,3.0,10.0,1.0,0.2,0.1,True,
85,mi_concept,0.0113646366638572,4.724312993413215,0.1538106666670065,0.3921870302126353,0.0095407647950391,11.643732649933046,11.14949304152626,0.1180172505390668,2.111144451605304,2.0102417530457326,2.0494383503896345,3.0,10.0,1.0,0.2,0.1,True,
85,mi_concept,0.0215443469003188,4.752350109436426,0.1273476349212066,0.3568580038631705,0.0076378966789425,11.649782578540512,13.270444447333032,0.0903373976883856,1.6843724214452565,1.6482210201275551,1.6759685476312216,3.0,10.0,1.0,0.2,0.1,True,
85,mi_concept,0.0408423865267452,4.768768110219063,0.1109455338193157,0.3330848747981746,0.0064556766917245,11.653034981343664,17.119080265813245,0.0650625370950718,1.4024254922201989,1.3950198800397704,1.413635602392242,3.0,10.0,1.0,0.2,0.1,True,
85,mi_concept,0.0774263682681127,4.776618205594749,0.1023359917878911,0.3198999715346833,0.0058526409108537,11.65449440740533,24.691457911442804,0.0431850254203109,1.2277350311151485,1.229560084521751,1.2412697373344943,3.0,10.0,1.0,0.2,0.1,True,
85,mi_concept,0.146779926762207,4.77986542601546,0.098216202531306,0.3133946434310995,0.0055770662986324,11.655051386055971,39.36432361062016,0.0265144780900059,1.1253442897934818,1.1285537858691184,1.135487596832887,3.0,10.0,1.0,0.2,0.1,True,
85,mi_concept,0.2782559402207126,4.781110068214364,0.0962943810383882,0.3103133594262229,0.0054554399303276,11.655235770349352,67.40178023448017,0.0153362127011853,1.067752179977813,1.0702056225724348,1.0741273827662217,3.0,10.0,1.0,0.2,0.1,True,
85,mi_concept,0.5274997063702619,4.781583338583458,0.0953824539230091,0.3088404991626084,0.005400760579035,11.655289292901656,120.6835651258151,0.0085281642381314,1.036226065777622,1.0377559393831897,1.0399085367360823,3.0,10.0,1.0,0.2,0.1,True,
85,mi_concept,1.0,4.781771572258168,0.0949359503024569,0.3081167803000299,0.0053751232310831,11.65530253284268,221.76327121522183,0.0046316600570665,1.0192500169878331,1.020126528420383,1.021287142121427,3.0,10.0,1.0,0.2,0.1,True,
84,mi_concept,1e-05,4.588380169701226,0.2784572975438796,0.5276905319824107,0.0150301162395583,11.588418570803936,0.9095630953654116,1.668132677004609,21.305093532882605,15.6928083968865,16.26335736401965,3.0,10.0,1.0,0.1,0.1,True,
84,mi_concept,1.8957356524063752e-05,4.589426065856725,0.2761497790288063,0.5254995518825932,0.0149312490313442,11.589456746077564,1.0857093292848048,1.3937525577094156,17.248847104560404,12.559969339509584,13.019857039248391,3.0,10.0,1.0,0.1,0.1,True,
84,mi_concept,3.5938136638046256e-05,4.591058507447375,0.2736661894236883,0.5231311397954516,0.0148227349367025,11.590368295005046,1.3001353990373905,1.1606342938873038,13.962050403616344,10.060904299292377,10.432089611610731,3.0,10.0,1.0,0.1,0.1,True,
84,mi_concept,6.812920690579608e-05,4.593134666540869,0.270997434312238,0.5205741391120365,0.0147112259758516,11.591236968668554,1.5640972978606142,0.961999592499628,11.289059860861649,8.06153460773536,8.360885347612113,3.0,10.0,1.0,0.1,0.1,True,
84,mi_concept,0.0001291549665014,4.595503624038702,0.2682589575927195,0.5179372139484858,0.0146074912734422,11.592071446016652,1.8943804998087483,0.7921516297275851,9.109896408810448,6.459574887012033,6.700652460675392,3.0,10.0,1.0,0.1,0.1,True,
84,mi_concept,0.0002448436746822,4.597685903230376,0.2658827121645538,0.515638160112839,0.0145356958982286,11.59277009102298,2.316379181304472,0.6467105919872499,7.331207475178277,5.175798362743512,5.369731924613525,3.0,10.0,1.0,0.1,0.1,True,
84,mi_concept,0.0004641588833612,4.599385956702495,0.2640654589624093,0.5138729988649037,0.0145058653993823,11.593286970843456,2.8653714814872058,0.5224414835324864,5.880772595706937,4.148456155605223,4.303748372631744,3.0,10.0,1.0,0.1,0.1,True,
84,mi_concept,0.0008799225435691,4.600727388873361,0.2625928533643442,0.512438145891135,0.0145098596338576,11.593671123149877,3.5929549476292224,0.4166349114081155,4.700729393262878,3.32909279737175,3.4521587510073064,3.0,10.0,1.0,0.1,0.1,True,
84,mi_concept,0.0016681005372,4.601946277849318,0.2612028738788287,0.5110801051487219,0.014543051037775,11.593975302761269,4.583848685868277,0.3268413439656692,3.744219800150399,2.6798289735110186,2.7758766897783165,3.0,10.0,1.0,0.1,0.1,True,
84,mi_concept,0.0031622776601683,4.603238755333775,0.2597337182921828,0.5096407737732361,0.0146075456255275,11.594227088311182,5.983887980865611,0.2509642295026368,2.975209169726442,2.1714784664851368,2.2450076686405214,3.0,10.0,1.0,0.1,0.1,True,
84,mi_concept,0.0059948425031894,4.604952804335782,0.2579292160698875,0.5078673213250559,0.0146925389006562,11.594459932288997,8.049693703810167,0.1872749520486158,2.3679120875038264,1.7822662986082436,1.8370262664582853,3.0,10.0,1.0,0.1,0.1,True,
84,mi_concept,0.0113646366638572,4.607571694014619,0.2554561673692689,0.5054267180999328,0.0147665306807983,11.594691162684525,11.270231430311869,0.1342997912813587,1.903666665622695,1.496065604372542,1.5350411514850688,3.0,10.0,1.0,0.1,0.1,True,
84,mi_concept,0.0215443469003188,4.611168889853808,0.2523416429043171,0.5023361851432934,0.0148004728472039,11.594880072579636,16.64450244525652,0.0911920673116271,1.566295110580097,1.298241888905742,1.3242338833784275,3.0,10.0,1.0,0.1,0.1,True,
84,mi_concept,0.0408423865267452,4.615077575692403,0.2491552359817699,0.4991545211472795,0.0147941843778737,11.594988480180174,26.187436242886957,0.0580304240323083,1.3370035108356684,1.1712191253543247,1.1873597402976976,3.0,10.0,1.0,0.1,0.1,True,
84,mi_concept,0.0774263682681127,4.618440513393809,0.2465225560638731,0.4965103786064025,0.0147687426222971,11.595033215478562,43.79736080636987,0.0347025996682918,1.192061763826494,1.0950217601467245,1.1044563480406488,3.0,10.0,1.0,0.1,0.1,True,
84,mi_concept,0.146779926762207,4.620848799051,0.2446848288734453,0.4946562734601122,0.0147428505124449,11.595047788462397,76.86561625939801,0.0197683389481396,1.106098106611917,1.0515925588055903,1.0568775877423582,3.0,10.0,1.0,0.1,0.1,True,
84,mi_concept,0.2782559402207126,4.622369140596335,0.2435420259389908,0.4934997729877804,0.0147239125429499,11.59505182605817,139.3643518092929,0.0109001084050311,1.0574517128851495,1.0276510273648272,1.0305342195788274,3.0,10.0,1.0,0.1,0.1,True,
84,mi_concept,0.5274997063702619,4.6232563944803,0.2428807124278174,0.4928292933945967,0.0147120527799338,11.595052777912542,257.7372097793431,0.005892766769895,1.030745108957738,1.0147115858557056,1.0162605881218625,3.0,10.0,1.0,0.1,0.1,True,
84,mi_concept,1.0,4.623751024157219,0.2425137358510144,0.4924568365359693,0.0147052016264912,11.59505293325282,482.0812323240841,0.0031500924387198,1.0163444577832976,1.0077959989300374,1.0086211714709483,3.0,10.0,1.0,0.1,0.1,True,
86,mi_concept,1e-05,4.604486421049044,0.2583369375466102,0.5082685683244738,0.0142683392473413,11.595963801897136,0.4333490662789713,3.493367751695128,42.87847920359704,31.56378333144417,32.394638228448635,3.0,10.0,1.0,0.3,0.1,True,
86,mi_concept,1.8957356524063752e-05,4.600396844102491,0.2602299408506328,0.5101273770840307,0.014403063220029,11.597066544543123,0.6793354142867266,2.236826064682168,32.02870630056429,24.78252806013599,25.360396882821288,3.0,10.0,1.0,0.3,0.1,True,
86,mi_concept,3.5938136638046256e-05,4.599611620222932,0.2600307854778195,0.509932138110376,0.0144499622213767,11.598760980518676,0.9521528268971065,1.5972994743998157,24.843542997114326,19.69391749702265,20.12879788575599,3.0,10.0,1.0,0.3,0.1,True,
86,mi_concept,6.812920690579608e-05,4.601781043562612,0.2579272363746717,0.5078653722933586,0.0144290034890015,11.600741846770594,1.2697412804186718,1.1962014996931414,19.478579275382685,15.663233931377851,15.995368208146994,3.0,10.0,1.0,0.3,0.1,True,
86,mi_concept,0.0001291549665014,4.605865096063475,0.2546888453479228,0.5046670638628231,0.014419245857495,11.603204139895409,1.696133718262844,0.8945801722862635,15.23195396260901,12.436184680227347,12.68744417449058,3.0,10.0,1.0,0.3,0.1,True,
86,mi_concept,0.0002448436746822,4.613185471441774,0.2492664363576349,0.4992658974510826,0.014394448466373,11.606849104267065,2.2924355065735496,0.6610963697159528,11.83827237958625,9.850083289941995,10.037816004222789,3.0,10.0,1.0,0.3,0.1,True,
86,mi_concept,0.0004641588833612,4.62731952395828,0.2385983684294519,0.4884653195769909,0.0141798456669782,11.61285810209448,3.1072053392581336,0.4847404290232853,9.134510268023575,7.77858344679223,7.916763780845696,3.0,10.0,1.0,0.3,0.1,True,
86,mi_concept,0.0008799225435691,4.653143871779667,0.2182284275360382,0.4671492561655623,0.0134299218742456,11.622538680377394,4.128238433763925,0.3569314298122685,6.991069086446224,6.122261901874939,6.222166185965708,3.0,10.0,1.0,0.3,0.1,True,
86,mi_concept,0.0016681005372,4.693448083821028,0.1849633121312928,0.4300736124563942,0.0117021468791641,11.635808219374406,5.15653458674346,0.2697744107123012,5.305637413509429,4.802909605227749,4.873813722876891,3.0,10.0,1.0,0.3,0.1,True,
86,mi_concept,0.0031622776601683,4.742746000512032,0.14256787258263,0.3775816104931886,0.0089628570630369,11.649375207426408,5.783737297830768,0.213966664632438,4.000499784129841,3.759309984591558,3.808761318157048,3.0,10.0,1.0,0.3,0.1,True,
86,mi_concept,0.0059948425031894,4.787445561178487,0.1025744356595288,0.3202724397439292,0.0060960698359053,11.659204421459124,5.847068601635018,0.1774131788071492,3.0155459293802305,2.943831947069505,2.977740164805218,3.0,10.0,1.0,0.3,0.1,True,
86,mi_concept,0.0113646366638572,4.8177638900811015,0.0740962041059477,0.2722061794044135,0.0040455835650636,11.664510784894262,5.776973480965877,0.1481393085522528,2.299012342480427,2.3194646005938755,2.3421884797059174,3.0,10.0,1.0,0.3,0.1,True,
86,mi_concept,0.0215443469003188,4.833570543446244,0.0579068894652473,0.2406385037047216,0.0029365279027634,11.666738549447505,6.182512996604875,0.118971472280478,1.8014904232161597,1.856680088898688,1.8713754545254453,3.0,10.0,1.0,0.3,0.1,True,
86,mi_concept,0.0408423865267452,4.839330028428359,0.050448516144409,0.2246074712568773,0.0024607475965197,11.667391477256624,7.616841027933926,0.0889001277537296,1.474157755990695,1.529594642924322,1.5386806378600093,3.0,10.0,1.0,0.3,0.1,True,
86,mi_concept,0.0774263682681127,4.839677747804944,0.0479099689410788,0.2188834597247558,0.0023197659125306,11.66734912713078,10.829776979454108,0.0609095389018855,1.2704322277330349,1.3121473085232724,1.3175244572451106,3.0,10.0,1.0,0.3,0.1,True,
86,mi_concept,0.146779926762207,4.838025416322455,0.0475528206551916,0.2180660924013443,0.0023193843930071,11.667063110770034,17.20815213180176,0.0383983452003422,1.1498965339696832,1.1768000796435072,1.1798674780205058,3.0,10.0,1.0,0.3,0.1,True,
86,mi_concept,0.2782559402207126,4.836227710816024,0.0478630336289753,0.2187762181521916,0.0023569310384514,11.666765174250978,29.442442060380856,0.0226444117424762,1.0814394075013756,1.0973076583503245,1.0990083616350808,3.0,10.0,1.0,0.3,0.1,True,
86,mi_concept,0.5274997063702619,4.834906959848698,0.0482278331343867,0.2196083630793388,0.0023921827975656,11.666542821851902,52.699726539520256,0.0127512996652078,1.0436862820755477,1.05258153793483,1.0535057327288535,3.0,10.0,1.0,0.3,0.1,True,
86,mi_concept,1.0,4.834081777397207,0.0484898204547411,0.2202040427756519,0.0024161822279036,11.666401438224256,96.8175943797762,0.0069771924654635,1.0232584935479387,1.0281064938764302,1.0286023111205578,3.0,10.0,1.0,0.3,0.1,True,
87,mi_concept,1e-05,4.622692098967024,0.2397624574571688,0.4896554476947732,0.0133015699958066,11.601423670370975,0.2333577865829277,6.143001831324558,66.21733849083783,46.21007441226042,47.19934037770636,3.0,10.0,1.0,0.5,0.1,True,
87,mi_concept,1.8957356524063752e-05,4.622123746056333,0.2396045595761165,0.4894941874793985,0.0133253306970008,11.602123893842071,0.4199139749170558,3.4148850410311726,45.18290288058134,34.071965095977426,34.65131360872411,3.0,10.0,1.0,0.5,0.1,True,
87,mi_concept,3.5938136638046256e-05,4.621462941264966,0.2393107625315465,0.4891939927386134,0.0133732349475584,11.603373453690008,0.6915150701713643,2.075385812893651,33.01853332685983,26.286037347520903,26.671549640226704,3.0,10.0,1.0,0.5,0.1,True,
87,mi_concept,6.812920690579608e-05,4.622045614169395,0.2381679351211437,0.4880245230735273,0.0134042949842381,11.60510168810159,1.0153772811966613,1.4133156946882666,25.17607352157754,20.62344712789479,20.911526408207585,3.0,10.0,1.0,0.5,0.1,True,
87,mi_concept,0.0001291549665014,4.624433353364232,0.2358132902754842,0.4856061060936984,0.0133907394370052,11.607193026064175,1.3889532759677776,1.0312620484214228,19.47024386741246,16.191277464456793,16.416021689460504,3.0,10.0,1.0,0.5,0.1,True,
87,mi_concept,0.0002448436746822,4.629009862312003,0.2319347808024229,0.4815960763984928,0.0133318946766468,11.610138371337998,1.8645217263128893,0.7656961736032457,15.037242035772586,12.660682202341944,12.836280703890266,3.0,10.0,1.0,0.5,0.1,True,
87,mi_concept,0.0004641588833612,4.637434166358849,0.2252947392519515,0.4746522297977241,0.0131700627142661,11.614645292072408,2.475748436585308,0.5731336262417366,11.550246766583422,9.848595280466084,9.984584774158286,3.0,10.0,1.0,0.5,0.1,True,
87,mi_concept,0.0008799225435691,4.651604843750127,0.2142310831288873,0.4628510377312417,0.0127793308365876,11.621121624326792,3.205700826782184,0.437134312406892,8.8161428184297,7.614949246152878,7.718177620763069,3.0,10.0,1.0,0.5,0.1,True,
87,mi_concept,0.0016681005372,4.671744670339358,0.1979735210732322,0.4449421547496171,0.0120308775150427,11.62924525618117,3.976178792808473,0.3443066828530584,6.685445359630189,5.84987825359494,5.925036420597227,3.0,10.0,1.0,0.5,0.1,True,
87,mi_concept,0.0031622776601683,4.694840711337852,0.1781913348394426,0.4221271548235705,0.0109428425140459,11.637599266584466,4.691770767355004,0.2813224215456905,5.041639177883235,4.468128650381323,4.5194305126475705,3.0,10.0,1.0,0.5,0.1,True,
87,mi_concept,0.0059948425031894,4.715419584756962,0.1590575556753956,0.3988202046980514,0.0097802012357168,11.644291108371236,5.363834179880457,0.2353544580971534,3.794937539610666,3.4030973674920904,3.435849831004825,3.0,10.0,1.0,0.5,0.1,True,
87,mi_concept,0.0113646366638572,4.728961456578173,0.1448075079378567,0.3805358168922562,0.0088933079650833,11.648241610355194,6.192077891316302,0.1961548200097513,2.874278619175332,2.602272761411085,2.622053003781129,3.0,10.0,1.0,0.5,0.1,True,
87,mi_concept,0.0215443469003188,4.734031462850627,0.1375595150574632,0.3708901657599769,0.0084842472620237,11.649386290615457,7.550859637962167,0.1578994718332595,2.2180105118594637,2.022138649062194,2.0336171979041224,3.0,10.0,1.0,0.5,0.1,True,
87,mi_concept,0.0408423865267452,4.732002165185176,0.1368395525632295,0.3699183052556734,0.0085343732624215,11.64821377377626,10.008677599228715,0.1196689775793633,1.767565438259477,1.6224558642412026,1.6290177917454896,3.0,10.0,1.0,0.5,0.1,True,
87,mi_concept,0.0774263682681127,4.725835296017596,0.1404194225941418,0.3747257965421406,0.0088770666609119,11.64555590599257,14.519253754172992,0.0840839441427793,1.468921468509423,1.3629101329696152,1.366686244802619,3.0,10.0,1.0,0.5,0.1,True,
87,mi_concept,0.146779926762207,4.7186368099903575,0.1456664451721801,0.3816627374688026,0.0093125633761216,11.642427818335886,22.860784647656786,0.0546093772054735,1.277347343406528,1.2041576423607687,1.2063378721758933,3.0,10.0,1.0,0.5,0.1,True,
87,mi_concept,0.2782559402207126,4.712463702043638,0.1506218917973951,0.3881003630472343,0.0096985396204082,11.639660513090494,38.44219588641008,0.0330831317502037,1.158862408399586,1.1119320128163022,1.1131730376896125,3.0,10.0,1.0,0.5,0.1,True,
87,mi_concept,0.5274997063702619,4.708040175674672,0.1543801093505831,0.3929123430875939,0.0099787962944931,11.63762981875669,67.77415126635957,0.0190074452572766,1.0884826157422236,1.0603582875622253,1.0610486746188894,3.0,10.0,1.0,0.5,0.1,True,
87,mi_concept,1.0,4.70522256985409,0.1568572060620267,0.396052024438743,0.0101579526017893,11.63631882312785,123.22478665358577,0.0105375671780978,1.0482521689007664,1.032227912008466,1.0326042476346309,3.0,10.0,1.0,0.5,0.1,True,
88,mi_concept,1e-05,4.60810242443562,0.2598669610095144,0.5097714792036864,0.0142030917189756,11.592523875391697,0.8065524871576305,1.8759797916978955,22.1005912996699,16.00903059856142,16.43998155357599,3.0,10.0,1.0,0.1,0.5,True,
88,mi_concept,1.8957356524063752e-05,4.6145479201876345,0.2539170583937211,0.5039018340844982,0.013869577453314,11.594190149948158,0.9132540067894082,1.6346846743149896,18.157533603952263,12.826843693460622,13.153248050505365,3.0,10.0,1.0,0.1,0.5,True,
88,mi_concept,3.5938136638046256e-05,4.622086718274442,0.247262107883384,0.4972545705002459,0.0134780335619379,11.595788681935662,1.0245916784858018,1.4348364969944152,14.98671730048566,10.28151650641794,10.530395518803926,3.0,10.0,1.0,0.1,0.5,True,
88,mi_concept,6.812920690579608e-05,4.630576273559802,0.2398637837809599,0.4897589037281098,0.0130339236404291,11.597382982630744,1.1394501104401955,1.2680175288958504,12.426801965667089,8.241734450392629,8.433535934562709,3.0,10.0,1.0,0.1,0.5,True,
88,mi_concept,0.0001291549665014,4.639847389336234,0.2318362570236563,0.4814937767237042,0.012553280603783,11.599002343808856,1.258561789004324,1.1269033230920873,10.349126682030532,6.606241500636108,6.755484262544585,3.0,10.0,1.0,0.1,0.5,True,
88,mi_concept,0.0002448436746822,4.649651103459368,0.2234398789076092,0.4726942763643423,0.0120593643918967,11.600659271112873,1.3858464302753268,1.004602859042243,8.648794625090666,5.295047019420799,5.4114168253697,3.0,10.0,1.0,0.1,0.5,True,
88,mi_concept,0.0004641588833612,4.65973226961698,0.2149076494289331,0.4635813298968512,0.0115712351075578,11.602369076886504,1.5288727366370922,0.8945584114432399,7.24147781974263,4.245092350963268,4.335038381166123,3.0,10.0,1.0,0.1,0.5,True,
88,mi_concept,0.0008799225435691,4.669627525425166,0.2065831408804169,0.4545141811653591,0.011110247678204,11.604084319563874,1.7018539064649665,0.7903543955664164,6.058458502766377,3.406863732325357,3.475455370310432,3.0,10.0,1.0,0.1,0.5,True,
88,mi_concept,0.0016681005372,4.678647841242818,0.1990205892175379,0.4461172370773606,0.0107048434045002,11.60566527709231,1.9304466332455872,0.6864735609623677,5.0449999081525965,2.7416688934778155,2.79333161902183,3.0,10.0,1.0,0.1,0.5,True,
88,mi_concept,0.0031622776601683,4.686166946551279,0.1927902481137147,0.4390788632053639,0.010381434907938,11.606950772842485,2.25812378114884,0.5797240579110131,4.162697855747586,2.219681748032083,2.2580996891740983,3.0,10.0,1.0,0.1,0.5,True,
88,mi_concept,0.0059948425031894,4.69199130372191,0.1881558167210451,0.433769312793154,0.0101503523726136,11.607847131510743,2.757836850576862,0.4703642657928338,3.39179916290218,1.818618607965916,1.846628401832596,3.0,10.0,1.0,0.1,0.5,True,
88,mi_concept,0.0113646366638572,4.696601002585442,0.1848425650400476,0.4299332099757445,0.009995881858355,11.608383263753648,3.558132246069508,0.3621544327349731,2.7297017104128063,1.522060560209774,1.5417600822967028,3.0,10.0,1.0,0.1,0.5,True,
88,mi_concept,0.0215443469003188,4.70085679897546,0.1821486719532914,0.4267887908008965,0.0098800708399125,11.608712268228317,4.899998662189876,0.26149557169949,2.184387162144726,1.3155454143836287,1.328641286551631,3.0,10.0,1.0,0.1,0.5,True,
88,mi_concept,0.0408423865267452,4.705122480263286,0.1795586322743131,0.4237435926056146,0.0097710187802584,11.609003959862896,7.250697050896645,0.1757107214737792,1.7637010416777992,1.1819134664461155,1.190060455601109,3.0,10.0,1.0,0.1,0.5,True,
88,mi_concept,0.0774263682681127,4.708984202257232,0.1771427642740854,0.4208833143213039,0.0096662749669137,11.60931370887902,11.518497444823028,0.1099981224208773,1.464503018734562,1.1012438587975206,1.1060201507684926,3.0,10.0,1.0,0.1,0.5,True,
88,mi_concept,0.146779926762207,4.7119433392909205,0.1752082446206835,0.4185788391936262,0.0095795694141802,11.609597553248545,19.44932573886917,0.0648507092147284,1.26888674774114,1.055066277914135,1.057748314323424,3.0,10.0,1.0,0.1,0.5,True,
88,mi_concept,0.2782559402207126,4.713910500173808,0.1738758836034469,0.4169842726092279,0.0095184460965133,11.609811307961715,34.36624650414153,0.0365862160878638,1.150066049353687,1.029542079547875,1.031007535022961,3.0,10.0,1.0,0.1,0.5,True,
88,mi_concept,0.5274997063702619,4.715097206391141,0.1730530744629761,0.4159964837146777,0.0094801649103032,11.609950402047488,62.56758339251429,0.0200561459635355,1.0817664296680445,1.0157263191890362,1.0165143639859833,3.0,10.0,1.0,0.1,0.5,True,
88,mi_concept,1.0,4.71577180230923,0.1725787333898385,0.4154259661959499,0.0094579204897927,11.61003295702782,115.9834727819985,0.0108070434251177,1.0439130059234385,1.0083361946982872,1.0087562112930155,3.0,10.0,1.0,0.1,0.5,True,
89,mi_concept,1e-05,4.610269230490468,0.2533384957581662,0.5033274240076396,0.0140207643528184,11.595723972363931,0.5223449715762171,2.879343215963704,34.50272822795281,25.17931540940753,25.829701319753852,3.0,10.0,1.0,0.2,0.5,True,
89,mi_concept,1.8957356524063752e-05,4.610012334135607,0.2529801688593076,0.5029713399979243,0.0140449080376773,11.596478196512573,0.6696749726675574,2.2397773173858,27.393786591176177,20.127413121060417,20.623309037731683,3.0,10.0,1.0,0.2,0.5,True,
89,mi_concept,3.5938136638046256e-05,4.612357569055142,0.2508412279555551,0.5008405214791981,0.0139438875975529,11.5971819461711,0.8001438722817953,1.863537220315605,22.167218615530143,16.108341756628125,16.495477964324575,3.0,10.0,1.0,0.2,0.5,True,
89,mi_concept,6.812920690579608e-05,4.616020727612145,0.2477407273999698,0.4977355998921213,0.013770019992072,11.5978992811843,0.9383185624234704,1.576369848287965,18.018035924550407,12.8775129222891,13.1762133291288,3.0,10.0,1.0,0.2,0.5,True,
89,mi_concept,0.0001291549665014,4.62034197722142,0.2440925726389029,0.4940572564378576,0.013557430448389,11.598672981975913,1.097087874737149,1.3356057130248562,14.648738488206442,10.278434733539036,10.50532442935499,3.0,10.0,1.0,0.2,0.5,True,
89,mi_concept,0.0002448436746822,4.625084313125061,0.240053476379191,0.4899525246176317,0.0133194507161498,11.599495941148072,1.2847896322176733,1.1286931890547214,11.89464340770194,8.187408002819383,8.358039094242113,3.0,10.0,1.0,0.2,0.5,True,
89,mi_concept,0.0004641588833612,4.629945952539148,0.2358674889968765,0.4856619081180616,0.0130735647815983,11.600336039186216,1.5142473264774066,0.947402995971821,9.629979264700404,6.50621346803953,6.634128414819641,3.0,10.0,1.0,0.2,0.5,True,
89,mi_concept,0.0008799225435691,4.634482616988301,0.2318648977327078,0.4815235173205021,0.0128438095383539,11.601169265541824,1.8078011175040365,0.7856721852497814,7.755936638026644,5.157747701948547,5.25346219277779,3.0,10.0,1.0,0.2,0.5,True,
89,mi_concept,0.0016681005372,4.638114132111024,0.2284971145721396,0.4780137179748502,0.0126617701261752,11.601940745425653,2.2037780274422256,0.6396775104001015,6.198084489911248,4.081256719116367,4.152651474820421,3.0,10.0,1.0,0.2,0.5,True,
89,mi_concept,0.0031622776601683,4.640409972001033,0.2261572340411833,0.4755599163524859,0.0125569835784422,11.602568519242205,2.7663125059360305,0.5076966589013455,4.904055456184594,3.228762809178176,3.281794242393674,3.0,10.0,1.0,0.2,0.5,True,
89,mi_concept,0.0059948425031894,4.64136636172373,0.2249055637696282,0.4742420940507371,0.0125420366927959,11.603012821047068,3.6018955466376466,0.389836443561961,3.840190748572248,2.5626481300643964,2.601610197878644,3.0,10.0,1.0,0.2,0.5,True,
89,mi_concept,0.0113646366638572,4.641406902656273,0.2244217358352291,0.4737317129296171,0.0126074953750527,11.603306777865388,4.893221352141089,0.2875066995484833,2.9852448228688844,2.0534561144040664,2.081333833257732,3.0,10.0,1.0,0.2,0.5,True,
89,mi_concept,0.0215443469003188,4.641177733661005,0.2242151476956577,0.4735136193349223,0.0127273499659001,11.603504852814762,6.973435045888624,0.2023364731183761,2.323068864119616,1.677577461748653,1.6966828756458048,3.0,10.0,1.0,0.2,0.5,True,
89,mi_concept,0.0408423865267452,4.641274130625459,0.2238789987985328,0.4731585345299531,0.0128641039378257,11.603622484631142,10.481826749678891,0.1350692902788445,1.8365818306479929,1.4141605047073231,1.4265736209618527,3.0,10.0,1.0,0.2,0.5,True,
89,mi_concept,0.0774263682681127,4.641899765179337,0.2232918236814902,0.4725376426079622,0.0129813421734443,11.603650766380822,16.67471987870576,0.0851719430800941,1.5022825345832231,1.2413771555880178,1.2490009528078747,3.0,10.0,1.0,0.2,0.5,True,
89,mi_concept,0.146779926762207,4.642801186379725,0.2226123092978063,0.4718180892015547,0.013062393721678,11.603611180589107,28.004649279193256,0.0508315828158589,1.2884695437669538,1.1354699655083973,1.139919190360206,3.0,10.0,1.0,0.2,0.5,True,
89,mi_concept,0.2782559402207126,4.643632181356367,0.2220355172898352,0.4712064486929643,0.0131109897284722,11.603549793986174,49.17214434025922,0.0289919593549799,1.160270389153715,1.0740903221640783,1.0765868387777606,3.0,10.0,1.0,0.2,0.5,True,
89,mi_concept,0.5274997063702619,4.6442328137953375,0.2216348693289203,0.4707811267764674,0.013137974282814,11.60349753058252,89.09397956973444,0.0160143405051277,1.0871105461428114,1.0398797777903657,1.0412443475508202,3.0,10.0,1.0,0.2,0.5,True,
89,mi_concept,1.0,4.644610066808358,0.2213883881421355,0.4705192749953348,0.013152462884497,11.6034623452088,164.65082193064748,0.0086694165323678,1.046720931756268,1.0212691413129256,1.0220032674852635,3.0,10.0,1.0,0.2,0.5,True,
91,mi_concept,1e-05,4.6415948480693965,0.221227067375144,0.4703478153187745,0.012651799531583,11.607444328585498,0.144616763476258,9.775303177588174,83.58770974179653,53.33136869468307,53.70893923069419,3.0,10.0,1.0,0.5,0.5,True,
91,mi_concept,1.8957356524063752e-05,4.641639200199764,0.2206114882355297,0.4696929723080064,0.0126393574634442,11.608081433233895,0.2572024460857915,5.496241073845574,55.28108309710526,38.28338531764137,38.50118621566184,3.0,10.0,1.0,0.5,0.5,True,
91,mi_concept,3.5938136638046256e-05,4.642158647022841,0.2192857484021117,0.4682795622297771,0.0126075045971516,11.609374344987176,0.4181869573615386,3.3773565906218206,39.49956595370717,29.0774034186169,29.211365678002636,3.0,10.0,1.0,0.5,0.5,True,
91,mi_concept,6.812920690579608e-05,4.643827187303629,0.2170873560164305,0.4659263418357353,0.0125409279898309,11.611069247795054,0.5953923936319395,2.3662164821398166,29.945071450099675,22.67292558588115,22.75659700337788,3.0,10.0,1.0,0.5,0.5,True,
91,mi_concept,0.0001291549665014,4.6462299289130105,0.2145614814257733,0.4632078166717109,0.0124507374226612,11.612440187842422,0.7634383606143733,1.8386770064199625,23.36674994795048,17.742495064971866,17.787351472690286,3.0,10.0,1.0,0.5,0.5,True,
91,mi_concept,0.0002448436746822,4.648647544209216,0.2121452816376837,0.4605923160862366,0.0123533025720087,11.613452815905111,0.94543497083453,1.4786710338971023,18.31367933369497,13.808428318444546,13.821786491557354,3.0,10.0,1.0,0.5,0.5,True,
91,mi_concept,0.0004641588833612,4.65074888930554,0.2100245222042751,0.4582843246329457,0.0122624853340688,11.614421207985703,1.1731034590641014,1.186840628035878,14.26387768198555,10.660563875070055,10.653083060519704,3.0,10.0,1.0,0.5,0.5,True,
91,mi_concept,0.0008799225435691,4.652319490109624,0.2084348891214116,0.4565466998253428,0.0121963508948929,11.615353929135946,1.4705921206357149,0.9436146945769008,11.007163661470347,8.15364618745042,8.13656170130897,3.0,10.0,1.0,0.5,0.5,True,
91,mi_concept,0.0016681005372,4.65320618003755,0.2075953134924964,0.4556262870955718,0.0121736026441348,11.616141190327989,1.8682962703297368,0.7416286368088383,8.406050860045406,6.175239116439452,6.157059661716256,3.0,10.0,1.0,0.5,0.5,True,
91,mi_concept,0.0031622776601683,4.653333711014027,0.2076158555836482,0.4556488292354631,0.01220079943436,11.61670441610087,2.412450948414996,0.574874172036472,6.354014609527173,4.637276821591578,4.622657554966965,3.0,10.0,1.0,0.5,0.5,True,
91,mi_concept,0.0059948425031894,4.652873985501731,0.20830417808185,0.4564035254923542,0.0122602865693382,11.617006090461189,3.176116122011939,0.4378897102959009,4.764354165872352,3.4688144255416264,3.458861145271891,3.0,10.0,1.0,0.5,0.5,True,
91,mi_concept,0.0113646366638572,4.652178498264272,0.2092150355610924,0.4574003012254063,0.0123207751073515,11.617010604644754,4.28466519633067,0.3256766863621171,3.562468787436474,2.609113340796656,2.602941219943417,3.0,10.0,1.0,0.5,0.5,True,
91,mi_concept,0.0215443469003188,4.651496651024235,0.2099731427359734,0.4582282648811326,0.0123627772924537,11.61668264694195,5.978256159562962,0.2340491101420626,2.6810442838113717,2.003033704110024,1.999341285449904,3.0,10.0,1.0,0.5,0.5,True,
91,mi_concept,0.0408423865267452,4.6509348608176175,0.2104366193256108,0.4587337128723055,0.0123879612032837,11.616058236703903,8.740008747439294,0.1604292319726092,2.058314962484441,1.5978694117974506,1.5956640686217172,3.0,10.0,1.0,0.5,0.5,True,
91,mi_concept,0.0774263682681127,4.650538925757836,0.2106498414614626,0.4589660569818454,0.0124063669746535,11.615284031513044,13.532316179920116,0.1038165081393149,1.63807160712759,1.3424642150993362,1.3411511143881814,3.0,10.0,1.0,0.5,0.5,True,
91,mi_concept,0.146779926762207,4.650307241132253,0.2107173239013514,0.4590395668146172,0.012423455173457,11.614548162387347,22.22853296581513,0.0633198885166367,1.3693094233467915,1.1901871483766786,1.1894222953229427,3.0,10.0,1.0,0.5,0.5,True,
91,mi_concept,0.2782559402207126,4.6501952633010895,0.2107212812407792,0.459043877250072,0.0124388710016189,11.61397488718418,38.413001102801225,0.0366994931416976,1.2066984899873725,1.1033984184257226,1.1029663569118255,3.0,10.0,1.0,0.5,0.5,True,
91,mi_concept,0.5274997063702619,4.650148147739866,0.2107076209164409,0.4590289979036629,0.0124509084668608,11.613588657828345,68.88675855130691,0.0204880014000689,1.1129459960799009,1.0554754597619898,1.0552377383625786,3.0,10.0,1.0,0.5,0.5,True,
91,mi_concept,1.0,4.650129251879873,0.210694488084938,0.4590146926678252,0.0124590972140629,11.613352886436973,126.52690003772628,0.0111627349150991,1.060780696984862,1.0295357725639047,1.0294073042536025,3.0,10.0,1.0,0.5,0.5,True,
95,mi_concept,1e-05,4.641885014493832,0.2192252099813193,0.4682149185804733,0.0123864629460303,11.60907173913375,0.1393332199729158,10.107299953344349,85.64902782492724,53.83378889432064,54.57087686998623,3.0,10.0,1.0,0.5,1.0,True,
95,mi_concept,1.8957356524063752e-05,4.64257215322326,0.2183229771681558,0.4672504437324333,0.0123559847171877,11.609655788000431,0.2467912287279383,5.692685148821356,56.51446406143046,38.58274456516416,39.005880703334206,3.0,10.0,1.0,0.5,1.0,True,
95,mi_concept,3.5938136638046256e-05,4.643797449051137,0.2168534460611642,0.4656752581586917,0.0123108719051039,11.61078295051583,0.3995117869030183,3.50336311166322,40.30968736474223,29.276695462992027,29.54402080293285,3.0,10.0,1.0,0.5,1.0,True,
95,mi_concept,6.812920690579608e-05,4.645655072504296,0.2150006554293125,0.4636816315418506,0.0122467343311784,11.612154034013336,0.5664731481401656,2.45870176480458,30.548607236478396,22.819234581531607,23.005527334086025,3.0,10.0,1.0,0.5,1.0,True,
95,mi_concept,0.0001291549665014,4.647423537552784,0.2133562926285197,0.4619050688491302,0.0121747897758375,11.61308609875781,0.7233763660174791,1.9156767562223764,23.861844452202817,17.851743716055285,17.98520151692346,3.0,10.0,1.0,0.5,1.0,True,
95,mi_concept,0.0002448436746822,4.648806172475566,0.2120300928962086,0.4604672549663099,0.0121072437879765,11.613610449615711,0.8931120022373215,1.5444558007984746,18.725108122004052,13.886452182572247,13.977896809729968,3.0,10.0,1.0,0.5,1.0,True,
95,mi_concept,0.0004641588833612,4.650142966931261,0.2107502464507836,0.459075425666397,0.0120506623244282,11.614185819784757,1.1091804382828463,1.2389629352292393,14.584154493900137,10.713810807872092,10.771675333020177,3.0,10.0,1.0,0.5,1.0,True,
95,mi_concept,0.0008799225435691,4.65178056664576,0.2092354649489876,0.4574226327467713,0.0120007762477859,11.61506665800066,1.400280195612504,0.9786589567775784,11.226751480372071,8.189496935915761,8.222057475097271,3.0,10.0,1.0,0.5,1.0,True,
95,mi_concept,0.0016681005372,4.653932474552424,0.2073108152100545,0.4553139743188809,0.0119510390926051,11.616356691957645,1.8040033232246504,0.7579132015977695,8.525874257574138,6.200225727838933,6.214512498115714,3.0,10.0,1.0,0.5,1.0,True,
95,mi_concept,0.0031622776601683,4.656608899656939,0.2049753390641567,0.4527420226399983,0.0119001860735169,11.61802188447663,2.377468297255751,0.5738582883945634,6.386989116587969,4.655749273508378,4.657502640240764,3.0,10.0,1.0,0.5,1.0,True,
95,mi_concept,0.0059948425031894,4.659770668091584,0.2022544874595851,0.4497271255545802,0.0118434388394534,11.619944756479404,3.212288515261052,0.4237317072818438,4.731495298996553,3.4825191154443,3.4770141923684146,3.0,10.0,1.0,0.5,1.0,True,
95,mi_concept,0.0113646366638572,4.663295065882878,0.199222852208423,0.4463438721528761,0.0117740601749076,11.621953559152791,4.468457308219478,0.3038118549032044,3.488389343833709,2.618667601545594,2.610455620898596,3.0,10.0,1.0,0.5,1.0,True,
95,mi_concept,0.0215443469003188,4.666805957489255,0.1961498543565837,0.4428880833309739,0.0116976129005003,11.623791439449878,6.45064464593507,0.2099256519977031,2.590192070045098,2.0092348253140075,2.001318603587038,3.0,10.0,1.0,0.5,1.0,True,
95,mi_concept,0.0408423865267452,4.669881772598298,0.1933326343600735,0.4396960704396543,0.0116271230218584,11.625216602598908,9.76161738834299,0.1384716382707247,1.9712199353919344,1.6017068617156778,1.595442309021041,3.0,10.0,1.0,0.5,1.0,True,
95,mi_concept,0.0774263682681127,4.672307028586562,0.1909358720521311,0.4369620945255219,0.0115701808699677,11.62614082573765,15.587986744458387,0.086630272858094,1.5678361175719726,1.3447687975213605,1.340402587020903,3.0,10.0,1.0,0.5,1.0,True,
95,mi_concept,0.146779926762207,4.674060716462037,0.1890510555089674,0.4348000178345988,0.0115280080617557,11.626642041534549,26.22771248983251,0.0514656005758258,1.320035760674635,1.1915312077889393,1.188764041214234,3.0,10.0,1.0,0.5,1.0,True,
95,mi_concept,0.2782559402207126,4.6752290237937135,0.1877102772910533,0.4332554411557381,0.0114991311189004,11.626873142065463,46.07344577063007,0.0292922872468087,1.1756365440511034,1.1041584287407356,1.1025237864739856,3.0,10.0,1.0,0.5,1.0,True,
95,mi_concept,0.5274997063702619,4.675950649865526,0.1868476796674218,0.4322588109771989,0.0114808808782052,11.626967542179544,83.46483061774302,0.0161684199991372,1.0947546873983411,1.0558941288900126,1.054973174854307,3.0,10.0,1.0,0.5,1.0,True,
95,mi_concept,1.0,4.676370431230609,0.1863345330562894,0.4316648388000689,0.0114701042116548,11.627003865571368,154.20061355068378,0.0087512133770937,1.0506047194780728,1.029762252921882,1.0292582646147717,3.0,10.0,1.0,0.5,1.0,True,
92,mi_concept,1e-05,4.59759929428399,0.2683224343612058,0.5179984887634382,0.0146319054727306,11.591266584416903,0.817903978854747,1.8719912106714065,22.056684174578056,15.951152665989971,16.414962387032094,3.0,10.0,1.0,0.1,1.0,True,
92,mi_concept,1.8957356524063752e-05,4.603442163280062,0.2629971879550299,0.5128325145259707,0.0143141049340858,11.592466802958157,0.9262127163797058,1.6321064259577829,18.137794816701252,12.783985459821013,13.158126206937515,3.0,10.0,1.0,0.1,1.0,True,
92,mi_concept,3.5938136638046256e-05,4.61106416890583,0.2563504785291096,0.5063106541730181,0.0139177282481226,11.593901672099957,1.0377346707807134,1.435396815818072,14.987154749447908,10.251720830121789,10.549787521294547,3.0,10.0,1.0,0.1,1.0,True,
92,mi_concept,6.812920690579608e-05,4.620286862768365,0.2484317684159081,0.4984293013215697,0.0134471264469347,11.595617257543116,1.150487822399505,1.2736285117451482,12.446690357026007,8.22162715897108,8.456027522328204,3.0,10.0,1.0,0.1,1.0,True,
92,mi_concept,0.0001291549665014,4.6308280014161705,0.239404563635629,0.4892898564610031,0.0129127050821141,11.597581001528573,1.2627939379924535,1.1393387427899406,10.392714810471643,6.5918320564157495,6.774785439232283,3.0,10.0,1.0,0.1,1.0,True,
92,mi_concept,0.0002448436746822,4.642346708586947,0.229534228481466,0.4790973058591188,0.0123355579761084,11.599736405895763,1.3755447741442255,1.0249638291547798,8.722352811289058,5.283094516424456,5.425675402949143,3.0,10.0,1.0,0.1,1.0,True,
92,mi_concept,0.0004641588833612,4.654293215124304,0.2193016525116932,0.4682965433480085,0.0117523579484261,11.60197435355654,1.4962246148772784,0.9222362851646366,7.345213743259314,4.233967677840356,4.344810259283473,3.0,10.0,1.0,0.1,1.0,True,
92,mi_concept,0.0008799225435691,4.665823252764335,0.2094637374851811,0.4576720851058989,0.0112105868672955,11.60410836618184,1.6426025379211762,0.8225339977255159,6.182462718027206,3.39634972264816,3.481852184329324,3.0,10.0,1.0,0.1,1.0,True,
92,mi_concept,0.0016681005372,4.67594495333007,0.2009080919260711,0.4482277232903729,0.0107560076692081,11.60592440198664,1.8452804457827328,0.7187734327645025,5.171980647910546,2.73209750370126,2.7974196238682514,3.0,10.0,1.0,0.1,1.0,True,
92,mi_concept,0.0031622776601683,4.683863076474619,0.1943816007756608,0.4408872880631294,0.0104218323342686,11.607248266154308,2.153172183777112,0.6074028475418436,4.273452793751634,2.211365797028459,2.2607462985935647,3.0,10.0,1.0,0.1,1.0,True,
92,mi_concept,0.0059948425031894,4.689333770127282,0.1902232174439886,0.4361458671637147,0.0102209778142648,11.6079865127662,2.6476346303109444,0.4896881916702097,3.4710743937122537,1.8117692605617728,1.8483697548349485,3.0,10.0,1.0,0.1,1.0,True,
92,mi_concept,0.0113646366638572,4.692906570628917,0.1881232276730006,0.4337317462130258,0.0101366360763542,11.60817308666581,3.473283939961828,0.3718071053187993,2.7716742281119693,1.5168101609065807,1.5428711711957463,3.0,10.0,1.0,0.1,1.0,True,
92,mi_concept,0.0215443469003188,4.6956909284029305,0.187155729185074,0.4326149895519965,0.0101208486901505,11.60799998028994,4.90124127557928,0.2631577682476239,2.194875447707344,1.3118683535207456,1.3293015496015723,3.0,10.0,1.0,0.1,1.0,True,
92,mi_concept,0.0408423865267452,4.6984406733144,0.1864186469430971,0.4317622574323712,0.0101217910700475,11.607723809441802,7.454564059111132,0.172923677015513,1.755965997706965,1.1795624736256298,1.1904263658313314,3.0,10.0,1.0,0.1,1.0,True,
92,mi_concept,0.0774263682681127,4.701061971371434,0.1856158594613677,0.4308315906028337,0.0101154122196861,11.607507835677648,12.14547583278378,0.1060585240130509,1.45126601987579,1.099847152533498,1.1062146859884108,3.0,10.0,1.0,0.1,1.0,True,
92,mi_concept,0.146779926762207,4.703160600663725,0.1848734198183926,0.4299690917012438,0.0101028720198597,11.607383341525225,20.913915939706172,0.0615432891434539,1.2572922518740572,1.0542770194348112,1.057850195186233,3.0,10.0,1.0,0.1,1.0,True,
92,mi_concept,0.2782559402207126,4.704592753280897,0.1843201404214112,0.4293252152173353,0.0100907929268612,11.607321481883728,37.44716696004152,0.034349559656655,1.1420930996193206,1.0291095114579158,1.031060805582516,3.0,10.0,1.0,0.1,1.0,True,
92,mi_concept,0.5274997063702619,4.705469002228418,0.1839646522810032,0.4289110074141293,0.0100821080539967,11.607292173526073,68.73251196481723,0.0187065897396692,1.076918247713226,1.0154933527551957,1.0165422830635076,3.0,10.0,1.0,0.1,1.0,True,
92,mi_concept,1.0,4.705970806528359,0.1837556139883297,0.4286672532260072,0.0100767152171745,11.60727816602002,128.00731446149925,0.0100418222497436,1.041153417740314,1.008211930722229,1.0087708798504844,3.0,10.0,1.0,0.1,1.0,True,
93,mi_concept,1e-05,4.62318279853899,0.2391585009195536,0.4890383429952641,0.0131947826583457,11.601737922825205,0.4911101846167928,2.963020754494981,34.82385393856986,25.249937687858875,25.71530252033698,3.0,10.0,1.0,0.2,1.0,True,
93,mi_concept,1.8957356524063752e-05,4.624819909150325,0.2368538008176735,0.4866762792839543,0.0131167137616803,11.603213841992838,0.628367571876924,2.311458969899491,27.60301586030123,20.177650739574045,20.521008083429557,3.0,10.0,1.0,0.2,1.0,True,
93,mi_concept,3.5938136638046256e-05,4.6277610131333375,0.2340067837252196,0.4837424766600713,0.0129805242726808,11.604067729296224,0.7495854922590078,1.929831821095927,22.328427715205056,16.146697186266934,16.409204558240216,3.0,10.0,1.0,0.2,1.0,True,
93,mi_concept,6.812920690579608e-05,4.631005278326725,0.2312252638124833,0.4808588813908747,0.0128260961189893,11.604476072049897,0.8780187184803214,1.6395137974420628,18.15854985395488,12.906857854816389,13.107967609278068,3.0,10.0,1.0,0.2,1.0,True,
93,mi_concept,0.0001291549665014,4.634257818941998,0.2286754403306675,0.47820020946322,0.0126736801952536,11.604609733644844,1.0251705287641104,1.3969802227026502,14.782531431121734,10.299914834639914,10.453612643702703,3.0,10.0,1.0,0.2,1.0,True,
93,mi_concept,0.0002448436746822,4.637573937728526,0.2262566818170627,0.475664463479313,0.0125244097302938,11.604586820445478,1.1974638389435568,1.1891672425534623,12.029980099118037,8.202378171344732,8.319400116871869,3.0,10.0,1.0,0.2,1.0,True,
93,mi_concept,0.0004641588833612,4.640858735417041,0.223970937403405,0.473255678680568,0.012383795151587,11.604504808816264,1.4056421577892564,1.0065286423739808,9.769558435564257,6.5166167131012,6.605186937830934,3.0,10.0,1.0,0.2,1.0,True,
93,mi_concept,0.0008799225435691,4.643802080003495,0.2219811971170567,0.4711488057047972,0.0122669884308828,11.604426010278742,1.6707931558304083,0.8413289916928902,7.895365461602076,5.165212957710631,5.231769663820497,3.0,10.0,1.0,0.2,1.0,True,
93,mi_concept,0.0016681005372,4.645945159497819,0.2205614134260079,0.4696396633867373,0.0121968395248404,11.604368219711926,2.032006250634319,0.688384171957931,6.325745912164405,4.086744455413808,4.136288279029723,3.0,10.0,1.0,0.2,1.0,True,
93,mi_concept,0.0031622776601683,4.646743736501259,0.2200732245466599,0.4691196271172843,0.012203088623696,11.604284385504538,2.5589343299213847,0.5457081005838191,5.00499819995351,3.2327208448170954,3.2690236674111346,3.0,10.0,1.0,0.2,1.0,True,
93,mi_concept,0.0059948425031894,4.64586535345165,0.2207459392943165,0.4698360770463636,0.0123126685801884,11.604115106028102,3.374242425408976,0.4148305175689951,3.902573528480277,2.5651943551715557,2.591127462863224,3.0,10.0,1.0,0.2,1.0,True,
93,mi_concept,0.0113646366638572,4.643686407322685,0.2222568563300826,0.4714412543786157,0.0125263857328385,11.60390264084354,4.692374105221993,0.3000806464338253,3.007218285318997,2.054686634542835,2.0725748220134936,3.0,10.0,1.0,0.2,1.0,True,
93,mi_concept,0.0215443469003188,4.641499629472291,0.2235545204297508,0.4728155247342782,0.0127963690971752,11.603837141944512,6.8891746827424605,0.2059806093987132,2.3149208323410004,1.6778313459731216,1.6896767064182523,3.0,10.0,1.0,0.2,1.0,True,
93,mi_concept,0.0408423865267452,4.640754586783138,0.2235356903801135,0.4727956116337307,0.0130395446717405,11.604085584751196,10.647857394687929,0.1342317134795324,1.8145540796397663,1.4139229033167968,1.4214323331994247,3.0,10.0,1.0,0.2,1.0,True,
93,mi_concept,0.0774263682681127,4.6417216935620775,0.2221311529891799,0.471307917384357,0.0131982077607082,11.604564512618122,17.283933781049498,0.0831160039101528,1.4795727924351203,1.2410279142036724,1.2455755870172514,3.0,10.0,1.0,0.2,1.0,True,
93,mi_concept,0.146779926762207,4.643482908370737,0.2202099006947544,0.4692652775294103,0.0132757695210932,11.605046595886998,29.38141496496215,0.0490358610292312,1.27117115259906,1.1351844808886011,1.137820109876134,3.0,10.0,1.0,0.2,1.0,True,
93,mi_concept,0.2782559402207126,4.645119259593905,0.2185509138375214,0.4674942928395184,0.0133058164373769,11.605402058957136,51.928614549045726,0.0277845790744284,1.149054882815869,1.073902038178466,1.075376152706332,3.0,10.0,1.0,0.2,1.0,True,
93,mi_concept,0.5274997063702619,4.646281483082059,0.217407574156561,0.4662698512198285,0.0133155296120537,11.605624703464851,94.40931145525715,0.0152928079576797,1.0804792179361222,1.0397680707207826,1.040572592454669,3.0,10.0,1.0,0.2,1.0,True,
93,mi_concept,1.0,4.647000329645778,0.2167105128210981,0.465521764068124,0.0133181945935597,11.605752960878553,174.78098579245056,0.0082631221809194,1.0429990482659772,1.0212064363844375,1.0216389477805925,3.0,10.0,1.0,0.2,1.0,True,
94,mi_concept,1e-05,4.621547949211292,0.2415070166639746,0.4914336340381828,0.0133044232962569,11.599170045024236,0.3067887535188303,4.722887463444145,49.04310044330396,33.720889560608974,34.53114137051839,3.0,10.0,1.0,0.3,1.0,True,
94,mi_concept,1.8957356524063752e-05,4.619115025058436,0.2425566174613464,0.4925003730570632,0.0133890220438157,11.60021405685244,0.4682134276919865,3.105864499101684,36.410773389792936,26.34712281613268,26.91202249833704,3.0,10.0,1.0,0.3,1.0,True,
94,mi_concept,3.5938136638046256e-05,4.618400783657572,0.2426055862624999,0.4925500850294312,0.0134292217926583,11.60124532367911,0.622921977233314,2.3388433696134,28.47781838599417,20.92104286458652,21.35204056888817,3.0,10.0,1.0,0.3,1.0,True,
94,mi_concept,6.812920690579608e-05,4.619704471801924,0.2413384163949054,0.4912620648848285,0.0133882864491012,11.601856672353076,0.7618376767278755,1.9090920783899736,22.79293763352949,16.63560378155081,16.969791913842503,3.0,10.0,1.0,0.3,1.0,True,
94,mi_concept,0.0001291549665014,4.622171898630444,0.2392420335364859,0.4891237405161253,0.0132907325213042,11.602249646724308,0.9106381944968498,1.5900718534651637,18.322086588279166,13.193348247572793,13.447919800831365,3.0,10.0,1.0,0.3,1.0,True,
94,mi_concept,0.0002448436746822,4.625137073339339,0.2367425946129218,0.4865620151768136,0.0131672443993213,11.60265833306265,1.0894345721713932,1.321548673558382,14.691057374970292,10.425428046659448,10.61618968857575,3.0,10.0,1.0,0.3,1.0,True,
94,mi_concept,0.0004641588833612,4.62806081206463,0.2342443657328789,0.4839879809797749,0.0130450165644963,11.603109999148058,1.314965311057493,1.0887090494786007,11.718281070746905,8.203003309948404,8.344456718620025,3.0,10.0,1.0,0.3,1.0,True,
94,mi_concept,0.0008799225435691,4.630455130344,0.2321155619320884,0.4817837294181783,0.012951156713815,11.603602391530304,1.6136148684506948,0.883276939202455,9.27297022102928,6.424540639436515,6.528403900106112,3.0,10.0,1.0,0.3,1.0,True,
94,mi_concept,0.0016681005372,4.6319800844168375,0.2305686431579357,0.4801756378221783,0.0129096172437187,11.604176838654686,2.030606563971574,0.7003278660881748,7.256648342549094,5.00931853478316,5.084602625913405,3.0,10.0,1.0,0.3,1.0,True,
94,mi_concept,0.0031622776601683,4.632668484174407,0.2294931732134642,0.4790544574612204,0.0129334855184669,11.604944835612088,2.642682167538108,0.5383900157830187,5.600577789991963,3.893117872667716,3.9466551408182,3.0,10.0,1.0,0.3,1.0,True,
94,mi_concept,0.0059948425031894,4.633259746428565,0.2282400502316948,0.4777447542691545,0.0130092433062056,11.60613765106912,3.577707372309539,0.3986986564496354,4.26166077075527,3.0252723103483903,3.0622235132044024,3.0,10.0,1.0,0.3,1.0,True,
94,mi_concept,0.0113646366638572,4.635141417043603,0.2257149641990079,0.4750946897188053,0.0130894892698083,11.608076298612383,5.047507076143705,0.2834331415716768,3.212153894055904,2.365568795655902,2.3901199146845324,3.0,10.0,1.0,0.3,1.0,True,
94,mi_concept,0.0215443469003188,4.639564816363851,0.2209940795312973,0.4701000739537245,0.0131059408842247,11.610941251462451,7.40979621507348,0.1933697992283596,2.426997469063743,1.8808501445112,1.896609625898148,3.0,10.0,1.0,0.3,1.0,True,
94,mi_concept,0.0408423865267452,4.646450363891699,0.2142409174351637,0.4628616612284536,0.0130126497868358,11.614420016736418,11.30731645372149,0.1265909374521996,1.8741477058098148,1.5414370470969905,1.5512632587156878,3.0,10.0,1.0,0.3,1.0,True,
94,mi_concept,0.0774263682681127,4.654061755038999,0.2069605340822871,0.4549291528164436,0.0128346834858612,11.617727413451682,17.9956254252872,0.0792925753573488,1.5107578307986165,1.3177292082652927,1.3236556588406914,3.0,10.0,1.0,0.3,1.0,True,
94,mi_concept,0.146779926762207,4.660468570003377,0.2008317425744558,0.4481425471593339,0.0126453320208221,11.620227818499462,29.98817471412596,0.0474057443191305,1.2873809007453778,1.1794269788612264,1.1828674823712353,3.0,10.0,1.0,0.3,1.0,True,
94,mi_concept,0.2782559402207126,4.664918427600186,0.1965412434841751,0.4433297232130676,0.012496728248994,11.621827965831097,52.17745276638416,0.0271621094779351,1.1574811546116404,1.0985733369141484,1.100502962991908,3.0,10.0,1.0,0.3,1.0,True,
94,mi_concept,0.5274997063702619,4.66765844974157,0.1938790024860257,0.4403169341349771,0.0123989823899735,11.62275638411334,93.8739841185864,0.0150660567599001,1.0848747132749113,1.0532096293305984,1.0542650444699777,3.0,10.0,1.0,0.3,1.0,True,
94,mi_concept,1.0,4.669231629940359,0.1923423810566799,0.4385685591292197,0.012340829940743,11.623268887396843,172.695564732777,0.0081793600340995,1.045300880772967,1.0284257495257008,1.0289939236721413,3.0,10.0,1.0,0.3,1.0,True,
90,mi_concept,1e-05,4.623654949588998,0.2400898584882515,0.4899896514093451,0.0133083422976955,11.598816251553282,0.3088818435319829,4.66138245400446,48.5944522755139,33.56733905933439,34.34744322368126,3.0,10.0,1.0,0.3,0.5,True,
90,mi_concept,1.8957356524063752e-05,4.621971476131026,0.2400416897123384,0.4899404960934934,0.0133225632921683,11.600044916022975,0.4696029873465985,3.0632641101566405,36.13435549560854,26.25760442118109,26.787257950863165,3.0,10.0,1.0,0.3,0.5,True,
90,mi_concept,3.5938136638046256e-05,4.622146603995484,0.2388637829543082,0.4887369261211068,0.0132723248153677,11.60148777576348,0.6233282844962262,2.3015642937681062,28.270434082434367,20.86300462937581,21.25731814170838,3.0,10.0,1.0,0.3,0.5,True,
90,mi_concept,6.812920690579608e-05,4.624205336806643,0.2365248988433168,0.4863382555827958,0.013145866552574,11.602714976069269,0.7635788915791297,1.8702663066480203,22.60016896171543,16.595007945371506,16.89477278416196,3.0,10.0,1.0,0.3,0.5,True,
90,mi_concept,0.0001291549665014,4.627197509889719,0.233515700363663,0.4832346224802844,0.0129763973174783,11.603827554991549,0.9175452678501156,1.5481478547816587,18.12209240251749,13.164143892213936,13.387821726434526,3.0,10.0,1.0,0.3,0.5,True,
90,mi_concept,0.0002448436746822,4.6306154612920025,0.2301612943503413,0.4797512838443909,0.0127919477448903,11.604955346648794,1.1057921818920584,1.2778321301434428,14.482415172749455,10.404476616686551,10.567629429649305,3.0,10.0,1.0,0.3,0.5,True,
90,mi_concept,0.0004641588833612,4.633939487840848,0.2269338997062367,0.4763757967259007,0.012623634786409,11.606039309879083,1.3455465311617556,1.0456964163716091,11.50963464760835,8.188293055232863,8.305347603834262,3.0,10.0,1.0,0.3,0.5,True,
90,mi_concept,0.0008799225435691,4.636635114582884,0.2243115407700977,0.4736153932993497,0.0125021999079103,11.607038286011935,1.6628400419753615,0.8442548479166253,9.078070266273182,6.414383212576104,6.497368349413801,3.0,10.0,1.0,0.3,0.5,True,
90,mi_concept,0.0016681005372,4.638585895469292,0.2223531497901434,0.4715433699991375,0.0124361867110107,11.60803168057199,2.097362064168058,0.6690076066834885,7.093432510497585,5.00216406392422,5.060024026994789,3.0,10.0,1.0,0.3,0.5,True,
90,mi_concept,0.0031622776601683,4.640100344437962,0.2207385475608241,0.4698282106906992,0.012412687878188,11.609172355222194,2.7099976591587107,0.5177987163470532,5.486409538255813,3.887871543019621,3.927114762294016,3.0,10.0,1.0,0.3,0.5,True,
90,mi_concept,0.0059948425031894,4.641672539274262,0.2190279287956787,0.4680041974124578,0.0124102722626705,11.61059924426757,3.598507872197513,0.3897703318223403,4.2047630464872325,3.021207818459897,3.0470564355730843,3.0,10.0,1.0,0.3,0.5,True,
90,mi_concept,0.0113646366638572,4.643720633754009,0.2168982830786865,0.4657233976070845,0.012410933573493,11.61235560574254,4.928339740515709,0.2842164326789709,3.206723072941061,2.3621402442494417,2.378955136723593,3.0,10.0,1.0,0.3,0.5,True,
90,mi_concept,0.0215443469003188,4.64635724795126,0.2142989251082496,0.4629243189855655,0.0124052397965019,11.6143204164146,6.999229508387001,0.1997453565024418,2.4556098339334205,1.877831034078069,1.8888374417694576,3.0,10.0,1.0,0.3,0.5,True,
90,mi_concept,0.0408423865267452,4.649284922681961,0.211491552750342,0.459882107447487,0.0123916795362769,11.6161935922089,10.38882708670425,0.1343249848120215,1.9157997985888624,1.5389097370154363,1.5460995967063396,3.0,10.0,1.0,0.3,0.5,True,
90,mi_concept,0.0774263682681127,4.651948468985111,0.2089353092547342,0.4570944205027384,0.0123756437187471,11.617642569912864,16.245403703100006,0.0857864745448959,1.5495023488571158,1.3158321146518042,1.320384257045698,3.0,10.0,1.0,0.3,0.5,True,
90,mi_concept,0.146779926762207,4.653953565390176,0.2069785854953445,0.454948992190712,0.0123632370561803,11.618545695895367,26.831031850770543,0.0519049530359905,1.316140587276628,1.178158008656205,1.1808997703442077,3.0,10.0,1.0,0.3,0.5,True,
90,mi_concept,0.2782559402207126,4.655267562112453,0.2056734953505038,0.4535123982324009,0.0123557316284827,11.619021323692245,46.49814021268567,0.0299422610844356,1.176043275591463,1.0977988770157607,1.099373499134929,3.0,10.0,1.0,0.3,0.5,True,
90,mi_concept,0.5274997063702619,4.656056960227705,0.204880309705855,0.4526370617899677,0.0123516021669873,11.619250103011822,83.50965659486022,0.0166700590413087,1.095859963714603,1.0527652514414276,1.0536386114953484,3.0,10.0,1.0,0.3,0.5,True,
90,mi_concept,1.0,4.656506707817396,0.2044256735453267,0.4521345745962442,0.0123493723222604,11.619357912356229,153.50559495983447,0.0090684399225344,1.0514764635110316,1.0281801405547604,1.0286540037037784,3.0,10.0,1.0,0.3,0.5,True,
1,mi_concept,1e-09,4.2427233011182,0.6041267305458748,0.7772558977234427,0.03020843539506039,11.487472388513343,35.43374187438799,0.06319647283209029,499.70127942782847,499.4739151121758,499.58113854080653,1.0,1.0,0.1,0.2,0.5,True,
1,mi_concept,1.7782794100389228e-09,4.242761648012187,0.6040980092413475,0.7772374214108244,0.030206540519488734,11.48748135152815,19.94348360534031,0.11227819311020279,499.4689681451805,499.0650221884482,499.2555041902744,1.0,1.0,0.1,0.2,0.5,True,
1,mi_concept,3.1622776601683795e-09,4.242829832389056,0.6040469378528958,0.7772045662841256,0.03020317161262302,11.487497288182828,11.232688916169318,0.19933742358116693,499.0562356422809,498.3390793400545,498.6772058693752,1.0,1.0,0.1,0.2,0.5,True,
1,mi_concept,5.623413251903491e-09,4.242951056372525,0.6039561334789253,0.7771461467953922,0.030197183265609585,11.487525621478172,6.334280539627915,0.35345396375592336,498.3234876843851,497.0518812179013,497.65126111127984,1.0,1.0,0.1,0.2,0.5,True,
1,mi_concept,1e-08,4.243166546229345,0.6037947011268116,0.7770422775671936,0.030186542041367843,11.48757598613024,3.5797590918871354,0.625318031570144,497.02425979670846,494.77462644919456,495.83450254001883,1.0,1.0,0.1,0.2,0.5,True,
1,mi_concept,1.7782794100389228e-08,4.243549487665948,0.603507770279661,0.7768576254885196,0.03016764360626479,11.487665484562218,2.030877772001943,1.101886897721566,494.72583766992335,490.7618558316753,492.6278447232284,1.0,1.0,0.1,0.2,0.5,True,
1,mi_concept,3.162277660168379e-08,4.244229619736361,0.602997990120676,0.7765294521914001,0.030134115558206546,11.487824430550235,1.1600564813971996,1.9279860688507426,490.676128187566,483.7407554972803,487.00060915638124,1.0,1.0,0.1,0.2,0.5,True,
1,mi_concept,5.6234132519034905e-08,4.245436281862117,0.6020930200022753,0.7759465316645698,0.03007474624633515,11.488106398031805,0.6706785880206418,3.3315558767410893,483.5915141879566,471.6086140783088,477.22609116599807,1.0,1.0,0.1,0.2,0.5,True,
1,mi_concept,1e-07,4.247572475774021,0.6004892067205615,0.7749123864802792,0.029969994005620858,11.488605502926445,0.3960618537746799,5.631881157440579,471.3530411804216,451.1005912898739,460.5505741573595,1.0,1.0,0.1,0.2,0.5,True,
1,mi_concept,1.7782794100389227e-07,4.251336951574898,0.5976574487258692,0.7730830800928638,0.02978644262765276,11.489484906842836,0.2426980113501972,9.163060310905516,450.6754536625092,417.7369559545378,432.9813643956962,1.0,1.0,0.1,0.2,0.5,True,
1,mi_concept,3.162277660168379e-07,4.257901956320668,0.5927016708149632,0.7698712040432238,0.029469309074990565,11.491018562124003,0.15844993653809103,13.96172349888816,417.0649156297318,366.90929224243354,389.79713039371296,1.0,1.0,0.1,0.2,0.5,True,
1,mi_concept,5.62341325190349e-07,4.2690639556077254,0.5842212869110278,0.7643436968478433,0.028937756984778313,11.493628421875721,0.11494621252368141,19.07593495608689,365.93721462640764,297.4857250591704,327.9933436624554,1.0,1.0,0.1,0.2,0.5,True,
1,mi_concept,1e-06,4.286856058121515,0.5705423956510808,0.7553425684092488,0.02810665590659492,11.497804669245824,0.098395372630211,21.973251092234882,296.2785975849138,217.5688517361457,251.3711394633913,1.0,1.0,0.1,0.2,0.5,True,
1,mi_concept,1.778279410038923e-06,4.3109207071041755,0.5516305938395246,0.7427183812452232,0.027004662448696246,11.503528156995085,0.10619192180062051,19.976029510060034,216.41183897173906,145.01294571860174,174.1799584144712,1.0,1.0,0.1,0.2,0.5,True,
1,mi_concept,3.162277660168379e-06,4.333062700982788,0.5334346297161136,0.7303660929397761,0.02599958032197957,11.509028633468663,0.14783783927636773,14.096974871235771,144.312586372308,93.99704487024304,113.58615631682424,1.0,1.0,0.1,0.2,0.5,True,
1,mi_concept,5.623413251903491e-06,4.343595411031341,0.5234815903073945,0.7235202763623108,0.025517602510996253,11.512135405972396,0.24231105162297803,8.52486098553475,93.92367367268686,63.49014705494372,75.00477192859572,1.0,1.0,0.1,0.2,0.5,True,
0,mi_concept,1e-09,5.028965932268601,0.04673299356115558,0.2161781523677996,0.002745765369851684,11.682794126096173,4.017681455618732,0.17059055820686744,498.85434505863697,498.8063453868599,498.98627417873405,1.0,1.0,0.1,0.1,0.5,True,
0,mi_concept,1.7782794100389228e-09,5.028927345014301,0.04656339798836828,0.2157855370231478,0.0027368504634225177,11.682872334033096,2.2620031184191145,0.302495723638043,497.9653576417324,497.8808734311113,498.1996885917203,1.0,1.0,0.1,0.1,0.5,True,
0,mi_concept,3.1622776601683795e-09,5.028858540515169,0.046263534995764286,0.21508959760007987,0.0027210799607313117,11.683010771231256,1.2747133422612056,0.5352097474273301,496.3902009180861,496.242699949356,496.8060328203876,1.0,1.0,0.1,0.1,0.5,True,
0,mi_concept,5.623413251903491e-09,5.028735617772059,0.04573570561565777,0.2138590788712459,0.0026932951467316265,11.68325494662909,0.7195207873179287,0.9432514792417126,493.6070845202359,493.3533044307589,494.3437775097079,1.0,1.0,0.1,0.1,0.5,True,
0,mi_concept,1e-08,5.028515324666672,0.044813932339762164,0.21169301438583693,0.00264469566984621,11.6836828981643,0.4073154339681408,1.6509010737186447,488.7140930089711,488.2890060532645,490.01532757705195,1.0,1.0,0.1,0.1,0.5,True,
0,mi_concept,1.7782794100389228e-08,5.028118729063715,0.04322665372470015,0.20791020591760317,0.002560771537289697,11.684424552810523,0.23175390789432532,2.85437090797395,480.18726806638125,479.5102546826526,482.47314230534397,1.0,1.0,0.1,0.1,0.5,True,
0,mi_concept,3.162277660168379e-08,5.027400907348293,0.04056050192106364,0.20139638010913613,0.002419101951999327,11.685684560692632,0.1330370879673637,4.830777330620863,465.5571263886779,464.58192885150237,469.5322810894366,1.0,1.0,0.1,0.1,0.5,True,
0,mi_concept,5.6234132519034905e-08,5.026098542114793,0.03627408879850494,0.19045757742475078,0.0021893536325061696,11.687751658063437,0.07754247479325208,7.879034081384903,441.1290113014492,440.01408950981926,447.9111469594852,1.0,1.0,0.1,0.1,0.5,True,
0,mi_concept,1e-07,5.023763289618905,0.02989022141120789,0.17288788682613912,0.0018420433718800621,11.690942603760025,0.0463756684119476,12.071104837888138,402.216016491768,401.7157908607085,413.37246072588033,1.0,1.0,0.1,0.1,0.5,True,
0,mi_concept,1.7782794100389227e-07,5.019785037132511,0.021552566709555153,0.1468079245461741,0.0013769821174534939,11.695382004340512,0.02894905741203775,16.695141180163482,344.96910694756565,346.8982584026107,362.08951356720394,1.0,1.0,0.1,0.1,0.5,True,
0,mi_concept,3.162277660168379e-07,5.01387596850209,0.012804749810391862,0.11315807443745171,0.0008692794368239206,11.70057934095687,0.019436656179449268,19.72661161705395,270.94186192134595,277.6194307597185,294.0917766984016,1.0,1.0,0.1,0.1,0.5,True,
0,mi_concept,5.62341325190349e-07,5.00750527017248,0.0063735260033661945,0.07983436605476488,0.00047416676290777335,11.699857531690935,0.015098586662388717,18.73833543069135,192.03981925502464,203.27914928270525,217.46008826572861,1.0,1.0,0.1,0.1,0.5,True,
0,mi_concept,1e-06,5.0054367929733345,0.004101607942388064,0.06404379706410343,0.00032728420524269334,11.697039151777984,0.016977406706653934,13.85586116828746,126.42152808693201,137.40584790548058,147.3785216551465,1.0,1.0,0.1,0.1,0.5,True,
0,mi_concept,1.778279410038923e-06,5.013849666924605,0.007607615515284642,0.08722164591020191,0.0005658212988196407,11.701620271449679,0.03714174708135634,8.358305858459213,83.20020965282522,89.40769354076707,96.02400527935812,1.0,1.0,0.1,0.1,0.5,True,
0,mi_concept,3.162277660168379e-06,5.033203266564235,0.027904119201062328,0.16704526093565877,0.0018476174829016555,11.693137310128908,0.12253400343218318,4.61764264149299,57.86255781066182,59.38337862082659,64.09738078453745,1.0,1.0,0.1,0.1,0.5,True,
0,mi_concept,5.623413251903491e-06,5.0375561723403806,0.10363446532293948,0.32192307361066785,0.006205800496592007,11.656198187036173,0.40392894892323755,2.6074603205981393,43.020212638773046,41.69321311624713,45.32832786876994,1.0,1.0,0.1,0.1,0.5,True,
2,mi_concept,1e-09,4.395838125050174,0.4533691298048423,0.6733269115406292,0.023953168693170386,11.538483455790985,56.15106708724316,0.035223919072533076,499.8586606391991,499.73420259328935,499.77508958547315,1.0,1.0,0.1,0.3,0.5,True,
2,mi_concept,1.7782794100389228e-09,4.395850338207229,0.4533578607199249,0.6733185432764531,0.023952437297983676,11.538486161845384,31.58975402120165,0.06260998103382447,499.7486986284273,499.52747827218656,499.60014796301266,1.0,1.0,0.1,0.3,0.5,True,
2,mi_concept,3.1622776601683795e-09,4.3958720474178055,0.45333783137926004,0.6733036695126947,0.023951137239038262,11.538490970483613,17.777919445381066,0.11124959579271994,499.553240828187,499.1601678145367,499.2892722234415,1.0,1.0,0.1,0.3,0.5,True,
2,mi_concept,5.623413251903491e-09,4.395910660524256,0.45330221156639533,0.6732772174716707,0.023948825455805702,11.538499523278094,10.010965837876201,0.1975535455216778,499.20593204799746,498.50794453069165,498.73714111579307,1.0,1.0,0.1,0.3,0.5,True,
2,mi_concept,1e-08,4.395979337800155,0.4532388752471932,0.673230179988385,0.023944715342594233,11.538514733364021,5.643307890660928,0.3504241642349705,498.58917209999123,497.3511293974884,497.7574840814188,1.0,1.0,0.1,0.3,0.5,True,
2,mi_concept,1.7782794100389228e-08,4.396101499665811,0.45312626765246733,0.6731465424797689,0.02393740950202755,11.538541782195667,3.1872308173785693,0.6203768375550462,497.49508912179544,495.3034985501802,496.0222685327421,1.0,1.0,0.1,0.3,0.5,True,
2,mi_concept,3.162277660168379e-08,4.396318844012974,0.45292609119044436,0.6729978389195944,0.02392442755791608,11.538589885309575,1.8061440201168986,1.0944914212675918,495.5579718608032,491.6920836043296,492.9582111593176,1.0,1.0,0.1,0.3,0.5,True,
2,mi_concept,5.6234132519034905e-08,4.39670566208551,0.4525703578795361,0.6727334969209844,0.023901373890401527,11.538675431504085,1.0296212638245512,1.9191184891815734,492.13982459462227,485.3630927673742,487.57710323732505,1.0,1.0,0.1,0.3,0.5,True,
2,mi_concept,1e-07,4.397394447095567,0.45193857034250956,0.6722637654540884,0.023860481986651066,11.5388275565499,0.5931645855558586,3.328700384651411,486.1444295140968,474.3958755165052,478.2175233281624,1.0,1.0,0.1,0.3,0.5,True,
2,mi_concept,1.7782794100389227e-07,4.398621663900521,0.4508179467150349,0.6714297779478021,0.023788111300357215,11.53909798215663,0.3481134666986834,5.664281338950934,475.7396807523682,455.7645845846329,462.2124018841137,1.0,1.0,0.1,0.3,0.5,True,
2,mi_concept,3.162277660168379e-07,4.400808573526032,0.44883601630664816,0.6699522492735196,0.023660608516684663,11.539578050810514,0.2110164560204307,9.32214222548173,458.0174613259685,425.1907511318166,435.6448371921379,1.0,1.0,0.1,0.3,0.5,True,
2,mi_concept,5.62341325190349e-07,4.404696305825118,0.4453553918698195,0.6673495275114979,0.023438152657459955,11.540426341313594,0.13523296090463643,14.48549537800771,428.8033437789295,377.9199462907213,393.74940325127955,1.0,1.0,0.1,0.3,0.5,True,
2,mi_concept,1e-06,4.411524889613444,0.4393526603884201,0.6628368278757752,0.023058605436367566,11.541903432627407,0.09513305769505834,20.443173434253605,383.28867004455446,311.762857371038,333.1502675774273,1.0,1.0,0.1,0.3,0.5,True,
2,mi_concept,1.778279410038923e-06,4.423020758338261,0.4294867718777983,0.6553524028168344,0.022445001711431625,11.544365412036608,0.07763955534412036,24.75295812543716,318.8009609703908,232.70438921548077,256.86920634739965,1.0,1.0,0.1,0.3,0.5,True,
2,mi_concept,3.162277660168379e-06,4.440079477820105,0.415194654494764,0.6443559998128084,0.02157572784482038,11.548003099504715,0.07855691841947095,24.043198692354213,240.32278887922755,157.29379633478388,178.61835387390212,1.0,1.0,0.1,0.3,0.5,True,
2,mi_concept,5.623413251903491e-06,4.458478586101553,0.3999078189057772,0.6323826522808617,0.020669962972096372,11.552024655111833,0.10262946547669907,18.06212723311558,163.75075588923366,101.73188909118291,116.2675669050746,1.0,1.0,0.1,0.3,0.5,True,
3,mi_concept,1e-09,4.527515158895076,0.331984756898401,0.5761811840891726,0.01793826084051282,11.583582490181897,107.12993766435763,0.01576146649466138,499.940568501466,499.8874011552682,499.89625120862985,1.0,1.0,0.1,0.5,0.5,True,
3,mi_concept,1.7782794100389228e-09,4.527516790806381,0.33198236107145235,0.5761791050285079,0.017938103984154845,11.583582523531097,60.25479181351332,0.02802294909735958,499.8943211289597,499.7997929194242,499.8155271314365,1.0,1.0,0.1,0.5,0.5,True,
3,mi_concept,3.1622776601683795e-09,4.527519636974004,0.3319781584780469,0.5761754580664182,0.017937828012179514,11.583582568444792,33.89496536969219,0.04981574492516094,499.8120953835009,499.644055313459,499.6720235757791,1.0,1.0,0.1,0.5,0.5,True,
3,mi_concept,5.623413251903491e-09,4.527524712076,0.3319706729240952,0.5761689621318518,0.01793733629404877,11.583582651651309,19.071749343276206,0.08853293744441275,499.6659224661177,499.367281993063,499.4169808362826,1.0,1.0,0.1,0.5,0.5,True,
3,mi_concept,1e-08,4.527533742311858,0.33195736106565304,0.5761574099720085,0.017936461962650325,11.583582799696629,10.736049817114681,0.15726767649288284,499.4061360909286,498.87564397177516,498.9639069835429,1.0,1.0,0.1,0.5,0.5,True,
3,mi_concept,1.7782794100389228e-08,4.527549816122823,0.3319336889102613,0.5761368664738105,0.01793490731641556,11.583583066065106,6.048554721759262,0.2791335732028453,498.94463695806326,498.0030859286533,498.1596780113853,1.0,1.0,0.1,0.5,0.5,True,
3,mi_concept,3.162277660168379e-08,4.527578444474106,0.3318915973745485,0.576100336204162,0.017932143383893408,11.583583547985894,3.412606056566433,0.49469946402079545,498.12545780770665,496.4568294975497,496.7341465416743,1.0,1.0,0.1,0.5,0.5,True,
3,mi_concept,5.6234132519034905e-08,4.5276294940926505,0.3318167604898245,0.5760353812829768,0.017927230487510853,11.583584431073756,1.9303451403807461,0.8744368830962763,496.6734428322425,493.72411855050944,494.2136613527303,1.0,1.0,0.1,0.5,0.5,True,
3,mi_concept,1e-07,4.527720713504282,0.3316837252232979,0.5759198947972695,0.01791850091488538,11.58358608349461,1.0968834464622834,1.5384695817663678,494.1061846639259,488.91770105869114,489.7769810493416,1.0,1.0,0.1,0.5,0.5,True,
3,mi_concept,1.7782794100389227e-07,4.527884289473876,0.3314473073910624,0.575714605851773,0.01790299986196145,11.58358927918191,0.628327510613776,2.684483465307716,489.5873432787143,480.5354850480467,482.0286460436575,1.0,1.0,0.1,0.5,0.5,True,
3,mi_concept,3.162277660168379e-07,4.528179338275368,0.331027449327389,0.5753498495067058,0.017875509637388588,11.583595763020483,0.36508022657186023,4.616352128219052,481.696086288842,466.1347519383896,468.6837425147709,1.0,1.0,0.1,0.5,0.5,True,
3,mi_concept,5.62341325190349e-07,4.528716390325991,0.33028295465815716,0.5747024923020233,0.017826881432661177,11.58360975559889,0.2174828791883207,7.7379369803660705,468.10695218261367,442.03616767978605,446.25431973509785,1.0,1.0,0.1,0.5,0.5,True,
3,mi_concept,1e-06,4.5297061347796035,0.32896775735940137,0.5735571090653496,0.017741328591490312,11.58364202217495,0.13528866511278922,12.406955768103417,445.273756191087,403.50640403674834,410.1209180245944,1.0,1.0,0.1,0.5,0.5,True,
3,mi_concept,1.778279410038923e-06,4.531552055853111,0.32666711814949556,0.5715480016144712,0.017592677922996548,11.583720439301347,0.09058961676700861,18.44533159380105,408.5137705523132,346.4957325270909,355.9650525898547,1.0,1.0,0.1,0.5,0.5,True,
3,mi_concept,3.162277660168379e-06,4.534982624547397,0.3227492723601395,0.5681102642622641,0.01734214595601752,11.583913350672471,0.06844420954363983,24.226616394880015,353.50206978634134,272.17639545818764,283.8738501326355,1.0,1.0,0.1,0.5,0.5,True,
3,mi_concept,5.623413251903491e-06,4.540986236576337,0.3165515840336077,0.5626291709764147,0.01695142636614853,11.584356850394604,0.06219432903861319,26.338833696439195,280.53425513198306,192.23853538885587,203.85493964881584,1.0,1.0,0.1,0.5,0.5,True,
5,mi_concept,1e-09,4.623963222905822,0.2910613119635189,0.5395009842099632,0.015531699371848897,11.573727624115843,2.9598572084288506,0.540677948696189,497.25615677642674,495.5363610949683,495.77318769627976,1.0,1.0,1.0,0.2,0.5,True,
5,mi_concept,1.7782794100389228e-09,4.624182318839656,0.2908567897457114,0.5393114033151083,0.015520302410439394,11.5737889484237,1.6773635705294998,0.9537240116922207,495.13565628636667,492.1017261145837,492.5189230830713,1.0,1.0,1.0,0.2,0.5,True,
5,mi_concept,3.1622776601683795e-09,4.6245706533635245,0.2904939795276799,0.5389749340439497,0.01550009393764286,11.573897732786822,0.9562793409830955,1.671791723754985,491.3968877315621,486.07771406243,486.8073112180619,1.0,1.0,1.0,0.2,0.5,True,
5,mi_concept,5.623413251903491e-09,4.6252571494916745,0.28985164118744855,0.5383787153922864,0.01546434404913453,11.574090326095213,0.5509901284095596,2.8981574441447293,484.8483304991,475.6242355767833,476.8838006805311,1.0,1.0,1.0,0.2,0.5,True,
5,mi_concept,1e-08,4.6264649176279855,0.28871854732818236,0.5373253644936021,0.015401367957904553,11.5744300491915,0.3234518948535688,4.926875192392516,473.51170451799294,457.82184768877596,459.94747841324835,1.0,1.0,1.0,0.2,0.5,True,
5,mi_concept,1.7782794100389228e-08,4.628570773592467,0.2867335588864249,0.5354750777453838,0.015291308383690368,11.575025138803149,0.1961790980002332,8.094263033135507,454.2858216670277,428.48388961901486,431.9314219326845,1.0,1.0,1.0,0.2,0.5,True,
5,mi_concept,3.162277660168379e-08,4.632179387762504,0.2833036438218606,0.5322627582518437,0.015101902186382873,11.57605325573128,0.12587976242031865,12.536838419430744,422.830066265158,382.7992963256775,388.02125737872797,1.0,1.0,1.0,0.2,0.5,True,
5,mi_concept,5.6234132519034905e-08,4.638149519931913,0.27754536475099956,0.5268257441991607,0.014785997593903278,11.577778890665178,0.08880027677084464,17.587344667135472,374.4421875311521,318.1282970488889,325.18283684177294,1.0,1.0,1.0,0.2,0.5,True,
5,mi_concept,1e-07,4.647304531421864,0.26848295761524466,0.518153411274349,0.014293623298004552,11.580494538519146,0.07292316231120789,21.064721306919232,307.2869764156591,239.5464153762306,247.50210289530511,1.0,1.0,1.0,0.2,0.5,True,
5,mi_concept,1.7782794100389227e-07,4.659077030609284,0.256253680454938,0.506215053564133,0.013636850512689279,11.58416722698949,0.07471208283955794,20.097863921271394,228.06917254164796,163.05342786971158,170.03618571723342,1.0,1.0,1.0,0.2,0.5,True,
5,mi_concept,3.162277660168379e-07,4.66878887222548,0.24492505568110481,0.4948990358458024,0.013032339539781314,11.587624795103517,0.09948252827955513,14.769758802838393,153.8228869573303,105.73862007524879,110.47013082180621,1.0,1.0,1.0,0.2,0.5,True,
5,mi_concept,5.62341325190349e-07,4.66982618354039,0.2409462932676503,0.4908628049339757,0.012814955289964708,11.58900598773508,0.16126940169207513,9.039085873129071,100.09360913793206,70.53810207494637,73.33316356796207,1.0,1.0,1.0,0.2,0.5,True,
5,mi_concept,1e-06,4.663313998894003,0.2429599874943291,0.49290971535802486,0.012916326204689448,11.58873475507036,0.27408784146069265,5.339970125699997,67.6170664257301,50.117413864129304,51.766508979973246,1.0,1.0,1.0,0.2,0.5,True,
5,mi_concept,1.778279410038923e-06,4.652365987090503,0.2473075734365849,0.4973002849753707,0.013148843678237421,11.587975555905304,0.44551905504356265,3.3149473157283817,48.78665388894155,37.9044930611033,38.93339069717084,1.0,1.0,1.0,0.2,0.5,True,
5,mi_concept,3.162277660168379e-06,4.639368911660832,0.2525013706760155,0.5024951449278048,0.01344675695404498,11.587179340141153,0.6586014828094875,2.2679883178629177,37.47817850784548,30.03068118800465,30.735587230381366,1.0,1.0,1.0,0.2,0.5,True,
5,mi_concept,5.623413251903491e-06,4.629653185164997,0.2556702633566236,0.50563847100139,0.013659347829150669,11.587034753816294,0.8595116439637992,1.7518814345751386,30.136001616456554,24.392822830436526,24.927136772521266,1.0,1.0,1.0,0.2,0.5,True,
4,mi_concept,1e-09,4.792410390624725,0.2652612827551549,0.5150352247712334,0.014458506217162386,11.581631880858776,0.8680180321712473,1.806631237327644,489.2632623352027,484.5788828690075,485.4293776961217,1.0,1.0,1.0,0.1,0.5,True,
4,mi_concept,1.7782794100389228e-09,4.793844982123499,0.26379195914074066,0.5136068137600402,0.014391017923672795,11.58200998687906,0.5029043710679736,3.110781794274806,481.1397386393476,473.0754665402148,474.52853048555244,1.0,1.0,1.0,0.1,0.5,True,
4,mi_concept,3.1622776601683795e-09,4.7962764057969896,0.26126424201637616,0.5111401393124748,0.014274642189014872,11.582660494218722,0.2980895523438718,5.226405290154637,467.1776770230562,453.6328910285834,456.04128578441015,1.0,1.0,1.0,0.1,0.5,True,
4,mi_concept,5.623413251903491e-09,4.800241898761735,0.25702678418780905,0.5069780904415979,0.014078717162674255,11.583751153742137,0.18383959636590402,8.415005413178172,443.795246108773,421.99396842954434,425.78289574341824,1.0,1.0,1.0,0.1,0.5,True,
4,mi_concept,1e-08,4.806266694389432,0.25024368160741833,0.5002436222556149,0.013762640702161651,11.58549757449914,0.12133510738295293,12.604636537756837,406.35590248062186,373.70140665438976,379.16353962188305,1.0,1.0,1.0,0.1,0.5,True,
4,mi_concept,1.7782794100389228e-08,4.814256779769801,0.24024880393561826,0.490151817231782,0.01329015448958517,11.588072803804106,0.08959453953338202,16.77609191090748,350.8006916668232,307.281185540049,314.1312474185638,1.0,1.0,1.0,0.1,0.5,True,
4,mi_concept,3.162277660168379e-08,4.822176538483971,0.2275932805373133,0.47706737525984033,0.012675383833202632,11.591339174173473,0.07878050425433089,18.644663512361014,277.97084958435585,229.3480417099997,236.36096762329996,1.0,1.0,1.0,0.1,0.5,True,
4,mi_concept,5.6234132519034905e-08,4.8248788376570575,0.21576262075272457,0.46450255193349,0.012066784891299701,11.594405834162167,0.08805911395738032,16.297738625403422,198.80275489853128,155.74658696404933,161.34449055831215,1.0,1.0,1.0,0.1,0.5,True,
4,mi_concept,1e-07,4.816211249826257,0.21142837756325927,0.45981341603226333,0.011779003722771651,11.595549833119296,0.12683568061018133,11.19238545505075,131.4346294129261,101.21892539941767,104.81178263251586,1.0,1.0,1.0,0.1,0.5,True,
4,mi_concept,1.7782794100389227e-07,4.793656541766042,0.21869726179079563,0.46765079043106045,0.012023373988441976,11.593690468459728,0.21256127205185682,6.742539388017435,86.29462589435651,67.57647662930816,69.67559889997776,1.0,1.0,1.0,0.1,0.5,True,
4,mi_concept,3.162277660168379e-07,4.756702185051822,0.23460961913022285,0.48436517126050965,0.012655446765442889,11.589693050615475,0.359363764984554,4.08126447491625,59.715162854285126,47.966956990961364,49.21423953236385,1.0,1.0,1.0,0.1,0.5,True,
4,mi_concept,5.62341325190349e-07,4.708370048994247,0.2547661974329973,0.5047436947927109,0.013490400284846762,11.584910016486782,0.5654913034687694,2.6672371614146617,44.19380483756786,36.18365414424584,36.98384326072738,1.0,1.0,1.0,0.1,0.5,True,
4,mi_concept,1e-06,4.663252219883292,0.2716756942093427,0.5212251857012885,0.014245801129440704,11.581294871522601,0.7860183021830335,1.9631708921484992,34.66171221571911,28.545954444328817,29.12556669889055,1.0,1.0,1.0,0.1,0.5,True,
4,mi_concept,1.778279410038923e-06,4.636119564489158,0.2790429136834351,0.5282451265117692,0.014625064047585077,11.580211213473955,0.9597108301723652,1.623942818055983,28.25146323016311,23.07467645201889,23.545713128327623,1.0,1.0,1.0,0.1,0.5,True,
4,mi_concept,3.162277660168379e-06,4.62637770453337,0.27795372182546424,0.5272131654515697,0.014611692109696447,11.581176288176147,1.0830109015907088,1.4367129571585557,23.466320839753763,18.82956011994007,19.23305323061076,1.0,1.0,1.0,0.1,0.5,True,
4,mi_concept,5.623413251903491e-06,4.626551837097249,0.2723234548364106,0.5218461984497066,0.014361506025150305,11.583168495478025,1.1862055787311583,1.3008446958086328,19.640925882409835,15.414689686961685,15.760879301664405,1.0,1.0,1.0,0.1,0.5,True,
6,mi_concept,1e-09,4.57254433302708,0.31235182804552847,0.5588844496365313,0.016130452570548962,11.572542064617704,6.713450772461018,0.2405114411589272,498.78223078744344,497.97490323828885,498.09909633453384,1.0,1.0,1.0,0.3,0.5,True,
6,mi_concept,1.7782794100389228e-09,4.572673187266605,0.312235327913217,0.5587802143179526,0.016124217348520143,11.57257472109626,3.7881998284891623,0.426151418526939,497.83740828156465,496.40689142735073,496.62679446843623,1.0,1.0,1.0,0.3,0.5,True,
6,mi_concept,3.1622776601683795e-09,4.572901957942756,0.3120284613115676,0.5585950781304536,0.01611314787938709,11.572632704133017,2.143261420737239,0.7529587538264542,496.1635849366733,493.6358772113813,494.02395192930675,1.0,1.0,1.0,0.3,0.5,True,
6,mi_concept,5.623413251903491e-09,4.573307609760623,0.3116615556931829,0.5582665632949755,0.016093521834614044,11.5727355312647,1.218335786432874,1.3237693789375973,493.2069694842235,488.76254880736474,489.44336137006,1.0,1.0,1.0,0.3,0.5,True,
6,mi_concept,1e-08,4.574025274576165,0.31101214328015525,0.5576846270789211,0.016058806634270933,11.57291749001335,0.698375236277327,2.30684074235833,488.01155701253083,480.26508962978113,481.4470018963061,1.0,1.0,1.0,0.3,0.5,True,
6,mi_concept,1.7782794100389228e-08,4.575289740983331,0.3098669981043577,0.5566569842410654,0.015997660640985067,11.573238217115795,0.4062741080820337,3.957787541192813,478.9658071796469,465.67091843081835,467.6851253858774,1.0,1.0,1.0,0.3,0.5,True,
6,mi_concept,3.162277660168379e-08,4.577500921852147,0.3078615358207653,0.5548527154306495,0.015890788663673924,11.573799500372322,0.2425484132601834,6.607059153852215,463.4700546906167,441.26282421158083,444.5857437837172,1.0,1.0,1.0,0.3,0.5,True,
6,mi_concept,5.6234132519034905e-08,4.581313476914733,0.30439448537063973,0.5517195713137606,0.015706654345437186,11.57476868394177,0.15146716709710276,10.518314705252989,437.6703476609354,402.28154467945546,407.46321899431223,1.0,1.0,1.0,0.3,0.5,True,
6,mi_concept,1e-07,4.587709760342583,0.2985494551153194,0.5463967927388661,0.015397979823459914,11.576399441560238,0.10212601003988189,15.445947247603787,396.7819592694643,344.72833001869725,352.0715252751031,1.0,1.0,1.0,0.3,0.5,True,
6,mi_concept,1.7782794100389227e-07,4.597858292204684,0.28919084466139855,0.5377646740549239,0.014908135873946505,11.579003239866264,0.0781024398041036,19.874561253230627,337.1756049246369,270.0242833473033,278.9325018414775,1.0,1.0,1.0,0.3,0.5,True,
6,mi_concept,3.162277660168379e-07,4.6121196868166745,0.2758064756740412,0.5251728055355125,0.014216138727802346,11.582717715363682,0.07241870028829635,20.936696544972115,261.32126109975053,190.32145046187978,198.90835910911895,1.0,1.0,1.0,0.3,0.5,True,
6,mi_concept,5.62341325190349e-07,4.627246266523803,0.26106222963392023,0.5109424915133994,0.013463103726052006,11.586828132256041,0.08651758984500281,17.061880481438074,182.56368864651924,124.44599832474954,130.74133742319265,1.0,1.0,1.0,0.3,0.5,True,
6,mi_concept,1e-06,4.635182271181407,0.2522101997158139,0.5022053362080234,0.013011658149020368,11.58942146620203,0.13129413720375277,11.05269986780486,119.33344389555653,81.53050470719653,85.31607226495231,1.0,1.0,1.0,0.3,0.5,True,
6,mi_concept,1.778279410038923e-06,4.633507686766079,0.25148802106640084,0.5014858134248673,0.012972439620269829,11.58994362906506,0.22152231015262777,6.534459240236937,78.88120523793324,56.47451238063919,58.648350734051895,1.0,1.0,1.0,0.3,0.5,True,
6,mi_concept,3.162277660168379e-06,4.627325478469367,0.2538543249212777,0.5038395825272938,0.013097201690945349,11.58984059316931,0.36655178579424114,3.961185910874515,55.34646092557119,41.739360876087474,43.0260064439322,1.0,1.0,1.0,0.3,0.5,True,
6,mi_concept,5.623413251903491e-06,4.619055994346567,0.2572791230678279,0.5072268950556821,0.013294890346494934,11.589728719387061,0.5607860411593133,2.602721236366793,41.48432231420536,32.53900150600136,33.356637625040236,1.0,1.0,1.0,0.3,0.5,True,
7,mi_concept,1e-09,4.576847138071027,0.28825563083534267,0.5368944317417929,0.015270003687577667,11.584952608070406,16.011245848814873,0.09878111332229637,499.5391819753523,499.21304972945546,499.2477130589072,1.0,1.0,1.0,0.5,0.5,True,
7,mi_concept,1.7782794100389228e-09,4.576880077201412,0.28822965195855554,0.5368702375421416,0.015268459740338585,11.584957416934001,9.01588804307529,0.17541678575959205,499.18095771148904,498.60180651219656,498.66334562421565,1.0,1.0,1.0,0.5,0.5,True,
7,mi_concept,3.1622776601683795e-09,4.576938635906329,0.28818346822464347,0.5368272238110168,0.015265715301936864,11.584965968424111,5.082127864216259,0.3111713564212348,498.5448435686419,497.51748469317846,497.6265968069494,1.0,1.0,1.0,0.5,0.5,True,
7,mi_concept,5.623413251903491e-09,4.577042714542645,0.28810138677100355,0.5367507678345729,0.015260838589704204,11.584981174891528,2.870045099434214,0.5509284989827327,497.4165217276909,495.5975710714572,495.79059058716666,1.0,1.0,1.0,0.5,0.5,True,
7,mi_concept,1e-08,4.577227620205232,0.28795556919239557,0.5366149170423755,0.015252178025251303,11.585008214643965,1.6261586512595116,0.9721029409000721,495.41907852027947,492.2095335261531,492.54960146228603,1.0,1.0,1.0,0.5,0.5,True,
7,mi_concept,1.7782794100389228e-08,4.5775558729327415,0.2876967318645681,0.5363736867749649,0.015236813995608396,11.585056292291682,0.926775520735598,1.704933815360927,491.89540707178685,486.26618282307487,486.8610265344437,1.0,1.0,1.0,0.5,0.5,True,
7,mi_concept,3.162277660168379e-08,4.578137785331762,0.2872379480938016,0.5359458443665756,0.015209610122836255,11.585141759239889,0.5336729479353312,2.9584530841957943,485.71779254691756,475.9494003353286,476.97672601675254,1.0,1.0,1.0,0.5,0.5,True,
7,mi_concept,5.6234132519034905e-08,4.579166644552877,0.2864269860386651,0.5351887387068838,0.015161612030643017,11.585293609690506,0.312957240032223,5.037906728321761,475.0055885391783,458.369960886914,460.10483870233026,1.0,1.0,1.0,0.5,0.5,True,
7,mi_concept,1e-07,4.580976290132168,0.2850010612937878,0.5338549065933438,0.015077485509983458,11.585562978360311,0.18946458172008074,8.301262075191444,456.7858748852834,429.3709539603108,432.18801347611185,1.0,1.0,1.0,0.5,0.5,True,
7,mi_concept,1.7782794100389227e-07,4.584125057567558,0.2825206072772525,0.5315266759789695,0.014931936802596786,11.58603856934408,0.12118360862221438,12.923496036620229,426.82636949824365,384.13733251078474,388.4126912019599,1.0,1.0,1.0,0.5,0.5,True,
7,mi_concept,3.162277660168379e-07,4.58947401467961,0.27830505062937577,0.527546254492794,0.014686763375909693,11.586866462247489,0.08502554130194447,18.286647356685535,380.34743318108104,319.92051985291556,325.714286953917,1.0,1.0,1.0,0.5,0.5,True,
7,mi_concept,5.62341325190349e-07,4.598055612437127,0.27152026157161013,0.5210760612152607,0.014297423219246217,11.588248076020848,0.06921350589760468,22.204109667261633,314.9472613240608,241.52977071133031,248.09223289547526,1.0,1.0,1.0,0.5,0.5,True,
7,mi_concept,1e-06,4.609982307425455,0.2619847344769273,0.5118444436319762,0.013759381967508281,11.590289630088067,0.07001139987516904,21.59289949720253,236.18935038349193,164.71727378460324,170.50228870484577,1.0,1.0,1.0,0.5,0.5,True,
7,mi_concept,1.778279410038923e-06,4.621495055922468,0.25247476779008937,0.5024686734415285,0.013229304353028435,11.592472270446141,0.09190498175334481,16.177447699286297,160.3897414820553,106.74592848329154,110.66745207723005,1.0,1.0,1.0,0.5,0.5,True,
7,mi_concept,3.162277660168379e-06,4.62570636160655,0.2484310139663811,0.49842854449397367,0.013001254936655469,11.593587192835695,0.147791903445254,9.9836818579748,104.1712188231569,70.98614915466275,73.28798118017828,1.0,1.0,1.0,0.5,0.5,True,
7,mi_concept,5.623413251903491e-06,4.62334215847874,0.24934337112080465,0.4993429393921623,0.013051862797601474,11.593707794903416,0.25122270611965614,5.875863412744715,69.79776504442314,50.21850234306396,51.560752082987925,1.0,1.0,1.0,0.5,0.5,True,
10,mi_concept,1e-09,4.594233789350334,0.27294308266271483,0.5224395492903603,0.01530791735373282,11.603243420624938,100.0314396572873,0.015529792375124168,499.966263387194,499.91600454134,499.9224364605855,1.0,10.0,0.1,0.3,0.5,True,
10,mi_concept,1.7782794100389228e-09,4.59423280489529,0.27294253459966755,0.5224390247671661,0.015307879715385225,11.603242867120183,56.25894524304031,0.027612791151219868,499.94000909975625,499.85064643636593,499.8620822257799,1.0,10.0,0.1,0.3,0.5,True,
10,mi_concept,3.1622776601683795e-09,4.5942309638612215,0.27294164258762554,0.5224381710668025,0.015307815729537504,11.603241847443575,31.64386513172471,0.049092133218818425,499.8933264692853,499.7344513554884,499.7547812158778,1.0,10.0,0.1,0.3,0.5,True,
10,mi_concept,5.623413251903491e-09,4.594227743049523,0.272940014457469,0.5224366128608035,0.015307699660281365,11.603240051662585,17.801788993223635,0.08726436337386774,499.8103269514144,499.5279185387762,499.56405119516074,1.0,10.0,0.1,0.3,0.5,True,
10,mi_concept,1e-08,4.594222018841924,0.27293712114366436,0.5224338437961924,0.01530749335562166,11.603236857425568,10.01782065086124,0.15506929119157853,499.662778810577,499.16094409356145,499.225136394294,1.0,10.0,0.1,0.3,0.5,True,
10,mi_concept,1.7782794100389228e-08,4.594211857939344,0.2729319729329699,0.5224289166316982,0.015307126252097921,11.603231179594378,5.64057911873941,0.27540552727444684,499.4005493086533,498.5093040350087,498.62326120148686,1.0,10.0,0.1,0.3,0.5,True,
10,mi_concept,3.162277660168379e-08,4.5941938494385965,0.2729228075304491,0.5224201446445659,0.015306472799793537,11.603221091436257,3.179085236047757,0.4886403782577282,498.93471319866484,497.35348110011483,497.55551481679566,1.0,10.0,0.1,0.3,0.5,True,
10,mi_concept,5.6234132519034905e-08,4.5941620180447735,0.27290647404845414,0.5224045118951923,0.015305308660689104,11.603203179482747,1.7949031515944387,0.865449816099193,498.1078456233668,495.3074740602802,495.6648142632796,1.0,10.0,0.1,0.3,0.5,True,
10,mi_concept,1e-07,4.594106020146281,0.2728773194699266,0.5223766069321315,0.015303231867015266,11.603171414101599,1.0165518183762239,1.5280513863014724,496.64223384355756,491.69851049686844,492.3279031920861,1.0,10.0,0.1,0.3,0.5,True,
10,mi_concept,1.7782794100389227e-07,4.59400835212783,0.2728251323646004,0.5223266529333922,0.01529951796240196,11.603115202196715,0.5789088566117483,2.6830545160480344,494.0510333012621,485.3725457816957,486.4729138546984,1.0,10.0,0.1,0.3,0.5,True,
10,mi_concept,3.162277660168379e-07,4.593840669044859,0.27273126366183814,0.5222367888820532,0.015292848901325144,11.60301611602144,0.33290470649942555,4.665188892529501,489.4903538148776,474.40674437442993,476.3054288139492,1.0,10.0,0.1,0.3,0.5,True,
10,mi_concept,5.62341325190349e-07,4.593561174394411,0.27256106269188984,0.5220738096207181,0.015280790672306924,11.60284268821042,0.19474749291157936,7.97304124440057,481.5269766390324,455.76674442228114,458.9680469795103,1.0,10.0,0.1,0.3,0.5,True,
10,mi_concept,1e-06,4.5931216812071884,0.2722485663170803,0.5217744400764379,0.015258752316170868,11.602543105842418,0.11738509297326523,13.222284741332135,467.816505314853,425.1484472751408,430.33234497198464,1.0,10.0,0.1,0.3,0.5,True,
10,mi_concept,1.778279410038923e-06,4.592512780840998,0.27166478412970524,0.5212147197937768,0.015217867884312451,11.602038387613009,0.07448870535713598,20.820149841322213,444.7878297958843,377.7363597509095,385.56668342353146,1.0,10.0,0.1,0.3,0.5,True,
10,mi_concept,3.162277660168379e-06,4.59192123688489,0.2705549663473065,0.5201489847604305,0.015140879055276158,11.60122905678245,0.051517774846258864,30.054940023263747,407.73647705525065,311.242303836211,321.77060049890787,1.0,10.0,0.1,0.3,0.5,True,
10,mi_concept,5.623413251903491e-06,4.59210674639866,0.26844826519809917,0.5181199332182648,0.014996290702151862,11.600056928546653,0.040869285256412015,37.759364723117635,352.34763820152284,231.61109966651182,243.3910817554985,1.0,10.0,0.1,0.3,0.5,True,
8,mi_concept,1e-09,4.3843988018456885,0.47120229715963713,0.6864417653083451,0.024476217720975642,11.532311989815073,15.605794722687236,0.13012199494324408,499.7831603728068,499.33610961240896,499.4946925483418,1.0,10.0,0.1,0.1,0.5,True,
8,mi_concept,1.7782794100389228e-09,4.384491782479001,0.47113044122487924,0.6863894238876931,0.02447212496091761,11.532329147255314,8.784114306998086,0.23115284433803915,499.61449282942976,498.82037005074017,499.10197649431376,1.0,10.0,0.1,0.1,0.5,True,
8,mi_concept,3.1622776601683795e-09,4.384657072736555,0.47100271543943695,0.6862963758023475,0.024464850564875372,11.532359648959332,4.94800837062679,0.4102955281609656,499.3147585036351,497.9052952899608,498.4048137121236,1.0,10.0,0.1,0.1,0.5,True,
8,mi_concept,5.623413251903491e-09,4.384950832116074,0.4707757524969107,0.6861310024309576,0.02445192619164857,11.532413861613758,2.79081971958674,0.7272286778552033,498.782390532413,496.2845070033545,497.1688342158066,1.0,10.0,0.1,0.1,0.5,True,
8,mi_concept,1e-08,4.385472668937565,0.47037268483413025,0.6858372145298987,0.024428979573470833,11.53251017804447,1.577765188319877,1.2856991630591181,497.837722120845,493.4226088797348,494.9827762631772,1.0,10.0,0.1,0.1,0.5,True,
8,mi_concept,1.7782794100389228e-08,4.386398877777445,0.46965762469550143,0.6853157116946185,0.02438829004878755,11.532681170619266,0.8956533270077657,2.2628168730761122,496.1642363380876,488.3967966883925,491.13249283516865,1.0,10.0,0.1,0.1,0.5,True,
8,mi_concept,3.162277660168379e-08,4.38804022130757,0.46839151332917767,0.6843913451594619,0.02431630207576475,11.532984319169241,0.5121429380497879,3.950960467331827,493.20841831731065,479.65569819273134,484.4010489975369,1.0,10.0,0.1,0.1,0.5,True,
8,mi_concept,5.6234132519034905e-08,4.3909401694504915,0.4661576551866569,0.6827573911622319,0.024189468984276128,11.533520357443964,0.2966032128189524,6.802815592889899,488.0150265176226,464.7080792560428,472.78475319334024,1.0,10.0,0.1,0.1,0.5,True,
8,mi_concept,1e-07,4.396033739686382,0.46224281413792695,0.6798844123363375,0.023967726280782167,11.534463326172919,0.17561934497978637,11.432225179107071,478.97466252031865,439.887389067523,453.1890661863246,1.0,10.0,0.1,0.1,0.5,True,
8,mi_concept,1.7782794100389227e-07,4.404873031410961,0.45547131700845706,0.6748861511458485,0.02358569659017062,11.536104756500446,0.10798970822083137,18.431497087102375,463.49355831452266,400.68567603980074,421.3991412000457,1.0,10.0,0.1,0.1,0.5,True,
8,mi_concept,3.162277660168379e-07,4.419827468556626,0.444059958626138,0.6663782399104415,0.022945903667543156,11.538899376441279,0.0707039783343462,27.739548788755716,437.73292894743605,343.68300222552347,373.09667304212047,1.0,10.0,0.1,0.1,0.5,True,
8,mi_concept,5.62341325190349e-07,4.443805022576714,0.42580429267931813,0.6525368132751731,0.02193163107187194,11.543440629046987,0.05114499259783455,37.4398339183588,396.94139980329464,270.84706893576805,307.0427974005399,1.0,10.0,0.1,0.1,0.5,True,
8,mi_concept,1e-06,4.478274416043006,0.39940667944488845,0.6319862968806274,0.020482105051412944,11.550153970921299,0.04291653545306396,43.062602524526866,337.5398692546052,193.48801396687114,229.91916903096316,1.0,10.0,0.1,0.1,0.5,True,
8,mi_concept,1.778279410038923e-06,4.518454959204327,0.36783433166735174,0.6064934720731557,0.01876907504793273,11.558415217687882,0.04402911295932132,40.18082538478018,262.0011244352318,128.0919950061723,157.0299884816969,1.0,10.0,0.1,0.1,0.5,True,
8,mi_concept,3.162277660168379e-06,4.549898057236957,0.3415985955829074,0.5844643663927745,0.017350407656113894,11.56554212368037,0.05699001769409263,29.911657143304964,183.47670408259424,83.65035428779386,102.4324650738926,1.0,10.0,0.1,0.1,0.5,True,
8,mi_concept,5.623413251903491e-06,4.559190722681629,0.33227524803605973,0.5764332121209358,0.01682512217381281,11.56833245695866,0.08946144354846589,18.80115752089635,120.10800044887964,57.07843369169223,68.24863395899632,1.0,10.0,0.1,0.1,0.5,True,
11,mi_concept,1e-09,4.676910452889375,0.1940651585283707,0.44052827211016854,0.011321635995192205,11.627311198095901,242.96792646795691,0.0054673494115005696,499.9796575276609,499.96290022161907,499.9630156019612,1.0,10.0,0.1,0.5,0.5,True,
11,mi_concept,1.7782794100389228e-09,4.676909321059615,0.19406553116200245,0.44052869504948533,0.011321657892025844,11.627310796195816,136.63960245427236,0.009721867270373889,499.96382619783986,499.93402890980093,499.9342340439344,1.0,10.0,0.1,0.5,0.5,True,
11,mi_concept,3.1622776601683795e-09,4.676907007681095,0.19406673365564048,0.44053005987746224,0.011321724300227144,11.627309920303093,76.84690904825247,0.017286273512860714,499.93567539797544,499.88269340357715,499.88305814887366,1.0,10.0,0.1,0.5,0.5,True,
11,mi_concept,5.623413251903491e-09,4.676902970560242,0.1940687457549479,0.44053234359686677,0.011321835970461663,11.627308402506308,43.22298563468921,0.03073374917132561,499.88562089143414,499.7914227762153,499.7920712475959,1.0,10.0,0.1,0.5,0.5,True,
11,mi_concept,1e-08,4.676895776623811,0.19407232794835452,0.44053640933338817,0.011322033521625679,11.62730569786978,24.314864162847442,0.05463398990284039,499.7966273116943,499.62917576920603,499.6303284635606,1.0,10.0,0.1,0.5,0.5,True,
11,mi_concept,1.7782794100389228e-08,4.6768829936853304,0.19407869311098228,0.44054363360623233,0.011322384729928794,11.627300889914489,13.682049699029097,0.09709380724735986,499.6384266011537,499.34083752170426,499.34288585329386,1.0,10.0,0.1,0.5,0.5,True,
11,mi_concept,3.162277660168379e-08,4.6768602742544765,0.19409000857688632,0.44055647603557746,0.011323009026475926,11.627292342777135,7.702785236396908,0.17246818712187945,499.35727454565546,498.82866733271845,498.8323051616117,1.0,10.0,0.1,0.5,0.5,True,
11,mi_concept,5.6234132519034905e-08,4.676819912370328,0.19411011439897016,0.4405792941105723,0.011324118210862068,11.627277152399213,4.34040931435649,0.3060914097997608,498.8578541913439,497.91970309910704,497.92615741355377,1.0,10.0,0.1,0.5,0.5,True,
11,mi_concept,1e-07,4.6767482632339075,0.19414581751755328,0.4406198106276581,0.011326087584631923,11.62725016693438,2.44962699998947,0.5424083050002232,497.97147057821024,496.30903949596905,496.3204705572584,1.0,10.0,0.1,0.5,0.5,True,
11,mi_concept,1.7782794100389227e-07,4.676621246011991,0.19420914864622246,0.44069167072480786,0.011329580073227371,11.6272022652418,1.3863987235583841,0.9585549126944257,496.40067168810054,493.4628417277804,493.48302319331015,1.0,10.0,0.1,0.5,0.5,True,
11,mi_concept,3.162277660168379e-07,4.6763966215246064,0.19432126609251665,0.44081885859445336,0.011335760296441573,11.627117355095068,0.788567160522943,1.6857999038313765,493.6244557961026,488.457887619807,488.49331890814705,1.0,10.0,0.1,0.5,0.5,True,
11,mi_concept,5.62341325190349e-07,4.67600111012592,0.19451905329397287,0.4410431422139708,0.011346654489479462,11.626967224326163,0.45249935534197555,2.9394957503015853,488.74112062745235,479.7327701966419,479.7943604438758,1.0,10.0,0.1,0.5,0.5,True,
11,mi_concept,1e-06,4.675310152801744,0.19486575922708743,0.4414360194038174,0.011365724805519133,11.62670298839726,0.2637264074588385,5.048567871013078,480.22358035345616,464.7532517063235,464.85845330067167,1.0,10.0,0.1,0.5,0.5,True,
11,mi_concept,1.778279410038923e-06,4.674120167999739,0.19546650291464046,0.44211593831781326,0.0113986856677475,11.626241807697252,0.15795711682544789,8.4436140552214,465.58704055846573,439.71742509161965,439.89166355023076,1.0,10.0,0.1,0.5,0.5,True,
11,mi_concept,3.162277660168379e-06,4.672124128396936,0.19648526761146004,0.443266587519813,0.011454325435574416,11.625449425537372,0.0991922590115703,13.485014081490775,441.0854851674871,399.7807857016637,400.0542710435598,1.0,10.0,0.1,0.5,0.5,True,
11,mi_concept,5.623413251903491e-06,4.668939397698227,0.19814341698999832,0.445133032912632,0.011544102952080372,11.624128647739743,0.06750476679148368,19.908575193585506,401.8948209571574,340.9384707550186,341.3299602800046,1.0,10.0,0.1,0.5,0.5,True,
9,mi_concept,1e-09,4.493791231633683,0.3635554309212095,0.6029555795589004,0.01984056567169044,11.572303121542266,46.69651357667876,0.03802518369784207,499.93851010900033,499.8094829474698,499.841060699774,1.0,10.0,0.1,0.2,0.5,True,
9,mi_concept,1.7782794100389228e-09,4.49379850328188,0.3635466652250134,0.6029483105748066,0.01984004390019961,11.572304361012119,26.266172324896754,0.06760107421308996,499.8906612607299,499.6612792885696,499.71741200481466,1.0,10.0,0.1,0.2,0.5,True,
9,mi_concept,3.1622776601683795e-09,4.493811445044772,0.36353106988541417,0.6029353778684862,0.01983911603174052,11.572306567985256,14.777349231808412,0.12015566813409194,499.80558876754935,499.39788700923714,499.49763918634136,1.0,10.0,0.1,0.2,0.5,True,
9,mi_concept,5.623413251903491e-09,4.493834458183477,0.36350334572538967,0.6029123864421676,0.019837466534586384,11.572310490782927,8.316712467823827,0.21348731264516774,499.6543571078765,498.92999236615447,499.1071664661458,1.0,10.0,0.1,0.2,0.5,True,
9,mi_concept,1e-08,4.493875398468219,0.3634540540647348,0.6028715070931241,0.019834533906287772,11.572317465032274,4.683635142240368,0.37906213010515455,499.38558616100113,498.0994931622791,498.4138855014277,1.0,10.0,0.1,0.2,0.5,True,
9,mi_concept,1.7782794100389228e-08,4.493948254653976,0.36336642811473047,0.6027988288929653,0.019829320887972974,11.572329862170474,2.640615771398049,0.6722554989729002,498.9081455790586,496.62751449466765,497.1844718996722,1.0,10.0,0.1,0.2,0.5,True,
9,mi_concept,3.162277660168379e-08,4.494077977254406,0.3632106974783869,0.6026696420746501,0.01982005723392637,11.572351891128324,1.4917596272278772,1.1897204984379972,498.06073044454814,494.0252767873526,495.0090393889768,1.0,10.0,0.1,0.2,0.5,True,
9,mi_concept,5.6234132519034905e-08,4.4943091734057266,0.3629340601896123,0.602440088464913,0.019803604645656624,11.572391012550202,0.8457425520542395,2.097661339678182,496.55885763930746,489.4458526811752,491.174413576045,1.0,10.0,0.1,0.2,0.5,True,
9,mi_concept,1e-07,4.494721894846903,0.36244306827543615,0.6020324478592796,0.019774413667628957,11.572460416733428,0.48251795002351366,3.6741564556861355,493.9040471533574,481.45183172165184,484.4610384023005,1.0,10.0,0.1,0.2,0.5,True,
9,mi_concept,1.7782794100389227e-07,4.4954606742865755,0.361573011294735,0.6013094139415539,0.019722717113530644,11.572583318693427,0.27836467098606965,6.360923324695063,489.2329670809832,467.6948270022003,472.8484294593814,1.0,10.0,0.1,0.2,0.5,True,
9,mi_concept,3.162277660168379e-07,4.4967887278598315,0.3600358860312173,0.6000299042807927,0.019631479192321583,11.57280024638418,0.16374602580586783,10.789769402887424,481.081619170328,444.6057514619776,453.1819736620832,1.0,10.0,0.1,0.2,0.5,True,
9,mi_concept,5.62341325190349e-07,4.499189874789671,0.3573364354347729,0.5977762419457409,0.019471526249257444,11.57318090711012,0.09962731618726446,17.66544405888948,467.0620219899049,407.5039553608954,421.08170642301343,1.0,10.0,0.1,0.2,0.5,True,
9,mi_concept,1e-06,4.503553289123899,0.35265455694367004,0.5938472505145326,0.01919486648022839,11.573841781233678,0.06418976986664572,27.232934942507647,443.55643535631884,352.146121751447,371.8942485230784,1.0,10.0,0.1,0.2,0.5,True,
9,mi_concept,1.778279410038923e-06,4.511442855437404,0.3447562124079049,0.5871594437696671,0.018729971400536755,11.574965313522197,0.04542975057816286,38.03351988912881,405.85382494413903,279.03108536417994,304.0337344749908,1.0,10.0,0.1,0.2,0.5,True,
9,mi_concept,3.162277660168379e-06,4.52510532446112,0.33226194912400864,0.5764216764869349,0.01799778252911908,11.576788018600148,0.037165759663055645,45.616385996223094,349.7772693670766,198.9303381434279,224.60827718303858,1.0,10.0,0.1,0.2,0.5,True,
9,mi_concept,5.623413251903491e-06,4.545553120760966,0.31524192367186055,0.5614640893876122,0.01700166526173502,11.579417766773995,0.03721028421437504,44.34265722041395,276.10984047967827,130.48431707512034,150.71363529324236,1.0,10.0,0.1,0.2,0.5,True,
12,mi_concept,1e-09,4.604349450173185,0.2638722708993179,0.513684991896121,0.014929092962668665,11.59230059886875,1.0391267360353262,1.4891308116330373,497.94372377829814,493.4538549107742,493.7454346730024,1.0,10.0,1.0,0.1,0.5,True,
12,mi_concept,1.7782794100389228e-09,4.604691222226245,0.26367888019073615,0.5134967187730961,0.014916187606473215,11.592304639257154,0.5900588596147834,2.621286074286701,496.3518950842628,488.44776302035183,488.9579462036409,1.0,10.0,1.0,0.1,0.5,True,
12,mi_concept,3.1622776601683795e-09,4.605299429239156,0.26333472374141553,0.5131614986935551,0.014893244403872064,11.59231286896345,0.33758245093713907,4.578136124366844,493.53948488211404,479.732459460044,480.6140712737636,1.0,10.0,1.0,0.1,0.5,True,
12,mi_concept,5.623413251903491e-09,4.6063819142761595,0.2627220906749547,0.512564230779865,0.014852474428713054,11.592330721536033,0.195699421009843,7.886259198686451,488.5955024605643,464.8042580495192,466.29469175179537,1.0,10.0,1.0,0.1,0.5,True,
12,mi_concept,1e-08,4.608307273610576,0.2616316270451239,0.5114993910505895,0.014780121524244228,11.592372170409776,0.11608339587423588,13.261920414280656,479.9813939469855,439.94880147502795,442.3742697495874,1.0,10.0,1.0,0.1,0.5,True,
12,mi_concept,1.7782794100389228e-08,4.611719407110214,0.2596942117822833,0.5096020131262075,0.01465220800922654,11.592473994033194,0.07162157981940886,21.39936847755221,465.2062719429154,400.53159587032036,404.2298500475242,1.0,10.0,1.0,0.1,0.5,True,
12,mi_concept,3.162277660168379e-08,4.617688462844754,0.2562791893178869,0.5062402486151085,0.0144285037136178,11.592730558687057,0.047188419839821055,32.22468472636917,440.5501093668674,342.9127348462132,347.9762530457581,1.0,10.0,1.0,0.1,0.5,True,
12,mi_concept,5.6234132519034905e-08,4.627738284851208,0.25041192460587564,0.5004117550636432,0.014048597709194442,11.593359963941332,0.034520866758929875,43.453473751521756,401.31276004382283,268.9609196056833,274.82763216338986,1.0,10.0,1.0,0.1,0.5,True,
12,mi_concept,1e-07,4.643084163898477,0.24101698025688023,0.4909348024502645,0.013449442140908024,11.594747718432625,0.029485951505254633,49.76486295515932,343.68660920729116,190.55850262340473,195.96819752122633,1.0,10.0,1.0,0.1,0.5,True,
12,mi_concept,1.7782794100389227e-07,4.661919206614829,0.22832637967788894,0.47783509674142705,0.012652027024339055,11.597173076720706,0.030900925696666453,46.07387445376165,269.37788946353345,125.25152458907765,129.1721487126997,1.0,10.0,1.0,0.1,0.5,True,
12,mi_concept,3.162277660168379e-07,4.676712142275245,0.21653154403015845,0.46532950049417504,0.01190964778870262,11.599919509380287,0.04060284986686611,34.06603480736611,190.5152065778582,81.9044495701101,84.36004652947553,1.0,10.0,1.0,0.1,0.5,True,
12,mi_concept,5.62341325190349e-07,4.6801983076063625,0.21203767610003185,0.460475489141422,0.01159517048251943,11.601288325352371,0.06402930640533772,21.336782010574545,125.2865352201872,56.34920708021738,57.87802015164119,1.0,10.0,1.0,0.1,0.5,True,
12,mi_concept,1e-06,4.674093249976742,0.2150201339581587,0.4637026352719582,0.011717698667620242,11.60094677143441,0.10836201929095816,12.673086379390359,82.51478986470893,41.32654084093587,42.346087034285524,1.0,10.0,1.0,0.1,0.5,True,
12,mi_concept,1.778279410038923e-06,4.662331964138372,0.22202987219652365,0.4712004586123868,0.012071330327071209,11.599797396819211,0.17820017497397322,7.817310794373115,57.47846686936389,31.987734008725596,32.736471686279565,1.0,10.0,1.0,0.1,0.5,True,
12,mi_concept,3.162277660168379e-06,4.648131606224897,0.23074394989831287,0.4803581475298539,0.012543835678358964,11.598425308284401,0.2691650865165735,5.270541356626466,42.811997530052196,25.617862798380298,26.217391538648826,1.0,10.0,1.0,0.1,0.5,True,
12,mi_concept,5.623413251903491e-06,4.637238980021344,0.23747968070259987,0.48731886963527266,0.012945442134333612,11.597446062968004,0.36284220633501596,3.9675043205901734,33.73650231865965,20.8338327301931,21.333234570219908,1.0,10.0,1.0,0.1,0.5,True,
14,mi_concept,1e-09,4.60270269796211,0.2586163890225514,0.5085433993500962,0.014466846850793738,11.604143943358928,7.735638809835221,0.19549241509021162,499.7535259450524,499.13048029087395,499.19148359830587,1.0,10.0,1.0,0.3,0.5,True,
14,mi_concept,1.7782794100389228e-09,4.602706184295959,0.258604474163647,0.5085316845228496,0.01446614152521398,11.604137777185388,4.355304878165496,0.3472156870562369,499.5618207492294,498.45524157771405,498.5635232956352,1.0,10.0,1.0,0.3,0.5,True,
14,mi_concept,3.1622776601683795e-09,4.602712454960933,0.25858327858716706,0.50851084411954,0.014464886554074905,11.60412682405685,2.4544098463941078,0.6161071195481779,499.22117565315466,497.25769192019214,497.44961895215505,1.0,10.0,1.0,0.3,0.5,True,
14,mi_concept,5.623413251903491e-09,4.602723829211545,0.2585455637234346,0.5084737591296473,0.014462652657596565,11.604107384441985,1.3854694681637902,1.0913909983529955,498.6162356216155,495.1382316713789,495.4775555385805,1.0,10.0,1.0,0.3,0.5,True,
14,mi_concept,1e-08,4.602744759296554,0.25847842317888814,0.5084077332013038,0.014458673221380735,11.604072936085398,0.7843805172332101,1.9275434816358203,497.54307726454726,491.40098739734316,491.9982085499983,1.0,10.0,1.0,0.3,0.5,True,
14,mi_concept,1.7782794100389228e-08,4.602784190093584,0.2583587999381079,0.5082900746012142,0.014451574892003674,11.604012060075329,0.44639973503193336,3.3862904590566325,495.6428726694174,484.8541498603804,485.896914053468,1.0,10.0,1.0,0.3,0.5,True,
14,mi_concept,3.162277660168379e-08,4.602861226194978,0.2581453653706742,0.508080077714797,0.01443888418852291,11.603905021712809,0.25640417874710014,5.893514528553137,492.289435995215,473.51765646055014,475.3128112934489,1.0,10.0,1.0,0.3,0.5,True,
14,mi_concept,5.6234132519034905e-08,4.603019661216031,0.2577636390944917,0.5077042831161578,0.014416107554396259,11.603718552679124,0.14967842819946098,10.089546221754665,486.4062234061418,454.28384166995187,457.2983716905107,1.0,10.0,1.0,0.3,0.5,True,
14,mi_concept,1e-07,4.603366735914165,0.2570783315879764,0.5070289257902121,0.014374976517797105,11.60339934772057,0.08987263074964319,16.784668629511994,476.1921056680855,422.79346935890885,427.64067547969245,1.0,10.0,1.0,0.3,0.5,True,
14,mi_concept,1.7782794100389227e-07,4.604176158907636,0.25584154749986093,0.5058078167642933,0.014300045944595568,11.60287137319656,0.05662548852943574,26.583810601101575,458.7823759755197,374.3025829943762,381.53676035207974,1.0,10.0,1.0,0.3,0.5,True,
14,mi_concept,3.162277660168379e-07,4.606139946426758,0.2535996213819103,0.5035867565592946,0.01416233003011566,11.602058115910612,0.03864239270828609,38.80064909556937,430.04801754453257,306.9176152848495,316.4537588763623,1.0,10.0,1.0,0.3,0.5,True,
14,mi_concept,5.62341325190349e-07,4.610822847367345,0.249566326036715,0.4995661378003067,0.01391024598291143,11.600990144277818,0.029888103179877914,49.78538525748815,385.18501537714405,227.34938079461574,237.70506316419485,1.0,10.0,1.0,0.3,0.5,True,
14,mi_concept,1e-06,4.620647237071828,0.24271152886147054,0.4926576182923294,0.013474608747395799,11.600061966672577,0.027642355707897068,53.088224229922915,321.38987193783356,152.81740201035518,161.470129104626,1.0,10.0,1.0,0.3,0.5,True,
14,mi_concept,1.778279410038923e-06,4.6355573948671935,0.2331271998450372,0.48283247596349316,0.012857319211982658,11.600064176115616,0.03186003924882392,45.11910935311594,243.29958875794628,99.03249083954455,104.63850605108733,1.0,10.0,1.0,0.3,0.5,True,
14,mi_concept,3.162277660168379e-06,4.647769949456681,0.2247855031643443,0.47411549559610927,0.012307576191213344,11.600989176857919,0.045633482074339184,30.91924025704567,166.46408389166567,66.58386414581109,69.80501220673109,1.0,10.0,1.0,0.3,0.5,True,
14,mi_concept,5.623413251903491e-06,4.650767339681844,0.22217445193732288,0.4713538500291717,0.012119569350759758,11.601577935196028,0.07534910016106441,18.616184169900368,108.20129477347164,47.725594053000634,49.57528145335354,1.0,10.0,1.0,0.3,0.5,True,
13,mi_concept,1e-09,4.606124717369605,0.25384271461504215,0.503828060567335,0.014206829195448686,11.602929937745554,3.449654825852877,0.435978709539792,499.4660561355851,498.0808458170536,498.1888817261558,1.0,10.0,1.0,0.2,0.5,True,
13,mi_concept,1.7782794100389228e-09,4.606142195894081,0.2538188842564547,0.503804410715562,0.01420528607064162,11.60291572149448,1.9450438313188168,0.7731989551160888,499.0510661600841,496.59446561652175,496.785804991199,1.0,10.0,1.0,0.2,0.5,True,
13,mi_concept,3.1622776601683795e-09,4.606173641043247,0.2537764189525995,0.5037622643197875,0.014202536054873535,11.602890525740003,1.0989527253490985,1.3683761465547084,498.3143229299142,493.96685719341275,494.30466554985077,1.0,10.0,1.0,0.2,0.5,True,
13,mi_concept,5.623413251903491e-09,4.606230703128638,0.2537006257968477,0.5036870315948662,0.01419762716627529,11.602845988640377,0.6231853794330597,2.412696362374012,497.008050554128,489.3430666957299,489.93613585681845,1.0,10.0,1.0,0.2,0.5,True,
13,mi_concept,1e-08,4.606335759563286,0.2535649736231176,0.503552354401325,0.014188839617236448,11.602767636475301,0.3556857132407491,4.2260799759591725,494.6972900429243,481.27248367566744,482.30342632818844,1.0,10.0,1.0,0.2,0.5,True,
13,mi_concept,1.7782794100389228e-08,4.606533727067985,0.25332103912867976,0.5033100824826379,0.014173032436982536,11.602630981715023,0.20533824392207212,7.316871288831086,490.6262263707932,467.38650259179127,469.14751265737783,1.0,10.0,1.0,0.2,0.5,True,
13,mi_concept,3.162277660168379e-08,4.606919963766565,0.25287896196067905,0.5028707209220666,0.014144372109665399,11.602396419483659,0.12093291845840835,12.412811873390615,483.50544089320243,444.089611123833,447.00667501018853,1.0,10.0,1.0,0.2,0.5,True,
13,mi_concept,5.6234132519034905e-08,4.60770890400896,0.2520681436924685,0.5020638840749935,0.014091778697978471,11.602005845082312,0.07372393956512054,20.32834847515798,471.2080535262437,406.68024639994604,411.2612412669893,1.0,10.0,1.0,0.2,0.5,True,
13,mi_concept,1e-07,4.609400324516537,0.25055726326383665,0.5005569530671177,0.013993764363770504,11.60139361682901,0.047644557471001055,31.35938659709126,450.44127879696,350.9400472931893,357.50990679344847,1.0,10.0,1.0,0.2,0.5,True,
13,mi_concept,1.7782794100389227e-07,4.613127534784334,0.247704850448673,0.4976995584171971,0.013809007714797546,11.600550807475301,0.03385289996754796,43.87592167164278,416.7138225618985,277.51908555046094,285.64342724694575,1.0,10.0,1.0,0.2,0.5,True,
13,mi_concept,3.162277660168379e-07,4.621032406680078,0.24239822880287235,0.4923395462512354,0.013467140409431245,11.599713940143136,0.02777353610424744,52.88315777514832,365.47570241991934,197.49655366101487,205.54543075225357,1.0,10.0,1.0,0.2,0.5,True,
13,mi_concept,5.62341325190349e-07,4.635073123009533,0.23351433246902176,0.4832332071257332,0.01290039704740313,11.599584647291476,0.027687111676717478,52.03610494521774,295.79764226193385,129.68600307593144,135.76457961522007,1.0,10.0,1.0,0.2,0.5,True,
13,mi_concept,1e-06,4.651593862545241,0.22255964801214767,0.47176227913234825,0.012205259183377917,11.600725652334031,0.034514085407172615,40.73856472495914,216.0817197464528,84.70882592845855,88.43313891310925,1.0,10.0,1.0,0.2,0.5,True,
13,mi_concept,1.778279410038923e-06,4.660756101020359,0.21549749329207385,0.4642170756144951,0.011745779963130618,11.602081647118059,0.05249105193219986,26.354833470420292,144.22496698776303,58.346795271677365,60.50840436389689,1.0,10.0,1.0,0.2,0.5,True,
13,mi_concept,3.162277660168379e-06,4.660567755584566,0.21499350703089493,0.4636739231732737,0.011692973766284944,11.602399124237726,0.08847452263944514,15.609571705292316,93.99462050430195,42.89648157638638,44.19437216277561,1.0,10.0,1.0,0.2,0.5,True,
13,mi_concept,5.623413251903491e-06,4.655599107025008,0.21797531316448682,0.46687826375243346,0.011857855938490642,11.602091581039058,0.14823784308557988,9.373360717202472,64.048975680543,33.32020396288827,34.162581838713585,1.0,10.0,1.0,0.2,0.5,True,
15,mi_concept,1e-09,4.6392511672702135,0.22634353755190534,0.4757557540922709,0.013058776143609282,11.615239342966504,20.955568392021615,0.06843226385886687,499.9018996634348,499.69138425452667,499.7013216085075,1.0,10.0,1.0,0.5,0.5,True,
15,mi_concept,1.7782794100389228e-09,4.639243803146836,0.2263453472112471,0.47575765596703445,0.013058837243699606,11.615235483261296,11.789530969330551,0.12163706717690212,499.8255692547359,499.4513825629012,499.46904230615945,1.0,10.0,1.0,0.5,0.5,True,
15,mi_concept,3.1622776601683795e-09,4.639230720118537,0.22634856270758422,0.47576103529774716,0.013058945798549246,11.615228621745514,6.6350919173598655,0.21613210719632375,499.6898736586388,499.0249976866928,499.0563648464461,1.0,10.0,1.0,0.5,0.5,True,
15,mi_concept,5.623413251903491e-09,4.639207493151007,0.22635427031679167,0.4757670336591131,0.013059138196622667,11.615216426031612,3.736542345067455,0.3837982621574016,499.4486991966612,498.26804558917746,498.32370901282576,1.0,10.0,1.0,0.5,0.5,True,
15,mi_concept,1e-08,4.6391663087665975,0.22636438987513693,0.4757776685334621,0.013059478374717184,11.615194758339019,2.1065761887721726,0.6807812511479236,499.02023505152124,496.92600782469725,497.02462685620776,1.0,10.0,1.0,0.5,0.5,True,
15,mi_concept,1.7782794100389228e-08,4.639093447673516,0.22638229126962,0.47579648093446425,0.013060077191609435,11.6151562887154,1.1899931948985503,1.2052058573037825,498.25960511921977,494.5521860234763,494.72640732824374,1.0,10.0,1.0,0.5,0.5,True,
15,mi_concept,3.162277660168379e-08,4.63896506775437,0.2264138276973492,0.47582962044974586,0.013061122727735883,11.61508807420878,0.6745862433750569,2.126205042361426,496.91108904785915,490.37067039881885,490.6768829385358,1.0,10.0,1.0,0.5,0.5,True,
15,mi_concept,5.6234132519034905e-08,4.638740512473831,0.22646896985794515,0.47588756010001476,0.013062921038637784,11.614967389067667,0.3847972090854682,3.727994387586395,494.5259408631301,483.058712771498,483.592064128595,1.0,10.0,1.0,0.5,0.5,True,
15,mi_concept,1e-07,4.638352931875474,0.22656406992456915,0.4759874682431977,0.013065927218437965,11.61475474618818,0.221918473456384,6.465840718035878,490.32488611581783,470.4374096981299,471.3516462976566,1.0,10.0,1.0,0.5,0.5,True,
15,mi_concept,1.7782794100389227e-07,4.637700336996491,0.22672388824036127,0.4761553194498212,0.013070672737393148,11.614382889177467,0.13047184783051105,11.002430788864197,482.98002861182766,449.14246827604455,450.66616438262577,1.0,10.0,1.0,0.5,0.5,True,
15,mi_concept,3.162277660168379e-07,4.636652732744535,0.226979070801765,0.476423205565981,0.013077249874654128,11.613741749172174,0.07931400737569363,18.111485046614323,470.30574176485766,414.61210112240684,417.03032217582296,1.0,10.0,1.0,0.5,0.5,True,
15,mi_concept,5.62341325190349e-07,4.635128942437053,0.22734368653862644,0.4768057115205589,0.013083292482415751,11.612666290939389,0.051036032514886344,28.174318086431622,448.932385235637,362.30398549717523,365.834193739274,1.0,10.0,1.0,0.5,0.5,True,
15,mi_concept,1e-06,4.6333820161723365,0.22772868420081488,0.4772092666753391,0.013077701620630607,11.610959953071413,0.036056655340291816,39.92046676692154,414.3043737082064,291.53336484520213,296.02418798189206,1.0,10.0,1.0,0.5,0.5,True,
15,mi_concept,1.778279410038923e-06,4.632666301416327,0.22771206144123401,0.4771918497221364,0.013026114088468148,11.60855274471422,0.029426040293855205,48.91453634453505,361.9182244292253,211.2741007497414,215.90581231283738,1.0,10.0,1.0,0.5,0.5,True,
15,mi_concept,3.162277660168379e-06,4.635607270543483,0.22628087307216413,0.47568989170694403,0.012859629043658886,11.60591614412144,0.029321288584682727,48.90596214197717,291.174123295668,139.86995360850483,143.52391885157343,1.0,10.0,1.0,0.5,0.5,True,
15,mi_concept,5.623413251903491e-06,4.642883090482677,0.22277004238944856,0.4719852141640123,0.012547991090234321,11.604234906030122,0.03682580409957072,38.58392755388075,211.11055217853607,90.61997541587313,92.91684927614392,1.0,10.0,1.0,0.5,0.5,True,
20,mi_concept,1e-09,5.014541722490167,0.05021763275044232,0.22409291097766193,0.0029049654961887886,11.680347858815015,4.418012046783932,0.16363590519114177,498.8567450716702,498.7723957855064,498.96142306136306,1.0,1.0,0.1,0.1,1.0,True,
20,mi_concept,1.7782794100389228e-09,5.014538548776798,0.050012909199154666,0.22363566173388955,0.0028940215620798515,11.680441321247082,2.4866205632278002,0.2901651012513457,497.96960832693384,497.8206507309557,498.15554669571867,1.0,1.0,0.1,0.1,1.0,True,
20,mi_concept,3.1622776601683795e-09,5.014532279349028,0.049651054766990076,0.2228251663681418,0.0028746701313625504,11.68060669324112,1.4005173292782556,0.513397813410642,496.39770572245743,496.1360769004934,496.72769655568294,1.0,1.0,0.1,0.1,1.0,True,
20,mi_concept,5.623413251903491e-09,5.014519183838731,0.049014476672776544,0.221392133267595,0.002840602743134109,11.680898164828958,0.7897530852170537,0.9048247883339988,493.6202608504618,493.1651731425206,494.2049873521205,1.0,1.0,0.1,0.1,1.0,True,
20,mi_concept,1e-08,5.014489911739968,0.047903942270483016,0.21886969244389004,0.002781096152826446,11.681408353327239,0.4462889226651949,1.583688547941658,488.7369986381507,487.95905617071963,489.770178863643,1.0,1.0,0.1,0.1,1.0,True,
20,mi_concept,1.7782794100389228e-08,5.014419868179688,0.04599515016589655,0.21446479936319748,0.002678588353311388,11.682290518719446,0.2531340074608802,2.7382799408873226,480.2263925282919,478.9377175401382,482.04262403585085,1.0,1.0,0.1,0.1,1.0,True,
20,mi_concept,3.162277660168379e-08,5.014243392248792,0.04279951591246387,0.20688043868975112,0.00250630052815182,11.683783247976987,0.14449634257322344,4.634590876405333,465.6219039809752,463.60687790556295,468.7846997979384,1.0,1.0,0.1,0.1,1.0,True,
20,mi_concept,5.6234132519034905e-08,5.013790635858323,0.03769218331174865,0.1941447483496493,0.002229057532262903,11.686215037353623,0.08337350059599667,7.559579255808627,441.23052887296717,438.40673834990156,446.6420587179478,1.0,1.0,0.1,0.1,1.0,True,
20,mi_concept,1e-07,5.0126647137595794,0.030166962809148865,0.17368639212427917,0.0018157167890952963,11.689923953850471,0.04895164863669248,11.581930379292054,402.36053945772454,399.20954649870254,411.3150660481153,1.0,1.0,0.1,0.1,1.0,True,
20,mi_concept,1.7782794100389227e-07,5.0101319045781505,0.02053265176981075,0.1432921901912688,0.0012758572536145242,11.694981294792408,0.029526448609722485,16.01575252298125,345.1436494144757,343.3353369104055,359.04546708986413,1.0,1.0,0.1,0.1,1.0,True,
20,mi_concept,3.162277660168379e-07,5.005488597851686,0.010806936562661624,0.10395641664977504,0.0007125988658598836,11.700161329375723,0.01856614186928711,18.912338250027158,271.1038029688223,273.243366799222,290.2793947466502,1.0,1.0,0.1,0.1,1.0,True,
20,mi_concept,5.62341325190349e-07,4.999820705654057,0.004178805675880974,0.0646436824127538,0.00030800287718703165,11.695109803707625,0.01278172209927854,17.946659865475077,192.14963786766558,198.94060525503653,213.77176138679064,1.0,1.0,0.1,0.1,1.0,True,
20,mi_concept,1e-06,4.998489245584015,0.002021189296621438,0.04495763891288596,0.00016801238659220656,11.69146057463757,0.012728650120272323,13.268743524226847,126.50303816713786,134.14410125666376,144.74482561553194,1.0,1.0,0.1,0.1,1.0,True,
20,mi_concept,1.778279410038923e-06,5.008951959481228,0.004611927649802756,0.06791117470492435,0.0003478435804698296,11.696704906645198,0.030325630825403675,8.032723135362966,83.2995553576482,87.59819777171943,94.54709923788762,1.0,1.0,0.1,0.1,1.0,True,
20,mi_concept,3.162277660168379e-06,5.031879521164786,0.022138580410808514,0.1487903908550835,0.0014665709358797506,11.694945011991246,0.11267223446539479,4.4775630520613765,57.984885612249265,58.669263182432694,63.40065443385114,1.0,1.0,0.1,0.1,1.0,True,
20,mi_concept,5.623413251903491e-06,5.050861516528872,0.09240421065356631,0.3039806090091378,0.00557561019873364,11.659574402260404,0.3899076291608176,2.561542863637979,43.15798515576688,41.56404492372723,45.076649574868206,1.0,1.0,0.1,0.1,1.0,True,
22,mi_concept,1e-09,4.386863733155103,0.46208174261661283,0.6797659469380714,0.024023534465714255,11.540804452402218,54.69033427567015,0.03609903157432724,499.8640234323146,499.7326884620766,499.77481608479314,1.0,1.0,0.1,0.3,1.0,True,
22,mi_concept,1.7782794100389228e-09,4.386878780957601,0.4620685689393343,0.6797562570063878,0.024022698089998625,11.54080765254547,30.767772186468726,0.06416562783345296,499.75823220795775,499.52478705101765,499.5996616919863,1.0,1.0,0.1,0.3,1.0,True,
22,mi_concept,3.1622776601683795e-09,4.3869055335896,0.46204514938148444,0.67973903035024,0.02402121106827988,11.540813341703759,17.315133383683648,0.11401423926788806,499.5701848179249,499.15538626834547,499.2884077817787,1.0,1.0,0.1,0.3,1.0,True,
22,mi_concept,5.623413251903491e-09,4.386953104714992,0.4620035092160963,0.6797084001364823,0.024018567344739155,11.540823456719417,9.750169779603722,0.202464385810433,499.2360335615499,498.49945485545896,498.73560479824977,1.0,1.0,0.1,0.3,1.0,True,
22,mi_concept,1e-08,4.3870376959724275,0.4619294772159058,0.6796539393072815,0.02401386768555593,11.540841440155315,5.496097921873784,0.35913975364789363,498.642607435728,497.3360741838292,497.7547549373744,1.0,1.0,0.1,0.3,1.0,True,
22,mi_concept,1.7782794100389228e-08,4.3871881113994995,0.4617978778105937,0.6795571188727212,0.024005515483303777,11.540873407168267,3.1038927649464267,0.6358212207549266,497.58981702083753,495.2768578004241,496.0174244234081,1.0,1.0,0.1,0.3,1.0,True,
22,mi_concept,3.162277660168379e-08,4.387455553631935,0.4615640170715121,0.6793850285894679,0.023990679142842013,11.540930213591873,1.7587197925714315,1.1217850380284884,495.72549609575753,491.64512202320003,492.9496258494275,1.0,1.0,0.1,0.3,1.0,True,
22,mi_concept,5.6234132519034905e-08,4.387931004021016,0.4611486613879753,0.6790792747448381,0.02396434767814901,11.541031103321316,1.002385711849576,1.9671202385072244,492.43481929128774,485.2808709656178,487.56192844201723,1.0,1.0,0.1,0.3,1.0,True,
22,mi_concept,1e-07,4.388775970692222,0.46041171810241166,0.6785364530387529,0.023917688923245535,11.541210097990836,0.5772690799130387,3.4124067504684485,486.6599526257928,474.2536425865341,478.19083526212984,1.0,1.0,0.1,0.3,1.0,True,
22,mi_concept,1.7782794100389227e-07,4.390276450741538,0.45910679979852964,0.6775742024299107,0.023835255055727003,11.541527026528048,0.3385715184750669,5.808089262038822,476.6285598031916,455.52372163066934,462.16590690144693,1.0,1.0,0.1,0.3,1.0,True,
22,mi_concept,3.162277660168379e-07,4.392935464284779,0.4568054260831668,0.6758738240849151,0.02369044155515232,11.542085936215823,0.20500408292215366,9.56289402098247,459.5142472131641,424.7978394314557,435.5653071415066,1.0,1.0,0.1,0.3,1.0,True,
22,mi_concept,5.62341325190349e-07,4.397620659736366,0.45278158014088915,0.6728904666741008,0.02343893281643248,11.543063234766914,0.13112312053343272,14.87114352669455,431.2218039216864,377.31937004374737,393.61822368620636,1.0,1.0,0.1,0.3,1.0,True,
22,mi_concept,1e-06,4.405743386118633,0.4458846561027964,0.6677459517681829,0.023012606279480007,11.54473927081096,0.09192952464531581,21.017275335195606,386.9286419545006,310.9410976841782,332.94893881840153,1.0,1.0,0.1,0.3,1.0,True,
22,mi_concept,1.778279410038923e-06,4.419195691702333,0.4346254985544873,0.6592613279682703,0.022328599504711995,11.54748067483297,0.07459909509328415,25.513142351653997,323.6682763917889,231.76536503568693,256.59957752889693,1.0,1.0,0.1,0.3,1.0,True,
22,mi_concept,3.162277660168379e-06,4.43886659911832,0.41836413751221413,0.6468107431948036,0.021364330701562236,11.55146088246558,0.07482221238519537,24.886146080507615,245.7307832084392,156.47058023890153,178.33080201585315,1.0,1.0,0.1,0.3,1.0,True,
22,mi_concept,5.623413251903491e-06,4.460046049793133,0.4008229856750207,0.6331058250206049,0.02035439313058394,11.555815204473666,0.09672139210285217,18.79604780396914,168.41590325607459,101.20397788426662,116.03933221399846,1.0,1.0,0.1,0.3,1.0,True,
23,mi_concept,1e-09,4.57991286189705,0.28360700958933316,0.5325476594534363,0.015652980428247684,11.597326482939753,101.3964964043206,0.015410679076501139,499.9406317002005,499.8892232171197,499.89657377056795,1.0,1.0,0.1,0.5,1.0,True,
23,mi_concept,1.7782794100389228e-09,4.579913050873916,0.28360564785111875,0.5325463809388988,0.01565288611437575,11.597326155693276,57.03000567522193,0.027399342480053906,499.8944335191621,499.80303221579567,499.8161005217423,1.0,1.0,0.1,0.5,1.0,True,
23,mi_concept,3.1622776601683795e-09,4.5799133647508015,0.28360324495392164,0.5325441248891228,0.015652719875602045,11.59732556847863,32.08089975531626,0.04870740247256568,499.8122952544,499.6498130228915,499.6730425582248,1.0,1.0,0.1,0.5,1.0,True,
23,mi_concept,5.623413251903491e-09,4.579913938551158,0.2835989586054812,0.5325401004670739,0.015652423378622354,11.597324528334251,18.05098983754098,0.08656390468397268,499.6662779237926,499.3775123920162,499.4187907609282,1.0,1.0,0.1,0.5,1.0,True,
23,mi_concept,1e-08,4.579914959375135,0.28359134163015676,0.5325329488681022,0.01565189642128312,11.597322678417921,10.161398817486052,0.15377221733149474,499.40676829324457,498.8938098980663,498.9671188734978,1.0,1.0,0.1,0.5,1.0,True,
23,mi_concept,1.7782794100389228e-08,4.57991679376819,0.28357779486136553,0.5325202295325179,0.015650959352204678,11.597319392279303,5.72476823174371,0.2729366955208322,498.94576149929657,498.03530616337997,498.1653686371507,1.0,1.0,0.1,0.5,1.0,True,
23,mi_concept,3.162277660168379e-08,4.579920110171111,0.28355370614396214,0.5324976113974241,0.015649293217696977,11.59731355839522,3.229889747869133,0.48373958409425843,498.12745851767795,496.5138620134712,496.74419994322216,1.0,1.0,0.1,0.5,1.0,True,
23,mi_concept,5.6234132519034905e-08,4.579926181712451,0.2835108711156917,0.5324573890140804,0.01564633099479641,11.597303215530149,1.8269560958945006,0.8551351052524465,496.67700361460675,493.82470950784983,494.23133182486794,1.0,1.0,0.1,0.5,1.0,True,
23,mi_concept,1e-07,4.579937525540749,0.28343470433184703,0.5323858603793371,0.015641065411975127,11.597284922348615,1.0380992442808232,1.5047318132348455,494.1125256582011,489.09399376212417,489.80775863498326,1.0,1.0,0.1,0.5,1.0,True,
23,mi_concept,1.7782794100389227e-07,4.579959410942888,0.2832992822534442,0.5322586610412687,0.015631708634905143,11.597252705932455,0.5946190168725072,2.6262969756357197,489.59864517061715,480.8409960094798,482.0813913239167,1.0,1.0,0.1,0.5,1.0,True,
23,mi_concept,3.162277660168379e-07,4.5800036519364795,0.2830585686606502,0.5320324883507117,0.015615093377389751,11.597196408082635,0.3454594670820483,4.518355946868217,481.71625285521833,466.6538161668074,468.7715571053073,1.0,1.0,0.1,0.5,1.0,True,
23,mi_concept,5.62341325190349e-07,4.580098624719334,0.2826310101457867,0.5316305203294734,0.015585632345428736,11.59709942382354,0.20575998738243118,7.579702179340026,468.14296208586234,442.88807853922134,446.39313047446404,1.0,1.0,0.1,0.5,1.0,True,
23,mi_concept,1e-06,4.580316046277881,0.2818731986736819,0.530917318114301,0.015533571883727894,11.596936785924854,0.1279624577498895,12.1698092596619,445.3379132508257,404.8237576848754,410.32069108782827,1.0,1.0,0.1,0.5,1.0,True,
23,mi_concept,1.778279410038923e-06,4.58083915061958,0.2805387087617339,0.5296590495419992,0.015442359987089297,11.596678046500834,0.08565169077853699,18.13379513627254,408.6266499941001,348.3393685143915,356.20673591296764,1.0,1.0,0.1,0.5,1.0,True,
23,mi_concept,3.162277660168379e-06,4.582106857732021,0.27823476936338964,0.5274796388140396,0.015286183046171228,11.596309133922219,0.06468393159621005,23.902651087966547,353.692842631465,274.37845919720496,284.0806171426127,1.0,1.0,0.1,0.5,1.0,True,
23,mi_concept,5.623413251903491e-06,4.584948260971462,0.27448696980141535,0.5239150406329401,0.0150352818924528,11.595900969311355,0.058750631258244417,26.11959856813749,280.82613154673226,194.33844410213942,203.91776235724763,1.0,1.0,0.1,0.5,1.0,True,
21,mi_concept,1e-09,4.207666031870733,0.6343405803981909,0.7964550083954466,0.03164999831586962,11.478488148476922,37.18400215174829,0.06285678516308545,499.7007332402987,499.4765617804117,499.5818868096737,1.0,1.0,0.1,0.2,1.0,True,
21,mi_concept,1.7782794100389228e-09,4.207705489157313,0.6343122793397091,0.796437241306375,0.031648042982752464,11.478497462694124,20.92857206436088,0.11167437595523122,499.4679979724129,499.0697239220385,499.256833881722,1.0,1.0,0.1,0.2,1.0,True,
21,mi_concept,3.1622776601683795e-09,4.207775652711812,0.6342619533665277,0.7964056462422449,0.031644566586236024,11.478514024044859,11.787490400704844,0.19826443637084765,499.05451388396904,498.3474252353194,498.6795674596474,1.0,1.0,0.1,0.2,1.0,True,
21,mi_concept,5.623413251903491e-09,4.207900414269436,0.6341724633344881,0.796349460560179,0.0316383866209813,11.478543471185157,6.647115246560164,0.35154832882397113,498.32043689353713,497.06667492810607,497.6554512794675,1.0,1.0,0.1,0.2,1.0,True,
21,mi_concept,1e-08,4.208122247229051,0.6340133361237147,0.7962495438766133,0.031627403374184467,11.478595824563655,3.7565283434183563,0.621937017122821,497.01886917986036,494.800783919044,495.841924131593,1.0,1.0,0.1,0.2,1.0,True,
21,mi_concept,1.7782794100389228e-08,4.208516635714549,0.6337304013748803,0.7960718569167486,0.0316078926520396,11.47868888512583,2.131136178467876,1.0958991577936879,494.71635993847514,490.80790116608017,492.6409486083509,1.0,1.0,0.1,0.2,1.0,True,
21,mi_concept,3.162277660168379e-08,4.209217647503763,0.633227403489388,0.7957558692773733,0.0315732630334473,11.478854245753212,1.2172975086765205,1.9174171076284514,490.65961136921425,483.82117311450605,487.0236158163419,1.0,1.0,0.1,0.2,1.0,True,
21,mi_concept,5.6234132519034905e-08,4.2104630673089085,0.6323334809631114,0.7951939895164647,0.03151189525232573,11.479147869124096,0.7037432046859959,3.31301575914615,483.56318042909214,471.74711263438235,477.2660737827307,1.0,1.0,0.1,0.2,1.0,True,
21,mi_concept,1e-07,4.212673171689742,0.6307461721446649,0.7941952984906577,0.031403468287409135,11.479668462291059,0.4155564020444058,5.5997388485883315,471.3057823977199,451.33329430929365,460.61877176187426,1.0,1.0,0.1,0.2,1.0,True,
21,mi_concept,1.7782794100389227e-07,4.216583965856172,0.6279341865297644,0.7924229846046645,0.031213023677710196,11.48058833799596,0.2546077271522889,9.108601623130294,450.6004869447877,418.1112989980918,433.0937220884787,1.0,1.0,0.1,0.2,1.0,True,
21,mi_concept,3.162277660168379e-07,4.22345128213305,0.6229853109297714,0.789294185288205,0.030882629817375534,11.482200296934952,0.1661801086185179,13.87355070830924,416.95623765000556,367.46760993081944,389.9705818217403,1.0,1.0,0.1,0.2,1.0,True,
21,mi_concept,5.62341325190349e-07,4.23525706250728,0.6144393207752442,0.7838617995381866,0.030325041136343607,11.48496502353146,0.12048982869872978,18.945227122844972,365.80343312793633,298.2182331435583,328.23048750925693,1.0,1.0,0.1,0.2,1.0,True,
21,mi_concept,1e-06,4.254391496090483,0.6004604005028176,0.7748937994995299,0.029443498628080496,11.489443593025673,0.10303574175434445,21.807893103281987,296.1574893252529,218.3527569295994,251.63249882615347,1.0,1.0,0.1,0.2,1.0,True,
21,mi_concept,1.778279410038923e-06,4.280877931208012,0.5807390601643515,0.7620623728831857,0.028254052262123547,11.495694209605029,0.11100802942200749,19.81146539553521,216.35560654516573,145.65099435686497,174.38834736022486,1.0,1.0,0.1,0.2,1.0,True,
21,mi_concept,3.162277660168379e-06,4.3060119468487095,0.5612073656333252,0.7491377481033279,0.027137049371532822,11.501869625543543,0.15422348925398316,13.97098096763758,144.32228516616053,94.40708512792598,113.71120960531283,1.0,1.0,0.1,0.2,1.0,True,
21,mi_concept,5.623413251903491e-06,4.31868041287945,0.5499170359412829,0.7415639122430938,0.026559030999408116,11.505557158653358,0.25245546448987555,8.442797375189494,93.94525008432497,63.738475231611176,75.0800403006152,1.0,1.0,0.1,0.2,1.0,True,
17,mi_concept,1e-09,4.221567131678241,0.6342300138827759,0.7963855937187563,0.031119124254594222,11.481161623209655,35.35168749892202,0.06399735120518615,499.67552656640163,499.44266692158953,499.5565654083354,1.0,1.0,0.1,0.2,0.1,True,
17,mi_concept,1.7782794100389228e-09,4.221607914417585,0.6342023437290257,0.7963682211948351,0.03111720869038508,11.481170682038167,19.89865607487592,0.11369316590433706,499.42320355784364,499.0095226072413,499.211848132831,1.0,1.0,0.1,0.2,0.1,True,
17,mi_concept,3.1622776601683795e-09,4.221680427747056,0.6341531396327472,0.7963373277906463,0.031113803061517495,11.481186789527012,11.20879849927572,0.20182458844079917,498.9749519627494,498.2406015517272,498.59970529621586,1.0,1.0,0.1,0.2,0.1,True,
17,mi_concept,5.623413251903491e-09,4.2218093460344726,0.6340656486489702,0.7962823925272806,0.031107749424359163,11.481215427522018,6.322169069572992,0.35778542268758884,498.1792536125302,496.877440777244,497.5138599981881,1.0,1.0,0.1,0.2,0.1,True,
17,mi_concept,1e-08,4.222038501447669,0.6339100888540408,0.7961847077494272,0.031096992272949438,11.481266336718672,3.5742806117798605,0.632734040582412,496.7687514757163,494.46656143102297,495.5914757590371,1.0,1.0,0.1,0.2,0.1,True,
17,mi_concept,1.7782794100389228e-08,4.2224456910449035,0.633633538799071,0.7960110167573505,0.031077888208599087,11.481356812113345,2.029145738343725,1.1141826846012255,494.2745531340029,490.22071927781803,492.1997840662452,1.0,1.0,0.1,0.2,0.1,True,
17,mi_concept,3.162277660168379e-08,4.223168768402443,0.6331420271750038,0.7957022226781849,0.031043996397345626,11.481517520629952,1.1604607462094918,1.94710886831015,489.883254859547,482.79920492284435,486.2521902241831,1.0,1.0,0.1,0.2,0.1,True,
17,mi_concept,5.6234132519034905e-08,4.224451208070219,0.6322689684919098,0.7951534244986371,0.0309839875498273,11.481802691634032,0.6723375534450442,3.357312666506923,482.21145593990764,469.9976198430243,475.9345447068859,1.0,1.0,0.1,0.2,0.1,True,
17,mi_concept,1e-07,4.226720075074488,0.6307202500923494,0.7941789786265747,0.03087812840619916,11.482307654901453,0.3985241124242035,5.653838305499158,468.9902633680122,448.4241515695447,458.37235142967603,1.0,1.0,0.1,0.2,0.1,True,
17,mi_concept,1.7782794100389227e-07,4.230712776665473,0.6279821426373952,0.7924532431868742,0.030692742827571437,11.483197680132708,0.24579479048840966,9.137980042959766,446.7457102598526,413.51198417397694,429.45173596683776,1.0,1.0,0.1,0.2,0.1,True,
17,mi_concept,3.162277660168379e-07,4.237653572268836,0.6231839695938313,0.7894200210241892,0.030372964686612925,11.4847492884393,0.1622576918510216,13.766517576703336,410.84983928322896,360.7950875309726,384.45600366424856,1.0,1.0,0.1,0.2,0.1,True,
17,mi_concept,5.62341325190349e-07,4.249363017132572,0.614978773047016,0.784205823140211,0.02983953412484334,11.487380731491248,0.1198779550746629,18.460140152166577,356.91485831376616,289.80859373023924,320.7776211726016,1.0,1.0,0.1,0.2,0.1,True,
17,mi_concept,1e-06,4.26766156294167,0.6018675084120341,0.7758012041831555,0.0290169633641343,11.491535109872249,0.10554867939835823,20.658864976653856,284.89265164720837,209.77911012759012,243.20017078884266,1.0,1.0,0.1,0.2,0.1,True,
17,mi_concept,1.778279410038923e-06,4.291157178525856,0.5844155769187749,0.7644707822531708,0.027968521822519625,11.496987837804001,0.11829298520290597,18.075996779139512,204.76383541968926,138.94731260961376,166.91299048750687,1.0,1.0,0.1,0.2,0.1,True,
17,mi_concept,3.162277660168379e-06,4.309856438781684,0.5695571455180694,0.7546900989930034,0.027113875050291624,11.50159608318409,0.17097135778151143,12.298329906616235,135.10034224721036,90.18359160500849,108.56183980201354,1.0,1.0,0.1,0.2,0.1,True,
17,mi_concept,5.623413251903491e-06,4.314702494159461,0.564203701667697,0.7511349423823238,0.026837041209326694,11.503290663841309,0.286900113515869,7.285184026173647,87.91784406984874,61.23783995982441,72.00596343754655,1.0,1.0,0.1,0.2,0.1,True,
19,mi_concept,1e-09,4.483871146215588,0.37301714587251433,0.6107512962511945,0.020249516084917592,11.564271696558148,99.62483431587928,0.018036845431106518,499.91784169615113,499.8578846278405,499.8723674188479,1.0,1.0,0.1,0.5,0.1,True,
19,mi_concept,1.7782794100389228e-09,4.483873543979022,0.37301402984575155,0.6107487452674394,0.02024929861398813,11.564272074217033,56.03685950461004,0.032066551231805504,499.85391280544496,499.74731905754646,499.7730662176877,1.0,1.0,0.1,0.5,0.1,True,
19,mi_concept,3.1622776601683795e-09,4.483877788479108,0.3730084991826901,0.6107442174778981,0.020248912289360856,11.564272743262784,31.525543810971797,0.0569980009355928,499.74025796478844,499.5507887992435,499.5965514086484,1.0,1.0,0.1,0.5,0.1,True,
19,mi_concept,5.623413251903491e-09,4.483885329991033,0.37299867289309446,0.6107361729037297,0.020248225777488256,11.564273931549213,17.74182515141656,0.10127846479093398,499.53823827346173,499.2015755509876,499.282881469987,1.0,1.0,0.1,0.5,0.1,True,
19,mi_concept,1e-08,4.483898746484996,0.3729811991470341,0.6107218672579475,0.02024700507479455,11.56427604542263,9.990682573782646,0.17984904636467963,499.17927639144153,498.5814373282047,498.72579212146076,1.0,1.0,0.1,0.5,0.1,True,
19,mi_concept,1.7782794100389228e-08,4.48392261710131,0.3729501328368357,0.6106964326380462,0.02024483497129554,11.564279806161831,5.631916444901175,0.3190256304338095,498.5418437690436,497.48137329526935,497.73735145995687,1.0,1.0,0.1,0.5,0.1,True,
19,mi_concept,3.162277660168379e-08,4.4839651052057095,0.3728949092492374,0.6106512173485266,0.020240977867033976,11.564286499328551,3.180840682493611,0.5648089898634253,497.4111559946443,495.5337031540166,495.98662159480114,1.0,1.0,0.1,0.5,0.1,True,
19,mi_concept,5.6234132519034905e-08,4.484040784560403,0.37279677327545996,0.6105708585213185,0.020234125053011108,11.56429841892233,1.8025682537000367,0.9965148977322474,495.4094389860715,492.09704951756095,492.8953058036839,1.0,1.0,0.1,0.5,0.1,True,
19,mi_concept,1e-07,4.484175747994843,0.3726224749814771,0.6104281079549639,0.020221958616839758,11.564319669194314,1.02763161132993,1.7475002158877353,491.8779620516835,486.06954814850434,487.466752778444,1.0,1.0,0.1,0.5,0.1,True,
19,mi_concept,1.7782794100389227e-07,4.484416928513247,0.37231322128957933,0.6101747465190438,0.020200386970162,11.56435762416512,0.5920732352007054,3.0315502509567596,485.68584408857197,475.61014883136505,478.0259609517402,1.0,1.0,0.1,0.5,0.1,True,
19,mi_concept,3.162277660168379e-07,4.48484932858633,0.3717655859411978,0.6097258285009729,0.020162234103123476,11.564425619175895,0.347539162332807,5.1600775898047555,474.94602245008747,457.79795827978273,461.88591413612477,1.0,1.0,0.1,0.5,0.1,True,
19,mi_concept,5.62341325190349e-07,4.485628190533562,0.3707995699424612,0.6089331407818606,0.020095077938869586,11.564547976781245,0.2107559233710086,8.49587819533278,456.6721741519518,428.4440358171158,435.10583401406984,1.0,1.0,0.1,0.5,0.1,True,
19,mi_concept,1e-06,4.487038123437781,0.36910946012617135,0.6075437927640865,0.019978020673909136,11.564769343227155,0.13519594619119948,13.208243161347534,426.60423845260766,382.7322005631989,392.90635322879143,1.0,1.0,0.1,0.5,0.1,True,
19,mi_concept,1.778279410038923e-06,4.489588917385533,0.36620716848564194,0.6051505337398637,0.019778269271208005,11.565170583897318,0.09532608796159134,18.644909996835896,379.91057399107825,318.0051922659989,331.94250044022954,1.0,1.0,0.1,0.5,0.1,True,
19,mi_concept,3.162277660168379e-06,4.494084571133065,0.3614452667772329,0.6012031826073718,0.019453827757397905,11.565884994248638,0.07821784221011831,22.547150030346874,314.1198820131449,239.28365734532642,255.3507536214397,1.0,1.0,0.1,0.5,0.1,True,
19,mi_concept,5.623413251903491e-06,4.501210543779894,0.3544857031349112,0.5953870196224563,0.0189866187589368,11.567055465626812,0.08003762730521591,21.781588768166824,234.78788948975577,162.47331585085234,176.99096689684654,1.0,1.0,0.1,0.5,0.1,True,
26,mi_concept,1e-09,4.552010481639487,0.34277486327314166,0.5854697799828286,0.017332044216234365,11.564990822040714,6.329348522916434,0.26297523245813526,498.5302754720444,497.6334957119869,497.7944778366655,1.0,1.0,1.0,0.3,0.1,True,
26,mi_concept,1.7782794100389228e-09,4.552171696430481,0.34262439223637214,0.5853412613479184,0.01732427398511085,11.565032034990793,3.573709576957991,0.4656505880740134,497.3906822534316,495.80271191240877,496.08757010715794,1.0,1.0,1.0,0.3,0.1,True,
26,mi_concept,3.1622776601683795e-09,4.552457879195554,0.3423572236615897,0.5851130007627499,0.01731048041705818,11.565105207559292,2.024167890681957,0.8217980729078233,495.37333861666497,492.57069825769327,493.07282224158047,1.0,1.0,1.0,0.3,0.1,True,
26,mi_concept,5.623413251903491e-09,4.552965199774558,0.34188342815893064,0.5847079853729814,0.01728602793087672,11.565234961916223,1.1529180274485173,1.4418347851022768,491.81472729394176,486.8971268841498,487.7762172524013,1.0,1.0,1.0,0.3,0.1,True,
26,mi_concept,1e-08,4.55386230034161,0.34104503945110964,0.5839906158930207,0.017242786878913115,11.565464534183125,0.663196089600125,2.5034820449514017,485.57637493155926,477.03662924177746,478.55723994761934,1.0,1.0,1.0,0.3,0.1,True,
26,mi_concept,1.7782794100389228e-08,4.555441484276071,0.3395674230107614,0.582724139718582,0.01716666349420318,11.565869048254855,0.3881985770487487,4.267767276314273,474.76044340547577,460.1987622546571,462.7737055844253,1.0,1.0,1.0,0.3,0.1,True,
26,mi_concept,3.162277660168379e-08,4.558198132323026,0.3369825512398774,0.5805019821153735,0.01703376062956259,11.566576387512969,0.23427458956241298,7.045194637969208,456.3691123780411,432.3201570485622,436.521124190664,1.0,1.0,1.0,0.3,0.1,True,
26,mi_concept,5.6234132519034905e-08,4.562933931351104,0.33252508425268057,0.5766498801289051,0.016805352738174583,11.567795234563345,0.14905514301554398,11.000929994820828,426.14138867212324,388.5608424880308,394.98761835709615,1.0,1.0,1.0,0.3,0.1,True,
26,mi_concept,1e-07,4.57081570405335,0.32505744217038435,0.5701380904398375,0.01642483141911296,11.569834491939172,0.10370838119024971,15.636641106986282,379.2845693532004,325.79994716075197,334.6221088058169,1.0,1.0,1.0,0.3,0.1,True,
26,mi_concept,1.7782794100389227e-07,4.58308520920856,0.31329949354527703,0.5597316263579154,0.01583077378059004,11.573038640499892,0.08341956920012908,19.096085525958937,313.4468330796806,247.99747696760778,258.1815219009552,1.0,1.0,1.0,0.3,0.1,True,
26,mi_concept,3.162277660168379e-07,4.5995164839450755,0.297246197826744,0.5452028960183025,0.01502831790060956,11.577403780174375,0.08325894493981466,18.657599949735886,234.35642616321786,170.22274043199596,179.40880127310695,1.0,1.0,1.0,0.3,0.1,True,
26,mi_concept,5.62341325190349e-07,4.614901404045991,0.28168931712767115,0.5307441164324586,0.014255541937746705,11.581647320962151,0.1085401692425183,13.950898801900664,158.53419338111107,110.40612575266482,116.7441840049356,1.0,1.0,1.0,0.3,0.1,True,
26,mi_concept,1e-06,4.620481454001212,0.2753130560729173,0.5247028264388494,0.013928709415946086,11.583463384818526,0.17631993907851418,8.490573906278929,102.56780757967867,73.1791527733681,76.9166622308595,1.0,1.0,1.0,0.3,0.1,True,
26,mi_concept,1.778279410038923e-06,4.616934886097397,0.27755617209149175,0.5268360011345957,0.014014099730853885,11.583002120028226,0.30904987678554574,4.8566843389203935,68.43526195041215,51.57523481602763,53.750640063630165,1.0,1.0,1.0,0.3,0.1,True,
26,mi_concept,3.162277660168379e-06,4.607901028664853,0.28433415069308965,0.533229922916081,0.014303812968667362,11.581392023473038,0.5347445003081228,2.8338707280330704,48.592574258987554,38.713423915940346,40.042937353124934,1.0,1.0,1.0,0.3,0.1,True,
26,mi_concept,5.623413251903491e-06,4.592260561273268,0.29637537406012066,0.5444036866702141,0.014827626043698966,11.57843806822167,0.8804834817676451,1.7514459994859688,36.63068875651131,30.489529934612936,31.379506611365226,1.0,1.0,1.0,0.3,0.1,True,
31,mi_concept,1e-09,4.616228256959902,0.2442559681665467,0.49422258969673444,0.012838178248715536,11.597814534185437,15.126643641089117,0.0965529093285266,499.54758851892416,499.22445590249157,499.2564442921127,1.0,1.0,1.0,0.5,1.0,True,
31,mi_concept,1.7782794100389228e-09,4.616244256313265,0.24424244325319078,0.49420890648913923,0.01283742639120896,11.597814900426755,8.517760497021916,0.1714637854274278,499.19589264466634,498.6220578018135,498.6788489954024,1.0,1.0,1.0,0.5,1.0,True,
31,mi_concept,3.1622776601683795e-09,4.616272718123759,0.24421838977823052,0.4941845705586431,0.012836089378842317,11.597815558457148,4.80132984676749,0.3041713529171678,498.57135705489327,497.55339597449824,497.6540929376308,1.0,1.0,1.0,0.5,1.0,True,
31,mi_concept,5.623413251903491e-09,4.616323368956315,0.24417560380290093,0.4941412791934114,0.012833711539849827,11.597816751812138,2.711458355281682,0.5385734267360581,497.46352820647775,495.6611128585178,495.83925587810285,1.0,1.0,1.0,0.5,1.0,True,
31,mi_concept,1e-08,4.61641355747888,0.24409948145505725,0.49406424830689505,0.012829482337558897,11.597818946595579,1.5362926092769809,0.9504230697955028,495.5022225912657,492.32152932053845,492.6354183253338,1.0,1.0,1.0,0.5,1.0,True,
31,mi_concept,1.7782794100389228e-08,4.616574299311201,0.24396400314583347,0.49392712331459737,0.012821959564567017,11.597823077380559,0.8755472627679259,1.6672850782671902,492.0418603602918,486.4622268463716,487.0113742027636,1.0,1.0,1.0,0.5,1.0,True,
31,mi_concept,3.162277660168379e-08,4.616861233998318,0.24372276272835547,0.49368285642541354,0.012808576963817844,11.597831132310237,0.5041602545535743,2.8942756773761187,485.97386713161626,476.28841128319476,477.23710684186784,1.0,1.0,1.0,0.5,1.0,True,
31,mi_concept,5.6234132519034905e-08,4.617374643209044,0.24329292098164845,0.49324732232587787,0.012784771668368226,11.597847635967124,0.29563424296719576,4.932083086274926,475.447541427143,458.9437418813831,460.54668514950123,1.0,1.0,1.0,0.5,1.0,True,
31,mi_concept,1e-07,4.618296019757333,0.24252679470142247,0.4924700952356625,0.012742463148305683,11.597883525767008,0.17895612863306104,8.1369053259978,457.5313454146817,430.3062619066602,432.9114464467685,1.0,1.0,1.0,0.5,1.0,True,
31,mi_concept,1.7782794100389227e-07,4.6199523794636,0.24116396239848348,0.4910844758272078,0.012667555986759947,11.59796609784599,0.11443136643765817,12.694675487961586,428.0345154566226,385.56615428961055,389.5258684555492,1.0,1.0,1.0,0.5,1.0,True,
31,mi_concept,3.162277660168379e-07,4.622909534746321,0.23876560704774324,0.48863647740190586,0.012536702299252142,11.598161794813795,0.08023637394907196,18.02776428208425,382.1755317159223,321.8775644643038,327.256050240873,1.0,1.0,1.0,0.5,1.0,True,
31,mi_concept,5.62341325190349e-07,4.627992013808981,0.23470739128846274,0.4844660888942205,0.012317608584785665,11.598611269969823,0.06521595090643832,22.017012449684493,317.4149106330882,243.78256283908772,249.8942830023478,1.0,1.0,1.0,0.5,1.0,True,
31,mi_concept,1e-06,4.6356746539547915,0.22862658064626182,0.47814911967529733,0.011993415746372652,11.599499789886204,0.06575261217746826,21.590533819693114,238.9764722032447,166.74613391297476,172.15299207927865,1.0,1.0,1.0,0.5,1.0,True,
31,mi_concept,1.778279410038923e-06,4.643816795234337,0.2221030693764716,0.4712781231677019,0.011649330924561113,11.600702116594714,0.08583738226104527,16.33072395118872,162.8619884243603,108.15355685933771,111.82647900091132,1.0,1.0,1.0,0.5,1.0,True,
31,mi_concept,3.162277660168379e-06,4.647307547245313,0.21910482426706374,0.46808634274785643,0.011495810213079789,11.601449486800037,0.13722112677534637,10.153227426958939,105.90519741577877,71.83314861412804,73.9851991558024,1.0,1.0,1.0,0.5,1.0,True,
31,mi_concept,5.623413251903491e-06,4.645999593896679,0.2198909203516001,0.4689252822695745,0.011555993122873124,11.601566084809397,0.23219255363346455,6.009156200990866,70.90346127074916,50.73134999295663,51.97813142714455,1.0,1.0,1.0,0.5,1.0,True,
27,mi_concept,1e-09,4.59270961183017,0.2888950316589836,0.5374895642326311,0.015246795136573552,11.583571352179494,12.938274428586881,0.12103847555087231,499.3333500960196,498.93140556614065,498.9737978477909,1.0,1.0,1.0,0.5,0.1,True,
27,mi_concept,1.7782794100389228e-09,4.592755286736205,0.28886086499099634,0.5374577797287861,0.015244817041761444,11.583578529620866,7.289378005662258,0.2148245785418036,498.8153832049267,498.1019894114092,498.1772040556818,1.0,1.0,1.0,0.5,0.1,True,
27,mi_concept,3.1622776601683795e-09,4.592836462746865,0.2888001353350898,0.5374012796180242,0.015241301380662655,11.58359129087712,4.112799886458213,0.3807078031852239,497.8961767371366,496.63190071059165,496.76511557617124,1.0,1.0,1.0,0.5,0.1,True,
27,mi_concept,5.623413251903491e-09,4.592980669340392,0.28869223006130673,0.5373008748004294,0.015235055690700527,11.583613977083207,2.326531827403949,0.6728840775255275,496.26750684567145,494.0329117197195,494.26811518459317,1.0,1.0,1.0,0.5,0.1,True,
27,mi_concept,1e-08,4.593236640999144,0.288500627957414,0.5371225446370819,0.015223968627983746,11.583654296990705,1.3221342715942155,1.1836721640715062,493.38993761881244,489.45891919090553,489.87189349278765,1.0,1.0,1.0,0.5,0.1,True,
27,mi_concept,1.7782794100389228e-08,4.593690338230285,0.28816081256220694,0.5368061219492629,0.01520431495243139,11.583725922342218,0.757489798342755,2.0647995087101085,488.3312107792194,481.47351445454007,482.1915250322673,1.0,1.0,1.0,0.5,0.1,True,
27,mi_concept,3.162277660168379e-08,4.594492352756012,0.28755944800561306,0.5362456974238703,0.015169564748368189,11.583853036159582,0.44027264442890235,3.548839456138425,479.5166374097493,467.72880177451685,468.95566819883703,1.0,1.0,1.0,0.5,0.1,True,
27,mi_concept,5.6234132519034905e-08,4.595903050435144,0.2864995987585163,0.5352565728307466,0.015108415312461687,11.584078160389275,0.26244433585274485,5.942694831026201,464.39644738046087,444.6533698348389,446.68678628338245,1.0,1.0,1.0,0.5,0.1,True,
27,mi_concept,1e-07,4.598360614159983,0.2846467354455868,0.533522947440489,0.015001799538996802,11.584474984105297,0.16347209525718545,9.510415588863662,439.16296314053994,407.55634738683125,410.752796832505,1.0,1.0,1.0,0.5,0.1,True,
27,mi_concept,1.7782794100389227e-07,4.602559090544837,0.28146131278010916,0.5305292760820172,0.01481934777310158,11.585166340015181,0.1097701639294071,14.086004603888162,399.01278033297416,352.172276459388,356.7642356732321,1.0,1.0,1.0,0.5,0.1,True,
27,mi_concept,3.162277660168379e-07,4.609434480033437,0.2761859474910557,0.5255339641650725,0.014519433022826102,11.58633448720129,0.08345460480764826,18.36060760068517,340.1025955238382,278.98701854567895,284.68136938450624,1.0,1.0,1.0,0.5,0.1,True,
27,mi_concept,5.62341325190349e-07,4.619636984962388,0.2682027844967104,0.5178829834013765,0.014070311842693398,11.588150642874846,0.07686494768815487,19.662242694162327,264.3973520133495,198.84528169673135,204.5107575931721,1.0,1.0,1.0,0.5,0.1,True,
27,mi_concept,1e-06,4.63152736228252,0.2585952267582204,0.5085225921807411,0.013534526170725434,11.59040631352687,0.0915766456002689,16.231028952358788,184.78520679149986,130.5496248416119,134.8507965653873,1.0,1.0,1.0,0.5,0.1,True,
27,mi_concept,1.778279410038923e-06,4.639196745267302,0.25208856743576447,0.5020842234483817,0.013164878422588134,11.591988353662416,0.14059660512822464,10.452663417196074,120.07467050238698,85.05630539369145,87.70273653688157,1.0,1.0,1.0,0.5,0.1,True,
27,mi_concept,3.162277660168379e-06,4.639729687122962,0.2514782998925408,0.5014761209594538,0.01310470242417917,11.592156045491183,0.2460442850681643,5.965562065573477,78.3926070009018,58.35844027112997,59.8972365302992,1.0,1.0,1.0,0.5,0.1,True,
27,mi_concept,5.623413251903491e-06,4.636718009095266,0.25386918789214874,0.5038543320168526,0.0131883428584084,11.591596728095478,0.43719798539630256,3.369558782104739,54.06642336266489,42.713853687371646,43.63585355191137,1.0,1.0,1.0,0.5,0.1,True,
37,mi_concept,1e-09,4.499107733800981,0.3589728264787424,0.5991434106111344,0.01964832180783756,11.573283853305643,47.0315363907209,0.03769949935391131,499.93941662703736,499.8119150706345,499.8425257405443,1.0,10.0,0.1,0.2,1.0,True,
37,mi_concept,1.7782794100389228e-09,4.499114601834253,0.35896438026512584,0.5991363619954357,0.019647813572492276,11.573285027154386,26.45452506224458,0.06702225132470456,499.89227308414246,499.66560203776316,499.72001644034503,1.0,10.0,0.1,0.2,1.0,True,
37,mi_concept,3.1622776601683795e-09,4.499126796175331,0.3589493809674964,0.5991238444324315,0.019646911243211135,11.573287107911305,14.883224080223398,0.11912741855619148,499.8084543451671,499.4055669717434,499.50226802385987,1.0,10.0,0.1,0.2,1.0,True,
37,mi_concept,5.623413251903491e-09,4.499148494954856,0.3589227027732685,0.5991015796784953,0.019645306406865518,11.57329081017827,8.37620639312398,0.21166214175565637,499.6594507109409,498.9436270886835,499.11538968935747,1.0,10.0,0.1,0.2,1.0,True,
37,mi_concept,1e-08,4.499187099150877,0.3588752661141493,0.5990619885405427,0.019642452916800494,11.573297393709254,4.717047023866011,0.3758270148420224,499.39463707689475,498.12366886150295,498.4284829777186,1.0,10.0,0.1,0.2,1.0,True,
37,mi_concept,1.7782794100389228e-08,4.499255804849611,0.3587909256522434,0.5989915906356644,0.019637379800280796,11.573309101374985,2.659360452349215,0.6665357678925206,498.92421873472387,496.6702832355299,497.21034920645747,1.0,10.0,0.1,0.2,1.0,True,
37,mi_concept,3.162277660168379e-08,4.499378159939923,0.35864099396644983,0.5988664241435229,0.019628362193301052,11.573329921409075,1.5022559852607293,1.1796533971561998,498.0892438948115,494.10063382157995,495.0548013044356,1.0,10.0,0.1,0.2,1.0,True,
37,mi_concept,5.6234132519034905e-08,4.4995962965780105,0.3583745316913018,0.5986439105940207,0.0196123385610253,11.573366946730156,0.8515999122024577,2.080084034124839,496.6093447992034,489.5776830895524,491.2549911031035,1.0,10.0,0.1,0.2,1.0,True,
37,mi_concept,1e-07,4.499985927303262,0.35790120467565484,0.5982484472822766,0.0195838835796581,11.573432790904615,0.4857654887747881,3.643900776245559,493.99314355693497,481.6795541999838,484.6018367665806,1.0,10.0,0.1,0.2,1.0,True,
37,mi_concept,1.7782794100389227e-07,4.500684065160001,0.35706122863127393,0.5975460054516923,0.01953341293908191,11.573549878343993,0.2801425738874649,6.310150082877894,489.3892685183584,468.07948967043967,473.0911435777795,1.0,10.0,0.1,0.2,1.0,True,
37,mi_concept,3.162277660168379e-07,4.5019411784274705,0.3555735194435307,0.5962998569876826,0.01944410318593147,11.573758025904386,0.1646937892320612,10.708337852634038,481.3529515448875,445.23048003906484,453.59049696029086,1.0,10.0,0.1,0.2,1.0,True,
37,mi_concept,5.62341325190349e-07,4.504220409452556,0.35294979310197366,0.5940957777176789,0.019286837886971143,11.574127619687792,0.10010135160439175,17.545036376646266,467.5243811340816,408.451630017672,421.74116510287536,1.0,10.0,0.1,0.2,1.0,True,
37,mi_concept,1e-06,4.508380578055906,0.3483680354058772,0.5902271049400198,0.019012899999761853,11.574781227637118,0.06438409221148055,27.079499021816236,444.3190412393842,353.4261620332131,372.8847969185128,1.0,10.0,0.1,0.2,1.0,True,
37,mi_concept,1.778279410038923e-06,4.51595219556439,0.34055798415972094,0.5835734608082525,0.018547730972606757,11.575921820373239,0.04543977905167442,37.887657060973794,407.04236734196223,280.4632168153359,305.3528463275125,1.0,10.0,0.1,0.2,1.0,True,
37,mi_concept,3.162277660168379e-06,4.529183596844904,0.3280257768378754,0.5727353462445595,0.017804891474235373,11.577831313563937,0.037013782867756945,45.55648839797831,351.45923438723133,200.14969760241948,226.0633825454477,1.0,10.0,0.1,0.2,1.0,True,
37,mi_concept,5.623413251903491e-06,4.54921636463775,0.31065552002530683,0.5573647997723814,0.01677817394088172,11.580669934127963,0.03683452835125836,44.42485202612829,278.1427571843753,131.26034975506846,151.95775869626502,1.0,10.0,0.1,0.2,1.0,True,
25,mi_concept,1e-09,4.5821159698856295,0.3327257957788001,0.5768238862762187,0.017100843388005917,11.563396999306054,2.9969824217507703,0.5608183568595696,497.0093408986292,495.2081164986692,495.5281117842801,1.0,1.0,1.0,0.2,0.1,True,
25,mi_concept,1.7782794100389228e-09,4.582393280866675,0.3324334779488326,0.5765704449144377,0.017085100712538676,11.563484447728127,1.6993750120562239,0.9885795799138577,494.69948290558614,491.52381459092516,492.08724701249884,1.0,1.0,1.0,0.2,0.1,True,
25,mi_concept,3.1622776601683795e-09,4.582884664973779,0.3319153100345416,0.5761209161578337,0.017057209680776515,11.563639423097115,0.9698117152318951,1.730808373445608,490.62981004586686,485.0680763396254,486.0525563871469,1.0,1.0,1.0,0.2,0.1,True,
25,mi_concept,5.623413251903491e-09,4.583752909662417,0.3309991336675706,0.5753252416395187,0.017007941218252578,11.563913319874466,0.5597905127909345,2.994099485967713,483.5108470252478,473.88431820241107,475.5812984777678,1.0,1.0,1.0,0.2,0.1,True,
25,mi_concept,1e-08,4.585279090341487,0.32938679124098236,0.573922286761006,0.016921376829477707,11.564394981678323,0.32965720706578355,5.071002454923834,471.21478385779574,454.89478714155354,457.75083418414357,1.0,1.0,1.0,0.2,0.1,True,
25,mi_concept,1.7782794100389228e-08,4.5879358481776675,0.326574063857898,0.5714665903251895,0.016770790837663155,11.565234159558823,0.20104761908915036,8.277019451053953,450.44503632678175,423.76251025651953,428.37269604860086,1.0,1.0,1.0,0.2,0.1,True,
25,mi_concept,3.162277660168379e-08,4.592474787767854,0.32175009741450683,0.5672301979042608,0.01651375757001429,11.566670272663089,0.13023153531660364,12.677847535926347,416.69901763637176,375.7149997250424,382.6407194845527,1.0,1.0,1.0,0.2,0.1,True,
25,mi_concept,5.6234132519034905e-08,4.599940163572132,0.31375952860082895,0.560142418140984,0.01609127208687923,11.569040866298634,0.09333494713165966,17.45966131392149,365.40142687635694,308.7067092817217,317.93421448030693,1.0,1.0,1.0,0.2,0.1,True,
25,mi_concept,1e-07,4.611250571766311,0.3014899811161403,0.5490810332875652,0.015449875252368222,11.572663365403958,0.07858280020250441,20.320445265755325,295.58864681675647,229.17385366658462,239.35687801607128,1.0,1.0,1.0,0.2,0.1,True,
25,mi_concept,1.7782794100389227e-07,4.625410510323812,0.2856980949118366,0.5345073385013873,0.014635284698522679,11.57730687825013,0.08336808455575621,18.649957275530408,215.6689532494618,154.21874464587125,162.90886723216454,1.0,1.0,1.0,0.2,0.1,True,
25,mi_concept,3.162277660168379e-07,4.636382898321248,0.27244787703223555,0.5219653983093473,0.013955444407050812,11.581236960538703,0.11525091936344742,13.18117325731634,143.64521018491493,99.8713269277896,105.63684583621965,1.0,1.0,1.0,0.2,0.1,True,
25,mi_concept,5.62341325190349e-07,4.637116350084939,0.2691203991868617,0.5187681555250493,0.013771161927751789,11.58237349679858,0.19155169249709467,7.874691659962887,93.3643846335263,67.04377500400373,70.45673522245332,1.0,1.0,1.0,0.2,0.1,True,
25,mi_concept,1e-06,4.629906368123505,0.272858167053126,0.5223582746096074,0.013933470335380624,11.581573566978992,0.3308892956037082,4.576236383638307,63.402226941824324,47.99288797954414,50.04421073980461,1.0,1.0,1.0,0.2,0.1,True,
25,mi_concept,1.778279410038923e-06,4.617058800945205,0.28067466253962464,0.5297873748397791,0.014288407281947699,11.57977978174174,0.5514385859220168,2.771239101580352,45.94386141809006,36.51574042814079,37.83318042387682,1.0,1.0,1.0,0.2,0.1,True,
25,mi_concept,3.162277660168379e-06,4.59938478365112,0.2923315126029957,0.5406769022281197,0.014830223153152926,11.577075041423102,0.8514333690795348,1.8202038026739966,35.29025153836559,29.024262131870795,29.958234643340063,1.0,1.0,1.0,0.2,0.1,True,
25,mi_concept,5.623413251903491e-06,4.581503554290941,0.3048337540286027,0.5521175183134499,0.015423010622771642,11.57420429739642,1.1909314063785714,1.3209060739610528,28.184269497401782,23.590921977595656,24.318957790098423,1.0,1.0,1.0,0.2,0.1,True,
16,mi_concept,1e-09,4.995814524051468,0.0938823689492875,0.3064022991906025,0.00509254310879065,11.658883627445174,5.211485279501967,0.17430354648232876,498.82744173527453,498.66111223762067,498.942049740884,1.0,1.0,0.1,0.1,0.1,True,
16,mi_concept,1.7782794100389228e-09,4.9960552184482365,0.09365571975556498,0.30603222012651704,0.0050814767370351045,11.658980062252564,2.9362661661436262,0.30903750141986397,497.9176338787284,497.62340406969685,498.12123799807335,1.0,1.0,0.1,0.1,0.1,True,
16,mi_concept,3.1622776601683795e-09,4.996481133940125,0.09325447511604841,0.305375957003901,0.005061875245728968,11.659150941151454,1.6568244197929451,0.5466517711244618,496.30570596547204,495.78734963468156,496.6671333344109,1.0,1.0,0.1,0.1,0.1,True,
16,mi_concept,5.623413251903491e-09,4.997231921306009,0.09254660943744027,0.30421474230786427,0.005027262476724862,11.659452894326456,0.9373556940967528,0.9630035801949023,493.4579945333351,492.5513974653921,494.0986847769343,1.0,1.0,0.1,0.1,0.1,True,
16,mi_concept,1e-08,4.998546418661147,0.09130552128162822,0.3021680348442373,0.0049664762664693276,11.65998383913886,0.5327941497851836,1.6841951638294665,488.45260933594386,486.8873235288492,489.58545504979656,1.0,1.0,0.1,0.1,0.1,True,
16,mi_concept,1.7782794100389228e-08,5.000820369351999,0.08915335582084873,0.29858559211865654,0.004860760610861425,11.66090927744949,0.30533814495426304,2.908063992107197,479.7335333408549,477.09222800523327,481.7272169604584,1.0,1.0,0.1,0.1,0.1,True,
16,mi_concept,3.162277660168379e-08,5.004671625830365,0.08549346458393871,0.292392654805039,0.004680071838619137,11.662497306589366,0.17751278111172078,4.910277244798857,464.78447347229786,460.5050664620797,468.26228781281225,1.0,1.0,0.1,0.1,0.1,True,
16,mi_concept,5.6234132519034905e-08,5.010957262531221,0.07948102611742602,0.28192379487625024,0.0043806472097921234,11.66514755652658,0.10578252768138491,7.977136349035475,439.8559079103661,433.4048553240678,445.8201883866888,1.0,1.0,0.1,0.1,0.1,True,
16,mi_concept,1e-07,5.0137309372302,0.07018639291216132,0.26492714642361836,0.003911020991497633,11.66935728872111,0.06572983216964318,12.141970471500862,400.23424956223533,391.6798976828333,410.1256421712632,1.0,1.0,0.1,0.1,0.1,True,
16,mi_concept,1.7782794100389227e-07,5.01407173872399,0.057255949435242696,0.23928215444375014,0.0032426511425956055,11.67548634327098,0.043766800100873714,16.623822020969435,342.16556693344,333.1713966158199,357.52610137901087,1.0,1.0,0.1,0.1,0.1,True,
16,mi_concept,3.162277660168379e-07,5.013472787683709,0.04221153447366963,0.20545445839326446,0.0024395678795918604,11.683156771784143,0.0326217111540902,19.36650957935624,267.53757438495717,261.55856170872545,288.6265050329875,1.0,1.0,0.1,0.1,0.1,True,
16,mi_concept,5.62341325190349e-07,5.01216000762009,0.029271187804186756,0.17108824566342,0.0017225592911440603,11.690524423584783,0.029349066628009374,18.097516937656213,188.7161377676097,188.06211687337512,212.25255765472215,1.0,1.0,0.1,0.1,0.1,True,
16,mi_concept,1e-06,5.012533647165552,0.023702742398594417,0.1539569498223267,0.0014070051601483505,11.694407840304988,0.03635735790043492,13.203792679293555,123.87001761590399,126.08720754404148,143.5696476251443,1.0,1.0,0.1,0.1,0.1,True,
16,mi_concept,1.778279410038923e-06,5.017271089640148,0.030632595830028985,0.17502170102598416,0.0018221299925400103,11.691175252343339,0.06890248742866265,7.932631078136156,81.49495752491514,82.57929601251926,93.78314570079728,1.0,1.0,0.1,0.1,0.1,True,
16,mi_concept,3.162277660168379e-06,5.023847350260716,0.06124527810790638,0.2474778335687994,0.0036075565488928618,11.675812687408687,0.17488537280433225,4.4065524153381075,56.69052676766868,55.732814254935995,62.92914525574016,1.0,1.0,0.1,0.1,0.1,True,
16,mi_concept,5.623413251903491e-06,4.959708700083999,0.14621475491685643,0.3823803798795859,0.008293374578105922,11.637791184371547,0.46857912426297116,2.503449161038053,42.117588114405464,39.82727098866848,44.76469436264276,1.0,1.0,0.1,0.1,0.1,True,
36,mi_concept,1e-09,4.401806578642741,0.45583252122978074,0.6751537019299981,0.02365256090852337,11.534875549027323,15.433148835352462,0.12870973303432526,499.78936441202103,499.3567571641902,499.486330350654,1.0,10.0,0.1,0.1,1.0,True,
36,mi_concept,1.7782794100389228e-09,4.40189938369549,0.45575924007477575,0.6750994297692569,0.02364848094702641,11.534892561914113,8.686678168046585,0.22864863804055985,499.6255201349932,498.857030667393,499.0871290989039,1.0,10.0,0.1,0.1,1.0,True,
36,mi_concept,3.1622776601683795e-09,4.402064353276686,0.45562898300343263,0.6750029503664652,0.023641229326084198,11.534922807400754,4.892865336259158,0.40586500703779316,499.33435166952063,497.9703099152592,498.3784832290419,1.0,10.0,0.1,0.1,1.0,True,
36,mi_concept,5.623413251903491e-09,4.402357512072053,0.4553975309414452,0.6748314833656216,0.02362834557827233,11.534976565494182,2.759459048141102,0.7194211798523459,498.81718066148824,496.3995603138433,497.12223905376,1.0,10.0,0.1,0.1,1.0,True,
36,mi_concept,1e-08,4.4028781847701595,0.45498651994672235,0.6745268860073128,0.023605471638836244,11.535072076900112,1.5597769076478816,1.2720379586234065,497.8994246580174,493.6254469557094,494.9006320955032,1.0,10.0,0.1,0.1,1.0,True,
36,mi_concept,1.7782794100389228e-08,4.4038020256625945,0.45425745775939497,0.6739862444882647,0.023564912654255976,11.535241648685611,0.8851823736536739,2.239214054638069,496.27344413679276,488.75201919091177,490.98864927382107,1.0,10.0,0.1,0.1,1.0,True,
36,mi_concept,3.162277660168379e-08,4.405438255611316,0.45296682256805537,0.673028099389658,0.023493160223176317,11.535542307777098,0.5058947866559429,3.91109743585281,493.4009989102182,480.27050136134153,484.1521497768938,1.0,10.0,0.1,0.1,1.0,True,
36,mi_concept,5.6234132519034905e-08,4.40832646554151,0.45069046598090096,0.671334838944696,0.023366753128475602,11.53607405193954,0.2927216496514181,6.738199982405351,488.35242859683177,465.75040148641125,472.3630614952201,1.0,10.0,0.1,0.1,1.0,True,
36,mi_concept,1e-07,4.413391892945848,0.44670317733085146,0.6683585694302508,0.023145772547801348,11.53700988007925,0.173054063793867,11.33510647606784,479.55902709647495,441.59233456580597,452.50066973935105,1.0,10.0,0.1,0.1,1.0,True,
36,mi_concept,1.7782794100389227e-07,4.422163520637754,0.43981091242558185,0.6631824126328908,0.022765033075083443,11.538640498369949,0.1061380960465739,18.30519953390339,464.4853041587127,403.3096187624879,420.34588547301024,1.0,10.0,0.1,0.1,1.0,True,
36,mi_concept,3.162277660168379e-07,4.436965300507483,0.42820307429734383,0.6543722750066233,0.0221270543228052,11.541422800007068,0.06920433439322955,27.6196165085075,439.35719376089224,347.33643107052376,371.6548760364539,1.0,10.0,0.1,0.1,1.0,True,
36,mi_concept,5.62341325190349e-07,4.46064970539785,0.4096358578856824,0.6400280133601047,0.021114057297606088,11.545963822052967,0.04974836414580798,37.40907465889044,399.4425368585847,275.2036710704145,305.40255890975203,1.0,10.0,0.1,0.1,1.0,True,
36,mi_concept,1e-06,4.494696550736741,0.3827843555160525,0.6186956889425144,0.01966258165134116,11.552723356836529,0.04138675253028163,43.202425920757925,341.00975324497546,197.6745114767998,228.52239555671713,1.0,10.0,0.1,0.1,1.0,True,
36,mi_concept,1.778279410038923e-06,4.53446549873604,0.35072944583384186,0.59222415168063,0.01794435156294838,11.561105323560207,0.0420226490476414,40.453173514799545,266.0695972110863,131.2233162255848,156.23343578752298,1.0,10.0,0.1,0.1,1.0,True,
36,mi_concept,3.162277660168379e-06,4.565659651734245,0.32421870168928435,0.5694020562741975,0.01652064072123069,11.56840142733012,0.05387244863097817,30.16700816758496,187.21445437744387,85.54816993005291,102.11961029170465,1.0,10.0,0.1,0.1,1.0,True,
36,mi_concept,5.623413251903491e-06,4.57484508551366,0.314792770969643,0.5610639633496728,0.01598637530641896,11.571370351961741,0.08417461599705206,18.95765946148717,122.71646476665131,58.11525549261796,68.10538393148836,1.0,10.0,0.1,0.1,1.0,True,
39,mi_concept,1e-09,4.664124594787145,0.20728491552037745,0.455285531859269,0.01192404926150211,11.625895951792712,252.2206577284182,0.005425141046832354,499.97965192534417,499.9628070710152,499.96357700400614,1.0,10.0,0.1,0.5,1.0,True,
39,mi_concept,1.7782794100389228e-09,4.66412336278206,0.20728545581987554,0.4552861252222338,0.011924078447631908,11.625895505800186,141.84311758055156,0.009646816661448348,499.96381624598206,499.9338632587369,499.9352323118512,1.0,10.0,0.1,0.5,1.0,True,
39,mi_concept,3.1622776601683795e-09,4.664121409742982,0.20728629476253269,0.4552870465569306,0.011924129087200879,11.625894753585241,79.77328370453745,0.017152835942131954,499.9356576973141,499.8823988700963,499.88483308676786,1.0,10.0,0.1,0.5,1.0,True,
39,mi_concept,5.623413251903491e-09,4.66411776373767,0.20728792415309566,0.45528883596360636,0.011924225976694331,11.62589335785951,44.868856150194524,0.030496536215985363,499.88558940789284,499.7908991203279,499.7952267713377,1.0,10.0,0.1,0.5,1.0,True,
39,mi_concept,1e-08,4.664111295990752,0.20729079542301576,0.45529198919266717,0.011924396544438236,11.625890887177173,25.24065370449149,0.05421239950156829,499.7965713075129,499.6282448973581,499.6359372871238,1.0,10.0,0.1,0.5,1.0,True,
39,mi_concept,1.7782794100389228e-08,4.66409980974672,0.20729589283098893,0.4552975871130759,0.01192469942030247,11.625886496155678,14.202908016444455,0.09634486087716736,499.63832694794087,499.33918322313315,499.3528517589794,1.0,10.0,0.1,0.5,1.0,True,
39,mi_concept,3.162277660168379e-08,4.664079392907192,0.20730495548240946,0.45530753945263136,0.011925237821050712,11.625878689694511,7.995934090099308,0.17113874902935855,499.3570971350911,498.8257288493946,498.85000158552816,1.0,10.0,0.1,0.5,1.0,True,
39,mi_concept,5.6234132519034905e-08,4.664043121037807,0.20732105815475774,0.45532522240126094,0.011926194416249283,11.625864815032413,4.505507983162963,0.3037348588042652,498.85753808307567,497.9144881414229,497.95754538515286,1.0,10.0,0.1,0.5,1.0,True,
39,mi_concept,1e-07,4.6639787320165595,0.2073496515962697,0.4553566202398618,0.011927892881437327,11.625840165525133,2.5427182255423073,0.5382414926583502,497.9709064868145,496.2997989091773,496.3760313578122,1.0,10.0,0.1,0.5,1.0,True,
39,mi_concept,1.7782794100389227e-07,4.6638645847388265,0.20740036787508295,0.45541230536194666,0.011930904958532497,11.625796406072975,1.4389980156552504,0.9512197431100413,496.39966242570864,493.4465133998422,493.5810227843888,1.0,10.0,0.1,0.5,1.0,True,
39,mi_concept,3.162277660168379e-07,4.663662718113504,0.20749014176547662,0.45551085801051616,0.011936235129225925,11.625718824772049,0.8183976452215983,1.6729881470667083,493.6226418958479,488.4291771847563,488.6650825079541,1.0,10.0,0.1,0.5,1.0,True,
39,mi_concept,5.62341325190349e-07,4.663307271353652,0.20764847784406412,0.4556846254198885,0.01194563111059249,11.625581609246929,0.469528652043282,2.917427212993467,488.7378361050623,479.6827287168233,480.0920545960018,1.0,10.0,0.1,0.5,1.0,True,
39,mi_concept,1e-06,4.662686284896445,0.2079259206743609,0.4559889479739184,0.011962079489487031,11.625339969549472,0.2735618540832131,5.011474728552446,480.2175623408734,464.66737671089254,465.3642998737941,1.0,10.0,0.1,0.5,1.0,True,
39,mi_concept,1.778279410038923e-06,4.661616732382919,0.20840631603369866,0.45651540612962743,0.011990510749871843,11.624917804731977,0.16375589768478943,8.38388800232767,465.57582677953405,439.57405646028997,440.7218952942458,1.0,10.0,0.1,0.5,1.0,True,
39,mi_concept,3.162277660168379e-06,4.659822456322229,0.2092199689291575,0.4574056940279138,0.012038510584638023,11.624191153977154,0.10273730786710726,13.395720582845145,441.06417263075394,399.55274217015943,401.337348287399,1.0,10.0,0.1,0.5,1.0,True,
39,mi_concept,5.623413251903491e-06,4.656958869633739,0.21054123300928476,0.45884772311659644,0.012115977455277621,11.622976010966147,0.06981375810492574,19.790655862038346,401.85376916152273,340.6049887551623,343.12056106635777,1.0,10.0,0.1,0.5,1.0,True,
34,mi_concept,1e-09,4.572403117980345,0.2900815077276729,0.538592153421931,0.015985507760339662,11.595990009873244,95.58966981090072,0.016720715246438648,499.96151053352554,499.90738747834183,499.9147661627296,1.0,10.0,0.1,0.3,0.1,True,
34,mi_concept,1.7782794100389228e-09,4.572403372540185,0.29008013328636123,0.5385908774629972,0.015985425834663367,11.59598963476127,53.761560427834674,0.02972986587735478,499.9315578660687,499.83532583344436,499.8484447863721,1.0,10.0,0.1,0.3,0.1,True,
34,mi_concept,3.1622776601683795e-09,4.572403857292844,0.29007766083734415,0.5385885821639224,0.015985277181091245,11.595988976558036,30.23988370096986,0.052854609540154925,499.87829991928567,499.70721635764284,499.730537906232,1.0,10.0,0.1,0.3,0.1,True,
34,mi_concept,5.623413251903491e-09,4.572404722063661,0.2900732595375012,0.5385844961911744,0.015985013073229522,11.595987809120153,17.01267519537312,0.09394791180119283,499.7836121922003,499.4795165281492,499.52096468306655,1.0,10.0,0.1,0.3,0.1,True,
34,mi_concept,1e-08,4.572406266293934,0.2900654315077776,0.5385772289168728,0.01598454330810482,11.595985733405993,9.574472917973832,0.16693180769407692,499.61529350849224,499.0749647648272,499.14859510103594,1.0,10.0,0.1,0.3,0.1,True,
34,mi_concept,1.7782794100389228e-08,4.572409031078417,0.29005150916594585,0.538564303649941,0.0159837078711743,11.595982044726979,5.391670921886523,0.2964287558340915,499.3161735466509,498.356702262478,498.48739742728753,1.0,10.0,0.1,0.3,0.1,True,
34,mi_concept,3.162277660168379e-08,4.572414003833051,0.2900267490745842,0.5385413160330266,0.01598222212530764,11.595975492941966,3.0395201498205653,0.5257998150914217,498.7848791525439,497.08303781392283,497.31469312652075,1.0,10.0,0.1,0.3,0.1,True,
34,mi_concept,5.6234132519034905e-08,4.572423026772256,0.28998270909612656,0.5385004262729293,0.015979579634654233,11.595963866918387,1.7168293029706787,0.9308203534561447,497.842060282805,494.82946064017005,495.23902632431606,1.0,10.0,0.1,0.3,0.1,True,
34,mi_concept,1e-07,4.5724396381987,0.2899043648328619,0.5384276783680998,0.015974879289093732,11.595943271156337,0.9730625468436415,1.6420805889221013,496.1716767656667,490.8575843782589,491.5784421606002,1.0,10.0,0.1,0.3,0.1,True,
34,mi_concept,1.7782794100389227e-07,4.572470955567562,0.2897649598835757,0.5382982072082125,0.01596651701617615,11.595906894907188,0.5548777992358713,2.878956275309,493.22079421163386,483.9054822682502,485.1641451169817,1.0,10.0,0.1,0.3,0.1,True,
34,mi_concept,3.162277660168379e-07,4.572532196621884,0.28951680857349577,0.5380676617057522,0.015951636016020926,11.595842996458142,0.3198336046362844,4.99258250279281,488.0343923182957,471.88484039436867,474.0517441211579,1.0,10.0,0.1,0.3,0.1,True,
34,mi_concept,5.62341325190349e-07,4.572658245076982,0.28907487336224313,0.5376568360601799,0.015925147466891523,11.595731870458751,0.18787201571462764,8.492996742000326,479.00108740898423,451.5427144125343,455.1816850377886,1.0,10.0,0.1,0.3,0.1,True,
34,mi_concept,1e-06,4.572934286725052,0.2882877043470858,0.5369243003879465,0.015878002830317574,11.595542207389967,0.11405362019297563,13.971141179625409,463.5170349291227,418.3868764548915,424.23848025233707,1.0,10.0,0.1,0.3,0.1,True,
34,mi_concept,1.778279410038923e-06,4.573575879717472,0.2868881845794411,0.5356194400686378,0.015794271447873574,11.595230093006464,0.07326427729221645,21.697530795240354,437.7096755355799,367.72243661540307,376.4557144605341,1.0,10.0,0.1,0.3,0.1,True,
34,mi_concept,3.162277660168379e-06,4.5751166771005956,0.28442404367245583,0.5333142072666505,0.015646989506815832,11.594753222968276,0.05170504387259847,30.614571148931937,396.7391606137376,298.2082267240263,309.71790674163645,1.0,10.0,0.1,0.3,0.1,True,
34,mi_concept,5.623413251903491e-06,4.578700551599889,0.2802394297073739,0.5293764536767516,0.015396759033710813,11.594132932206822,0.0423289867256131,37.12347360138268,336.85919369468684,217.725528943206,230.21220224971412,1.0,10.0,0.1,0.3,0.1,True,
35,mi_concept,1e-09,4.639957208589321,0.2261920940081577,0.4755965664385706,0.012841834094451223,11.617284115233204,224.15722441175015,0.0063552125560035035,499.97660292457084,499.9568238080638,499.9576874071552,1.0,10.0,0.1,0.5,0.1,True,
35,mi_concept,1.7782794100389228e-09,4.639956529667939,0.22619220830945658,0.4755966866047918,0.012841837127368087,11.617283770698275,126.06206003885978,0.011300523037600856,499.9583945329809,499.9232242854329,499.92475986471294,1.0,10.0,0.1,0.5,0.1,True,
35,mi_concept,3.1622776601683795e-09,4.639954937666796,0.22619281812121866,0.475597327706137,0.01284186716514894,11.617282997280503,70.89915571347663,0.020092895366980595,499.92601722259775,499.86348276545004,499.8662130355079,1.0,10.0,0.1,0.5,0.1,True,
35,mi_concept,5.623413251903491e-09,4.639952053122336,0.22619393104290605,0.47559849772986673,0.01284192238511352,11.617281626384386,39.87878522995234,0.03572258386192142,499.8684485777166,499.75727037620504,499.762124252929,1.0,10.0,0.1,0.5,0.1,True,
35,mi_concept,1e-08,4.639946986973416,0.22619585960716368,0.47560052523852797,0.012842018231245199,11.617279205087279,22.43474871249076,0.06349882208002017,499.7660984225595,499.56847323402013,499.57710064835373,1.0,10.0,0.1,0.5,0.1,True,
35,mi_concept,1.7782794100389228e-08,4.639937971058742,0.2261992966294488,0.47560413857476974,0.012842189074288586,11.617274896716914,12.625250760158192,0.11283675715931611,499.5841638859424,499.23298617006094,499.2483150543764,1.0,10.0,0.1,0.5,0.1,True,
35,mi_concept,3.162277660168379e-08,4.639921954118577,0.2262054029874245,0.47561055811180697,0.012842492495314732,11.617267238854145,7.108972492342383,0.20039662453947213,499.2608629969084,498.6371766036422,498.66439436945643,1.0,10.0,0.1,0.5,0.1,True,
35,mi_concept,5.6234132519034905e-08,4.639893517472499,0.22621624483279992,0.4756219557934641,0.012843031076918593,11.617253630924967,4.006955167408568,0.35554495298555794,498.6866687578501,497.5801226209135,497.6283932087565,1.0,10.0,0.1,0.5,0.1,True,
35,mi_concept,1e-07,4.639843094980733,0.2262354706177774,0.4756421665682905,0.012843985673160427,11.617229464294287,2.262587400949218,0.6296866727061304,497.6678791867905,495.70814126339314,495.7935698583637,1.0,10.0,0.1,0.5,0.1,True,
35,mi_concept,1.7782794100389227e-07,4.639753890076985,0.22626948854254586,0.4756779252209901,0.01284567323753167,11.617186590606014,1.281701479308922,1.111680274820354,495.8633965134997,492.40359844038534,492.554227581052,1.0,10.0,0.1,0.5,0.1,True,
35,mi_concept,3.162277660168379e-07,4.639596710262594,0.226329442742668,0.4757409407888583,0.012848642745418812,11.617110669883079,0.7301876934439147,1.9516293891749967,492.6771754386737,486.6033311593301,486.8671769503614,1.0,10.0,0.1,0.5,0.1,True,
35,mi_concept,5.62341325190349e-07,4.639321764937392,0.2264343604866054,0.47585119573938806,0.012853824404079731,11.616976676645896,0.42019020003759017,3.392343586527238,487.0820061428938,476.52456860360076,476.98136253106924,1.0,10.0,0.1,0.5,0.1,True,
35,mi_concept,1e-06,4.6388471226915415,0.22661560847391987,0.4760416037216914,0.012862728836877588,11.616741613535444,0.24612119388162657,5.794200882840465,477.35169429230933,459.31984885083125,460.0945703132755,1.0,10.0,0.1,0.5,0.1,True,
35,mi_concept,1.778279410038923e-06,4.63804741066682,0.22692133070423165,0.476362604225218,0.012877600055157317,11.616333787801057,0.14870114458204486,9.59755041624135,460.7179857995409,430.8510828116584,432.1184295484188,1.0,10.0,0.1,0.5,0.1,True,
35,mi_concept,3.162277660168379e-06,4.63676052300527,0.2274140431228163,0.47687948490453674,0.012901099222875124,11.61564078070262,0.09478496159308718,15.075480956642341,433.12551723886645,386.2133906738089,388.1610159186203,1.0,10.0,0.1,0.5,0.1,True,
35,mi_concept,5.623413251903491e-06,4.634869970913914,0.2281383540676672,0.4776383088359509,0.012934177111384016,11.614509705644112,0.06612962937465008,21.647324399274193,389.67796519892573,322.31335085719934,325.0061210016151,1.0,10.0,0.1,0.5,0.1,True,
38,mi_concept,1e-09,4.5845141885844125,0.2800027160013806,0.5291528285867709,0.015718732070005313,11.599908403653341,100.22112763373876,0.015616656054979602,499.9667942119351,499.9154488845357,499.92219903408835,1.0,10.0,0.1,0.3,1.0,True,
38,mi_concept,1.7782794100389228e-09,4.584513737147041,0.28000186824272394,0.529152027533415,0.015718678692594832,11.59990790692202,56.36558113043333,0.02776724180858511,499.9409529957849,499.8496585064949,499.8616601314041,1.0,10.0,0.1,0.3,1.0,True,
38,mi_concept,3.1622776601683795e-09,4.584512962305569,0.2800003366710603,0.5291505803370722,0.01571858236330911,11.599907037295935,31.703795502190125,0.04936673273085635,499.8950047584072,499.732695122303,499.75403096428744,1.0,10.0,0.1,0.3,1.0,True,
38,mi_concept,5.623413251903491e-09,4.584511575457305,0.27999762471750556,0.5291480177771675,0.015718411508678067,11.599905489565318,17.83545607188574,0.08775249905536692,499.81331073079355,499.5247972964919,499.56271815216536,1.0,10.0,0.1,0.3,1.0,True,
38,mi_concept,1e-08,4.584509109296487,0.2799928047157895,0.529143463264727,0.01571810775365429,11.599902734753464,10.036718744581165,0.1559367662829144,499.66808263232406,499.15539943791936,499.2227693895042,1.0,10.0,0.1,0.3,1.0,True,
38,mi_concept,1.7782794100389228e-08,4.584504741139198,0.27998423181592486,0.529135362469685,0.015717567532940582,11.599897838254963,5.651171953828886,0.27694635080421354,499.40997411843176,498.499462355031,498.61906311011415,1.0,10.0,0.1,0.3,1.0,True,
38,mi_concept,3.162277660168379e-08,4.584497031895054,0.27996897840446344,0.5291209487484534,0.015716606307166113,11.599889139879409,3.1850074800545656,0.491374754413227,498.95145145941757,497.33603743570865,497.54808442313134,1.0,10.0,0.1,0.3,1.0,True,
38,mi_concept,5.6234132519034905e-08,4.584483508668429,0.27994182591678335,0.5290952900156864,0.015714895241825323,11.599873699738222,1.7981985941454404,0.8702945786086712,498.13754249279964,495.2766355168308,495.65171085929387,1.0,10.0,0.1,0.3,1.0,True,
38,mi_concept,1e-07,4.584460046344265,0.2798934549107324,0.5290495769875754,0.015711847047164714,11.599846331250157,1.0183695011171465,1.5366112885813616,496.6948275466075,491.64423850345696,492.30494522898084,1.0,10.0,0.1,0.3,1.0,True,
38,mi_concept,1.7782794100389227e-07,4.584420166000591,0.2798071686338294,0.5289680223168782,0.015706409523703814,11.599797942135266,0.5798944557136231,2.6981044276618955,494.1438820978627,485.2778001640254,486.43315234579063,1.0,10.0,0.1,0.3,1.0,True,
38,mi_concept,3.162277660168379e-07,4.584355015541433,0.27965289804508,0.5288221799859382,0.015696687660665124,11.599712777797427,0.3334204419674008,4.691426025430143,489.6533468220069,474.2436798176186,476.23796557873715,1.0,10.0,0.1,0.3,1.0,True,
38,mi_concept,5.62341325190349e-07,4.584257071633678,0.279376059585413,0.5285603651291052,0.015679240849591058,11.599564132256202,0.19499544045336126,8.01813069642027,481.81026031626493,455.49303667305816,458.85768946213403,1.0,10.0,0.1,0.3,1.0,True,
38,mi_concept,1e-06,4.5841376645042775,0.27887652690830406,0.5280876129093581,0.01564775416945522,11.599308652343336,0.11747579987111406,13.29798836156434,468.3002410170839,424.7086355378972,430.1631802159772,1.0,10.0,0.1,0.3,1.0,True,
38,mi_concept,1.778279410038923e-06,4.5840876800416455,0.27796909485958043,0.5272277447740971,0.015590527798259474,11.598882204418087,0.07447816146893364,20.942822099701306,445.58863626674616,377.08054218098187,385.3357303970826,1.0,10.0,0.1,0.3,1.0,True,
38,mi_concept,3.162277660168379e-06,4.58444978045304,0.2763154519792259,0.5256571620164857,0.01548609417233802,11.598210199853948,0.0514243313673717,30.244130827611286,408.9925799573719,310.3783712921242,321.5144893826204,1.0,10.0,0.1,0.3,1.0,True,
38,mi_concept,5.623413251903491e-06,4.586170966617935,0.2733538478121036,0.5228325236747458,0.015298360603934493,11.597269840633365,0.040673386144660616,38.032302659470304,354.14468646409927,230.67193028534658,243.1982890885616,1.0,10.0,0.1,0.3,1.0,True,
18,mi_concept,1e-09,4.357045466563468,0.491254589028888,0.7008955621409569,0.025304221069218657,11.527017750851652,56.02600549957818,0.03636090363925594,499.83278355777907,499.7024535547127,499.74797147188673,1.0,1.0,0.1,0.3,0.1,True,
18,mi_concept,1.7782794100389228e-09,4.357061078829956,0.491241898028265,0.7008865086647517,0.025303360003954944,11.527021002599739,31.521456855018037,0.06462654287111341,499.70269756333886,499.4710548637982,499.55195134087825,1.0,1.0,0.1,0.3,0.1,True,
18,mi_concept,3.1622776601683795e-09,4.357088854532849,0.4912193182015186,0.700870400431862,0.02530182843629137,11.527026788036919,17.741545428886212,0.11481882370818178,499.4714874277508,499.0599426045942,499.2036503427482,1.0,1.0,0.1,0.3,0.1,True,
18,mi_concept,5.623413251903491e-09,4.357138243122002,0.4911791706012904,0.7008417586026752,0.02529910546833422,11.52703707561354,9.992547622278497,0.2038476910448045,499.0607075518844,498.33006767513575,498.58515041963943,1.0,1.0,0.1,0.3,0.1,True,
18,mi_concept,1e-08,4.357226060212755,0.4911077921859923,0.700790833406083,0.025294265142972592,11.527055367460969,5.634994062660041,0.3614502480400298,498.3314145026089,497.0359229000995,497.48805016621037,1.0,1.0,0.1,0.3,0.1,True,
18,mi_concept,1.7782794100389228e-08,4.357382189525511,0.4909809124930104,0.7007003014791776,0.025285663828076343,11.52708788721779,3.1846117615359155,0.6394614043516923,497.0382756242605,494.74645825449056,495.5458078156366,1.0,1.0,0.1,0.3,0.1,True,
18,mi_concept,3.162277660168379e-08,4.3576597205420455,0.4907554482299437,0.7005393980569142,0.025270387769821757,11.527145689839712,1.8067499817771433,1.1267987011693201,494.7505097145269,490.7124209670037,492.11929229363864,1.0,1.0,0.1,0.3,0.1,True,
18,mi_concept,5.6234132519034905e-08,4.358152879521812,0.49035503775278705,0.7002535524742356,0.02524328487617697,11.527248391514403,1.0320813314763135,1.9715417171084966,490.71921519144007,483.6548742532628,486.11129220962476,1.0,1.0,0.1,0.3,0.1,True,
18,mi_concept,1e-07,4.359028579887346,0.48964473174801787,0.699746190949274,0.025195288473728608,11.527430727445074,0.5967404634362738,3.406718624213643,483.66570289414693,471.4620513348487,475.6908843240279,1.0,1.0,0.1,0.3,0.1,True,
18,mi_concept,1.7782794100389227e-07,4.360581190981009,0.48838746524777726,0.6988472402805761,0.025110589025031178,11.527753925905172,0.3524503289474052,5.758633579415357,471.4775832642322,450.85809427247233,457.9598676165667,1.0,1.0,0.1,0.3,0.1,True,
18,mi_concept,3.162277660168379e-07,4.363324246053944,0.4861722278223228,0.6972605164659209,0.024962131449538155,11.528324759355034,0.2160295595493881,9.368369832125742,450.87518128246006,417.35632852090424,428.7788482524984,1.0,1.0,0.1,0.3,0.1,True,
18,mi_concept,5.62341325190349e-07,4.368127972799826,0.48230864519030203,0.6944844456071727,0.024705495618352644,11.529324314229516,0.14110287752339357,14.271861169740196,417.3595042747432,366.361288789785,383.4254728714534,1.0,1.0,0.1,0.3,0.1,True,
18,mi_concept,1e-06,4.376347417126803,0.4757323569314422,0.68973354052956,0.024274942405866456,11.531036331372622,0.10244517829057555,19.49173878116963,366.3077508004858,296.79362660873124,319.3548145206882,1.0,1.0,0.1,0.3,0.1,True,
18,mi_concept,1.778279410038923e-06,4.389556322716022,0.46520993213861056,0.682062997192056,0.023600819795202253,11.53380094105238,0.0878315594642894,22.428892502468504,296.6090141808841,216.83059643266554,241.52303911759756,1.0,1.0,0.1,0.3,0.1,True,
18,mi_concept,3.162277660168379e-06,4.407513591992807,0.45087168309234443,0.6714697931346908,0.02270700303726672,11.537618350316276,0.09511401225737535,20.330198844426505,216.47035177584488,144.33784153326062,165.3034638068636,1.0,1.0,0.1,0.3,0.1,True,
18,mi_concept,5.623413251903491e-06,4.423630824614546,0.43773610090759313,0.661616279203885,0.02190780538859961,11.541198782976107,0.13347400854400726,14.237568908641222,143.89998687662492,93.41673882178662,107.27933115912221,1.0,1.0,0.1,0.3,0.1,True,
28,mi_concept,1e-09,4.661682464774405,0.3381052518412629,0.5814681864395187,0.017435611792007547,11.558953385221297,0.9660929471516353,1.7937558608392046,489.4472817026536,484.41953557583605,485.64352964611277,1.0,1.0,1.0,0.1,1.0,True,
28,mi_concept,1.7782794100389228e-09,4.6641768781047634,0.33582960717417276,0.5795080734331255,0.017328324107367832,11.559577936962551,0.5593634783827004,3.0883285468747657,481.4592749170483,472.8006187041087,474.9004297962811,1.0,1.0,1.0,0.1,1.0,True,
28,mi_concept,3.1622776601683795e-09,4.668447040678736,0.3319001109574305,0.5761077251325749,0.017143111135506796,11.560655721586663,0.33116600378594463,5.187953046779628,467.72246043622795,453.1700227888371,456.6752686041946,1.0,1.0,1.0,0.1,1.0,True,
28,mi_concept,5.623413251903491e-09,4.675539272826109,0.3252713982063304,0.570325694850171,0.016830739056866745,11.562472216460106,0.2038017933020013,8.351557168208808,444.6947344176872,421.2470427999286,426.8285169494741,1.0,1.0,1.0,0.1,1.0,True,
28,mi_concept,1e-08,4.686687833006456,0.31455312678190905,0.56085036041881,0.01632549538282108,11.565406409769036,0.13398417721123893,12.507706977634275,407.76084863779647,372.5842262835193,380.7898070277625,1.0,1.0,1.0,0.1,1.0,True,
28,mi_concept,1.7782794100389228e-08,4.7025214515094405,0.298513754224553,0.5463641223804442,0.015567687373415436,11.569796288229599,0.0982405268147916,16.649371699390503,352.7985825430051,305.8172204332178,316.41462083674026,1.0,1.0,1.0,0.1,1.0,True,
28,mi_concept,3.162277660168379e-08,4.721072070391825,0.2777118906343753,0.5269837669552785,0.014576920465921595,11.57551046834637,0.08537490915205245,18.521138785831436,280.412596738785,227.80215414666858,239.06679141754748,1.0,1.0,1.0,0.1,1.0,True,
28,mi_concept,5.6234132519034905e-08,4.735531289756047,0.2572258137968347,0.5071743426050205,0.013578022790137714,11.581239873530523,0.09390089882977398,16.223867122811235,201.19288448798844,154.52913574632885,163.84582227596846,1.0,1.0,1.0,0.1,1.0,True,
28,mi_concept,1e-07,4.7365337143,0.24674084398530713,0.49673015207988647,0.013016560652933627,11.584474160150927,0.13320590735336343,11.16880735546895,133.23409437135396,100.46278030552052,106.5686876351689,1.0,1.0,1.0,0.1,1.0,True,
28,mi_concept,1.7782794100389227e-07,4.720729372845861,0.25133318497065277,0.5013314123119085,0.013135254887542044,11.583932395691491,0.22121864204256197,6.736171981696573,87.41403080486664,67.114272656367,70.71727261141181,1.0,1.0,1.0,0.1,1.0,True,
28,mi_concept,3.162277660168379e-07,4.691639197851296,0.2651879692841001,0.5149640465936434,0.013661806575178192,11.581334460390753,0.3712494281096495,4.0775877883939335,60.38837746963765,47.664798931826475,49.81186804738854,1.0,1.0,1.0,0.1,1.0,True,
28,mi_concept,5.62341325190349e-07,4.6549185553701005,0.2814523018366991,0.5305207836048453,0.014308991429257524,11.57861146916532,0.5782886321999733,2.663823414896049,44.62601612234014,35.97777155992872,37.32922334136268,1.0,1.0,1.0,0.1,1.0,True,
28,mi_concept,1e-06,4.623791331828464,0.2918185347656497,0.5402023091080319,0.014762503766535871,11.577629672844335,0.7930244293549694,1.9605370010221563,34.97467023627879,28.402968215571246,29.32673318846157,1.0,1.0,1.0,0.1,1.0,True,
28,mi_concept,1.778279410038923e-06,4.6094456237768195,0.29118709854161934,0.5396175484003641,0.014777429101280602,11.579211264277788,0.9529169457224744,1.6246291316581132,28.51231967948701,22.974566882624526,23.6621789851273,1.0,1.0,1.0,0.1,1.0,True,
28,mi_concept,3.162277660168379e-06,4.608781411405747,0.2831388149101059,0.5321078978084294,0.014449405686430133,11.582245560003667,1.0581890547048654,1.4436758876640636,23.706227170909866,18.756510271938875,19.298224950840208,1.0,1.0,1.0,0.1,1.0,True,
28,mi_concept,5.623413251903491e-06,4.6141939512347925,0.27290623731794994,0.5224042853173679,0.014000763282706712,11.585478734019489,1.1435085268680663,1.3154630193211345,19.868878396115537,15.356850487134674,15.795386514595343,1.0,1.0,1.0,0.1,1.0,True,
24,mi_concept,1e-09,4.899914573797929,0.25378997575222106,0.5037757196930208,0.014196477194565883,11.585439217001888,0.863701435891758,1.819032290219747,488.9348086741334,484.398153400456,485.3749672612527,1.0,1.0,1.0,0.1,0.1,True,
24,mi_concept,1.7782794100389228e-09,4.900477217711433,0.25261837991977404,0.5026115596758336,0.01413631325581566,11.585750614610772,0.5010146364439285,3.129504061540881,480.57030828301043,472.7597131733878,474.4380040782243,1.0,1.0,1.0,0.1,0.1,True,
24,mi_concept,3.1622776601683795e-09,4.901389125589873,0.250599117523098,0.500598759010745,0.014032429622929499,11.586286169413025,0.29760119746753216,5.250069821394808,466.2095319752704,453.0894399466856,455.89851241004993,1.0,1.0,1.0,0.1,0.1,True,
24,mi_concept,5.623413251903491e-09,4.902749180038009,0.24720348195638478,0.49719561739458723,0.013857150333327014,11.587183414034843,0.18420731570959348,8.431178838202095,442.2043385749441,421.08511070690605,425.57905398962,1.0,1.0,1.0,0.1,0.1,True,
24,mi_concept,1e-08,4.904437773732342,0.24174102940904335,0.4916716683001405,0.013573420202456722,11.58861752600307,0.12231426859898811,12.572420333405487,403.89062783911385,372.2638716859147,378.92443950938446,1.0,1.0,1.0,0.1,0.1,True,
24,mi_concept,1.7782794100389228e-08,4.905604560967399,0.2336376535606273,0.4833607902598506,0.013147455897142654,11.590722300509373,0.09117786806128182,16.608858457290943,347.3382740206801,305.23693408978494,313.95636729020515,1.0,1.0,1.0,0.1,0.1,True,
24,mi_concept,3.162277660168379e-08,4.9038922539143694,0.22332789003052372,0.47257580347550987,0.012592141012000787,11.593356212957874,0.08125860014937669,18.247990119390117,273.81045712225153,226.94057818317432,236.4028400819427,1.0,1.0,1.0,0.1,0.1,True,
24,mi_concept,5.6234132519034905e-08,4.895623626480672,0.21389158959353738,0.46248415064036236,0.012051562377283854,11.5957148902708,0.09229975354346572,15.714565944972462,194.79269789243358,153.60320587110468,161.62775931788698,1.0,1.0,1.0,0.1,0.1,True,
24,mi_concept,1e-07,4.878518683045572,0.211602720077567,0.4600029565965495,0.011837332802483525,11.59626716322592,0.1349566362977992,10.63972984529002,128.39176254196212,99.77659118469857,105.11424306342269,1.0,1.0,1.0,0.1,0.1,True,
24,mi_concept,1.7782794100389227e-07,4.851307715829033,0.22078648396390166,0.4698792227412292,0.012162434269094288,11.594014807850474,0.22916063647306195,6.342339158008164,84.2747555689868,66.70832002396328,69.81996531219404,1.0,1.0,1.0,0.1,0.1,True,
24,mi_concept,3.162277660168379e-07,4.808817060939086,0.23957904599228766,0.4894681256142096,0.012913281434161488,11.589507967545277,0.39413322288785296,3.7924268617257697,58.33019016604766,47.427536106393696,49.22391415361924,1.0,1.0,1.0,0.1,0.1,True,
24,mi_concept,5.62341325190349e-07,4.750658771224243,0.26413085951028586,0.5139366298584738,0.013930278899455785,11.58383366606622,0.6357674952699053,2.43332659494402,43.12680435559482,35.82376225681927,36.915145305215255,1.0,1.0,1.0,0.1,0.1,True,
24,mi_concept,1e-06,4.692722467417868,0.28566463009886117,0.5344760332314828,0.014901250313558895,11.579143908102994,0.9112770051700493,1.7468213676740216,33.717756802799315,28.28302347185651,29.013891989742735,1.0,1.0,1.0,0.1,0.1,True,
24,mi_concept,1.778279410038923e-06,4.653928544843415,0.2967640462557179,0.5447605402887749,0.015498855957746681,11.57713346480999,1.1531036811662727,1.4003131745286557,27.315202462626534,22.864947471805866,23.414028158569707,1.0,1.0,1.0,0.1,0.1,True,
24,mi_concept,3.162277660168379e-06,4.633944742288889,0.29993218553837897,0.5476606481557525,0.015748273321447907,11.577090663370631,1.3606835106743411,1.1909551875236546,22.478026607491216,18.65150500330645,19.097561530446615,1.0,1.0,1.0,0.1,0.1,True,
24,mi_concept,5.623413251903491e-06,4.623594469956876,0.3001307147262839,0.5478418701836177,0.01583589252843341,11.577695514257384,1.5790979482115415,1.025996764267935,18.573963648378964,15.260129837676901,15.631554726606105,1.0,1.0,1.0,0.1,0.1,True,
29,mi_concept,1e-09,4.5881644805652435,0.3114935420731716,0.5581160650556223,0.01605317283793361,11.56965651020355,2.9509958504975207,0.5523178676724657,497.321635867899,495.5267287766731,495.7855399844204,1.0,1.0,1.0,0.2,1.0,True,
29,mi_concept,1.7782794100389228e-09,4.588474551050148,0.3112140021546749,0.557865577137248,0.016038647055941015,11.569735327951554,1.6721053078700916,0.9743046828445024,495.25130718106493,492.08473069532926,492.5406996119181,1.0,1.0,1.0,0.2,1.0,True,
29,mi_concept,3.1622776601683795e-09,4.589023648137699,0.31071878106223094,0.5574215470021149,0.016012923598725113,11.569874949981982,0.953043003370427,1.7080191265186642,491.6000784394708,486.04790901813095,486.8454450317802,1.0,1.0,1.0,0.2,1.0,True,
29,mi_concept,5.623413251903491e-09,4.589992837692376,0.3098440900572362,0.5566364074126271,0.01596751967487487,11.570121534597163,0.5488831702415927,2.961426721803065,485.20200152338697,475.5725282073642,476.9497867906973,1.0,1.0,1.0,0.2,1.0,True,
29,mi_concept,1e-08,4.59169336950758,0.30830750693114484,0.5552544524190192,0.015887851421865776,11.570554641545263,0.32196619170611757,5.035844707171651,474.1172218611253,457.7338474802859,460.0592743518367,1.0,1.0,1.0,0.2,1.0,True,
29,mi_concept,1.7782794100389228e-08,4.594644800841812,0.3056348980011164,0.5528425616765739,0.015749562862474347,11.571307757686185,0.19501728745392272,8.277408978010028,455.29290305785327,428.33912360968696,432.11390965969053,1.0,1.0,1.0,0.2,1.0,True,
29,mi_concept,3.162277660168379e-08,4.599664142455007,0.3010724572362697,0.5487006991395853,0.015514290111161313,11.57259296222481,0.12485212400623745,12.831813593015905,424.42271915726286,382.5749652954794,388.30036649669677,1.0,1.0,1.0,0.2,1.0,True,
29,mi_concept,5.6234132519034905e-08,4.607871313330398,0.29356229752395185,0.5418138956541737,0.01512911433942343,11.574707917481192,0.0877544149853406,18.02890627999235,376.7536475449327,317.8149277636633,325.5645844585876,1.0,1.0,1.0,0.2,1.0,True,
29,mi_concept,1e-07,4.620261151354536,0.2820905673474924,0.5311219891394936,0.014545393756890356,11.577940129867791,0.07167524030298045,21.649562313763123,310.2013809605144,239.17846860090245,247.93652846197963,1.0,1.0,1.0,0.2,1.0,True,
29,mi_concept,1.7782794100389227e-07,4.635991179577486,0.267217297844815,0.5169306509047563,0.013795472682342123,11.582147672676822,0.07294187834756387,20.736566339092015,231.04219786849106,162.72211149180725,170.41288019985848,1.0,1.0,1.0,0.2,1.0,True,
29,mi_concept,3.162277660168379e-07,4.649335436824774,0.2540328045472027,0.5040166709020671,0.013133515153757588,11.585949554686122,0.09656589648546203,15.30728504806434,156.15620060347183,105.5230594204089,110.71077775535583,1.0,1.0,1.0,0.2,1.0,True,
29,mi_concept,5.62341325190349e-07,4.6527969987640265,0.2496004723025686,0.4996003125525129,0.012905961706516108,11.587412621651819,0.15610688232754097,9.39611613450012,101.59194389456052,70.43057737415133,73.46048827516978,1.0,1.0,1.0,0.2,1.0,True,
29,mi_concept,1e-06,4.648497846541302,0.251812397105718,0.5018091241754359,0.013012426099162117,11.587147802057194,0.2647896611562644,5.559875898741602,68.55051701605451,50.07524750104712,51.82869868959123,1.0,1.0,1.0,0.2,1.0,True,
29,mi_concept,1.778279410038923e-06,4.640680370067317,0.2561787091423602,0.5061409972945881,0.013236679408157526,11.586493156292214,0.4287309637592303,3.4586181395237117,49.41578080294507,37.898634245619455,38.96009533547272,1.0,1.0,1.0,0.2,1.0,True,
29,mi_concept,3.162277660168379e-06,4.631691279807666,0.26053121806772306,0.5104225877326777,0.013484914747984229,11.58605127363651,0.6290626058372258,2.3740794043526745,37.96011886552616,30.044796278956408,30.743442189518266,1.0,1.0,1.0,0.2,1.0,True,
29,mi_concept,5.623413251903491e-06,4.6263415362018945,0.2613819418570187,0.5112552609577907,0.01358429517170944,11.586606642710711,0.8111108256941406,1.8433576460329888,30.560863224975474,24.418028854658804,24.925176668004323,1.0,1.0,1.0,0.2,1.0,True,
33,mi_concept,1e-09,4.506940652853589,0.3510408695930388,0.5924870206114551,0.019242723298108978,11.574618683028978,45.111792230955125,0.03878919151117647,499.9336277220534,499.8020928578698,499.8313819443404,1.0,10.0,0.1,0.2,0.1,True,
33,mi_concept,1.7782794100389228e-09,4.50694656122813,0.3510334283296331,0.5924807408934345,0.01924226093464828,11.574619433848321,25.37518083453522,0.06895828802189582,499.88198021230164,499.6481429823771,499.7002069019959,1.0,10.0,0.1,0.2,0.1,True,
33,mi_concept,3.1622776601683795e-09,4.506957089178124,0.3510201781663777,0.5924695588520795,0.019241437978946584,11.574620773997763,14.276470437503573,0.12256473278208811,499.7901552283333,499.3745438568503,499.46706401517287,1.0,10.0,0.1,0.2,0.1,True,
33,mi_concept,5.623413251903491e-09,4.50697581420292,0.35099662054236175,0.5924496776455885,0.01923997484076647,11.574623156849405,8.035210486274353,0.21775727905930353,499.6269239487671,498.8885350111484,499.0528594221677,1.0,10.0,0.1,0.2,0.1,True,
33,mi_concept,1e-08,4.507009138545728,0.3509547280419258,0.5924143212667345,0.01923737309365677,11.57462739701927,4.525498340410628,0.386611085731405,499.3368402124905,498.0259385783675,498.31751488328564,1.0,10.0,0.1,0.2,0.1,True,
33,mi_concept,1.7782794100389228e-08,4.507068481518859,0.3508802293824562,0.5923514407701362,0.019232746742357986,11.574634946505146,2.5518532761839476,0.685540368325773,498.8215812796937,496.49724379284766,497.013736128806,1.0,10.0,0.1,0.2,0.1,True,
33,mi_concept,3.162277660168379e-08,4.507174270375492,0.350747744352979,0.592239600459965,0.01922452075762687,11.57464840048446,1.442010886613066,1.2129076620102994,497.90717236696224,493.7952840198025,494.7074291662453,1.0,10.0,0.1,0.2,0.1,True,
33,mi_concept,5.6234132519034905e-08,4.507363209181262,0.350512134727934,0.5920406529351967,0.019209895888923672,11.574672416254266,0.8179359203437374,2.1375314888810832,496.28697737070735,489.04206640527417,490.64434082326557,1.0,10.0,0.1,0.2,0.1,True,
33,mi_concept,1e-07,4.507701734400835,0.35009313262283154,0.5916866845069538,0.01918390030165549,11.574715406172636,0.4670557595737311,3.7408508401230978,493.4243016981674,480.7499161415636,483.53788652798045,1.0,10.0,0.1,0.2,0.1,True,
33,mi_concept,1.7782794100389227e-07,4.5083115148050075,0.34934808428292946,0.591056752167615,0.01913771648099266,11.574792726947503,0.2698541547720479,6.4667938853715,488.3915077353483,466.49582697769625,471.2663108499466,1.0,10.0,0.1,0.2,0.1,True,
33,mi_concept,3.162277660168379e-07,4.509419150955199,0.3480240441337138,0.589935627110038,0.019055766169339128,11.574932856550726,0.1591627059223269,10.94080050745647,479.6213500816163,442.61959005967805,450.54574931399424,1.0,10.0,0.1,0.2,0.1,True,
33,mi_concept,5.62341325190349e-07,4.511454940404861,0.3456760255023582,0.5879421957151555,0.018910810691465326,11.575189650288252,0.09728567893742436,17.831599038414993,464.57501339095376,404.3847377301037,416.8981790543888,1.0,10.0,0.1,0.2,0.1,True,
33,mi_concept,1e-06,4.515243225904705,0.34154095325436234,0.5844150522140599,0.018656606470400832,11.575666358954948,0.06317190841202955,27.276423928286803,439.45793331376075,347.6723936812721,365.7825082998106,1.0,10.0,0.1,0.2,0.1,True,
33,mi_concept,1.778279410038923e-06,4.522297384041371,0.33441264736354387,0.5782842271440091,0.01822121951029491,11.576555998844047,0.04528140313838147,37.60797085060783,399.4740207918889,273.49795063685787,296.23091484080487,1.0,10.0,0.1,0.2,0.1,True,
33,mi_concept,3.162277660168379e-06,4.53484909383919,0.32285222847289474,0.5682008698276471,0.017521123133446382,11.578164658180318,0.03776854010720167,44.21663655723713,340.7603462936056,193.44439504498735,216.47183639597122,1.0,10.0,0.1,0.2,0.1,True,
33,mi_concept,5.623413251903491e-06,4.55379309007775,0.3068439333345551,0.5539349540646041,0.0165585945345114,11.580707552337511,0.03881919622576352,41.82750043454453,265.20734203036756,126.32539361601518,144.1487359543636,1.0,10.0,0.1,0.2,0.1,True,
32,mi_concept,1e-09,4.389024454388945,0.47260425406394285,0.6874621837337257,0.02414902161286413,11.532198633110639,14.885704045326893,0.13219223392218796,499.77998109640413,499.32564304500744,499.47081597743045,1.0,10.0,0.1,0.1,0.1,True,
32,mi_concept,1.7782794100389228e-09,4.389128296247332,0.472524330063374,0.6874040515325568,0.024144695566341433,11.53221717458236,8.378974064380305,0.23482712337185682,499.6088421082051,498.80179458932474,499.0595616145667,1.0,10.0,0.1,0.1,0.1,True,
32,mi_concept,3.1622776601683795e-09,4.389312871350619,0.4723822672075556,0.6873007109028446,0.024137006504151973,11.53225013626302,4.719977809124884,0.41680675739117823,499.3047191620578,497.8723796114911,498.32952817940077,1.0,10.0,0.1,0.1,0.1,True,
32,mi_concept,5.623413251903491e-09,4.389640834554154,0.4721298385451334,0.6871170486497431,0.024123345209289347,11.532308719955909,2.6623852560096446,0.7387360964602169,498.76456689390824,496.2263405424608,497.0353968912709,1.0,10.0,0.1,0.1,0.1,True,
32,mi_concept,1e-08,4.390223208021872,0.47168158197163473,0.6867907847165938,0.02409908973490719,11.532412797778933,1.5053377476553402,1.305938605231636,497.8061185357786,493.3203205423194,494.7468762009012,1.0,10.0,0.1,0.1,0.1,True,
32,mi_concept,1.7782794100389228e-08,4.3912561633790315,0.4708864690480767,0.6862116794751286,0.024056077880906225,11.532597555286257,0.8547209873003405,2.298109562135121,496.1083253082648,488.2184625467048,490.71734918543234,1.0,10.0,0.1,0.1,0.1,True,
32,mi_concept,3.162277660168379e-08,4.393084496326498,0.46947897240573905,0.6851853562400024,0.023979977037598067,11.5329250630121,0.4889216569121137,4.011563814873553,493.10989889463013,479.3494728762705,483.67635400740977,1.0,10.0,0.1,0.1,0.1,True,
32,mi_concept,5.6234132519034905e-08,4.396308136767414,0.46699678304631503,0.6833716287982075,0.023845886138431298,11.53350403399377,0.2833416859437772,6.904049422343251,487.8426531944826,464.1960538505591,471.53768174151065,1.0,10.0,0.1,0.1,0.1,True,
32,mi_concept,1e-07,4.401950199349606,0.4626502135132078,0.680183955642301,0.023611428219758198,11.53452208361229,0.1679587162831527,11.593081482619011,478.67681987465977,439.06973004807105,451.09660444498746,1.0,10.0,0.1,0.1,0.1,True,
32,mi_concept,1.7782794100389227e-07,4.411683526539623,0.4551425864678951,0.6746425620044255,0.023207462665833147,11.536292783434453,0.10347874152620315,18.664490117834628,462.9900943105065,399.47738763080434,418.039913491587,1.0,10.0,0.1,0.1,0.1,True,
32,mi_concept,3.162277660168379e-07,4.427994810469878,0.4425229101212967,0.6652239548612908,0.02253112038749233,11.539302758234747,0.06796378234785816,28.02109925169116,436.91374072884486,342.10692731368516,368.0979468414605,1.0,10.0,0.1,0.1,0.1,True,
32,mi_concept,5.62341325190349e-07,4.453772093577198,0.42243209682984967,0.6499477646933249,0.021460795094535152,11.544177159549637,0.04939857572750576,37.662054955229245,395.6923680745105,269.13409007396416,300.4824731600409,1.0,10.0,0.1,0.1,0.1,True,
32,mi_concept,1e-06,4.4900568111737815,0.3936782419945849,0.6274378391478991,0.01994141044668426,11.551321825783885,0.04172400063217753,43.032583463071084,335.8280839508708,191.9928027132695,222.81824646737235,1.0,10.0,0.1,0.1,0.1,True,
32,mi_concept,1.778279410038923e-06,4.5310944012822105,0.36006634772781965,0.6000552872259519,0.01818027586078241,11.55993106107265,0.04314735276585798,39.79149731777955,260.00646575305194,127.00905276753649,151.07600964040333,1.0,10.0,0.1,0.1,0.1,True,
32,mi_concept,3.162277660168379e-06,4.561747737537491,0.33341543754931785,0.577421369148491,0.016783583710227142,11.567030152369284,0.056331043603491254,29.339945973561402,181.5940416344594,82.94855756696522,98.5659957308621,1.0,10.0,0.1,0.1,0.1,True,
32,mi_concept,5.623413251903491e-06,4.569351107260398,0.3252258673846018,0.5702857769439825,0.01633042871921744,11.569450165852576,0.08914622797896178,18.314316228088114,118.64692615469342,56.63656881192896,66.07801203836769,1.0,10.0,0.1,0.1,0.1,True,
30,mi_concept,1e-09,4.6292463908883565,0.27488980941689634,0.5242993509598275,0.014338982156421501,11.582502879339966,6.298897121763198,0.2402456788486577,498.79444012581115,498.0020011402403,498.0880063792669,1.0,1.0,1.0,0.3,1.0,True,
30,mi_concept,1.7782794100389228e-09,4.629329684047109,0.27481036220394983,0.5242235803585621,0.014334764803180229,11.582523373933245,3.554325675398265,0.42569557959027154,497.85907898788736,496.4548805477485,496.6071773471362,1.0,1.0,1.0,0.3,1.0,True,
30,mi_concept,3.1622776601683795e-09,4.629477600312064,0.2746692328567949,0.5240889550990318,0.014327274178071942,11.58255978648752,2.0109877432195638,0.7522005789400724,496.2019924628591,493.720591556269,493.9893932334214,1.0,1.0,1.0,0.3,1.0,True,
30,mi_concept,5.623413251903491e-09,4.6297399958381185,0.2744187418262253,0.5238499229991594,0.014313982325602768,11.582624434619111,1.1431907632536422,1.322583789802828,493.27486251740817,488.91124480111966,489.382922947577,1.0,1.0,1.0,0.3,1.0,True,
30,mi_concept,1e-08,4.6302045706051596,0.27397481760838843,0.5234260383362567,0.014290436600976638,11.58273906560753,0.6553461642286125,2.3052294817145818,488.1310150820014,480.5234717452973,481.34266097883375,1.0,1.0,1.0,0.3,1.0,True,
30,mi_concept,1.7782794100389228e-08,4.631024211774751,0.2731902667301604,0.5226760629014499,0.014248856170386324,11.58294184182331,0.38128736538433905,3.9564006697229748,479.17426220936636,466.11197148319206,467.50906373706675,1.0,1.0,1.0,0.3,1.0,True,
30,mi_concept,3.162277660168379e-08,4.632460883028599,0.27181088814343246,0.521354858175727,0.014175849287204088,11.583298933262787,0.22767508026679067,6.608780438430084,463.8284889740728,441.9925037215249,444.30039023668246,1.0,1.0,1.0,0.3,1.0,True,
30,mi_concept,5.6234132519034905e-08,4.634948002100812,0.2694098334757204,0.5190470436056065,0.014049064656519493,11.583922230419091,0.14222028158535208,10.532215175133633,438.27070211232905,403.4248175720806,407.032142452877,1.0,1.0,1.0,0.3,1.0,True,
30,mi_concept,1e-07,4.639148726245981,0.265314301733655,0.5150866934154434,0.013833654444808418,11.584990295963113,0.09592563517424926,15.494256318142648,397.74166823091815,346.3610126357666,351.4943662012341,1.0,1.0,1.0,0.3,1.0,True,
30,mi_concept,1.7782794100389227e-07,4.645884401612369,0.25862882852352526,0.5085556297235586,0.013484204835228874,11.586746731340302,0.07337476259049869,19.995449450197967,338.58863387200284,272.02762789508307,278.2993369396965,1.0,1.0,1.0,0.3,1.0,True,
30,mi_concept,3.162277660168379e-07,4.655486019738234,0.248777436200416,0.4987759378723236,0.01297360744544008,11.589365628904904,0.06798653069671828,21.15717240432436,263.12844618277074,192.28042401790754,198.39203068136098,1.0,1.0,1.0,0.3,1.0,True,
30,mi_concept,5.62341325190349e-07,4.665763317641458,0.2374874394161078,0.48732683018289463,0.012392422555197093,11.592433001302117,0.08099528395384997,17.33623845017566,184.4152013672721,125.90211208567393,130.4358825274937,1.0,1.0,1.0,0.3,1.0,True,
30,mi_concept,1e-06,4.670653921355397,0.23058832416495445,0.48019613093501123,0.012033193660592759,11.594444030185945,0.12243366328472717,11.28127986394208,120.76819609884642,82.41746253973001,85.15257394631432,1.0,1.0,1.0,0.3,1.0,True,
30,mi_concept,1.778279410038923e-06,4.667481830005929,0.23085306892737076,0.48047171501283065,0.0120357222373671,11.594660574724319,0.20636860551299946,6.684797994497412,79.79384274439784,56.99393742217331,58.55206054812842,1.0,1.0,1.0,0.3,1.0,True,
30,mi_concept,3.162277660168379e-06,4.6595010252242695,0.2344870329407678,0.48423861157570636,0.012213236817916652,11.594156574146798,0.3418167011530656,4.061046513247102,55.92423185813334,42.05587999680488,42.96402887916869,1.0,1.0,1.0,0.3,1.0,True,
30,mi_concept,5.623413251903491e-06,4.64863230190877,0.2395825849202369,0.48947174067584015,0.012481443235061052,11.593509871231955,0.5232760013367725,2.677764740237808,41.89107575883317,32.7470982290586,33.31183752994297,1.0,1.0,1.0,0.3,1.0,True,
49,mi_concept,1e-09,4.188471662155596,0.6827850321626043,0.8263080733979333,0.031092135928108867,11.479970976171387,55.250292343657506,0.040950442659014936,499.4389029808474,499.33556219573524,499.4502656004133,3.0,1.0,0.1,0.2,0.1,True,
49,mi_concept,1.7782794100389228e-09,4.188540500020174,0.6827270602287288,0.826272993767029,0.031089006554999604,11.479989983922085,31.107268980790373,0.07272980556185177,499.00284027290326,498.8193240928017,499.0230468752256,3.0,1.0,0.1,0.2,0.1,True,
49,mi_concept,3.1622776601683795e-09,4.1886628609428875,0.6826240080477805,0.8262106317687884,0.031083444421030944,11.480023770510448,17.530700897075818,0.12904508872348527,498.2287532127357,497.90320722210623,498.26468821174194,3.0,1.0,0.1,0.2,0.1,True,
49,mi_concept,5.623413251903491e-09,4.188880306143465,0.68244085001372,0.8260997821169789,0.031073560412339395,11.480083817400663,9.896127314776734,0.22856821105347444,496.8564804452599,496.2800793105071,496.9203883558857,3.0,1.0,0.1,0.2,0.1,True,
49,mi_concept,1e-08,4.189266515434687,0.6821154562589193,0.8259028128411474,0.031056006266147906,11.48019048511204,5.603054571677596,0.4035990920400019,494.42963123802423,493.4125127867365,494.5432894003655,3.0,1.0,0.1,0.2,0.1,True,
49,mi_concept,1.7782794100389228e-08,4.189951807654123,0.6815378152228082,0.8255530359842475,0.031024861354118468,11.480379810919988,3.189174329910517,0.7087747072804718,490.1561177879116,488.37201974178333,490.35824334594986,3.0,1.0,0.1,0.2,0.1,True,
49,mi_concept,3.162277660168379e-08,4.191165655481442,0.6805138337789448,0.8249326237814485,0.030969704788028365,11.480715329969758,1.8322728993083428,1.232710847844683,482.6876320645027,479.59117217357976,483.04694344808246,3.0,1.0,0.1,0.2,0.1,True,
49,mi_concept,5.6234132519034905e-08,4.193308709600341,0.6787034597431145,0.8238346070317236,0.03087235471852852,11.481308217653604,1.070174124151792,2.107666517495456,469.80923826733596,464.5344911394147,470.4469846555621,3.0,1.0,0.1,0.2,0.1,True,
49,mi_concept,1e-07,4.197068746455404,0.6755193725568304,0.8218998555522627,0.03070163148422125,11.482350076521094,0.6433314704812501,3.4975748649119,448.1185866526999,439.42222835322326,449.24475569324386,3.0,1.0,0.1,0.2,0.1,True,
49,mi_concept,1.7782794100389227e-07,4.203584436248175,0.6699786425725269,0.81852223095804,0.03040597849639909,11.484160378832922,0.4064815746404593,5.51190809151032,413.05019764217974,399.5006656352386,415.0090850968833,3.0,1.0,0.1,0.2,0.1,True,
49,mi_concept,3.162277660168379e-07,4.214584959453329,0.660558628594238,0.8127475798759649,0.02990714043523534,11.48723076096708,0.279359318942602,7.960687788933617,360.17865248604136,340.98857604611607,363.45289367618994,3.0,1.0,0.1,0.2,0.1,True,
49,mi_concept,5.62341325190349e-07,4.2321095955835855,0.6453824965850222,0.8033570168891426,0.029112378151005747,11.492158647911959,0.21998282175626116,9.984963598256044,289.14525742639324,265.8372749626564,294.1342989031367,3.0,1.0,0.1,0.2,0.1,True,
49,mi_concept,1e-06,4.256455620505266,0.6239301412045963,0.7898924871174534,0.028005099604711443,11.4990839372645,0.2122644967705552,10.16015728698464,209.28657845685427,186.6673570512269,215.61765861199913,3.0,1.0,0.1,0.2,0.1,True,
49,mi_concept,1.778279410038923e-06,4.280443089393221,0.6021497424081662,0.7759830812641254,0.026899074522263082,11.50605052983675,0.2651452050050336,7.976858090290153,138.76443725990237,121.91161405708266,144.77309707627768,3.0,1.0,0.1,0.2,0.1,True,
49,mi_concept,3.162277660168379e-06,4.287514077371906,0.5944160506098932,0.7709838199404013,0.02650970672801033,11.508495715115965,0.41787168585113343,5.026135757123705,90.2248236226324,79.86821946171885,94.33888542689046,3.0,1.0,0.1,0.2,0.1,True,
49,mi_concept,5.623413251903491e-06,4.271588892404003,0.6055356588620889,0.7781617176796151,0.0270430879255574,11.505111688844414,0.7287726939746547,2.9109468056893837,61.38512914170866,55.28510127622218,63.67641754237434,3.0,1.0,0.1,0.2,0.1,True,
53,mi_concept,1e-09,4.0395960645025175,0.7761734017271507,0.8810070384095411,0.038539890593092645,11.435092872550808,63.08495337147775,0.04156486870993796,499.4925201689022,499.3605097484462,499.47389634774936,3.0,1.0,0.1,0.2,0.5,True,
53,mi_concept,1.7782794100389228e-09,4.039627329349592,0.776148287256407,0.8809927850194955,0.0385378734135084,11.435102653493633,35.517363176586144,0.07382492938294762,499.0980748587449,498.8636204582942,499.06501375458555,3.0,1.0,0.1,0.2,0.5,True,
53,mi_concept,3.1622776601683795e-09,4.039682941748275,0.7761036108565761,0.8809674289419422,0.03853428610148187,11.435120052848962,20.01502442108163,0.13100039563770588,498.39775418000477,497.9817660629241,498.33914289722014,3.0,1.0,0.1,0.2,0.5,True,
53,mi_concept,5.623413251903491e-09,4.039781875463909,0.7760241226488424,0.8809223136286436,0.03852790685102452,11.435151007296355,11.297519471547135,0.2320699385590639,497.1558996852782,496.419109895958,497.0522410021609,3.0,1.0,0.1,0.2,0.5,True,
53,mi_concept,1e-08,4.039957931254545,0.7758826401729736,0.8808420063626471,0.038516562729503157,11.435206095994577,6.395485820546232,0.40990271579046766,494.9585877591608,493.6576487955576,494.7760373504655,3.0,1.0,0.1,0.2,0.5,True,
53,mi_concept,1.7782794100389228e-08,4.040271389805556,0.775630641448501,0.8806989505208355,0.0384963901021895,11.435304191911886,3.6391905107759563,0.7202189359005322,491.0858162996601,488.8013922757471,490.7667521070958,3.0,1.0,0.1,0.2,0.5,True,
53,mi_concept,3.162277660168379e-08,4.040829958289702,0.7751812893094246,0.8804438024709043,0.03846052157436812,11.4354790350521,2.0897864745572448,1.2537628411426291,484.30696526536144,480.3345088831684,483.756731251254,3.0,1.0,0.1,0.2,0.5,True,
53,mi_concept,5.6234132519034905e-08,4.041826571906818,0.7743785988508565,0.8799878401721563,0.03839676575585767,11.43579111851678,1.2195281059966225,2.1471015719248556,472.585093569404,465.7951469613588,471.6585008909672,3.0,1.0,0.1,0.2,0.5,True,
53,mi_concept,1e-07,4.0436075617751275,0.7729412402099126,0.8791707685142361,0.038283566938117325,11.436349184463312,0.7320303689243953,3.5729134492596972,452.74550221881617,441.48466577174713,451.2493849208308,3.0,1.0,0.1,0.2,0.5,True,
53,mi_concept,1.7782794100389227e-07,4.046792492383792,0.7703619716629769,0.8777026670023151,0.0380833022183066,11.437348148962618,0.46137844207957646,5.657149878478842,420.39653774688054,402.6719580559734,418.1532646122267,3.0,1.0,0.1,0.2,0.5,True,
53,mi_concept,3.162277660168379e-07,4.0524598701396215,0.7657464387929411,0.8750693908444868,0.037732973066922276,11.439128063568507,0.31582021101021723,8.233333700353658,370.9172073593336,345.3831861036399,367.9617778227958,3.0,1.0,0.1,0.2,0.5,True,
53,mi_concept,5.62341325190349e-07,4.062280715574664,0.7576780140785138,0.8704470196850086,0.03714089170592247,11.442216433271792,0.24716850974345028,10.448799559671393,302.85923113131986,270.9987042138572,299.74207689990044,3.0,1.0,0.1,0.2,0.5,True,
53,mi_concept,1e-06,4.077751131232127,0.7448058938204154,0.8630213750657717,0.036237934639483486,11.447083227638227,0.23634960343781675,10.804245195619345,223.580974225831,191.4590648199669,221.3041878276748,3.0,1.0,0.1,0.2,0.5,True,
53,mi_concept,1.778279410038923e-06,4.095860549086446,0.7294696439865309,0.8540899507584262,0.035217091235065646,11.452771530396449,0.29148003622121743,8.638014316776816,150.31823513276618,125.33794739319664,149.308560597584,3.0,1.0,0.1,0.2,0.5,True,
53,mi_concept,3.162277660168379e-06,4.103751504936399,0.7224308396692168,0.8499593164788635,0.03478762414590811,11.455280382623247,0.4520361936975102,5.5314871416716915,97.81001064581649,81.93950165766064,97.3039870534168,3.0,1.0,0.1,0.2,0.5,True,
53,mi_concept,5.623413251903491e-06,4.095497422810317,0.7286445634663352,0.853606796755002,0.03525754271658688,11.452947247619024,0.7710907992650885,3.26018911148548,66.12043077652397,56.50922819906103,65.45606129417173,3.0,1.0,0.1,0.2,0.5,True,
52,mi_concept,1e-09,4.892143864087364,0.00045351976672228526,-0.021296003538746073,9.810804777101227e-05,11.667404905133989,-0.45885398890578966,0.2689246653090568,498.0217344497273,498.50202877009315,498.79869185766074,3.0,1.0,0.1,0.1,0.5,True,
52,mi_concept,1.7782794100389228e-09,4.892134263629439,0.0004615495839304452,-0.02148370507920934,9.896549286263193e-05,11.667366881994791,-0.26006916596100993,0.47653030169008065,496.49007397990516,497.34168101565393,497.86711414809946,3.0,1.0,0.1,0.1,0.5,True,
52,mi_concept,3.1622776601683795e-09,4.892117451045738,0.00047590636744747843,-0.02181527830323231,0.00010048890339955376,11.667299741123717,-0.14829085891977672,0.8420833101435454,493.78349038389683,495.2900445075129,496.21776690404045,3.0,1.0,0.1,0.1,0.5,True,
52,mi_concept,5.623413251903491e-09,4.892088373095264,0.0005016690075186354,-0.02239796882573586,0.00010319306381217828,11.66718183543328,-0.08544506100565608,1.4808157662369403,489.0240499008648,491.67852075725386,493.3075315193617,3.0,1.0,0.1,0.1,0.5,True,
52,mi_concept,1e-08,4.892039244632716,0.0005481463780877302,-0.023412526093690322,0.00010798325902920405,11.666976809448503,-0.05012519136754508,2.581676968250097,480.726852182389,485.3705132900216,488.2032684955934,3.0,1.0,0.1,0.1,0.5,True,
52,mi_concept,1.7782794100389228e-08,4.891959969494556,0.0006325239655202895,-0.02515002913557536,0.00011642665815727647,11.666626529115568,-0.030300570908847566,4.433153798833991,466.4811974898873,474.50221732367635,479.3451188149217,3.0,1.0,0.1,0.1,0.5,True,
52,mi_concept,3.162277660168379e-08,4.891844116309519,0.0007861512287101486,-0.028038388482759642,0.00013112426199801423,11.666046883399645,-0.019218507164467172,7.41347922953953,442.66674272602927,456.2141961524905,464.25363488238924,3.0,1.0,0.1,0.1,0.5,True,
52,mi_concept,5.6234132519034905e-08,4.8917144341366665,0.001061931941345968,-0.032587297239046506,0.0001559024320952875,11.665142245529463,-0.01310406319751665,11.845271504361522,404.6506311443853,426.64918573006327,439.3468648466271,3.0,1.0,0.1,0.1,0.5,True,
52,mi_concept,1e-07,4.891704311991221,0.0015261962731469914,-0.03906656208507464,0.0001944207102231213,11.663878900367353,-0.009873410422396143,17.534197902715995,348.51114504137075,381.88411749575266,400.37662187473416,3.0,1.0,0.1,0.1,0.5,True,
52,mi_concept,1.7782794100389227e-07,4.892252008372875,0.0021741361622735897,-0.04662763303314452,0.00024317748794663987,11.662478115965579,-0.008418863066460799,22.962943965086147,275.4307176422713,320.61894447664264,344.41561663788366,3.0,1.0,0.1,0.1,0.5,True,
52,mi_concept,3.162277660168379e-07,4.894326284116866,0.0026998756498354433,-0.05196032765327258,0.0002760788338041867,11.66169189530301,-0.008200791108018978,25.08411208564957,196.6608014093516,247.90147601290857,273.75397752266815,3.0,1.0,0.1,0.1,0.5,True,
52,mi_concept,5.62341325190349e-07,4.898991910490794,0.0024133335023567566,-0.04912569085882413,0.00024324634304375364,11.662742232071706,-0.00889576430406506,21.69532193445458,130.07808431481345,175.6378501712641,198.72521319641962,3.0,1.0,0.1,0.1,0.5,True,
52,mi_concept,1e-06,4.9059252732860585,0.0010517845654127154,-0.03243122824397367,0.00012849858937758924,11.666496067166841,-0.009481078179845441,14.802142824297437,85.51195979327099,116.47895722336858,133.66896604993352,3.0,1.0,0.1,0.1,0.5,True,
52,mi_concept,1.778279410038923e-06,4.91445568872482,7.217821966538623e-06,0.0026866004478780657,9.045732443615776e-06,11.67362512302726,-0.004365157945909114,8.541840495429216,59.21402879183439,76.09045900506767,87.3673927971235,3.0,1.0,0.1,0.1,0.5,True,
52,mi_concept,3.162277660168379e-06,4.92588732740337,0.004680586816167453,0.06841481430339084,0.00014976899194514724,11.686924647700483,0.03323597780923792,4.583325091837913,43.828771014572624,51.64340768255917,58.757840354977276,3.0,1.0,0.1,0.1,0.5,True,
52,mi_concept,5.623413251903491e-06,4.9357882283358165,0.03679008065371272,0.19180740510656183,0.0016742604170933719,11.68815959319179,0.21059859720756446,2.444817496873908,34.35375185433202,37.17117222746136,41.873707883289796,3.0,1.0,0.1,0.1,0.5,True,
42,mi_concept,1e-09,4.618530235996072,0.24302684489284385,0.4929775298052071,0.013679925541836245,11.60832685655173,6.790223881739266,0.2165804945525778,499.70362903542076,499.0167367503577,499.06227498430326,1.0,10.0,1.0,0.3,0.1,True,
42,mi_concept,1.7782794100389228e-09,4.618525212229001,0.2430227564025101,0.49297338305684424,0.0136795754973163,11.608317281370038,3.823791669513799,0.38459794017796733,499.47314255844736,498.2533865635085,498.33419752307213,1.0,10.0,1.0,0.3,0.1,True,
42,mi_concept,3.1622776601683795e-09,4.618516386641193,0.2430154568129468,0.4929659793666768,0.013678951114153947,11.608300276293399,2.155652044567594,0.6822106083074256,499.0636467685584,496.90003840859885,497.0432110245549,1.0,10.0,1.0,0.3,0.1,True,
42,mi_concept,5.623413251903491e-09,4.618501032572695,0.24300238512090225,0.49295272097930676,0.013677834783662126,11.60827010694317,1.2176020739136242,1.2077705878594733,498.33662841396085,494.5063145905605,494.75924353879554,1.0,10.0,1.0,0.3,0.1,True,
42,mi_concept,1e-08,4.618474801356516,0.24297885281165996,0.4929288516729975,0.013675830709904,11.608216680271392,0.6901225347571188,2.1308374263964747,497.0475069810468,490.2900666402517,490.73461286421224,1.0,10.0,1.0,0.3,0.1,True,
42,mi_concept,1.7782794100389228e-08,4.618431525631948,0.24293610210461375,0.49288548579220076,0.013672207424175908,11.608122378097523,0.39354311024806804,3.7364531563583947,494.7667986705988,482.9183835141823,483.69267041181485,1.0,10.0,1.0,0.3,0.1,True,
42,mi_concept,3.162277660168379e-08,4.618365108186273,0.24285724730620062,0.49280548627851195,0.013665578198543853,11.607956916044122,0.22684317643626187,6.481553218549079,490.7477849173727,470.1970681537498,471.52427571790236,1.0,10.0,1.0,0.3,0.1,True,
42,mi_concept,5.6234132519034905e-08,4.618279639169584,0.24270821441247034,0.4926542544345581,0.013653213391826423,11.607669753028377,0.13324278239871037,11.032338290651133,483.7152810144239,448.74254487400725,450.9544591469169,1.0,10.0,1.0,0.3,0.1,True,
42,mi_concept,1e-07,4.618226907657764,0.2424162220009497,0.4923578190716074,0.01362947334346355,11.607181485534284,0.08086440393767,18.17009276503022,471.5620159453804,413.9793976423546,417.489830531992,1.0,10.0,1.0,0.3,0.1,True,
42,mi_concept,1.7782794100389227e-07,4.618423997318983,0.2418170178253548,0.49174893779789175,0.01358213168438378,11.60638363770793,0.0518815361078891,28.29184916314565,451.0143156718564,361.3865640483811,366.5115508920988,1.0,10.0,1.0,0.3,0.1,True,
42,mi_concept,3.162277660168379e-07,4.619560893313597,0.2405314331708922,0.4904400403422341,0.013484209313268618,11.6051813971062,0.03646701524086052,40.15494861866841,417.57610630653386,290.3848835999381,296.9065989386172,1.0,10.0,1.0,0.3,0.1,True,
42,mi_concept,5.62341325190349e-07,4.623333390935585,0.23774729668405853,0.4875933722724895,0.013280832501424512,11.603663297033155,0.029505383158056175,49.35285387512816,366.61426083803195,210.14005032937652,216.87311339111534,1.0,10.0,1.0,0.3,0.1,True,
42,mi_concept,1e-06,4.632176258197834,0.2322552431737777,0.4819286702135262,0.012896149438640153,11.602421537795376,0.02901614213148035,49.60390973441961,296.982441948688,139.0881021217058,144.41053402333014,1.0,10.0,1.0,0.3,0.1,True,
42,mi_concept,1.778279410038923e-06,4.644974588795509,0.2242768997505296,0.4735788210536126,0.012354090811077424,11.602343567534543,0.03588479612380256,39.416043565009936,216.8445268811968,90.31586436315057,93.66921333833034,1.0,10.0,1.0,0.3,0.1,True,
42,mi_concept,3.162277660168379e-06,4.653457989515086,0.21830039845808644,0.4672262818571815,0.011945303373906924,11.603054697698852,0.05462026572286175,25.554671742003663,144.22724771132383,61.450266641777404,63.408963277486826,1.0,10.0,1.0,0.3,0.1,True,
42,mi_concept,5.623413251903491e-06,4.654043616624805,0.21752770300880014,0.4663986524517413,0.011877252260339085,11.603306897935013,0.09290308484536329,14.99318984037867,93.36431927546806,44.60545845191408,45.77996587605286,1.0,10.0,1.0,0.3,0.1,True,
43,mi_concept,1e-09,4.620344428230425,0.24321615499122404,0.4931694992507384,0.01357917554498445,11.609906857523086,17.073070735510655,0.08513625015023775,499.86358930895454,499.5900111027723,499.6080216585157,1.0,10.0,1.0,0.5,0.1,True,
43,mi_concept,1.7782794100389228e-09,4.62034061878027,0.24321440166912664,0.4931677216415594,0.013579045113577286,11.60990299630861,9.606640799676644,0.15130500237584824,499.75746018435854,499.2712557472094,499.3032551258761,1.0,10.0,1.0,0.5,0.1,True,
43,mi_concept,3.1622776601683795e-09,4.620333859155644,0.24321128267866685,0.49316455943089305,0.013578813072777883,11.60989613261199,5.407962396229501,0.2687749745637329,499.56881184916,498.7051334252545,498.7619475160373,1.0,10.0,1.0,0.5,0.1,True,
43,mi_concept,5.623413251903491e-09,4.620321891934861,0.24320572530195278,0.49315892499472497,0.013578399673119504,11.609883936886998,3.0468785070636533,0.47704919573113364,499.2335917416894,497.70066226599437,497.80141050200353,1.0,10.0,1.0,0.5,0.1,True,
43,mi_concept,1e-08,4.6203007767679285,0.24319581025415682,0.4931488723034423,0.013577662267588702,11.60986228000514,1.7191550300674021,0.8454652751977084,498.638264263823,495.9215290882374,496.0997963658214,1.0,10.0,1.0,0.5,0.1,True,
43,mi_concept,1.7782794100389228e-08,4.620263751874572,0.24317807597878638,0.4931308913247946,0.013576343779196844,11.609823864850728,0.9725418497883638,1.494476430773048,497.58209074609005,492.7800319401588,493.0942448612604,1.0,10.0,1.0,0.5,0.1,True,
43,mi_concept,3.162277660168379e-08,4.62019956116109,0.24314621624113783,0.4930985867360987,0.013573976540551522,11.609755858728608,0.552727144194009,2.629433803794516,495.7117477304608,487.26328231720095,487.81332208953995,1.0,10.0,1.0,0.5,0.1,True,
43,mi_concept,5.6234132519034905e-08,4.620090593872996,0.24308854401200075,0.493040103857689,0.01356969594357014,11.609635898169191,0.3167136604145354,4.588403974992469,492.41034432924386,477.6689581789478,478.6201914009749,1.0,10.0,1.0,0.5,0.1,True,
43,mi_concept,1e-07,4.619913001137162,0.2429828038717335,0.49293285939540843,0.013561862141241547,11.609425669702494,0.18411138802547616,7.891587027880735,486.61635414539995,461.26640990672126,462.87660759988563,1.0,10.0,1.0,0.5,0.1,True,
43,mi_concept,1.7782794100389227e-07,4.619647177798274,0.2427848972415432,0.49273207450047657,0.013547246705525175,11.609061693736844,0.10975663458344154,13.232835697070334,476.5508390767855,434.0529106497308,436.6783231153802,1.0,10.0,1.0,0.5,0.1,True,
43,mi_concept,3.162277660168379e-07,4.6193255764279115,0.242402951046096,0.49234434194585397,0.013519189995761538,11.608445979951153,0.06833328423279603,21.23855234741159,459.37568376188347,391.18666756506104,395.19924083615336,1.0,10.0,1.0,0.5,0.1,True,
43,mi_concept,5.62341325190349e-07,4.619190020317028,0.24163657024293334,0.4915654282421958,0.013463378158728315,11.607451407351176,0.045764951765231245,31.661125492226095,430.9755111553445,329.3424176190949,334.8429006585817,1.0,10.0,1.0,0.5,0.1,True,
43,mi_concept,1e-06,4.620083430443136,0.24004859666026013,0.4899475448048088,0.013349254336815422,11.605992815302768,0.03446686947441774,41.889238449819544,386.4965453380317,251.9562882439524,258.2953266239666,1.0,10.0,1.0,0.5,0.1,True,
43,mi_concept,1.778279410038923e-06,4.6239248301317275,0.23682300194435252,0.4866446362021804,0.013121597987867344,11.604264368480765,0.030897323019797297,46.36507155698277,322.9387740144472,173.57749253706467,179.2871766239375,1.0,10.0,1.0,0.5,0.1,True,
43,mi_concept,3.162277660168379e-06,4.632367708786195,0.23128692714661891,0.4809229950279139,0.01273778153071444,11.603025965865543,0.03470021262071712,40.69859278139161,244.60295217616886,112.44480349801573,116.37874631711247,1.0,10.0,1.0,0.5,0.1,True,
43,mi_concept,5.623413251903491e-06,4.641520242554359,0.22533823467628172,0.4746980457894068,0.012324590279263229,11.602910662741756,0.04917686150178112,28.252453492474615,166.91978842371898,74.07701942969138,76.38695407289153,1.0,10.0,1.0,0.5,0.1,True,
55,mi_concept,1e-09,4.5692356321991685,0.28989110590030814,0.5384153655871163,0.0162986415183991,11.592278989396585,135.90152011782646,0.011815617379418131,499.8932334746831,499.8577653056844,499.8611991863044,3.0,1.0,0.1,0.5,0.5,True,
55,mi_concept,1.7782794100389228e-09,4.569234302793625,0.2898920529318749,0.5384162450482665,0.01629866351676348,11.592278081840314,76.44452249514634,0.021005564258497318,499.81016203295826,499.74710742817587,499.75321220603286,3.0,1.0,0.1,0.5,0.5,True,
55,mi_concept,3.1622776601683795e-09,4.569231920098823,0.28989375670069667,0.5384178272500797,0.016298704293920968,11.592276454176279,43.00940758907549,0.037335095392528585,499.66248695974036,499.5504142371548,499.5612651165113,3.0,1.0,0.1,0.5,0.5,True,
55,mi_concept,5.623413251903491e-09,4.5692276893393995,0.2898967815660697,0.5384206362743442,0.016298776406822296,11.592273561521306,24.2074724503844,0.06633325026641415,499.4000348008264,499.2009150714908,499.22019478169585,3.0,1.0,0.1,0.5,0.5,True,
55,mi_concept,1e-08,4.5692201725329635,0.2899021571190806,0.5384256282153372,0.01629890446270478,11.592268419922169,13.634389436797484,0.11777280650903302,498.93381241283606,498.5802804573814,498.6145140559204,3.0,1.0,0.1,0.5,0.5,True,
55,mi_concept,1.7782794100389228e-08,4.569206832903103,0.2899116999819459,0.5384344899632135,0.016299131294060056,11.59225928763356,7.688747177702588,0.20884549742419373,498.10628835740584,497.47937157295365,497.54008721664417,3.0,1.0,0.1,0.5,0.5,True,
55,mi_concept,3.162277660168379e-08,4.569183199430151,0.28992861651522667,0.5384501987326467,0.016299531753305667,11.592243082189238,4.345336755302027,0.3695363630721479,496.63960460400614,495.53031749401066,495.6377790227828,3.0,1.0,0.1,0.5,0.5,True,
55,mi_concept,5.6234132519034905e-08,4.569141451789249,0.2899585291014864,0.5384779745741569,0.016300234652528327,11.592214373028176,2.465323654352407,0.651337995302847,494.046795147553,492.0915700898574,492.2810724686813,3.0,1.0,0.1,0.5,0.5,True,
55,mi_concept,1e-07,4.569068092256355,0.2900111870910797,0.5385268675665864,0.016301455575608526,11.592163663027671,1.4083377307675038,1.140178061431644,489.4841703804437,486.0614666519257,486.3934785667489,3.0,1.0,0.1,0.5,0.5,True,
55,mi_concept,1.7782794100389227e-07,4.568940399646525,0.29010314505087764,0.5386122399749913,0.01630353572964131,11.592074567468368,0.8143517812306363,1.9718082829833576,481.5200961961225,475.6007685189333,476.17580165368304,3.0,1.0,0.1,0.5,0.5,True,
55,mi_concept,3.162277660168379e-07,4.568721944875307,0.2902614023010753,0.5387591319885681,0.016306951657184182,11.591919529593387,0.4810549555277004,3.337900147304446,467.81640572143306,457.7956523989545,458.7715494621769,3.0,1.0,0.1,0.5,0.5,True,
55,mi_concept,5.62341325190349e-07,4.568360083849932,0.2905264532191641,0.5390050586211266,0.01631215621611231,11.591654464802932,0.29496108450397285,5.443475370623115,444.82148608815265,428.47830428136234,430.07646340262454,3.0,1.0,0.1,0.5,0.5,True,
55,mi_concept,1e-06,4.5677971017702035,0.29094764707237414,0.5393956313063484,0.01631880288775268,11.591216076514044,0.1928156764932047,8.32561654729951,407.881300278286,382.88171526513514,385.3417887138149,3.0,1.0,0.1,0.5,0.5,True,
55,mi_concept,1.778279410038923e-06,4.567029814948354,0.29154739973912264,0.53995129385818,0.01632315829344428,11.59053675926528,0.14025027716521932,11.439688462038143,352.77888052863426,318.42142699456105,321.8308238235799,3.0,1.0,0.1,0.5,0.5,True,
55,mi_concept,3.162277660168379e-06,4.566289659641884,0.2921944472624646,0.5405501339029198,0.016311475168216787,11.589620981943899,0.12069203207034213,13.273378510206555,279.98929445240725,240.11216986383127,244.1000131360546,3.0,1.0,0.1,0.5,0.5,True,
55,mi_concept,5.623413251903491e-06,4.566363865208638,0.2923016957401484,0.5406493278828232,0.01624940599130026,11.588763695311503,0.1313174511209398,12.155146795607132,200.11406088770823,163.5811963338676,167.2279429062639,3.0,1.0,0.1,0.5,0.5,True,
54,mi_concept,1e-09,4.27453316055583,0.5687831162021935,0.7541771119585859,0.029696040661504483,11.506854301670186,85.26785304440982,0.025040083286895953,499.7583840397428,499.66525005268846,499.7149050206513,3.0,1.0,0.1,0.3,0.5,True,
54,mi_concept,1.7782794100389228e-09,4.274518435062255,0.5687940064545487,0.7541843318808398,0.02969641808894997,11.50685041937284,47.98081645764575,0.04449966303088696,499.57045618054127,499.40494550574266,499.4931884858585,3.0,1.0,0.1,0.3,0.5,True,
54,mi_concept,3.1622776601683795e-09,4.274492266049277,0.5688133610638596,0.7541971632563064,0.029697088303400072,11.506843522678782,27.01279778565081,0.07904248329198378,499.2365204246833,498.9425360286509,499.09927529442365,3.0,1.0,0.1,0.3,0.5,True,
54,mi_concept,5.623413251903491e-09,4.2744457568147185,0.5688477632650757,0.7542199700784087,0.02969827963805933,11.506831264102921,15.221656015817759,0.14027443513666102,498.6434867806491,498.121773000011,498.3999266326279,3.0,1.0,0.1,0.3,0.5,True,
54,mi_concept,1e-08,4.274363124769314,0.5689088986004888,0.7542604978391012,0.029700396708064607,11.506809481455866,8.591083809852393,0.24854827738948876,497.59142339045684,496.66705112240834,497.1598814575265,3.0,1.0,0.1,0.3,0.5,True,
54,mi_concept,1.7782794100389228e-08,4.274216415632966,0.5690174841533071,0.7543324758707576,0.029704157067046547,11.5067707972979,4.862571116841164,0.4391624660084585,495.72848613042584,494.0953211084806,494.966038822311,3.0,1.0,0.1,0.3,0.5,True,
54,mi_concept,3.162277660168379e-08,4.273956264166557,0.5692101680046777,0.7544601831804497,0.02971083017852443,11.506702168820611,2.7661102207080095,0.7721102276682831,492.44055063277233,489.5695804496291,491.10021253331814,3.0,1.0,0.1,0.3,0.5,True,
54,mi_concept,5.6234132519034905e-08,4.273495977128281,0.5695515073011473,0.7546863635319956,0.02972265288253429,11.50658064434879,1.5876062825916177,1.3455752812795656,486.67141139638494,481.6692319109238,484.3360529310217,3.0,1.0,0.1,0.3,0.5,True,
54,mi_concept,1e-07,4.2726848394367964,0.5701543479055047,0.7550856560056645,0.02974353733470289,11.506366179360292,0.9256466227830422,2.3087967075558637,476.65270948287883,468.07316489112173,472.6471069573269,3.0,1.0,0.1,0.3,0.5,True,
54,mi_concept,1.7782794100389227e-07,4.271265734664643,0.5712130877275926,0.7557864035080233,0.029780230698160912,11.505990024894519,0.5547864949204766,3.854971142517847,459.5678938303936,445.2526760524838,452.884455692468,3.0,1.0,0.1,0.3,0.5,True,
54,mi_concept,3.162277660168379e-07,4.2688158053665815,0.5730530888724855,0.7570027007035612,0.029844054891122282,11.505337847408565,0.34880679001221576,6.139187420914181,431.3448961856935,408.5746223516009,420.7153925770796,3.0,1.0,0.1,0.3,0.5,True,
54,mi_concept,5.62341325190349e-07,4.264691023292459,0.576186110754768,0.7590692397632564,0.02995293294759701,11.504232040705503,0.23787818696249083,9.02141629945377,387.2070522854072,353.81359647739873,371.6276286515593,3.0,1.0,0.1,0.3,0.5,True,
54,mi_concept,1e-06,4.25808086490506,0.5812994216804075,0.7624299454247633,0.030131385602552446,11.502440613495294,0.18527608438848228,11.623428225908443,324.24328578562836,281.35538819185285,304.2726361967237,3.0,1.0,0.1,0.3,0.5,True,
54,mi_concept,1.778279410038923e-06,4.2485416497048405,0.5888784515493927,0.7673841616487747,0.030398382998899527,11.49981820145462,0.17636760895729406,12.274718527818687,246.70232028975047,201.61795941545176,225.81202274964224,3.0,1.0,0.1,0.3,0.5,True,
54,mi_concept,3.162277660168379e-06,4.237875238499477,0.5976168376880775,0.7730568140105082,0.030711039297218818,11.496849496570258,0.21693838045995398,10.041816989867273,169.58409994610614,132.8924215597712,152.7202835410313,3.0,1.0,0.1,0.3,0.5,True,
54,mi_concept,5.623413251903491e-06,4.233146749884648,0.6014840557334521,0.7755540314726319,0.030840863895159824,11.495548989975727,0.33445989987379376,6.535679887002416,110.2252047114152,86.4313054985513,99.29199696272912,3.0,1.0,0.1,0.3,0.5,True,
47,mi_concept,1e-09,4.663079378079763,0.20480809335003028,0.4525572818440007,0.01178731455027245,11.622631011203573,20.001787241809378,0.06799493061012014,499.90529230847943,499.6952086196164,499.69697248816175,1.0,10.0,1.0,0.5,1.0,True,
47,mi_concept,1.7782794100389228e-09,4.663066611530876,0.20481432138501512,0.45256416272724814,0.011787626668808485,11.62262557508478,11.253000266309273,0.12086026673808366,499.8316010325237,499.4581789297508,499.46131340476086,1.0,10.0,1.0,0.5,1.0,True,
47,mi_concept,3.1622776601683795e-09,4.663043925171769,0.20482539011262693,0.4525763914662661,0.011788181327852035,11.622615911533682,6.333198251096199,0.21475358134358546,499.70059577052217,499.0370695537385,499.0426366547181,1.0,10.0,1.0,0.5,1.0,True,
47,mi_concept,5.623413251903491e-09,4.663003628666829,0.20484505576134754,0.4525981172755224,0.011789166595127604,11.622598735907562,3.566594635008011,0.3813558291403198,499.46775323681976,498.28946863796324,498.29934681042795,1.0,10.0,1.0,0.5,1.0,True,
47,mi_concept,1e-08,4.662932120272545,0.2048799680677346,0.45263668440343474,0.011790915084172687,11.622568222197724,2.0108268695927807,0.6764661948807461,499.0540778030429,496.96396498231184,496.9814627746741,1.0,10.0,1.0,0.5,1.0,True,
47,mi_concept,1.7782794100389228e-08,4.6628054320279935,0.204941866877508,0.45270505506069625,0.011794013057805123,11.62251405315651,1.135968211093331,1.1976213384452647,498.31965867107004,494.61924743227064,494.6501485177401,1.0,10.0,1.0,0.5,1.0,True,
47,mi_concept,3.162277660168379e-08,4.662581640053698,0.20505135576513514,0.4528259663106072,0.01179948635306958,11.622418019352935,0.6440237099100965,2.1129955880425033,497.0174766547798,490.48855661095445,490.54283505012455,1.0,10.0,1.0,0.5,1.0,True,
47,mi_concept,5.6234132519034905e-08,4.662188388120124,0.2052442126237221,0.4530388643634474,0.011809106570804015,11.622248175232063,0.3674270252150134,3.7053663121889326,494.71385670878044,483.26410132180854,483.35853721999774,1.0,10.0,1.0,0.5,1.0,True,
47,mi_concept,1e-07,4.661503891904649,0.20558135074071895,0.45341079689473535,0.011825858777824381,11.621949096194019,0.2119640849572426,6.428235162037489,490.6550767179749,470.78965242936897,470.9512055807581,1.0,10.0,1.0,0.5,1.0,True,
47,mi_concept,1.7782794100389227e-07,4.66033300687705,0.20616260169038783,0.4540513205469045,0.01185453485447904,11.621426620972315,0.12468254152694026,10.943389724510531,483.55486413276384,449.730067101118,449.99834005261795,1.0,10.0,1.0,0.5,1.0,True,
47,mi_concept,3.162277660168379e-07,4.658394336731799,0.20713915380977146,0.4551254264593129,0.01190206268489368,11.620527307683474,0.07585735296973788,18.028700113034358,471.29025304314746,415.546232404774,415.9691545081344,1.0,10.0,1.0,0.5,1.0,True,
47,mi_concept,5.62341325190349e-07,4.655381852021286,0.20869993324754332,0.45683687816062235,0.011975976970639207,11.619022672788613,0.048872729339028684,28.08492433661213,450.5708278602633,363.6719062428686,364.2815699504561,1.0,10.0,1.0,0.5,1.0,True,
47,mi_concept,1e-06,4.651282863456634,0.21095146502372167,0.4592945297123858,0.012076222525518647,11.616643495112257,0.03458316592008057,39.89063263358494,416.8984876582842,293.2836028100868,294.04080336335505,1.0,10.0,1.0,0.5,1.0,True,
47,mi_concept,1.778279410038923e-06,4.647249877159222,0.21351720219224485,0.4620792163604038,0.012171019266663094,11.61329655152866,0.028257531173478314,49.077608163836196,365.69123016686655,213.09844810150753,213.84535530716084,1.0,10.0,1.0,0.5,1.0,True,
47,mi_concept,3.162277660168379e-06,4.646508492952966,0.2148794781114023,0.4635509444617736,0.012163663449275143,11.609618530691382,0.028123920810329748,49.38053683141121,295.95033401921006,141.3355447278137,141.8827568868709,1.0,10.0,1.0,0.5,1.0,True,
47,mi_concept,5.623413251903491e-06,4.651352014157016,0.21316849282531086,0.4617017357832986,0.011958570179921642,11.607199475578152,0.0351176699591767,39.27858861135303,216.0166264603225,91.56822619235243,91.88018247641713,1.0,10.0,1.0,0.5,1.0,True,
56,mi_concept,1e-09,4.888279536889966,0.008294517321368693,-0.09107424071255656,0.0006745172278364184,11.655394744535752,-1.235491218741967,0.262035549440534,498.02716962754744,498.44196363233505,498.7167695642609,3.0,1.0,0.1,0.1,1.0,True,
56,mi_concept,1.7782794100389228e-09,4.888257384425857,0.00831167844324295,-0.09116840704565891,0.0006756439956369939,11.655371064749653,-0.6978343069658572,0.46431775914679035,496.49972574583734,497.23511872032805,497.72193553393487,3.0,1.0,0.1,0.1,1.0,True,
56,mi_concept,3.1622776601683795e-09,4.8882182962963805,0.008342054981065512,-0.09133485085697306,0.0006776369313459196,11.655329226628309,-0.39549911948585925,0.8204857332763816,493.800610745144,495.1013364159058,495.96117546549254,3.0,1.0,0.1,0.1,1.0,True,
56,mi_concept,5.623413251903491e-09,4.888149747038801,0.008395628254925631,-0.09162766097050405,0.0006811469433010683,11.655255678320453,-0.22550406825555203,1.4427814844819082,489.05435550645143,491.3454297142577,492.85616450392826,3.0,1.0,0.1,0.1,1.0,True,
56,mi_concept,1e-08,4.88803085808106,0.008489492363083087,-0.09213844128854735,0.000687281716891533,11.655127548899792,-0.12994545731238655,2.5151837702704767,480.7802898631675,484.7859748296568,487.4158446461701,3.0,1.0,0.1,0.1,1.0,True,
56,mi_concept,1.7782794100389228e-08,4.887828813362718,0.008651983500608917,-0.09301603894280232,0.0006978554171248829,11.654907928666649,-0.07627449234974092,4.318338750012079,466.57471775583326,473.48700029419166,477.99119973832654,3.0,1.0,0.1,0.1,1.0,True,
56,mi_concept,3.162277660168379e-08,4.88749833102184,0.008927051268159725,-0.09448307397708716,0.0007156137508907484,11.654542413349017,-0.04621112753909624,7.219215985136768,442.827959238048,454.4833881712828,461.98295494094674,3.0,1.0,0.1,0.1,1.0,True,
56,mi_concept,5.6234132519034905e-08,4.886997103582559,0.009373099289769949,-0.09681476793222173,0.0007439941724427512,11.653966281622925,-0.029519430585441903,11.52679538093681,404.92002809850516,423.79463871793496,435.694561443754,3.0,1.0,0.1,0.1,1.0,True,
56,mi_concept,1e-07,4.886353707552548,0.010036160414022,-0.10018063891801648,0.000785008467044193,11.653153273495862,-0.020526511023322747,17.035265879934435,348.93328421153984,377.4452537899199,394.88503401696425,3.0,1.0,0.1,0.1,1.0,True,
56,mi_concept,1.7782794100389227e-07,4.885859978894583,0.010847274405175323,-0.10415024918441301,0.0008320805149623244,11.652610950257195,-0.01620400228353352,22.228767635078082,276.01356491953794,314.3844457099305,336.9652031984386,3.0,1.0,0.1,0.1,1.0,True,
56,mi_concept,3.162277660168379e-07,4.886411835603797,0.011389437103332725,-0.1067213057609994,0.0008556612146525724,11.652388771962586,-0.015158462965728996,24.104807306997344,197.3060826628052,240.48421205795202,265.0277708327572,3.0,1.0,0.1,0.1,1.0,True,
56,mi_concept,5.62341325190349e-07,4.889584501359974,0.010712481142254603,-0.10350111662322588,0.0007965126214371657,11.653191458144528,-0.01710465402348554,20.60773753081381,130.6062856312208,168.71371429462042,190.34188175917313,3.0,1.0,0.1,0.1,1.0,True,
56,mi_concept,1e-06,4.896672669366482,0.007856153365642115,-0.08863494438223626,0.0006032633363163402,11.656025173014815,-0.0220503323025519,13.904683553460803,85.8498117670069,111.65356380093685,127.34483305607858,3.0,1.0,0.1,0.1,1.0,True,
56,mi_concept,1.778279410038923e-06,4.90860979994897,0.0030627063019776023,-0.055341722976228365,0.0002855303860006193,11.663177719897199,-0.02634364529637332,8.005364493514334,59.4208177195506,73.4609220566798,83.5618809509207,3.0,1.0,0.1,0.1,1.0,True,
56,mi_concept,3.162277660168379e-06,4.927838396260223,8.871053599716157e-05,0.009418627076021301,4.961757586706282e-06,11.676630754654534,-0.00643440412741351,4.325619740846521,43.96790117531459,50.39138700659825,56.745631241401874,3.0,1.0,0.1,0.1,1.0,True,
56,mi_concept,5.623413251903491e-06,4.953081542536854,0.01636196666395717,0.12791390332546798,0.0006098907139290447,11.696263970785271,0.13239751230805683,2.339576424233872,34.4630984152325,36.671622430187035,40.8658072841028,3.0,1.0,0.1,0.1,1.0,True,
41,mi_concept,1e-09,4.58847664373036,0.27106024319136174,0.5206344621626211,0.015068664047172425,11.597772310179518,3.3881055596645466,0.4561150352335155,499.40959394842974,497.94211473950105,498.0881798712148,1.0,10.0,1.0,0.2,0.1,True,
41,mi_concept,1.7782794100389228e-09,4.5885163653061625,0.2710133874690586,0.5205894615424506,0.015065758951662319,11.597765448054826,1.9106624271977102,0.8087394602762598,498.9507821724167,496.34884843133113,496.6074574305167,1.0,10.0,1.0,0.2,0.1,True,
41,mi_concept,3.1622776601683795e-09,4.588587316883318,0.27093005631289424,0.520509420003994,0.015060591692409581,11.597753306409462,1.0798506349199937,1.430737646348472,498.13637362936174,493.5334897060199,493.9898024997887,1.0,10.0,1.0,0.2,0.1,True,
41,mi_concept,5.623413251903491e-09,4.58871448027935,0.2707818440002619,0.5203670281640276,0.015051399179325707,11.597731908698732,0.6126785163165112,2.520974049768248,496.69281601263884,488.58306361045965,489.3833761062085,1.0,10.0,1.0,0.2,0.1,True,
41,mi_concept,1e-08,4.588943711247097,0.27051820586389735,0.5201136470656171,0.015035041293198126,11.597694469987262,0.3500177432617667,4.410546627514267,494.1405149139516,479.9539146342492,481.3426322269101,1.0,10.0,1.0,0.2,0.1,True,
41,mi_concept,1.7782794100389228e-08,4.5893609388805,0.27004918900095737,0.5196625722533396,0.01500592096913545,11.59762983174546,0.20240118497512818,7.620430677359162,489.6480111535806,465.1418539282519,467.5065553234219,1.0,10.0,1.0,0.2,0.1,True,
41,mi_concept,3.162277660168379e-08,4.590132031877257,0.2692147772485812,0.5188591111742967,0.014954056996565924,11.597521017695923,0.11954938757327536,12.880955667819881,481.8027704987807,440.39350334259626,444.2891020906547,1.0,10.0,1.0,0.2,0.1,True,
41,mi_concept,5.6234132519034905e-08,4.591588689854909,0.26773120656052063,0.5174274891813544,0.014861686117378668,11.597346836338463,0.0732469623672308,20.963111970486427,468.2928978070856,400.9350142522705,406.99506567690014,1.0,10.0,1.0,0.2,0.1,True,
41,mi_concept,1e-07,4.594411095499163,0.26510188592316547,0.5148804578959717,0.014697596678068693,11.597097125589327,0.04773987205468938,31.997575729618042,445.5926750739407,342.840253569802,351.39455816715105,1.0,10.0,1.0,0.2,0.1,True,
41,mi_concept,1.7782794100389227e-07,4.599953553179676,0.2604998805482441,0.5103918891873617,0.014409733297376886,11.596831273464655,0.03439346252549065,44.00491548160259,409.04491962403836,267.7679643514109,278.08466921927646,1.0,10.0,1.0,0.2,0.1,True,
41,mi_concept,3.162277660168379e-07,4.610412072995043,0.25278269810574705,0.5027749974946517,0.013926824499200258,11.596821192385786,0.028821863698619776,51.67683869943443,354.34059904405194,188.18158034103203,198.05575922111106,1.0,10.0,1.0,0.2,0.1,True,
41,mi_concept,5.62341325190349e-07,4.62698951318438,0.24140583497031792,0.49133067782331474,0.01321712040778792,11.597628795219169,0.029590383809148735,49.114128279719594,281.7386449053261,122.88605840903806,130.09715511759956,1.0,10.0,1.0,0.2,0.1,True,
41,mi_concept,1e-06,4.644249455707704,0.22928143637896406,0.47883341192837,0.012460541118487578,11.599369129252072,0.03818782826112083,37.0340161320322,201.68570259251885,80.57236585359091,84.94407533341762,1.0,10.0,1.0,0.2,0.1,True,
41,mi_concept,1.778279410038923e-06,4.652246698121022,0.2228597392262621,0.47208022541328937,0.012047263514999539,11.600710420715618,0.059794806559518465,23.295828905023708,132.83221244714994,55.89521031283738,58.46693231973825,1.0,10.0,1.0,0.2,0.1,True,
41,mi_concept,3.162277660168379e-06,4.650979479895461,0.2232497518611198,0.47249312361252394,0.012051885178897428,11.600811507967013,0.10211663177644008,13.644852856177222,86.59158854272698,41.3669801490079,42.95315898749775,1.0,10.0,1.0,0.2,0.1,True,
41,mi_concept,5.623413251903491e-06,4.645059992560129,0.22709753664596152,0.47654751772091053,0.012265573431681828,11.600275508413592,0.17193317828416485,8.169126288444614,59.383053151280286,32.27441474057185,33.34329451865439,1.0,10.0,1.0,0.2,0.1,True,
48,mi_concept,1e-09,4.8788147619283775,0.006278719826652964,-0.07923837344779967,0.0006725766825180222,11.652946374628398,-1.1703089653494914,0.28774517394952565,497.95503870728936,498.36479806070616,498.76787344917267,3.0,1.0,0.1,0.1,0.1,True,
48,mi_concept,1.7782794100389228e-09,4.87881640689569,0.00629143704680047,-0.07931857945526048,0.0006733812396496058,11.652944168300184,-0.6608443232461501,0.509841179923948,496.3720274380026,497.0986767434744,497.8125959956899,3.0,1.0,0.1,0.1,0.1,True,
48,mi_concept,3.1622776601683795e-09,4.878819602640801,0.006313864756415743,-0.07945983108725907,0.0006747967998330668,11.652940326898376,-0.3743596732007599,0.900825471438062,493.57531889000484,494.8611476263245,496.12171260576275,3.0,1.0,0.1,0.1,0.1,True,
48,mi_concept,5.623413251903491e-09,4.878826134598718,0.0063531583829141355,-0.07970670224588479,0.0006772664151774804,11.652933753080536,-0.21327242274441094,1.5837326789299113,488.6593160392706,490.9259038391985,493.13949861148126,3.0,1.0,0.1,0.1,0.1,True,
48,mi_concept,1e-08,4.878840397860364,0.006421184356465904,-0.08013229284418301,0.0006815091811293006,11.652922864054734,-0.12271297411301292,2.7599161341007927,480.0950841948522,484.0632579857931,487.91297603762524,3.0,1.0,0.1,0.1,0.1,True,
48,mi_concept,1.7782794100389228e-08,4.878873926166872,0.00653638753859886,-0.08084792847438245,0.0006885931278990847,11.652905964516425,-0.07183508655802481,4.735576988292533,465.4087209414893,472.271761363782,478.8543905214571,3.0,1.0,0.1,0.1,0.1,True,
48,mi_concept,3.162277660168379e-08,4.878958208104063,0.006723502602627866,-0.08199696703310352,0.0006997891806987219,11.65288332968669,-0.04330925717088834,7.908332009813638,440.9090300974258,452.52403815662643,463.45418355420423,3.0,1.0,0.1,0.1,0.1,True,
48,mi_concept,5.6234132519034905e-08,4.879179704763629,0.00700305948424896,-0.08368428457153088,0.0007155820623623106,11.652864545807372,-0.02742063258206518,12.604970396599272,401.93872965642146,420.85352887337666,438.1209720642385,3.0,1.0,0.1,0.1,0.1,True,
48,mi_concept,1e-07,4.879766215617559,0.007349619112631067,-0.08572991958838563,0.000732354021755595,11.652888971628121,-0.01876165860054256,18.5783970526374,344.728180510169,373.5207211327315,398.6618319651664,3.0,1.0,0.1,0.1,0.1,True,
48,mi_concept,1.7782794100389227e-07,4.881250383005523,0.007588273476143421,-0.08711069668039294,0.0007350139294864967,11.653068483930467,-0.01439325912035494,24.155106300926704,270.9281970095167,310.02391003420064,342.28626062960643,3.0,1.0,0.1,0.1,0.1,True,
48,mi_concept,3.162277660168379e-07,4.884570474083141,0.007280081618081247,-0.08532339431879891,0.0006905469297169393,11.653630485921564,-0.01284352886347537,26.103883577358072,192.3681289210042,236.7459388562343,271.38975293572184,3.0,1.0,0.1,0.1,0.1,True,
48,mi_concept,5.62341325190349e-07,4.890445637242225,0.00594011946387092,-0.07707217048890552,0.0005675815118463296,11.655522034466902,-0.013570812124685694,22.293270651798366,126.85336019162861,166.36807703991528,196.2831032998195,3.0,1.0,0.1,0.1,0.1,True,
48,mi_concept,1e-06,4.897902618730802,0.0037099571619577075,-0.06090941767869487,0.00038436316518017074,11.659245900427825,-0.016483437762230074,15.059802104823861,83.39835156224468,110.51230633656365,131.40514631341878,3.0,1.0,0.1,0.1,0.1,True,
48,mi_concept,1.778279410038923e-06,4.9058414188809465,0.001196686052885729,-0.03459315037526546,0.00017869825302975785,11.664754108403375,-0.019515220819755732,8.668358290609229,57.796026731662245,72.90676594109426,85.67451718249231,3.0,1.0,0.1,0.1,0.1,True,
48,mi_concept,3.162277660168379e-06,4.916250109187528,0.00019165811655743936,0.013844064307761625,5.657433873176189e-06,11.674247477687342,-0.006444027331539311,4.680782247116965,42.76528339115651,50.05197514759234,57.714045627805156,3.0,1.0,0.1,0.1,0.1,True,
48,mi_concept,5.623413251903491e-06,4.928526429794935,0.010766449451702895,0.10376150274404711,0.0003192735538185285,11.690272986604441,0.09028489492147668,2.524723069749848,33.435576495488434,36.40700423261634,41.24621237306068,3.0,1.0,0.1,0.1,0.1,True,
46,mi_concept,1e-09,4.618275221097239,0.2431514907166953,0.49310393500426997,0.013829982650309361,11.607354663357443,7.657292187970346,0.192550344176756,499.7579160324685,499.1460173550484,499.1900717822277,1.0,10.0,1.0,0.3,1.0,True,
46,mi_concept,1.7782794100389228e-09,4.6182684512719065,0.24315011172829512,0.4931025367287164,0.01382975833158171,11.607345730849289,4.311192763851058,0.34199423784325317,499.569623364141,498.48281833161917,498.5610171351838,1.0,10.0,1.0,0.3,1.0,True,
46,mi_concept,3.1622776601683795e-09,4.6182565055980715,0.24314763347638263,0.49310002380488954,0.01382935772361963,11.60732986496716,2.4295491179552977,0.6068546352022807,499.2350376523068,497.3065656155938,497.4451763136856,1.0,10.0,1.0,0.3,1.0,True,
46,mi_concept,5.623413251903491e-09,4.618235554298385,0.24314314619848873,0.49309547371527224,0.013828640080902094,11.607301709536989,1.3714344252082413,1.0750403982695929,498.6408443586817,495.22462228275975,495.4696994155127,1.0,10.0,1.0,0.3,1.0,True,
46,mi_concept,1e-08,4.618199216472474,0.24313491277046148,0.4930871249287102,0.013827347334361516,11.60725182658007,0.7764329119690092,1.8987899376830717,497.586706742462,491.55298384976845,491.9843766511267,1.0,10.0,1.0,0.3,1.0,True,
46,mi_concept,1.7782794100389228e-08,4.618137490049442,0.2431194717455747,0.4930714671785163,0.013824996304777487,11.607163706963833,0.44187482312739296,3.3361614078370665,495.72004351234733,485.11937385044104,485.87274905285125,1.0,10.0,1.0,0.3,1.0,True,
46,mi_concept,3.162277660168379e-08,4.6180367841117995,0.24308950058624432,0.49304107393425584,0.013820652012648175,11.607008860910778,0.2538030441742187,5.807450565145521,492.42536760648727,473.9737481002342,475.2711723741383,1.0,10.0,1.0,0.3,1.0,True,
46,mi_concept,5.6234132519034905e-08,4.617885864841137,0.2430283514772683,0.49297905784857465,0.013812417953748936,11.606739373360574,0.14815739485146337,9.945746409261007,486.6439001254053,455.04828038854976,457.2283630043694,1.0,10.0,1.0,0.3,1.0,True,
46,mi_concept,1e-07,4.617703732629682,0.24289533817372463,0.4928441317229258,0.013796215444706385,11.606278717008802,0.08895580371340313,16.55563451458485,476.6023039344807,424.0186682918563,427.5279945766443,1.0,10.0,1.0,0.3,1.0,True,
46,mi_concept,1.7782794100389227e-07,4.6176361736213645,0.2425854440771332,0.4925296377652143,0.013762756569913877,11.605517964870181,0.056042377244334585,26.24839838200743,459.4742757705389,376.1214206108829,381.3689064689106,1.0,10.0,1.0,0.3,1.0,True,
46,mi_concept,3.162277660168379e-07,4.61823082166196,0.2418236547543124,0.49175568604166886,0.01369027884921885,11.604345675754738,0.03823486164447668,38.376274853298995,431.1693093658123,309.29580384777483,316.2355374457698,1.0,10.0,1.0,0.3,1.0,True,
46,mi_concept,5.62341325190349e-07,4.621007042844754,0.23993525796671702,0.4898318670388004,0.01353038196850308,11.602788357062135,0.02955346108323828,49.36914722906021,386.8815179754303,229.9043547545788,237.48042047005933,1.0,10.0,1.0,0.3,1.0,True,
46,mi_concept,1e-06,4.62870192450392,0.23563885087071074,0.48542646288671853,0.013200216932958059,11.60133722894282,0.02728843784465132,52.83243115946854,323.678958856413,154.93047979964288,161.31143621831063,1.0,10.0,1.0,0.3,1.0,True,
46,mi_concept,1.778279410038923e-06,4.642047312862598,0.22810708723836914,0.4776055770595326,0.012661180574792527,11.601006405671956,0.031345475315623136,45.083659138436964,245.88049561102358,100.39642231296892,104.57547341585769,1.0,10.0,1.0,0.3,1.0,True,
46,mi_concept,3.162277660168379e-06,4.653763314437186,0.2204107923455317,0.4694792778659477,0.01212842071465225,11.6019222134414,0.04467530175325799,30.99910820160634,168.7369189666799,67.37093915529377,69.80761195509538,1.0,10.0,1.0,0.3,1.0,True,
46,mi_concept,5.623413251903491e-06,4.656839888892709,0.21745207290146296,0.46631756658039697,0.011919373828885345,11.602668564170392,0.07348940380107659,18.69600570606875,109.75832670501073,48.182300935324236,49.61410689948024,1.0,10.0,1.0,0.3,1.0,True,
50,mi_concept,1e-09,4.1944328723407445,0.6368871476194348,0.7980520958054272,0.03379510791395318,11.480002091459767,107.57432630527701,0.02276808445859299,499.7036309563284,499.63194616470673,499.6759730698355,3.0,1.0,0.1,0.3,0.1,True,
50,mi_concept,1.7782794100389228e-09,4.194407268039748,0.6369109742700967,0.7980670236703786,0.033796057828597056,11.479994795693898,60.5388861161602,0.040458349483310355,499.4731486060875,499.34576820271303,499.4240054038259,3.0,1.0,0.1,0.3,0.1,True,
50,mi_concept,3.1622776601683795e-09,4.194361754978592,0.6369533275014465,0.7980935581129862,0.03379774622886571,11.479981828515653,34.088953154855524,0.07185254904886275,499.0636658295462,498.8374485239456,498.97640260067124,3.0,1.0,0.1,0.3,0.1,True,
50,mi_concept,5.623413251903491e-09,4.194280858709372,0.6370286101562701,0.7981407207731417,0.03380074720670526,11.479958780089815,19.215132749537506,0.127478226765936,498.33668847986934,497.935359581715,498.1819111341919,3.0,1.0,0.1,0.3,0.1,True,
50,mi_concept,1e-08,4.194137122654338,0.6371623817790735,0.7982245184026068,0.033806079453291525,11.479917827072054,10.851093619490488,0.22576038718652108,497.0476959979817,496.33700966268765,496.7737217522518,3.0,1.0,0.1,0.3,0.1,True,
50,mi_concept,1.7782794100389228e-08,4.19388189371733,0.6373999478380344,0.7983733135808301,0.03381554839618539,11.479845104341237,6.147871263200826,0.3985389442661289,494.7673916539308,493.51297975047174,494.2841545496179,3.0,1.0,0.1,0.3,0.1,True,
50,mi_concept,3.162277660168379e-08,4.193429214480586,0.6378213967078697,0.7986372121982983,0.0338323444919052,11.479716111223741,3.5034525957654656,0.6995696037874225,490.7496345294908,488.54826918606153,489.902684914955,3.0,1.0,0.1,0.3,0.1,True,
50,mi_concept,5.6234132519034905e-08,4.192628015949188,0.6385676245594695,0.7991042638851763,0.033862077221037755,11.479487773624202,2.0171000363447225,1.2157168473849196,483.7209905147488,479.8971385306908,482.2531498916519,3.0,1.0,0.1,0.3,0.1,True,
50,mi_concept,1e-07,4.191215423041126,0.6398842472465727,0.7999276512576451,0.033914513585136495,11.479085096348308,1.1825509241523093,2.075627098253745,471.5793168032771,465.0558991607633,469.0853365985372,3.0,1.0,0.1,0.3,0.1,True,
50,mi_concept,1.7782794100389227e-07,4.188742808936365,0.6421918020698555,0.8013687054470342,0.034006333877944765,11.478379980964096,0.7156036842379613,3.4356595234580696,451.06505152669456,440.28240011006363,446.97241183577785,3.0,1.0,0.1,0.3,0.1,True,
50,mi_concept,3.162277660168379e-07,4.184474902193802,0.646183666373571,0.8038555009288492,0.03416487795904208,11.47716224556257,0.4574081766827296,5.390155568562662,417.71658837475655,400.8421040105524,411.39388287945917,3.0,1.0,0.1,0.3,0.1,True,
50,mi_concept,5.62341325190349e-07,4.177314207796174,0.6529070654473434,0.8080266489710246,0.03443079799773953,11.4751179453181,0.32066432898860553,7.7246577547311785,366.9664095088668,342.8903610712819,358.15032653952403,3.0,1.0,0.1,0.3,0.1,True,
50,mi_concept,1e-06,4.166003873163002,0.663596620383822,0.8146143998136922,0.034849522083431096,11.471889068071516,0.26085697648485884,9.56430387676013,297.72841293698974,268.14646906106105,287.32376863009665,3.0,1.0,0.1,0.3,0.1,True,
50,mi_concept,1.778279410038923e-06,4.150366753837005,0.6785338835527194,0.8237316817706597,0.03542176710249013,11.467438747939108,0.26392556961554775,9.543994660101177,218.048667332279,188.8903863569047,208.44948486531712,3.0,1.0,0.1,0.3,0.1,True,
50,mi_concept,3.162277660168379e-06,4.134209528091942,0.6941813778233807,0.833175478409789,0.03599312281219824,11.46291678965143,0.3471560757321298,7.323237089770328,145.53565932061858,123.50235478081443,138.88800811728765,3.0,1.0,0.1,0.3,0.1,True,
50,mi_concept,5.623413251903491e-06,4.12516925801488,0.7028682410038826,0.8383723760978069,0.03627444556681152,11.46066639796154,0.5618991086663827,4.5442317619643084,94.26634461890423,80.71877637287334,90.41685649869594,3.0,1.0,0.1,0.3,0.1,True,
44,mi_concept,1e-09,4.578399255168263,0.28625291652502416,0.5350260895741666,0.015742918908119304,11.587774840704336,1.0765331618300285,1.4829480374320372,497.9058549245592,493.2855909993396,493.80590371751947,1.0,10.0,1.0,0.1,1.0,True,
44,mi_concept,1.7782794100389228e-09,4.578831332784537,0.2859533459251442,0.5347460574189811,0.015725753574618234,11.587796551493026,0.6113013935108147,2.6101404201395892,496.2848529405319,488.1535014947062,489.063804143065,1.0,10.0,1.0,0.1,1.0,True,
44,mi_concept,3.1622776601683795e-09,4.579598769176991,0.28542235878706784,0.534249341400687,0.01569531086437142,11.587835868020779,0.34973695056773246,4.55786851253212,493.42120482255876,479.2244183379931,480.79716127243415,1.0,10.0,1.0,0.1,1.0,True,
44,mi_concept,5.623413251903491e-09,4.5809601944972265,0.28448366733637803,0.5333701035269769,0.015641441318714595,11.587907960998615,0.2027461874754488,7.848960237048145,488.38810129529315,463.9466308231387,466.60470426001285,1.0,10.0,1.0,0.1,1.0,True,
44,mi_concept,1e-08,4.583368714041738,0.2828323496997115,0.5318198470344178,0.015546523209406651,11.588042692762963,0.12026298417900466,13.192410479196157,479.62164780125414,438.5562760043296,442.88011716597003,1.0,10.0,1.0,0.1,1.0,True,
44,mi_concept,1.7782794100389228e-08,4.587601684982231,0.2799545105183778,0.5291072769471025,0.015380687879877392,11.588300987813561,0.0741981059686047,21.269372077927212,464.59410697511976,398.41470219317006,405.004464949325,1.0,10.0,1.0,0.1,1.0,True,
44,mi_concept,3.162277660168379e-08,4.594920597937619,0.27503147783640347,0.5244344361656693,0.01509599538327503,11.588809058650147,0.04888060473500867,31.987867886171514,439.5427509095628,340.02231776378903,349.0430589732212,1.0,10.0,1.0,0.1,1.0,True,
44,mi_concept,5.6234132519034905e-08,4.607073417696675,0.2669269922226433,0.5166497771437082,0.014625440030560948,11.58981448555043,0.03574862741502845,43.05760300441462,399.74844576177037,265.61042801209834,276.067618473586,1.0,10.0,1.0,0.1,1.0,True,
44,mi_concept,1e-07,4.62540151901993,0.25463663760979544,0.5046153362808105,0.013909680681410975,11.591697467636616,0.030520686620694147,49.205810775199794,341.4840588693583,187.44962302000508,197.08732595395065,1.0,10.0,1.0,0.1,1.0,True,
44,mi_concept,1.7782794100389227e-07,4.6477531675150825,0.23901360071187394,0.48889017244353966,0.012997826515568021,11.594638686880224,0.03198487921042451,45.45159031197846,266.73041990663535,122.99668268021003,129.8926028649307,1.0,10.0,1.0,0.1,1.0,True,
44,mi_concept,3.162277660168379e-07,4.665437686082488,0.2252428516182352,0.47459756807029174,0.012184214841884604,11.597755687154407,0.04208953839495495,33.52957949676052,187.99375340412726,80.53875203781134,84.67113956063729,1.0,10.0,1.0,0.1,1.0,True,
44,mi_concept,5.62341325190349e-07,4.67044410427164,0.2197252611299337,0.46874861186987393,0.011832044844266846,11.59939109296735,0.06643825498201032,20.97333767484447,123.47085295283635,55.56129969287225,57.936514357067175,1.0,10.0,1.0,0.1,1.0,True,
44,mi_concept,1e-06,4.665460062083806,0.22159423114105073,0.47073796441444016,0.011899824059452654,11.599456723208228,0.11205772234715844,12.467217082236106,81.4638057052349,40.85449186734494,42.27760256547787,1.0,10.0,1.0,0.1,1.0,True,
44,mi_concept,1.778279410038923e-06,4.65514829619294,0.22710069278371048,0.4765508291711499,0.012171927179200605,11.598918099511494,0.18301787484583917,7.708660027463597,56.91968481243225,31.67973475415764,32.61836501836053,1.0,10.0,1.0,0.1,1.0,True,
44,mi_concept,3.162277660168379e-06,4.642652797606761,0.23415158929377541,0.4838921256786221,0.012548698199923877,11.598280219796221,0.2741987880823676,5.213814309715124,42.521925247638784,25.39543433791027,26.097108665023157,1.0,10.0,1.0,0.1,1.0,True,
44,mi_concept,5.623413251903491e-06,4.633441818154613,0.2392818969931754,0.4891644886877781,0.012855566579468881,11.598005184466341,0.36695686175697423,3.936573271657615,33.58423281727263,20.662671593423518,21.235347493542474,1.0,10.0,1.0,0.1,1.0,True,
40,mi_concept,1e-09,4.606607107045722,0.2597428516772798,0.5096497343051204,0.014254225731277473,11.597058377058834,1.0036591671196478,1.5204662534141067,497.83442797122393,493.3117497301402,493.4461020733426,1.0,10.0,1.0,0.1,0.1,True,
40,mi_concept,1.7782794100389228e-09,4.606966427833902,0.2595142815427345,0.5094254425749999,0.014241887110329086,11.59704485272759,0.5702157468503232,2.6751244811108843,496.15854395749426,488.2004311808132,488.43420327202284,1.0,10.0,1.0,0.1,0.1,True,
40,mi_concept,3.1622776601683795e-09,4.607603910891351,0.2591096007611864,0.509028094274949,0.014219997637323581,11.597021869407328,0.3265292728509014,4.668109788012386,493.198811591331,479.30904999746787,479.70905640104274,1.0,10.0,1.0,0.1,0.1,True,
40,mi_concept,5.623413251903491e-09,4.608732585296886,0.2583955314753923,0.508326205772821,0.014181237438213376,11.596984336403251,0.18959572366954722,8.029065097453032,487.99953279474585,464.1001944873401,464.76483961500094,1.0,10.0,1.0,0.1,0.1,True,
40,mi_concept,1e-08,4.610722772222092,0.25714297374116507,0.507092667804579,0.014112839443959089,11.596927934542597,0.11277472307639987,13.466894039739474,478.9519100688726,438.8357846838776,439.8853752063606,1.0,10.0,1.0,0.1,0.1,True,
40,mi_concept,1.7782794100389228e-08,4.614202001383987,0.2549684122305707,0.5049439693971706,0.013992917145617305,11.596859034398724,0.0699058205765176,21.63521684852796,463.46706780763043,398.91750031398027,400.4381793816486,1.0,10.0,1.0,0.1,0.1,True,
40,mi_concept,3.162277660168379e-08,4.620170005304642,0.251260647454838,0.5012590622171713,0.013785324563508198,11.596827625972598,0.04640690254500692,32.351706993499405,437.7238545686926,340.88102371939044,342.7978793813468,1.0,10.0,1.0,0.1,0.1,True,
40,mi_concept,5.6234132519034905e-08,4.62997553548626,0.24514189293056982,0.4951180595883873,0.013435781345684192,11.597009923198348,0.03433550907616521,43.17065040942816,397.0166619519962,266.8960520953086,268.8686082211921,1.0,10.0,1.0,0.1,0.1,True,
40,mi_concept,1e-07,4.64459067842523,0.23569294250027692,0.48548217526524795,0.012885003908476455,11.597815286946387,0.029768504016501635,48.765679083228704,337.84476683110546,188.94782710045817,190.5618071498029,1.0,10.0,1.0,0.1,0.1,True,
40,mi_concept,1.7782794100389227e-07,4.662195108640846,0.22321331681701545,0.4724545658759321,0.012148047978275248,11.599670691030056,0.03170471970303459,44.48300861760624,262.71023797294737,124.2110336206024,125.37405598608945,1.0,10.0,1.0,0.1,0.1,True,
40,mi_concept,3.162277660168379e-07,4.6757000093153565,0.21190289689168032,0.46032911801414467,0.011469016457598956,11.601983511207532,0.04222129423456509,32.4982243301823,184.5411811318959,81.22261937491429,82.09451479947676,1.0,10.0,1.0,0.1,0.1,True,
40,mi_concept,5.62341325190349e-07,4.678219336098932,0.2080900002219207,0.4561688286390475,0.011207538149350547,11.603046370505046,0.06708297353261358,20.230787327493225,121.11984749305371,55.858604779203326,56.57155631455803,1.0,10.0,1.0,0.1,0.1,True,
40,mi_concept,1e-06,4.671332178985096,0.21174846469696354,0.46016134637425116,0.011363022291437702,11.602495701564997,0.11381876258110185,11.995844515438906,79.96859704407909,40.94425727443167,41.57182762249017,1.0,10.0,1.0,0.1,0.1,True,
40,mi_concept,1.778279410038923e-06,4.658948881624928,0.21953977631518723,0.46855071904243967,0.011746793496295892,11.601146295970295,0.18747554938496375,7.3931355436029325,55.89198334078674,31.67228518998346,32.248475553620416,1.0,10.0,1.0,0.1,0.1,True,
40,mi_concept,3.162277660168379e-06,4.644612648929735,0.22901286672215213,0.4785528881138971,0.01224818349048486,11.599597340865554,0.284029242758939,4.9729350701886315,41.71346841323567,25.352234739363997,25.88182218174821,1.0,10.0,1.0,0.1,0.1,True,
40,mi_concept,5.623413251903491e-06,4.633967783523207,0.23625807320904957,0.48606385713098393,0.01267422227188471,11.598526248844681,0.3857318214941558,3.717814245408819,32.84211443271301,20.612451637987988,21.08464565370471,1.0,10.0,1.0,0.1,0.1,True,
61,mi_concept,1e-09,4.903396497221972,0.0026812466728367897,0.05178075581561928,8.399698644008042e-05,11.683986964054194,0.43173554029313393,0.25972079423622074,494.0983800190548,494.3014556928842,494.7456675712776,3.0,1.0,1.0,0.2,0.1,True,
61,mi_concept,1.7782794100389228e-09,4.903484805466645,0.002724512331698065,0.05219686132037122,8.56953644144596e-05,11.684062648161,0.24844531316738375,0.4559066504871922,489.5741837491078,489.9302057036138,490.71077314065525,3.0,1.0,1.0,0.2,0.1,True,
61,mi_concept,3.1622776601683795e-09,4.903640543221312,0.002801915099448776,0.05293311911694583,8.874207500322264e-05,11.684196458159713,0.14550105212746015,0.7922990885108022,481.67488159611025,482.2922091058403,483.6512132536507,3.0,1.0,1.0,0.2,0.1,True,
61,mi_concept,5.623413251903491e-09,4.903913386988171,0.0029409652556688475,0.05423066711436295,9.424079867226967e-05,11.684431945664354,0.08784276124856809,1.3527370190436319,468.075771525795,469.12560566825846,471.45341172468073,3.0,1.0,1.0,0.2,0.1,True,
61,mi_concept,1e-08,4.9043856502966925,0.003192337101609362,0.05650077080544443,0.0001042576440992302,11.684842889408264,0.05584669516086382,2.238956711359041,445.2367762308565,446.96237276162304,450.8369330453576,3.0,1.0,1.0,0.2,0.1,True,
61,mi_concept,1.7782794100389228e-08,4.905184857983055,0.00365040366964149,0.06041857056933315,0.00012273046971303934,11.685548819997168,0.03866551170104688,3.5112545641069373,408.495831028837,411.16967761638625,417.3048789426141,3.0,1.0,1.0,0.2,0.1,True,
61,mi_concept,3.162277660168379e-08,4.906479678710689,0.004489538066846433,0.06700401530390872,0.0001571525516913721,11.686725286699488,0.030613522616299918,5.024330473682911,353.57527466996584,357.3243738265048,366.24536527001334,3.0,1.0,1.0,0.2,0.1,True,
61,mi_concept,5.6234132519034905e-08,4.9083982365456205,0.006005578611933841,0.07749566834303606,0.00022065105833417065,11.688569533661752,0.029490369849814544,6.191314642696114,280.8313101722536,285.30265258488254,296.5756665484093,3.0,1.0,1.0,0.2,0.1,True,
61,mi_concept,1e-07,4.910719679326336,0.008534706490982013,0.09238347520515784,0.0003285729591708346,11.69071247448851,0.036594874097952444,6.10217543934153,200.83327938405046,205.03806568025956,216.54379356420995,3.0,1.0,1.0,0.2,0.1,True,
61,mi_concept,1.7782794100389227e-07,4.912282215215745,0.011829932469468802,0.10876549300889875,0.00046927315104578084,11.692174991163972,0.05847185160715501,4.572706713679114,132.2219289919898,135.212727465719,144.16704884418584,3.0,1.0,1.0,0.2,0.1,True,
61,mi_concept,3.162277660168379e-07,4.911259922426484,0.014516397946348434,0.12048401531468161,0.0005764734209371425,11.692545445556371,0.10731165142368312,2.7628140956166543,86.23921255952915,87.98071773168441,93.54325458419736,3.0,1.0,1.0,0.2,0.1,True,
61,mi_concept,5.62341325190349e-07,4.907030009146094,0.016675072328633394,0.12913199575873283,0.0006451350023747671,11.692331885516836,0.2006140995866938,1.5626853553093936,59.19976589089031,60.160953779922146,63.37898563704203,3.0,1.0,1.0,0.2,0.1,True,
61,mi_concept,1e-06,4.898490217200306,0.019623499089012897,0.14008390017776096,0.0007175153095948646,11.69162039228156,0.36705375125863376,0.9003706150585254,43.36690594497821,43.91107937424891,45.82181328192882,3.0,1.0,1.0,0.2,0.1,True,
61,mi_concept,1.778279410038923e-06,4.8771985799785345,0.022898013995790334,0.1513208974193265,0.0007511822548233882,11.689936485729769,0.6105720502858687,0.5543451261401712,33.576465287744305,33.91955434610435,35.13638712979638,3.0,1.0,1.0,0.2,0.1,True,
61,mi_concept,3.162277660168379e-06,4.856976592279496,0.02378447999920894,0.15422217739096067,0.0006423921112208026,11.687219362094506,0.818124605433947,0.38420029588547355,26.919490990363613,27.188723095764317,28.049188720549157,3.0,1.0,1.0,0.2,0.1,True,
61,mi_concept,5.623413251903491e-06,4.847909393713792,0.019299839699239207,0.1389238629582377,0.0003601541387799113,11.683107690283855,0.7844723910504685,0.3022660068095172,21.891884992849935,22.16114544512733,22.830632558305968,3.0,1.0,1.0,0.2,0.1,True,
45,mi_concept,1e-09,4.598743730316519,0.2610154930782115,0.5108967538340907,0.014569383698137525,11.601002305720057,3.4934570596275947,0.4363546157201333,499.4661119939567,498.0849879197861,498.2080915065881,1.0,10.0,1.0,0.2,1.0,True,
45,mi_concept,1.7782794100389228e-09,4.598771036040786,0.26098234827424255,0.5108643149352307,0.014567345061916759,11.600991357819783,1.9696999617458664,0.7738692303411137,499.051165509,496.6017907625979,496.81981696092504,1.0,10.0,1.0,0.2,1.0,True,
45,mi_concept,3.1622776601683795e-09,4.598819914447258,0.2609233483165679,0.5108065664383807,0.014563715584845436,11.600971960140088,1.1128422095786845,1.36957367896894,498.3144996494072,493.9797558343366,494.3646822959615,1.0,10.0,1.0,0.2,1.0,True,
45,mi_concept,5.623413251903491e-09,4.59890784348528,0.2608182444090671,0.5107036757348307,0.014557248155539597,11.600937689344526,0.6310203304650843,2.4148429211952496,497.0083649657125,489.3656069184828,490.0414064757619,1.0,10.0,1.0,0.2,1.0,True,
45,mi_concept,1e-08,4.599067365892619,0.26063076202779223,0.5105200897396617,0.014545706097056106,11.600877453826543,0.3601159452565695,4.229947222123371,494.6978496228614,481.31134394421525,482.48612123297517,1.0,10.0,1.0,0.2,1.0,True,
45,mi_concept,1.7782794100389228e-08,4.599360850144521,0.2602955846333112,0.5101917136070628,0.01452505427994875,11.60077257575475,0.20785385447872845,7.323886811646239,490.627222826568,467.45192142189853,469.458682306531,1.0,10.0,1.0,0.2,1.0,True,
45,mi_concept,3.162277660168379e-08,4.599912723826094,0.2596941814974441,0.5096019834119998,0.014487947615239995,11.600593142743355,0.12237184955561449,12.425624365492235,483.50721656859037,444.19523443747363,447.51949679789976,1.0,10.0,1.0,0.2,1.0,True,
45,mi_concept,5.6234132519034905e-08,4.600982995281624,0.25860929427408985,0.5085364237437568,0.01442086237915464,11.600296317974188,0.0745574077443091,20.35172370744408,471.21121957750603,406.83889707537804,412.0594369316439,1.0,10.0,1.0,0.2,1.0,True,
45,mi_concept,1e-07,4.603133891268147,0.2566401108999421,0.5065965958234837,0.014298710054468138,11.59983771975681,0.0481375921498521,31.400902126686397,450.4469188981198,351.1510810704827,358.637277961697,1.0,10.0,1.0,0.2,1.0,True,
45,mi_concept,1.7782794100389227e-07,4.607556976347288,0.25306205128770815,0.5030527321143462,0.01407593339651033,11.599229751295777,0.03415472227781479,43.94379936134152,416.72380729368183,277.750925399134,287.0030780511468,1.0,10.0,1.0,0.2,1.0,True,
45,mi_concept,3.162277660168379e-07,4.616372707350804,0.24672325338736908,0.4967124453719366,0.013680233686721074,11.59870776208371,0.02796869154530307,52.977220244091505,365.4930200682507,197.69482060164282,206.8446155320764,1.0,10.0,1.0,0.2,1.0,True,
45,mi_concept,5.62341325190349e-07,4.631325544282591,0.23664559599162718,0.486462327412542,0.01305116668247916,11.598910366425232,0.027825049355650333,52.1405333675413,295.8262804047176,129.82846641285474,136.71143056243224,1.0,10.0,1.0,0.2,1.0,True,
45,mi_concept,1e-06,4.648452179283996,0.22474089158301708,0.474068446095094,0.012305901830447039,11.600279976472425,0.03462835529068304,40.836114858823365,216.12564566860135,84.81870405058719,89.01175955211592,1.0,10.0,1.0,0.2,1.0,True,
45,mi_concept,1.778279410038923e-06,4.657897239904416,0.217275469533434,0.46612816856893985,0.011825021912999669,11.601696775262752,0.05261409562751238,26.43477392070695,144.28835737068536,58.442937893176236,60.858497464088195,1.0,10.0,1.0,0.2,1.0,True,
45,mi_concept,3.162277660168379e-06,4.657873544572823,0.21674261195557434,0.46555623930474216,0.011771105976019129,11.601950390666095,0.08861967036962574,15.665530344597014,94.08321146580629,42.98712281324469,44.422107187399284,1.0,10.0,1.0,0.2,1.0,True,
45,mi_concept,5.623413251903491e-06,4.653035412827213,0.21986733008047354,0.4689001280448466,0.011943766669607284,11.601482251725358,0.14833031475547212,9.411301960299713,64.1623991180415,33.40933179294453,34.32885320432889,1.0,10.0,1.0,0.2,1.0,True,
62,mi_concept,1e-09,4.871204288800522,0.005270193309782007,-0.07259609706989768,0.0004811135557832559,11.656675722288915,-2.4909628524336056,0.11404400368707339,497.1058072935993,497.25080303908413,497.35715349634523,3.0,1.0,1.0,0.3,0.1,True,
62,mi_concept,1.7782794100389228e-09,4.871230927551415,0.005250502247132452,-0.07246034948254426,0.0004797864025353996,11.656693938198128,-1.4076626868710984,0.20152854743109846,494.86987183421326,495.12601315673083,495.3140687854163,3.0,1.0,1.0,0.3,0.1,True,
62,mi_concept,3.1622776601683795e-09,4.871278142763588,0.005215654746023808,-0.07221949007036679,0.00047743636483471726,11.656726252756457,-0.7985150108599958,0.35438680370011205,490.92919446437867,491.37936043473263,491.7104374020264,3.0,1.0,1.0,0.3,0.1,True,
62,mi_concept,5.623413251903491e-09,4.871361611108167,0.005154218049145871,-0.07179288299787014,0.00047328893753256296,11.656783468081667,-0.4560318185481047,0.6178118350576409,484.032018993368,484.81601183125434,485.39436821175786,3.0,1.0,1.0,0.3,0.1,True,
62,mi_concept,1e-08,4.871508480792947,0.005046638382128627,-0.07103969581951085,0.00046601312613879563,11.656884420909574,-0.26355723655714663,1.0606853873137279,472.1072677869056,473.4508576717565,474.44739010416646,3.0,1.0,1.0,0.3,0.1,True,
62,mi_concept,1.7782794100389228e-08,4.871764723137242,0.004860561423467045,-0.06971772675200365,0.0004533867295874871,11.657061413092963,-0.15553362564731896,1.772670402096604,451.9298694265149,454.1683122441391,455.84431413808716,3.0,1.0,1.0,0.3,0.1,True,
62,mi_concept,3.162277660168379e-08,4.87220480880222,0.004545870110417221,-0.0674230680881345,0.00043190539084755225,11.657449811062268,-0.0951761208504919,2.8268885752216963,419.0481167347113,422.59838492413763,425.3004541080961,3.0,1.0,1.0,0.3,0.1,True,
62,mi_concept,5.6234132519034905e-08,4.872938280953006,0.004035550585508397,-0.06352598354617106,0.0003966905850250848,11.65816571248656,-0.06195878187600402,4.160473868759213,368.81098297718046,373.987980800677,378.0387394605345,3.0,1.0,1.0,0.3,0.1,True,
62,mi_concept,1e-07,4.874088996890838,0.0032722112031457755,-0.057203244690714666,0.0003429646595311219,11.659318251007948,-0.04467738575880067,5.362580971893595,299.8792330162408,306.45298466899027,311.8314801976328,3.0,1.0,1.0,0.3,0.1,True,
62,mi_concept,1.7782794100389227e-07,4.875668241260845,0.0023008719861321273,-0.04796740545549787,0.00027217461539540263,11.660975758345364,-0.0378411209285128,5.6373403976014975,219.9996929066998,226.76371191340198,232.66778335734693,3.0,1.0,1.0,0.3,0.1,True,
62,mi_concept,3.162277660168379e-07,4.877187562033291,0.0014189578887452063,-0.037669057444342915,0.00020488449011615064,11.662749155749875,-0.04073238163837534,4.542548251114076,146.90349468433377,152.23756328720617,157.24058467343775,3.0,1.0,1.0,0.3,0.1,True,
62,mi_concept,5.62341325190349e-07,4.877259236542633,0.0010785361233028017,-0.032841073723354444,0.00018308098298827144,11.663350365729185,-0.06060031206065895,2.888166802948108,95.19459383495659,98.58275714857507,101.87821322819197,3.0,1.0,1.0,0.3,0.1,True,
62,mi_concept,1e-06,4.874742666627474,0.0014397541673890183,-0.03794409265470738,0.00023393775165459952,11.661808824798268,-0.1179766591338938,1.6813151918322573,64.22003320372217,66.26378796947152,68.20204912168366,3.0,1.0,1.0,0.3,0.1,True,
62,mi_concept,1.778279410038923e-06,4.869360830637982,0.0027221146915744746,-0.05217388898265563,0.0003848489195077781,11.65801679219837,-0.2545325228557518,1.0054080185785546,46.1758271883777,47.49140711468789,48.64705134708748,3.0,1.0,1.0,0.3,0.1,True,
62,mi_concept,3.162277660168379e-06,4.860603649127061,0.006248176846730258,-0.07904541002949038,0.0007506961731898785,11.653125208779514,-0.5514760665311922,0.6556668364815916,35.18674769133204,36.15075839510326,36.88511357803615,3.0,1.0,1.0,0.3,0.1,True,
62,mi_concept,5.623413251903491e-06,4.859611978412433,0.014257927847392724,-0.1194065653445937,0.0014758832323982527,11.651121300615964,-1.0494290095540177,0.49145422941917744,27.884245367649413,28.716477541875822,29.230032261685462,3.0,1.0,1.0,0.3,0.1,True,
60,mi_concept,1e-09,4.859971046708802,0.04202859212633263,-0.20500876109652638,0.002438737934705883,11.651121300615964,-0.35800747780872866,1.694266480289013,478.1701392076072,481.9118178239158,482.99035965440356,3.0,1.0,1.0,0.1,0.1,True,
60,mi_concept,1.7782794100389228e-09,4.860210499367449,0.041920396864461924,-0.2047447114444276,0.0024360750515703554,11.651121300615964,-0.21009867938233487,2.885636986871343,462.14402495591054,468.52017014584345,470.3633970175681,3.0,1.0,1.0,0.1,0.1,True,
60,mi_concept,3.1622776601683795e-09,4.8606526268672985,0.04171350694000627,-0.20423884777389015,0.0024301946203169962,11.651121300615964,-0.127326871313124,4.756316478916158,435.5671924741101,446.08611948024327,449.14287597867434,3.0,1.0,1.0,0.1,0.1,True,
60,mi_concept,5.623413251903491e-09,4.861482893520129,0.04130561118943972,-0.2032378192892251,0.0024164950856833374,11.651121300615964,-0.08152721752079142,7.40884144626617,393.72055256292725,410.1284431578529,414.9423076013925,3.0,1.0,1.0,0.1,0.1,True,
60,mi_concept,1e-08,4.86306061721084,0.040483019211650165,-0.20120392444395852,0.0023838109833355845,11.651121300615964,-0.05719082934062013,10.493638295698888,333.3209749571313,356.605852766861,363.55824117209113,3.0,1.0,1.0,0.1,0.1,True,
60,mi_concept,1.7782794100389228e-08,4.866014189179751,0.038844240847172515,-0.19708942347871566,0.002308334615582135,11.651121300615964,-0.0463125511630011,12.75934990009284,257.4699544638182,285.84336364346365,294.58711202551433,3.0,1.0,1.0,0.1,0.1,True,
60,mi_concept,3.162277660168379e-08,4.871112482489393,0.03584631092933049,-0.1893312201654299,0.0021533235898966215,11.651121300615964,-0.046020568831760506,12.412691720021366,179.7554158534485,207.38116554410806,216.36067628146017,3.0,1.0,1.0,0.1,0.1,True,
60,mi_concept,5.6234132519034905e-08,4.878489417197255,0.031248230367495695,-0.17677168994919887,0.0018950425074420864,11.651121300615964,-0.05816868080689896,9.221794862279824,117.7508364607912,138.1740115736402,145.36211900157974,3.0,1.0,1.0,0.1,0.1,True,
60,mi_concept,1e-07,4.887819799266219,0.025197561850585807,-0.15873739902929557,0.0015374419762375156,11.651121300615964,-0.08824856105451519,5.479706839414854,77.97061917801099,89.85218055257694,94.51500899264455,3.0,1.0,1.0,0.1,0.1,True,
60,mi_concept,1.7782794100389227e-07,4.90217580458779,0.016684953404472885,-0.12917024968804885,0.001024622032107484,11.653331697936693,-0.1342069597025758,2.945445980312291,54.74791176081042,60.79762416745002,63.60193987724991,3.0,1.0,1.0,0.1,0.1,True,
60,mi_concept,3.162277660168379e-07,4.92818158474957,0.005233006997000568,-0.07233952582786653,0.00032708726398596633,11.662039564319263,-0.14576301418093232,1.5372295268855078,41.03271275546813,43.81811920407673,45.55932726470039,3.0,1.0,1.0,0.1,0.1,True,
60,mi_concept,5.62341325190349e-07,4.9710425107194895,0.0013308113067095528,0.03648028654916999,7.660372392489431e-05,11.686687726816363,0.13554305246686246,0.8070813593994576,32.39907366706836,33.45643786884889,34.62716242297817,3.0,1.0,1.0,0.1,0.1,True,
60,mi_concept,1e-06,5.0180018338497145,0.0463798714133309,0.21535986490832246,0.002774630310136766,11.68472362025959,1.4558474887637962,0.46269379476667594,26.387093463131986,26.578372444730217,27.446954663266542,3.0,1.0,1.0,0.1,0.1,True,
60,mi_concept,1.778279410038923e-06,4.944452596535555,0.18323561070618638,0.4280602886348912,0.010555888903718693,11.625959769707865,4.305081996434739,0.3178854978920101,21.760991353216465,21.540923718841185,22.234436480355882,3.0,1.0,1.0,0.1,0.1,True,
60,mi_concept,3.162277660168379e-06,4.751308809722254,0.36359827790600074,0.6029911093092507,0.01969672115914646,11.557349305160269,7.584405457026943,0.25695344846977886,17.999812333002883,17.590794323509964,18.156951531346337,3.0,1.0,1.0,0.1,0.1,True,
60,mi_concept,5.623413251903491e-06,4.566875549445184,0.5022125072838104,0.7086695331985216,0.02573830008716755,11.512225445257167,10.127141734004569,0.22550953169235718,14.894719041344674,14.406374128377626,14.864792773111605,3.0,1.0,1.0,0.1,0.1,True,
58,mi_concept,1e-09,4.299836181023257,0.54141067204983,0.7358061375456377,0.02925570568318071,11.508933188442231,93.76371493251123,0.02386303554728678,499.7561452341149,499.67753142892843,499.711438947162,3.0,1.0,0.1,0.3,1.0,True,
58,mi_concept,1.7782794100389228e-09,4.2998271414407006,0.5414186615590177,0.7358115666113286,0.029255899478662584,11.508929989898503,52.76075833350907,0.04240823779699017,499.56647687822715,499.4267684716533,499.48702874651826,3.0,1.0,0.1,0.3,1.0,True,
58,mi_concept,3.1622776601683795e-09,4.2998110702971495,0.5414328661999129,0.7358212189111653,0.02925624399647614,11.508924301975846,29.703125753149873,0.07532869628228529,499.2294501789868,498.9812904479904,499.08833390045703,3.0,1.0,0.1,0.3,1.0,True,
58,mi_concept,5.623413251903491e-09,4.299782522175312,0.5414581005383577,0.7358383657695199,0.029256855365293946,11.508914197216592,16.7369097551601,0.13368716775553147,498.6309330651575,498.1905222351502,498.38050874021786,3.0,1.0,0.1,0.3,1.0,True,
58,mi_concept,1e-08,4.2997318542937,0.541502892149278,0.7358688009076605,0.02925793850433379,11.508896259504887,9.44554826006005,0.23688744798097994,497.5691598210037,496.7887806061301,497.125473830511,3.0,1.0,0.1,0.3,1.0,True,
58,mi_concept,1.7782794100389228e-08,4.299642062867386,0.5415822860335046,0.7359227446094492,0.029259851948624918,11.508864459720847,5.345452707859319,0.41859317860503464,495.68908567070866,494.31013883943456,494.9052385707291,3.0,1.0,0.1,0.3,1.0,True,
58,mi_concept,3.162277660168379e-08,4.299483367166155,0.5417226559468512,0.736018108436777,0.029263214603299573,11.508808221825994,3.0400465577260887,0.7360533651592032,492.37108343741494,489.9464291906074,490.9933012400066,3.0,1.0,0.1,0.3,1.0,True,
58,mi_concept,5.6234132519034905e-08,4.299204246129033,0.5419697027018133,0.7361859158540139,0.029269068292178103,11.508709197785828,1.744063894039358,1.2830664953622857,486.54974627529106,482.32342237749964,484.1496874301679,3.0,1.0,0.1,0.3,1.0,True,
58,mi_concept,1e-07,4.298717585986675,0.5424009271764675,0.736478735047026,0.029279081428948774,11.508536207506996,1.0160763660758116,2.202528188816199,476.4421285760281,469.1879910713798,472.3271863024291,3.0,1.0,0.1,0.3,1.0,True,
58,mi_concept,1.7782794100389227e-07,4.297882494858393,0.5431423674701282,0.7369819315764317,0.02929564740992543,11.508238357785215,0.6081487829097707,3.6803869886637033,459.21096987064726,447.0919996810863,452.3498603889105,3.0,1.0,0.1,0.3,1.0,True,
58,mi_concept,3.162277660168379e-07,4.296491462144322,0.544381713919021,0.7378222780040062,0.029321264357601445,11.507739369749515,0.3814358994762824,5.868846972323423,430.76189346682685,411.444494078031,419.86285088696496,3.0,1.0,0.1,0.3,1.0,True,
58,mi_concept,5.62341325190349e-07,4.294303918931377,0.5463425398495666,0.7391498764456141,0.029355167228984867,11.506947233779991,0.25904424342351484,8.642586134614268,386.3145296385914,357.89001923073073,370.3718584182074,3.0,1.0,0.1,0.3,1.0,True,
58,mi_concept,1e-06,4.291252596748484,0.5491065308757463,0.7410172271113178,0.029381821698779176,11.505825718785978,0.20033056137542707,11.171529259934427,323.02119783001984,286.3372074888565,302.64806289088784,3.0,1.0,0.1,0.3,1.0,True,
58,mi_concept,1.778279410038923e-06,4.288086424804609,0.5520325364840486,0.7429889208353302,0.029343402088200507,11.504631803600976,0.18849723616171468,11.849426051998641,245.31065748505603,206.51454286652316,224.08462994417744,3.0,1.0,0.1,0.3,1.0,True,
58,mi_concept,3.162277660168379e-06,4.2874351022895425,0.5527354291363449,0.7434617872737945,0.029118832255435944,11.50431398433975,0.22796664798208185,9.74229998094561,168.38139805238654,136.61972133887284,151.29578826162725,3.0,1.0,0.1,0.3,1.0,True,
58,mi_concept,5.623413251903491e-06,4.293137189562154,0.5476210971965423,0.7400142547252332,0.028637518076415996,11.506146361100388,0.3451046469958593,6.370282010986313,109.48051116154151,88.77132800580152,98.37831595035215,3.0,1.0,0.1,0.3,1.0,True,
59,mi_concept,1e-09,4.533091626227929,0.338278833387876,0.581617428717431,0.018488132681930686,11.582912963568598,146.74027786006113,0.011621979584172347,499.8954353057825,499.85626216705094,499.8630284722821,3.0,1.0,0.1,0.5,1.0,True,
59,mi_concept,1.7782794100389228e-09,4.533091751028504,0.33827744363265794,0.5816162339830775,0.018488034728746664,11.582912824192011,82.54080350735379,0.020661345205999684,499.8140765906507,499.7444351875868,499.75646389547046,3.0,1.0,0.1,0.5,1.0,True,
59,mi_concept,3.1622776601683795e-09,4.533092050079512,0.3382749159039067,0.5816140609578715,0.018487859259299626,11.58291258137336,46.438789768912564,0.03672337211429582,499.6694452536935,499.54566464924727,499.5670434414942,3.0,1.0,0.1,0.5,1.0,True,
59,mi_concept,5.623413251903491e-09,4.533092558080412,0.33827043977461524,0.5816102129215195,0.01848754819215648,11.582912142409961,26.13714905336646,0.06524667864120909,499.41239947906206,499.1924765694066,499.2304573525311,3.0,1.0,0.1,0.5,1.0,True,
59,mi_concept,1e-08,4.533093465023703,0.33826248090694155,0.5816033707836824,0.018486995040089407,11.582911363114723,14.720720178681573,0.11584450469196252,498.95577148135936,498.56529841728957,498.63272303882985,3.0,1.0,0.1,0.5,1.0,True,
59,mi_concept,1.7782794100389228e-08,4.5330950892080075,0.33824832820349265,0.581591203684764,0.01848601142147164,11.582909981603276,8.300830781957169,0.2054288196043413,498.1452468877214,497.45280493528367,497.57233948143636,3.0,1.0,0.1,0.5,1.0,True,
59,mi_concept,3.162277660168379e-08,4.533098008208839,0.3382231665516773,0.5815695715489912,0.018484262706640154,11.58290753692287,4.690733593597441,0.3634995188375037,496.708597611623,495.483312603658,495.69472890950834,3.0,1.0,0.1,0.5,1.0,True,
59,mi_concept,5.6234132519034905e-08,4.533103296414579,0.33817844040566003,0.5815311173150238,0.018481154376100106,11.582903227599505,2.660755066398073,0.640724947525836,494.16858517012275,492.0087287687392,492.3810820274996,3.0,1.0,0.1,0.5,1.0,True,
59,mi_concept,1e-07,4.5331130069908445,0.33809896373608606,0.5814627793213303,0.01847563134593034,11.582895684346912,1.519443720006587,1.121685442011726,489.69793839025374,485.91647810927293,486.567401889227,3.0,1.0,0.1,0.5,1.0,True,
59,mi_concept,1.7782794100389227e-07,4.533131236914665,0.3379578252709203,0.5813414016487388,0.018465824611921335,11.58288264732997,0.878049364607658,1.940093386064157,481.8915393259321,475.3501074780022,476.47308494397043,3.0,1.0,0.1,0.5,1.0,True,
59,mi_concept,3.162277660168379e-07,4.53316665054245,0.33770749125885136,0.5811260545345144,0.018448435938872992,11.582860643285311,0.5181128639296403,3.285025863261149,468.4504461335668,457.37156389282273,459.26439690994033,3.0,1.0,0.1,0.5,1.0,True,
59,mi_concept,5.62341325190349e-07,4.533238834992741,0.3372645935105242,0.5807448609419839,0.018417694203373206,11.582825171270285,0.31707401679568964,5.3596633576239,445.87057904371795,427.78733893871316,430.8507354134344,3.0,1.0,0.1,0.5,1.0,True,
59,mi_concept,1e-06,4.533394776207352,0.33648530606100424,0.580073535046208,0.018363707165703538,11.582773244988172,0.20658772193756453,8.204230854568797,409.52611587097766,381.82652278315874,386.4492482125468,3.0,1.0,0.1,0.5,1.0,True,
59,mi_concept,1.778279410038923e-06,4.533750193077148,0.3351316788701169,0.5789055871816379,0.018270416368933614,11.58271381211263,0.14944438891070017,11.290181180505991,355.1334088693479,316.9752193496023,323.18000782640314,3.0,1.0,0.1,0.5,1.0,True,
59,mi_concept,3.162277660168379e-06,4.534576970323622,0.3328532414219555,0.5769343475838091,0.018115620577946825,11.582698817638235,0.12751402492784808,13.136078119990572,282.8994452472329,238.4420018040851,245.36518267396522,3.0,1.0,0.1,0.5,1.0,True,
59,mi_concept,5.623413251903491e-06,4.536399465804913,0.3292913880676264,0.573839165679397,0.01788313970491828,11.582888232227857,0.13720262379138942,12.082958956761281,203.01228643348338,162.06909031960586,168.04684533173327,3.0,1.0,0.1,0.5,1.0,True,
51,mi_concept,1e-09,4.468555147407601,0.38559807635788634,0.6209654389399513,0.020131140567243216,11.570828213958915,149.12708037453243,0.011858003577537489,499.8598393469933,499.8205574501019,499.82736092743517,3.0,1.0,0.1,0.5,0.1,True,
51,mi_concept,1.7782794100389228e-09,4.468551358023092,0.38560146670810436,0.6209681688364584,0.02013124334740261,11.570826803071864,83.89149967243662,0.021079053514817547,499.7507941760933,499.68096568271545,499.6930599269587,3.0,1.0,0.1,0.5,0.1,True,
51,mi_concept,3.1622776601683795e-09,4.468544630659334,0.3856074870281921,0.6209730163446654,0.02013142644835763,11.570824305062093,47.206850772302545,0.037459827320719785,499.5569656365497,499.432872265548,499.4543658157517,3.0,1.0,0.1,0.5,0.1,True,
51,mi_concept,5.623413251903491e-09,4.46853266100631,0.38561819929763586,0.6209816416752075,0.020131752157551776,11.57081986140243,26.577580872152023,0.06653626838110188,499.21255054715834,498.99213437199796,499.03031358871107,3.0,1.0,0.1,0.5,0.1,True,
51,mi_concept,1e-08,4.4685113778298025,0.3856372488522461,0.6209969797448665,0.020132331645404254,11.57081196072202,14.97693287235665,0.11807460479330902,498.60092505051176,498.2097731449785,498.2775328724906,3.0,1.0,0.1,0.5,0.1,True,
51,mi_concept,1.7782794100389228e-08,4.468473533242477,0.3856711289708787,0.6210242579568681,0.02013336299923037,11.570797914579046,8.453485620390547,0.20919598762133396,497.5159367731474,496.822911176873,496.94298582453536,3.0,1.0,0.1,0.5,0.1,True,
51,mi_concept,3.162277660168379e-08,4.468406247213734,0.3857313889291575,0.6210727726516092,0.020135199662837326,11.570772948028743,4.785218024816951,0.3695769493381536,495.59487966524125,494.37050826791983,494.5827105784036,3.0,1.0,0.1,0.5,0.1,True,
51,mi_concept,5.6234132519034905e-08,4.468286635080558,0.3858385820301706,0.621159063388896,0.02013847393896117,11.570728587373077,2.7226431923606857,0.649601473484701,492.20493750194964,490.0527643295856,490.4259749955709,3.0,1.0,0.1,0.5,0.1,True,
51,mi_concept,1e-07,4.4680740747303656,0.38602929476240455,0.6213125580272819,0.020144321687592292,11.570649822447757,1.5632088732345997,1.1315569815677042,486.25859111630274,482.50933320839545,483.16013514179673,3.0,1.0,0.1,0.5,0.1,True,
51,mi_concept,1.7782794100389227e-07,4.46769660775926,0.3863686528606188,0.6215855957634626,0.020154796535963384,11.57051016085536,0.9119988366955047,1.9399892137372,475.9376317808521,469.50874085864103,470.62662913989107,3.0,1.0,0.1,0.5,0.1,True,
51,mi_concept,3.162277660168379e-07,4.46702741631763,0.38697238399743866,0.6220710441721577,0.020173643481022477,11.570263206899806,0.5472329240108025,3.2344668842330098,458.3539475133796,447.63240656940025,449.5025211418927,3.0,1.0,0.1,0.5,0.1,True,
51,mi_concept,5.62341325190349e-07,4.465846000096466,0.38804446057198666,0.622932147646906,0.020207742720053806,11.569829159429728,0.34477783017261254,5.137678227354255,429.3552111428531,412.317091287159,415.30538643538824,3.0,1.0,0.1,0.5,0.1,True,
51,mi_concept,1e-06,4.46378325995762,0.38993373714565227,0.6244467448435073,0.02026964098163909,11.569076885403401,0.23603830368437456,7.515085897992903,384.1368162488834,359.1956731384104,363.6125925779159,3.0,1.0,0.1,0.5,0.1,True,
51,mi_concept,1.778279410038923e-06,4.460288718418919,0.39317798715273805,0.6270390634982306,0.02038076046983684,11.567817262168628,0.18515067510872396,9.605239562816523,319.95739799574625,288.0430326542638,293.7891324284325,3.0,1.0,0.1,0.5,0.1,True,
51,mi_concept,3.162277660168379e-06,4.454837492470002,0.3983230842856746,0.6311284213895573,0.02056870090394029,11.565885666874996,0.17846354302401965,10.009663460323965,241.57959276971903,208.27318650904294,214.428588455115,3.0,1.0,0.1,0.5,0.1,True,
51,mi_concept,5.623413251903491e-06,4.448041618506824,0.4048192435766492,0.6362540715599777,0.020831391604436058,11.563521605021124,0.22375685031040862,8.03495308878307,164.59469024351284,137.828330224465,142.94113296591368,3.0,1.0,0.1,0.5,0.1,True,
63,mi_concept,1e-09,4.909432506532061,0.006274126340378091,0.07920938290618158,7.54259578775906e-05,11.692765301039636,3.499401727637823,0.0321219099655505,498.7000933493883,498.7215116579204,498.7775533713814,3.0,1.0,1.0,0.5,0.1,True,
63,mi_concept,1.7782794100389228e-09,4.909433529718262,0.00627988494637362,0.07924572509841538,7.556045969839745e-05,11.69276929215079,1.9751057693774834,0.05696317387110948,497.69172586662427,497.7297073282862,497.8290994675628,3.0,1.0,1.0,0.5,0.1,True,
63,mi_concept,3.1622776601683795e-09,4.9094353205138965,0.006290106786758266,0.07931019346060295,7.579925991407554e-05,11.692776359299465,1.117957887898869,0.10079725547337465,495.9057203021601,495.9729274468489,496.14883780717497,3.0,1.0,1.0,0.5,0.1,True,
63,mi_concept,5.623413251903491e-09,4.909438413154171,0.006308224657019737,0.07942433290257928,7.62226877271257e-05,11.69278883078793,0.6359958465193983,0.17767951445828542,492.75217843663626,492.8706424576528,493.1808343240157,3.0,1.0,1.0,0.5,0.1,True,
63,mi_concept,1e-08,4.90944362223321,0.006340253870330006,0.07962571111349653,7.697171235699383e-05,11.692810705211388,0.3650537835881424,0.3110799795472468,487.2145567378731,487.42194997331376,487.9653638150462,3.0,1.0,1.0,0.5,0.1,True,
63,mi_concept,1.7782794100389228e-08,4.909451968964863,0.0063966043912974165,0.07997877462988175,7.829083722285677e-05,11.692848644824418,0.21284452916638083,0.5381217825750879,477.58478665309553,477.943519239684,478.8845546641414,3.0,1.0,1.0,0.5,0.1,True,
63,mi_concept,3.162277660168379e-08,4.909463926048217,0.0064948531982161155,0.08059065205230763,8.059396343802457e-05,11.6929130797748,0.1275265357417824,0.911339767064192,461.1241738242575,461.7316936332897,463.32837546348134,3.0,1.0,1.0,0.5,0.1,True,
63,mi_concept,5.6234132519034905e-08,4.909476134283183,0.00666315495752694,0.08162815052129345,8.45438387751909e-05,11.693018083122954,0.08005117298145259,1.4872163062705839,433.82151168401305,434.81322089262625,437.4272046882299,3.0,1.0,1.0,0.5,0.1,True,
63,mi_concept,1e-07,4.9094696203485775,0.006941020604113152,0.08331278775862173,9.105039870514543e-05,11.693174596697101,0.054283698673018674,2.2766051550515165,390.83347143015436,392.3539819287559,396.3767055021702,3.0,1.0,1.0,0.5,0.1,True,
63,mi_concept,1.7782794100389227e-07,4.909371227777298,0.007361925640076047,0.08580166455306125,0.0001007136184069773,11.693358196802606,0.04154068218115136,3.1300793079446634,328.85537622778565,330.9586093244333,336.5351587398588,3.0,1.0,1.0,0.5,0.1,True,
63,mi_concept,3.162277660168379e-07,4.908936954404199,0.007858424588289468,0.08864775568670348,0.00011083853876326547,11.693393425947226,0.03761210062135826,3.628155697079596,251.37500123296147,253.86237935913334,260.39842939666977,3.0,1.0,1.0,0.5,0.1,True,
63,mi_concept,5.62341325190349e-07,4.907445371438879,0.00793460891388616,0.08907642176180047,0.00010564032841296074,11.692618903928416,0.04028517618120549,3.306842749758686,172.98572656236067,175.39053054128553,181.40710493353126,3.0,1.0,1.0,0.5,0.1,True,
63,mi_concept,1e-06,4.903180954208471,0.006230926519672921,0.07893621804769292,5.197890378485466e-05,11.689321815167364,0.039906487995631054,2.3368572772381935,111.89628154275852,113.85419175744799,118.086569061955,3.0,1.0,1.0,0.5,0.1,True,
63,mi_concept,1.778279410038923e-06,4.893677916278006,0.0022255298055509506,0.0471755212536221,1.9726615705396984e-06,11.679968087560082,-0.012479113383780573,1.4470208529113318,73.56217001016205,75.11093576238913,77.63139453822855,3.0,1.0,1.0,0.5,0.1,True,
63,mi_concept,3.162277660168379e-06,4.8776087067696725,0.00011210379494020723,-0.010587907958619929,0.0002653731249633468,11.664011211629642,-0.2238137158952197,0.9259836577399364,51.258370546430235,52.59989638262172,54.07216797339343,3.0,1.0,1.0,0.5,0.1,True,
63,mi_concept,5.623413251903491e-06,4.859611978412433,0.008305887803824798,-0.0911366435843717,0.001268779775627472,11.651207446045557,-0.668643013169179,0.6691633149281065,37.94793160279159,39.23949699304565,40.13875932637503,3.0,1.0,1.0,0.5,0.1,True,
57,mi_concept,1e-09,4.06992100172805,0.756796357125679,0.8699404330904956,0.03619140640606493,11.44794728529112,57.404286807072694,0.04299302225686877,499.49790343572204,499.34636743361716,499.47737865535595,3.0,1.0,0.1,0.2,1.0,True,
57,mi_concept,1.7782794100389228e-09,4.069938803958317,0.7567858891100645,0.8699344165568256,0.03619016040640423,11.447952098255957,32.320147065960214,0.0763590238035662,499.10763855071383,498.83851165710934,499.0711959761418,3.0,1.0,0.1,0.2,1.0,True,
57,mi_concept,3.1622776601683795e-09,4.069970479049513,0.756767256999562,0.8699237075741539,0.036187944797126385,11.447960661041158,18.214353033263773,0.13548918917908045,498.41473185609294,497.93724235760857,498.3501041437944,3.0,1.0,0.1,0.2,1.0,True,
57,mi_concept,5.623413251903491e-09,4.07002685769393,0.7567340746983903,0.8699046354045886,0.036184005692731884,11.447975896918393,10.282178979805026,0.2399971197426712,497.18599852226856,496.340333343591,497.0716309700055,3.0,1.0,0.1,0.2,1.0,True,
57,mi_concept,1e-08,4.0701272773605925,0.7566749108689198,0.8698706288115031,0.036177003444450295,11.448003019638545,5.821762346784617,0.423826745461785,495.01182170205016,493.5188138276009,494.8101977176205,3.0,1.0,0.1,0.2,1.0,True,
57,mi_concept,1.7782794100389228e-08,4.0703063568579445,0.7565692128355685,0.8698098716590704,0.03616456000363078,11.448051341017928,3.3137940770528105,0.7444428980431896,491.17957131084887,488.55840714683427,490.8265007681207,3.0,1.0,0.1,0.2,1.0,True,
57,mi_concept,3.162277660168379e-08,4.070626361123184,0.7563797431375346,0.8697009504062501,0.036142460782972806,11.44813754118034,1.9040124096208066,1.2951932302583589,484.47085450258993,479.91444450780097,483.85990861782926,3.0,1.0,0.1,0.2,1.0,True,
57,mi_concept,5.6234132519034905e-08,4.071200059897697,0.7560382355024763,0.8695045919961989,0.036103262743310174,11.4482916197026,1.112229907266286,2.2158443659493914,472.86781467409224,465.0845305189289,471.83271350786623,3.0,1.0,0.1,0.2,1.0,True,
57,mi_concept,1e-07,4.072233464529333,0.7554175568008892,0.8691476035754164,0.03603392987834976,11.44856774020032,0.6687917229428632,3.6809910202062164,453.22198072869054,440.3272561341468,451.53223320390083,3.0,1.0,0.1,0.2,1.0,True,
57,mi_concept,1.7782794100389227e-07,4.074104721312256,0.7542776176569168,0.8684915760425755,0.03591210897992436,11.449063420789722,0.42278970528114906,5.81155151752321,421.16752075335427,400.9061642517472,418.5826116098412,3.0,1.0,0.1,0.2,1.0,True,
57,mi_concept,3.162277660168379e-07,4.077493608831279,0.7521698820047983,0.8672772809227729,0.035701688905128606,11.44994852129897,0.29086543728339614,8.41934434920757,372.0803245522133,342.9693208848025,368.54431213968115,3.0,1.0,0.1,0.2,1.0,True,
57,mi_concept,5.62341325190349e-07,4.083479115447903,0.7483467443803492,0.8650703696118306,0.0353547266743625,11.451477592831337,0.22946867780352206,10.613857495980316,304.42031153945544,268.22760201379543,300.4037846216776,3.0,1.0,0.1,0.2,1.0,True,
57,mi_concept,1e-06,4.09293336608894,0.7421486861930345,0.8614805199150092,0.03485357134718809,11.453810795801031,0.22196940293286535,10.88696325395654,225.32555014865454,188.97459397131615,221.88592527735156,3.0,1.0,0.1,0.2,1.0,True,
57,mi_concept,1.778279410038923e-06,4.103056348945339,0.7355177616615933,0.8576233215471658,0.03437347438588166,11.456135548739386,0.27741481192806955,8.64747844570441,151.83811467578673,123.63648551557542,149.68260557292464,3.0,1.0,0.1,0.2,1.0,True,
57,mi_concept,3.162277660168379e-06,4.103487717270978,0.7359791839959381,0.8578922916053845,0.03440474673390334,11.45583160999221,0.4342367353368736,5.527904539522647,98.8479062593144,80.95326000557984,97.48932733968768,3.0,1.0,0.1,0.2,1.0,True,
57,mi_concept,5.623413251903491e-06,4.090494538274004,0.7458374125414435,0.8636187889001973,0.0350876550347309,11.452208927182413,0.7422805779424957,3.265259549951385,66.75722145613213,55.95377500839817,65.5428453209149,3.0,1.0,0.1,0.2,1.0,True,
65,mi_concept,1e-09,4.953779113618143,0.005942579630916454,0.0770881289882979,0.00041138453244877305,11.691503915125423,1.1667236466948976,0.2239954101244509,494.77467308294194,494.8119293811815,495.1568124788084,3.0,1.0,1.0,0.2,0.5,True,
65,mi_concept,1.7782794100389228e-09,4.953850296729409,0.005992302341011339,0.07740996280202787,0.00041465313550018666,11.69155996485293,0.6665810309799352,0.3936105286462876,490.7622297071154,490.82720924910336,491.43379035524634,3.0,1.0,1.0,0.2,0.5,True,
65,mi_concept,3.1622776601683795e-09,4.953975810395017,0.006080919758681811,0.07798025236354272,0.0004204756522124489,11.691659140702118,0.38551947077425236,0.6853158594314811,483.74231182368925,483.8539376165738,484.9117345666375,3.0,1.0,1.0,0.2,0.5,True,
65,mi_concept,5.623413251903491e-09,4.954195662401995,0.006239104309515769,0.0789880010477273,0.000430859980928805,11.691811315214094,0.22781012671825449,1.1739330401084394,471.6140462599488,471.8006662533817,473.61773351108394,3.0,1.0,1.0,0.2,0.5,True,
65,mi_concept,1e-08,4.9545762447878925,0.0065221615570575965,0.08075990067513454,0.0004494139783661999,11.691978056119675,0.13975498288299698,1.9542154765376571,451.11786795693865,451.4149736859442,454.4546826933013,3.0,1.0,1.0,0.2,0.5,True,
65,mi_concept,1.7782794100389228e-08,4.955221374153933,0.007030372922533938,0.08384731911357654,0.0004826424766488469,11.69226416469039,0.09142900339953693,3.0952205467933593,417.7877489571292,418.2203601653288,423.07598182646456,3.0,1.0,1.0,0.2,0.5,True,
65,mi_concept,3.162277660168379e-08,4.956274994614725,0.007945681669717469,0.08913855321754706,0.0005422455711932317,11.692651401139184,0.06659714644148561,4.503179986227695,367.0449952736101,367.5772547700562,374.7441803795432,3.0,1.0,1.0,0.2,0.5,True,
65,mi_concept,5.6234132519034905e-08,4.957888585937813,0.00959093514891459,0.09793331991163473,0.0006487442245968267,11.692915643771897,0.05756340147242205,5.696996809935651,297.8018569025675,298.26156274784546,307.54320744621583,3.0,1.0,1.0,0.2,0.5,True,
65,mi_concept,1e-07,4.960126379707317,0.012490789546128821,0.11176220088262767,0.0008351400906048822,11.691626774808041,0.06386189957957535,5.8248409519903115,218.17538390284645,218.27435600601459,228.10070530611293,3.0,1.0,1.0,0.2,0.5,True,
65,mi_concept,1.7782794100389227e-07,4.962985433486773,0.017360521158010206,0.1317593304400497,0.0011470224026966034,11.68814915039536,0.09625591730127445,4.530557600302656,145.93477795936093,145.5387443723716,153.52096050691267,3.0,1.0,1.0,0.2,0.5,True,
65,mi_concept,3.162277660168379e-07,4.967147171929559,0.02557217666099274,0.15991302842793248,0.0016754763982686255,11.682765917702003,0.19045392742389522,2.7743268598369317,95.15320302107013,94.4354570458125,99.52979856091319,3.0,1.0,1.0,0.2,0.5,True,
65,mi_concept,5.62341325190349e-07,4.973904573667527,0.04302026576208643,0.2074132728686533,0.0027896857011055283,11.67230632299984,0.44457683537419274,1.543898263159481,64.81933450413486,63.94091235856023,66.89003198318564,3.0,1.0,1.0,0.2,0.5,True,
65,mi_concept,1e-06,4.954921777276395,0.08878057497362894,0.29796069367221734,0.0055632133484751,11.64803985414028,1.13015429044745,0.8684266315186466,47.20381519581263,46.20355860554934,47.935831966874446,3.0,1.0,1.0,0.2,0.5,True,
65,mi_concept,1.778279410038923e-06,4.8480995220819345,0.19998685586795922,0.4471988996721249,0.011431581668308972,11.600442187948946,2.636073763555364,0.5417276917020358,36.548532915977745,35.42831696150794,36.51159841276657,3.0,1.0,1.0,0.2,0.5,True,
65,mi_concept,3.162277660168379e-06,4.661768965307073,0.3454352378348846,0.5877373884949677,0.017511073756094078,11.555544907511702,4.182070054679182,0.4230194848712463,29.545690234728315,28.30063102505106,29.050132363951878,3.0,1.0,1.0,0.2,0.5,True,
65,mi_concept,5.623413251903491e-06,4.551318083773751,0.397484209060832,0.6304634874922036,0.01915814731689399,11.54535629748835,4.53235923102479,0.40273243039831474,24.42551548951602,23.062283682189364,23.63543830373533,3.0,1.0,1.0,0.2,0.5,True,
64,mi_concept,1e-09,4.946721018703161,0.0031681571526215226,-0.05628638514438036,0.000145452417114792,11.664650346533787,-0.09781396544883748,1.5663249715341698,479.580892771864,481.73508055780877,483.43912504084847,3.0,1.0,1.0,0.1,0.5,True,
64,mi_concept,1.7782794100389228e-09,4.946346884824724,0.0032263702850751554,-0.05680114686408326,0.0001486998127102822,11.664527072489905,-0.05805033066890295,2.668429516374169,464.5280832573765,468.2112448989755,471.1207766172522,3.0,1.0,1.0,0.1,0.5,True,
64,mi_concept,3.1622776601683795e-09,4.945718336282215,0.003323153696474819,-0.05764680126836891,0.00015415619250792734,11.664361075239416,-0.03584035901537481,4.40030763874752,439.4434861046307,445.55429188927445,450.3713470679916,3.0,1.0,1.0,0.1,0.5,True,
64,mi_concept,5.623413251903491e-09,4.944711461017092,0.003474230824753919,-0.0589426061924133,0.00016284856471388912,11.664114946031102,-0.02362719979190549,6.859632444087819,399.6185204794549,409.2399749655937,416.80306639510155,3.0,1.0,1.0,0.1,0.5,True,
64,mi_concept,1e-08,4.943242299448965,0.003679018965358007,-0.06065491707485888,0.00017515865974424572,11.663789228948648,-0.01727480338992959,9.728136339506989,341.3547337367518,355.2075967904659,366.0710061402401,3.0,1.0,1.0,0.1,0.5,True,
64,mi_concept,1.7782794100389228e-08,4.94149466088739,0.0038631434114385172,-0.06215419061848137,0.0001878428158104953,11.663504994807456,-0.014679506023041205,11.851005207426715,266.66587411789004,283.8817045969342,297.4154698589335,3.0,1.0,1.0,0.1,0.5,True,
64,mi_concept,3.162277660168379e-08,4.9404101887852665,0.003768039402026509,-0.06138435795890113,0.0001875824748428629,11.663666408705826,-0.015036703684625287,11.555479508217598,188.02995664645638,205.13313460588722,218.82787667742113,3.0,1.0,1.0,0.1,0.5,True,
64,mi_concept,5.6234132519034905e-08,4.942125009319489,0.0029566181448301317,-0.05437479328540139,0.00014912194544064819,11.66508705667572,-0.01800575844848854,8.600972393037726,123.54240243832554,136.27044370208537,147.0162768608822,3.0,1.0,1.0,0.1,0.5,True,
64,mi_concept,1e-07,4.949406556439761,0.001321589791661756,-0.03635367645316985,6.32837569537298e-05,11.66897462182891,-0.01972899288443661,5.118327644020308,81.49662621411677,88.71576982459634,95.50513584403751,3.0,1.0,1.0,0.1,0.5,True,
64,mi_concept,1.7782794100389227e-07,4.9656493469929925,5.126033589540764e-07,0.0007159632385493521,1.3584169499368826e-06,11.678319175330167,0.005381639868133429,2.759394296435342,56.9139125793424,60.29565004941309,64.23111878491322,3.0,1.0,1.0,0.1,0.5,True,
64,mi_concept,3.162277660168379e-07,4.997471986627829,0.0061918564615598025,0.0786883502277167,0.0004303234654370637,11.696702930204973,0.18394097828231556,1.449483399867644,42.49555777254857,43.66991162157839,45.99388620536794,3.0,1.0,1.0,0.1,0.5,True,
64,mi_concept,5.62341325190349e-07,5.046386229719536,0.05703656778677538,0.23882329824951204,0.003754331922682417,11.676790160916799,1.0252700283209155,0.7816175577899506,33.55002500985942,33.47426224106723,34.950665647992594,3.0,1.0,1.0,0.1,0.5,True,
64,mi_concept,1e-06,4.943517255381583,0.23726283062930908,0.48709632582201756,0.014411599682231558,11.592684850646336,3.1746326502033426,0.5026961212261843,27.44964393079258,26.652705791338487,27.704223151020233,3.0,1.0,1.0,0.1,0.5,True,
64,mi_concept,1.778279410038923e-06,4.664445569144818,0.4465392274511997,0.6682359070352324,0.02381482085905882,11.520246077838161,4.666544643548554,0.4350665401272317,22.847263327141906,21.615437172721567,22.447980794438962,3.0,1.0,1.0,0.1,0.5,True,
64,mi_concept,3.162277660168379e-06,4.514812529699601,0.49607676525173794,0.704327172024293,0.024678258089837823,11.512553457449267,4.5592375085121075,0.4448341462870381,19.15540925678352,17.64526766251367,18.336751946154717,3.0,1.0,1.0,0.1,0.5,True,
64,mi_concept,5.623413251903491e-06,4.495356732167781,0.4567694511238039,0.6758472098957011,0.02230103261447251,11.52824553163644,4.030102358288179,0.4728935929681326,16.13555131563265,14.440099644153419,15.016359024056582,3.0,1.0,1.0,0.1,0.5,True,
66,mi_concept,1e-09,4.893025805490494,0.0013540061658682406,0.03679682276866089,0.00010769916951561125,11.682091297386327,1.4910177390232915,0.08727230529187345,497.59747946558076,497.64148061753576,497.785377176205,3.0,1.0,1.0,0.3,0.5,True,
66,mi_concept,1.7782794100389228e-09,4.893041459613279,0.0013639598194062294,0.036931826645946304,0.0001083859967037236,11.682111606248403,0.8456772144652387,0.15436110518040932,495.7391072774274,495.8168803920591,496.0715038891472,3.0,1.0,1.0,0.3,0.5,True,
66,mi_concept,3.1622776601683795e-09,4.893069219447126,0.0013817306331530988,0.03717163748280534,0.0001096113477983805,11.682147670817555,0.4828418869977689,0.2718840724642157,492.45897598507827,492.595795654167,493.04461907973814,3.0,1.0,1.0,0.3,0.5,True,
66,mi_concept,5.623413251903491e-09,4.893118339117525,0.0014135533257523365,0.03759725157178828,0.00011180285688398366,11.682211644743195,0.2789236728860048,0.4753471349613187,486.7027532265163,486.9414448610662,487.72720347545805,3.0,1.0,1.0,0.3,0.5,True,
66,mi_concept,1e-08,4.893204915508349,0.0014708342734371723,0.038351457253110635,0.00011573896817407734,11.68232490603844,0.16446749022782767,0.820247769472888,476.7041457194585,477.11444194739147,478.47356534541314,3.0,1.0,1.0,0.3,0.5,True,
66,mi_concept,1.7782794100389228e-08,4.893356446585376,0.001574835617408622,0.039684198585943777,0.00012285893957230074,11.682524731081136,0.10049903527369201,1.3831002344246053,459.6468475651291,460.33393729261337,462.63530273647666,3.0,1.0,1.0,0.3,0.5,True,
66,mi_concept,3.162277660168379e-08,4.8936183295910505,0.0017662862770773994,0.042027208770954554,0.00013588527340727328,11.682875082793654,0.06526776171640887,2.239985069600921,431.451177911938,432.55026238024885,436.3046291675127,3.0,1.0,1.0,0.3,0.5,True,
66,mi_concept,5.6234132519034905e-08,4.894060575073007,0.002125871509025229,0.04610717416005051,0.00016011604770452053,11.683482457675105,0.04690010839966723,3.3843514287109926,387.3135669836567,388.9373714045377,394.68061207372085,3.0,1.0,1.0,0.3,0.5,True,
66,mi_concept,1e-07,4.894775879058882,0.002817919633473868,0.05308408079145638,0.00020610151146311124,11.684514135902337,0.039570091524069304,4.552176149989554,324.27425719759066,326.37027865190095,334.25495626099587,3.0,1.0,1.0,0.3,0.5,True,
66,mi_concept,1.7782794100389227e-07,4.8958409192119,0.004174255385976176,0.0646084776633545,0.00029463368203780496,11.686204346073652,0.04228627260207745,5.095018959677464,246.57445592819406,248.74427922166254,257.8524478807255,3.0,1.0,1.0,0.3,0.5,True,
66,mi_concept,3.162277660168379e-07,4.897184076610121,0.006810574231472419,0.08252620330217803,0.00046358159830828114,11.687748932432601,0.061297911592028506,4.410971837393876,169.38403154878702,170.98769730067104,179.22187906485422,3.0,1.0,1.0,0.3,0.5,True,
66,mi_concept,5.62341325190349e-07,4.89835003260187,0.011846612409120133,0.10884214445296515,0.000782216117245285,11.687618458891397,0.12084261350730545,2.909156126589905,110.25214663510009,110.97555020647393,116.68564351016478,3.0,1.0,1.0,0.3,0.5,True,
66,mi_concept,1e-06,4.894641341022066,0.02290916774331039,0.1513577475496725,0.0014749012119665195,11.680362150525033,0.29679025260334196,1.630907072194536,73.47049589120608,73.51393091947007,76.90955522011551,3.0,1.0,1.0,0.3,0.5,True,
66,mi_concept,1.778279410038923e-06,4.862285764111618,0.05492863174744876,0.23436858097332236,0.0034242818894011156,11.662431308705655,0.8425957428806644,0.8819909921440171,52.13469502194624,51.76125266490565,53.762802876067916,3.0,1.0,1.0,0.3,0.5,True,
66,mi_concept,3.162277660168379e-06,4.7556848870138575,0.1577018193592651,0.3971168837499422,0.009250820248766814,11.614730888780832,2.508865200124024,0.49673215663503073,39.461143616819776,38.81987097778268,40.063683544338424,3.0,1.0,1.0,0.3,0.5,True,
66,mi_concept,5.623413251903491e-06,4.504298682822458,0.38595329889892904,0.6212513975025964,0.020449915577994665,11.532539198452103,5.636003889047941,0.33975933630788974,31.38940926289287,30.557258666376114,31.402454543699548,3.0,1.0,1.0,0.3,0.5,True,
69,mi_concept,1e-09,4.92435535666573,0.009374515968938438,0.096822084097268,0.0002471944842092693,11.689905680471325,0.970452153685928,0.21394520830950695,494.71904023246907,494.77996775880723,495.0897096058895,3.0,1.0,1.0,0.2,1.0,True,
69,mi_concept,1.7782794100389228e-09,4.924477771859027,0.009466251154284438,0.09729466148913021,0.0002510232085603468,11.690005073416504,0.556621132830966,0.3759078565979611,490.66441725733836,490.77101003048597,491.3157394933616,3.0,1.0,1.0,0.2,1.0,True,
69,mi_concept,3.1622776601683795e-09,4.924693856186911,0.009629847198138919,0.09813178485148896,0.0002578775117201264,11.690180967451385,0.3241297461569623,0.6543642387420501,483.5718471623927,483.75598080111007,484.705776865873,3.0,1.0,1.0,0.2,1.0,True,
69,mi_concept,5.623413251903491e-09,4.925073055233346,0.00992217873796399,0.09961013371120425,0.00027020717500066566,11.690491054671693,0.19379491922621653,1.120525439169129,471.32155017791246,471.63254587995175,473.263664682147,3.0,1.0,1.0,0.2,1.0,True,
69,mi_concept,1e-08,4.925731458412512,0.010446162716928588,0.10220647101298717,0.000292556224683275,11.691033938054527,0.12124861286096708,1.8641933855976776,450.6295181314685,451.13419364904377,453.861573896972,3.0,1.0,1.0,0.2,1.0,True,
69,mi_concept,1.7782794100389228e-08,4.926852440888116,0.011389228544092224,0.10672032863560824,0.00033351801545962575,11.691972387103963,0.08186676895232331,2.949655535614613,417.010321726972,417.77325658304426,422.1264181642446,3.0,1.0,1.0,0.2,1.0,True,
69,mi_concept,3.162277660168379e-08,4.928691485645018,0.013092219378804993,0.11442123657260916,0.0004095639419096459,11.693052948499735,0.06252134317746348,4.284396269536207,365.90424291069934,366.92142771684195,373.3376482939218,3.0,1.0,1.0,0.2,1.0,True,
69,mi_concept,5.6234132519034905e-08,4.93149594141199,0.016153288201539943,0.12709558686886002,0.0005515709846615571,11.694106927017893,0.05758647467872368,5.407091112706763,296.3391012893473,297.42279292317,305.71270277677127,3.0,1.0,1.0,0.2,1.0,True,
69,mi_concept,1e-07,4.935167728524478,0.021481593775555648,0.14656600484271803,0.0008102097735702735,11.694615099018046,0.06864856618315561,5.511948375226291,216.65190609115325,217.40781501857623,226.15367482610256,3.0,1.0,1.0,0.2,1.0,True,
69,mi_concept,1.7782794100389227e-07,4.938579078238765,0.029984958105963088,0.1731616531047307,0.0012416200394205598,11.691302053347801,0.10994488655901416,4.277901168044266,144.73042015668236,144.86387255116597,151.9426023785999,3.0,1.0,1.0,0.2,1.0,True,
69,mi_concept,3.162277660168379e-07,4.936950181875506,0.04273601211955121,0.20672690226371412,0.001914095896387954,11.684648249507164,0.22410967114369001,2.6231778582287406,94.42192105725114,94.02943707331059,98.54566178746217,3.0,1.0,1.0,0.2,1.0,True,
69,mi_concept,5.62341325190349e-07,4.912906346706792,0.06702852778067053,0.2588986824622144,0.0032425557512002104,11.671500375642838,0.5269348790209122,1.4700505087224163,64.43659392124144,63.72508449272041,66.35342437482721,3.0,1.0,1.0,0.2,1.0,True,
69,mi_concept,1e-06,4.8507247277634855,0.12627798196581858,0.3553561339921102,0.00652320630782265,11.640874891554216,1.3352076090273186,0.840445872771764,47.02275154205617,46.09471615168514,47.65376298114723,3.0,1.0,1.0,0.2,1.0,True,
69,mi_concept,1.778279410038923e-06,4.704315894136899,0.2550985673403848,0.5050728336986506,0.013158415454809617,11.583207272775391,3.0065403638652892,0.5409531115494601,36.48196621241458,35.37632974324507,36.364182238039405,3.0,1.0,1.0,0.2,1.0,True,
69,mi_concept,3.162277660168379e-06,4.523709287411153,0.3951702827995206,0.6286257096233979,0.019110005652416554,11.537654582353467,4.4301790098985,0.4378115264072351,29.54735363285587,28.27668056658162,28.968555425854007,3.0,1.0,1.0,0.2,1.0,True,
69,mi_concept,5.623413251903491e-06,4.461667525265011,0.42732449584712906,0.6537006163735269,0.020097531649539063,11.534597404824037,4.515944601262456,0.4270040890174259,24.4736406079124,23.050716323055607,23.582003761071807,3.0,1.0,1.0,0.2,1.0,True,
71,mi_concept,1e-09,4.616807514482409,0.27039731125194777,0.5199974146589075,0.013357423528890494,11.582205328837546,70.3874707516692,0.018804011159073434,499.1462163236776,499.07464969331545,499.1044630669907,3.0,1.0,1.0,0.5,1.0,True,
71,mi_concept,1.7782794100389228e-09,4.616798604243309,0.2704018163841646,0.5200017465203022,0.013357540851332438,11.582205184101735,39.65892980352104,0.03337349299776268,498.48318208603087,498.35616198329126,498.4090744422572,3.0,1.0,1.0,0.5,1.0,True,
71,mi_concept,3.1622776601683795e-09,4.616782751978526,0.2704098450210369,0.5200094662802177,0.013357750350157347,11.582204921183694,22.379179466586656,0.05914156644724527,497.30724369919284,497.08213997103934,497.17590510269457,3.0,1.0,1.0,0.5,1.0,True,
71,mi_concept,5.623413251903491e-09,4.616754530642494,0.2704241833082161,0.5200232526610864,0.013358125810690874,11.582204434387256,12.662379416560253,0.10452295146151291,495.2259258204546,494.82806111313397,494.9937702281458,3.0,1.0,1.0,0.5,1.0,True,
71,mi_concept,1e-08,4.616704243505573,0.27044987447575713,0.5200479540155476,0.01335880273102494,11.58220350803214,7.198788550846359,0.18384426448317936,491.55560517898067,490.85570833991375,491.147155675825,3.0,1.0,1.0,0.5,1.0,True,
71,mi_concept,1.7782794100389228e-08,4.616614480411791,0.2704961846286691,0.5200924769968021,0.013360036183658485,11.582201666339248,4.1274025182403715,0.3206287824302667,485.12496281981447,483.9040257174159,484.4122647413938,3.0,1.0,1.0,0.5,1.0,True,
71,mi_concept,3.162277660168379e-08,4.616453707253672,0.2705805653126716,0.520173591517939,0.013362325688050545,11.582197765690745,2.4020688786213893,0.5508624208699535,473.9864493579352,471.88788006539943,472.7609074271961,3.0,1.0,1.0,0.5,1.0,True,
71,mi_concept,5.6234132519034905e-08,4.616163743144744,0.2707373280179622,0.5203242527674087,0.013366712567144124,11.582188792370586,1.435184011194301,0.9218073085789652,455.07870740536526,451.5642735883236,453.02468764103577,3.0,1.0,1.0,0.5,1.0,True,
71,mi_concept,1e-07,4.615632992600375,0.27103885266684796,0.5206139190099012,0.01337557136282394,11.582166098803665,0.8976660423349676,1.4733945492941296,424.09311759466317,418.4680758490124,420.8008577627124,3.0,1.0,1.0,0.5,1.0,True,
71,mi_concept,1.7782794100389227e-07,4.614630148144457,0.27165444966796254,0.5212048058757349,0.0133949546911574,11.582103092947673,0.6072629756311922,2.1774620855147,376.29802106900394,367.9650311277157,371.40818950936153,3.0,1.0,1.0,0.5,1.0,True,
71,mi_concept,3.162277660168379e-07,4.612610407713554,0.27303124637804477,0.5225239194314886,0.013442040107819245,11.581914600843737,0.46778194427701836,2.827479612591469,309.6732609654411,298.80636812844836,303.2658061565813,3.0,1.0,1.0,0.5,1.0,True,
71,mi_concept,5.62341325190349e-07,4.608104891888797,0.2764550283983365,0.5257899089924953,0.013568217226302665,11.581332678866488,0.4404374111909732,3.010782574619417,230.56677564837454,218.90445361145237,223.62624563456168,3.0,1.0,1.0,0.5,1.0,True,
71,mi_concept,1e-06,4.597122127547621,0.28542890456705766,0.534255467512554,0.013914008137249774,11.579637283934938,0.5408235753161638,2.4761724798920914,155.80645553801398,146.0690944758566,149.9019124792371,3.0,1.0,1.0,0.5,1.0,True,
71,mi_concept,1.778279410038923e-06,4.572091488683007,0.3062804448581132,0.5534260970157743,0.014727938494978589,11.575714090114372,0.8461325983545456,1.6221455277883314,101.28547544351449,94.72417637001759,97.15713948197153,3.0,1.0,1.0,0.5,1.0,True,
71,mi_concept,3.162277660168379e-06,4.5311932764129,0.3396114988524232,0.5827619572796625,0.016048881042593836,11.570036629225172,1.4324511834355422,0.9959764892965635,68.2045339976058,64.01717482094313,65.40364124654933,3.0,1.0,1.0,0.5,1.0,True,
71,mi_concept,5.623413251903491e-06,4.495530986743984,0.36625906795201996,0.6051934136720425,0.017256711574225116,11.56696562687151,2.222927043361482,0.6660547967991621,49.007404849802676,46.1379482576096,46.92543387678909,3.0,1.0,1.0,0.5,1.0,True,
70,mi_concept,1e-09,4.909824597964269,0.00019213579920897373,0.013861305826255105,6.235140438659732e-08,11.67166074626535,0.04024691560097251,0.08485247451957566,497.65009159254396,497.65530189314876,497.7942169620785,3.0,1.0,1.0,0.3,1.0,True,
70,mi_concept,1.7782794100389228e-09,4.90983891765271,0.00019608214852477436,0.014002933568533929,8.04234735914186e-08,11.671689765366278,0.025841242271790757,0.15008986833426916,495.8321874217693,495.84131527130836,496.0871285549108,3.0,1.0,1.0,0.3,1.0,True,
70,mi_concept,3.1622776601683795e-09,4.909864320585319,0.00020319068428462214,0.014254496984622857,1.1818378678425997e-07,11.67174127944611,0.017783154188777094,0.264388398311521,492.6229963928056,492.63879902081413,493.0721067305472,3.0,1.0,1.0,0.3,1.0,True,
70,mi_concept,5.623413251903491e-09,4.909909300974184,0.0002161172831358978,0.014700927968529667,2.030206612815683e-07,11.671832601569458,0.013328799084426097,0.4623272106890975,486.989746003701,487.0165212864734,487.7751597194468,3.0,1.0,1.0,0.3,1.0,True,
70,mi_concept,1e-08,4.909988686711491,0.0002399989352001379,0.015491899018523774,4.092970846550103e-07,11.671994101256503,0.010963818335062563,0.7980403163000733,477.20007313329523,477.24366312655434,478.55600853890843,3.0,1.0,1.0,0.3,1.0,True,
70,mi_concept,1.7782794100389228e-08,4.9101280018891575,0.0002852471803605824,0.01688926227993936,9.484199044653807e-07,11.672278471793257,0.00989194888596776,1.3464228523033772,460.48516722758336,460.5508615526807,462.77340772927596,3.0,1.0,1.0,0.3,1.0,True,
70,mi_concept,3.162277660168379e-08,4.910370150081777,0.0003742301622381058,0.019345029393570478,2.4357452333252605e-06,11.672775324693358,0.009778453196161633,2.182752445124132,432.8148333042652,432.89888388390517,436.5257556097844,3.0,1.0,1.0,0.3,1.0,True,
70,mi_concept,5.6234132519034905e-08,4.910784580769463,0.0005579028486142593,0.023619967159466147,6.6628264712219844e-06,11.673631429599912,0.010686099048456963,3.303486045709913,389.389679523157,389.45729827250597,395.0082844151518,3.0,1.0,1.0,0.3,1.0,True,
70,mi_concept,1e-07,4.9114786052537545,0.0009568419270102888,0.030932861603968825,1.8703898441890207e-05,11.674989573459637,0.013275074896876737,4.455911611941045,327.1035845990234,327.0552369347173,334.68206857443494,3.0,1.0,1.0,0.3,1.0,True,
70,mi_concept,1.7782794100389227e-07,4.91261902697763,0.0018536336796935587,0.04305384628222615,5.201247788665048e-05,11.677141058780133,0.019701980915043816,5.009126257165176,249.81151774633534,249.48877650567908,258.30944219773494,3.0,1.0,1.0,0.3,1.0,True,
70,mi_concept,3.162277660168379e-07,4.9145323808548085,0.003863497304427207,0.062157037448926145,0.00013864631550634856,11.680414788261738,0.036997888954464674,4.362989733253682,172.2899225338481,171.61381818385337,179.59963326916306,3.0,1.0,1.0,0.3,1.0,True,
70,mi_concept,5.62341325190349e-07,4.9180261974035835,0.00831617103297348,0.09119304267855899,0.0003537784204924091,11.684609285984289,0.08946593155135135,2.8984299231274058,112.29173187470695,111.38874567537228,116.9315618092325,3.0,1.0,1.0,0.3,1.0,True,
70,mi_concept,1e-06,4.924167022865243,0.0195644171934822,0.13987286081825237,0.0009497409088276143,11.683022152814663,0.26238216392394353,1.641794773897939,74.75194577996683,73.75925196833121,77.05009487879668,3.0,1.0,1.0,0.3,1.0,True,
70,mi_concept,1.778279410038923e-06,4.9131568220698405,0.05534922702623671,0.23526416434773212,0.0029284838039982403,11.662089721083905,0.8534607321449736,0.9112879743779227,52.97318371442365,51.90882789770068,53.839010813376994,3.0,1.0,1.0,0.3,1.0,True,
70,mi_concept,3.162277660168379e-06,4.812642709123837,0.1686888836872322,0.410717522985363,0.008879744781337594,11.609953993818376,2.5577759105545423,0.5504232724483814,40.06809896837036,38.913283962840985,40.102722600323474,3.0,1.0,1.0,0.3,1.0,True,
70,mi_concept,5.623413251903491e-06,4.601023907968466,0.3552423660026214,0.5960221187192816,0.01712468481308427,11.550468623465097,4.666787976521469,0.42025231976926786,31.88629232727845,30.619916017813605,31.41895853691865,3.0,1.0,1.0,0.3,1.0,True,
72,mi_concept,1e-09,4.266757962160242,0.5736657142426673,0.7574072314433414,0.0297975547582489,11.501892368057621,15.85271445483356,0.14144978291563337,499.6184880940171,499.12650667731083,499.3412734206253,3.0,10.0,0.1,0.1,0.1,True,
72,mi_concept,1.7782794100389228e-09,4.2668208925490685,0.5736194752301126,0.7573767062896195,0.029794255894494574,11.501903196907792,8.92742462915123,0.25116222927066734,499.3218609958724,498.4483192712021,498.82956546777035,3.0,10.0,0.1,0.1,0.1,True,
72,mi_concept,3.1622776601683795e-09,4.266932855717039,0.5735372297954165,0.7573224080901189,0.029788390069212373,11.50192246718851,5.033065859373996,0.44545385962840006,498.7950137678367,497.24583436311536,497.92168722532466,3.0,10.0,0.1,0.1,0.1,True,
72,mi_concept,5.623413251903491e-09,4.267132136782589,0.5733909084284055,0.7572257975190791,0.029777960297961214,11.501956778937046,2.843138797228254,0.7884186562736991,497.860147649024,495.11856022330795,496.31378085449325,3.0,10.0,0.1,0.1,0.1,True,
72,mi_concept,1e-08,4.267487068755875,0.5731305062931785,0.7570538331540093,0.029759417746276037,11.502017931148833,1.611708989229299,1.3903535711616761,496.20404504645234,491.37039342190025,493.4750493431736,3.0,10.0,0.1,0.1,0.1,True,
72,mi_concept,1.7782794100389228e-08,4.268119927982625,0.5726668334763831,0.756747536154815,0.029726459906601506,11.502127096974409,0.9193262571252775,2.4360569493492292,493.27898626466276,484.8131469815882,488.49120766040386,3.0,10.0,0.1,0.1,0.1,True,
72,mi_concept,3.162277660168379e-08,4.269250327589455,0.5718405656329397,0.7562014054687678,0.02966791214516355,11.502322490969172,0.5301517888649794,4.219905558572011,488.1398039949947,473.4845760756835,479.82694898077926,3.0,10.0,0.1,0.1,0.1,True,
72,mi_concept,5.6234132519034905e-08,4.271274396839196,0.5703667796017555,0.7552263101890423,0.029564042845494933,11.502673622113457,0.31162818465715497,7.165653839560538,479.1942651664834,454.33770120176274,465.02168725110323,3.0,10.0,0.1,0.1,0.1,True,
72,mi_concept,1e-07,4.274907527144637,0.5677373232098474,0.7534834591481404,0.02938039236311335,11.503307795497474,0.1893328515178695,11.754911933553483,463.8766715244574,423.18022249989593,440.4661097108701,3.0,10.0,0.1,0.1,0.1,True,
72,mi_concept,1.7782794100389227e-07,4.28142278658787,0.563061846322153,0.7503744707292173,0.029058574309301068,11.504456918274478,0.121644632868955,18.18755999634838,438.39007234708555,375.6202822391688,401.7472553417567,3.0,10.0,0.1,0.1,0.1,True,
72,mi_concept,3.162277660168379e-07,4.292935175289214,0.5548799876717749,0.7449026699319683,0.02850773351427509,11.506522245859847,0.08561921173257256,25.572186658912162,398.0314323273431,310.1807891317647,345.54796741936974,3.0,10.0,0.1,0.1,0.1,True,
72,mi_concept,5.62341325190349e-07,4.312203161260312,0.5412694900598447,0.7357101943427484,0.027618849605905813,11.510074510466792,0.06933808079339389,31.02953815713628,339.2310567178663,233.2344236423169,273.7738189668382,3.0,10.0,0.1,0.1,0.1,True,
72,mi_concept,1e-06,4.340128601318557,0.5214018819902463,0.7220816311126093,0.026367265056717448,11.515450948115305,0.06833027178736353,30.681551142791427,264.30671289236346,159.98088844791923,197.22463350527343,3.0,10.0,0.1,0.1,0.1,True,
72,mi_concept,1.778279410038923e-06,4.369749959539106,0.49959471823062185,0.7068201456032658,0.0250413260331103,11.521573272905442,0.0851149480341179,23.9216163840381,185.97955855445412,104.63567004764269,131.68895840471563,3.0,10.0,0.1,0.1,0.1,True,
72,mi_concept,3.162277660168379e-06,4.387431463565982,0.485297680058113,0.6966331029014577,0.02421219161393744,11.525773476485092,0.13016135919941801,15.33809988168707,122.05990646011037,69.63336993390557,86.30630628614098,3.0,10.0,0.1,0.1,0.1,True,
72,mi_concept,5.623413251903491e-06,4.391920970891156,0.47983417505051645,0.6927006388408462,0.023976403330794965,11.527483810408803,0.21746619275632648,9.119300205108843,80.35926275593035,49.0038177128331,58.81840372464705,3.0,10.0,0.1,0.1,0.1,True,
67,mi_concept,1e-09,4.533177420194652,0.33239469525467275,0.5765368117082141,0.013729636436083043,11.578389104246693,108.2055949155926,0.016694185987735418,499.093298370625,499.0508300331551,499.08327502521644,3.0,1.0,1.0,0.5,0.5,True,
67,mi_concept,1.7782794100389228e-09,4.5331520036672766,0.33241046166570304,0.5765504849236561,0.013730102486564297,11.578385833272241,60.97471543439933,0.02962627421660234,498.3892602398501,498.313899568969,498.37147124204415,3.0,1.0,1.0,0.5,0.5,True,
67,mi_concept,3.1622776601683795e-09,4.533106783362324,0.332438540818059,0.5765748354013198,0.013730933612623644,11.578380002474994,34.4151522121874,0.052492618022977985,497.140795221095,497.00728680679714,497.10927269990356,3.0,1.0,1.0,0.5,0.5,True,
67,mi_concept,5.623413251903491e-09,4.533026289786973,0.33248861040781713,0.5766182536200334,0.013732419386035553,11.57836958585709,19.480168907688434,0.09274549534516008,494.9317291535817,494.6958977256893,494.87602311623476,3.0,1.0,1.0,0.5,0.5,True,
67,mi_concept,1e-08,4.532882897941299,0.3325780823191439,0.5766958317164638,0.013735086276147796,11.57835091032825,11.082605393859623,0.16304625187315186,491.0380635941435,490.6236440149268,490.9400971573012,3.0,1.0,1.0,0.5,0.5,True,
67,mi_concept,1.7782794100389228e-08,4.532627104207072,0.3327385680088952,0.576834957339528,0.013739907424467089,11.578317216357206,6.362092611769498,0.2841011054106469,484.2221052805867,483.50052103342495,484.05128964618524,3.0,1.0,1.0,0.5,0.5,True,
67,mi_concept,3.162277660168379e-08,4.532169651043783,0.3330283586140768,0.5770860928960919,0.013748731542607414,11.578255751052376,3.7107744381673635,0.4873318029517456,472.4345198955594,471.19831655604963,472.14114693672485,3.0,1.0,1.0,0.5,0.5,True,
67,mi_concept,5.6234132519034905e-08,4.531347792046153,0.33355781415604185,0.57754464256544,0.013765226657714152,11.578141455368087,2.2257116298142803,0.8132305499034743,452.47954450368985,450.42109593153344,451.9887960980424,3.0,1.0,1.0,0.5,0.5,True,
67,mi_concept,1e-07,4.529858616342201,0.33454507400479067,0.5783987154245682,0.013797154170165152,11.57792190296463,1.4015591009162087,1.293594530464358,419.93284873086964,416.6701727871896,419.14835899612694,3.0,1.0,1.0,0.5,0.5,True,
67,mi_concept,1.7782794100389227e-07,4.527116841027304,0.3364503970004129,0.5800434440629537,0.013862395421277833,11.577477435701509,0.9592141472329063,1.8961762439823022,370.1360994291119,365.37972744148857,368.97375220240366,3.0,1.0,1.0,0.5,0.5,True,
67,mi_concept,3.162277660168379e-07,4.521917721650613,0.34033068499767694,0.5833786806163531,0.01400618548561159,11.576506265609236,0.7533357564411626,2.4298193210690098,301.6468469800456,295.59428106028287,300.11965733772587,3.0,1.0,1.0,0.5,0.5,True,
67,mi_concept,5.62341325190349e-07,4.511572580243552,0.3487938097429522,0.5905876816722071,0.014350580614858229,11.574193519113969,0.7311948885317485,2.5375465806414836,221.99249039606818,215.69682701590406,220.29799325833665,3.0,1.0,1.0,0.5,0.5,True,
67,mi_concept,1e-06,4.490072064399092,0.36796590673511737,0.6066019343318296,0.015205153449177982,11.568511012458083,0.9363196999780298,2.0405631629881413,148.75729038576588,143.6185201315268,147.18901631059524,3.0,1.0,1.0,0.5,0.5,True,
67,mi_concept,1.778279410038923e-06,4.448668173458266,0.40671986688514283,0.6377459265923561,0.0170676747022641,11.55660760936598,1.5289176685626427,1.317741149256797,96.72976664509974,93.20236933629336,95.40969562144794,3.0,1.0,1.0,0.5,0.5,True,
67,mi_concept,3.162277660168379e-06,4.39282802714676,0.45978404926100264,0.6780737786266349,0.019828586408642195,11.540987382489865,2.634348736542379,0.8089473363805683,65.52840687179248,63.118907508500406,64.37689157364859,3.0,1.0,1.0,0.5,0.5,True,
67,mi_concept,5.623413251903491e-06,4.366330440976539,0.48616598025782787,0.6972560363724561,0.021760962738689372,11.535076938348064,3.9229192485985576,0.5453129440673221,47.39461230909247,45.58487021274576,46.30915454850407,3.0,1.0,1.0,0.5,0.5,True,
73,mi_concept,1e-09,4.472370932693338,0.3846489852445649,0.6202007620477138,0.020821342585424445,11.567192908884678,49.74386659385899,0.03667584726675637,499.88121445075285,499.7565660704279,499.79006723863176,3.0,10.0,0.1,0.2,0.1,True,
73,mi_concept,1.7782794100389228e-09,4.472370200299773,0.3846472950937417,0.6201993994625774,0.020821194015822476,11.56719184322002,27.984038651489183,0.06519410351837064,499.7887942179482,499.56722387020045,499.62677067908766,3.0,10.0,0.1,0.2,0.1,True,
73,mi_concept,3.1622776601683795e-09,4.472368908074886,0.3846442842546327,0.6201969721424256,0.020820929706156167,11.567189949634763,15.747593067535828,0.11585179708492387,499.6245059835408,499.2307742006373,499.3365777677327,3.0,10.0,0.1,0.2,0.1,True,
73,mi_concept,5.623413251903491e-09,4.47236662525513,0.3846389250077324,0.620192651526711,0.02082045939194761,11.56718658502782,8.8665425697757,0.20575933033345034,499.3325476343607,498.63327386009456,498.8211464757992,3.0,10.0,0.1,0.2,0.1,True,
73,mi_concept,1e-08,4.472362622777165,0.3846293733678348,0.620184950936279,0.02081962201926273,11.567180612688617,4.997058641344706,0.36508487270547574,498.81397072800706,497.5732793015065,497.9064995770272,3.0,10.0,0.1,0.2,0.1,True,
73,mi_concept,1.7782794100389228e-08,4.47235568687098,0.3846123185450905,0.6201712009962173,0.020818129640440667,11.56717002641565,2.8211148691893313,0.6466623705556117,497.8937106863468,495.69627590269016,496.2860959659611,3.0,10.0,0.1,0.2,0.1,True,
73,mi_concept,3.162277660168379e-08,4.472343924951815,0.38458177198840116,0.62014657298771,0.020815465418573896,11.567151309103094,1.5975397932760516,1.1419021559882303,496.2632650140309,492.3834470020722,493.42371634913144,3.0,10.0,0.1,0.2,0.1,True,
73,mi_concept,5.6234132519034905e-08,4.47232480686368,0.38452676599426067,0.6201022222136127,0.020810695210174993,11.567118365334105,0.9095587199922895,2.0054774983262367,493.3828420551525,486.57042514389724,488.39349433266307,3.0,10.0,0.1,0.2,0.1,True,
73,mi_concept,1e-07,4.472296432200833,0.38442680806398327,0.6200216190295168,0.020802111266231025,11.567060855341968,0.5228321333409561,3.4884135693331713,488.31997415698737,476.4749300318992,479.6340310293958,3.0,10.0,0.1,0.2,0.1,True,
73,mi_concept,1.7782794100389227e-07,4.472263400138326,0.38424243142799464,0.6198729155464002,0.020786535257697997,11.566961953442812,0.30563643229920145,5.9659192221561534,479.50083703543254,459.25760515336896,464.6242220976026,3.0,10.0,0.1,0.2,0.1,True,
73,mi_concept,3.162277660168379e-07,4.472257763443276,0.38389446491025214,0.6195921762823124,0.020757900914670953,11.566796564537718,0.18400133243815736,9.905068388454156,464.3805778736125,430.81227091029155,439.61811258736117,3.0,10.0,0.1,0.2,0.1,True,
73,mi_concept,5.62341325190349e-07,4.472404358959972,0.3832170056490546,0.6190452371588482,0.020704298090908346,11.566534627812377,0.11653054150416384,15.625689763773329,439.16831465531504,386.32232834504015,399.9333201425471,3.0,10.0,0.1,0.2,0.1,True,
73,mi_concept,1e-06,4.4730970165469,0.38185440535720366,0.6179436910894096,0.02060204890538461,11.566164300367802,0.08035357685977307,22.618461398785453,399.1041918175149,322.86554013366657,341.8976924948425,3.0,10.0,0.1,0.2,0.1,True,
73,mi_concept,1.778279410038923e-06,4.475353477549996,0.37908456958993464,0.6156984404641079,0.020406743244317606,11.565767921974512,0.06349855957613955,28.512385758347676,340.4226678669107,244.79829755437447,267.4850169003376,3.0,10.0,0.1,0.2,0.1,True,
73,mi_concept,3.162277660168379e-06,4.480975428190319,0.3738098755774988,0.6113999309596778,0.020056984942087075,11.56565942049758,0.06128909897075887,29.3201441416969,265.12982169211625,167.4045360236996,188.91243886210646,3.0,10.0,0.1,0.2,0.1,True,
73,mi_concept,5.623413251903491e-06,4.490513121399817,0.36587537435149886,0.6048763297993226,0.019556824033856553,11.566307800838572,0.07580688701366105,23.432779002725916,185.9062540089874,108.19407367733864,123.85635572906983,3.0,10.0,0.1,0.2,0.1,True,
68,mi_concept,1e-09,4.873730444706817,0.027366079129300506,-0.16542696010415142,0.0014977287064290145,11.651121300615964,-0.2877177521998953,1.6618402921384567,479.4157828459293,482.19421748649455,483.67138894918384,3.0,1.0,1.0,0.1,1.0,True,
68,mi_concept,1.7782794100389228e-09,4.873932237702395,0.02734797490043511,-0.16537223134624238,0.0014979922708039917,11.651121300615964,-0.168855923501883,2.832468133937356,464.24762784506305,469.00176077507086,471.51870805823336,3.0,1.0,1.0,0.1,1.0,True,
68,mi_concept,3.1622776601683795e-09,4.874298904146379,0.027303531500836364,-0.16523780288068576,0.0014977011999301342,11.651121300615964,-0.10233926254897657,4.67461559574659,438.9834356854419,446.881944794238,451.03430933595433,3.0,1.0,1.0,0.1,1.0,True,
68,mi_concept,5.623413251903491e-09,4.874972021678186,0.027189120367120498,-0.16489123799377728,0.001494967701617322,11.651121300615964,-0.06553350543429343,7.297514540090685,398.90802119875843,411.3747766808422,417.85609831816697,3.0,1.0,1.0,0.1,1.0,True,
68,mi_concept,1e-08,4.876216832937337,0.02689137764164342,-0.16398590683849457,0.0014840874089125948,11.651121300615964,-0.04597309633271289,10.373708663748216,340.36349209654367,358.39201472261067,367.61609752879184,3.0,1.0,1.0,0.1,1.0,True,
68,mi_concept,1.7782794100389228e-08,4.878492715229795,0.026149416638683278,-0.16170781254683794,0.001450597301066696,11.651121300615964,-0.0372147851360038,12.685443355345447,265.4908673493913,288.0717927363923,299.4125895902342,3.0,1.0,1.0,0.1,1.0,True,
68,mi_concept,3.162277660168379e-08,4.882394828133908,0.024513783585616872,-0.1565687822831131,0.0013672401967113799,11.651121300615964,-0.036908477240559755,12.435318128537935,186.92773137766798,209.6649835509378,220.95747906070127,3.0,1.0,1.0,0.1,1.0,True,
68,mi_concept,5.6234132519034905e-08,4.888138385842527,0.021631304742418724,-0.14707584690362563,0.0012077653964528098,11.651381166341332,-0.04641002466905553,9.304789533243056,122.74626082066982,140.0278061188388,148.75388705533734,3.0,1.0,1.0,0.1,1.0,True,
68,mi_concept,1e-07,4.895545534926493,0.017619021449992812,-0.1327366620417766,0.000971189359157023,11.6527243456761,-0.06995113790732851,5.538622689965752,81.00944610282706,91.09936472228735,96.54570977426442,3.0,1.0,1.0,0.1,1.0,True,
68,mi_concept,1.7782794100389227e-07,4.9075761909513655,0.011759199821619671,-0.10843984425302201,0.0006170941791326131,11.656256153347998,-0.10449243096506776,2.9584358806354722,56.6230268045152,61.59051018165601,64.69838231441408,3.0,1.0,1.0,0.1,1.0,True,
68,mi_concept,3.162277660168379e-07,4.932811400492573,0.003095165179668852,-0.055634208717917896,0.00011881740943108315,11.667264664582614,-0.08967239014761011,1.5185621224569823,42.31774558987207,44.34056403779302,46.12521314020601,3.0,1.0,1.0,0.1,1.0,True,
68,mi_concept,5.62341325190349e-07,4.983019884706686,0.004389665487176999,0.06625455069032617,0.00045904443400643965,11.697083891323894,0.3481520156237839,0.7795085809320726,33.439918160040435,33.82192837874468,34.90556577923211,3.0,1.0,1.0,0.1,1.0,True,
68,mi_concept,1e-06,5.025561684549464,0.09085029094478135,0.30141382009586315,0.0063332965638269205,11.651066662904068,2.1989434647642123,0.4725840032913164,27.38503750049276,26.849570196152346,27.576430943187134,3.0,1.0,1.0,0.1,1.0,True,
68,mi_concept,1.778279410038923e-06,4.801755044163822,0.26792817900091437,0.5176177923921418,0.014929101515082558,11.580852937219458,3.9079217922144154,0.41303280820554733,22.818739672675978,21.750767233105236,22.29235982545774,3.0,1.0,1.0,0.1,1.0,True,
68,mi_concept,3.162277660168379e-06,4.6514826609637705,0.3301708466305143,0.574604948317115,0.016884671306486018,11.563892993294079,3.855369775444494,0.4404879208694481,19.158725843706772,17.755713783309833,18.18442829007918,3.0,1.0,1.0,0.1,1.0,True,
68,mi_concept,5.623413251903491e-06,4.620268855528948,0.31352338347494507,0.5599315882096179,0.015844064675855113,11.569901425843376,3.3718982137350717,0.4828403231982282,16.16871816762847,14.536398175845433,14.882450677875871,3.0,1.0,1.0,0.1,1.0,True,
76,mi_concept,1e-09,4.357334982473507,0.4898904434581374,0.6999217409526135,0.02523686756919773,11.529193655207902,14.969062436748093,0.1369901410164768,499.62992969894214,499.1759071696492,499.32474065371366,3.0,10.0,0.1,0.1,0.5,True,
76,mi_concept,1.7782794100389228e-09,4.357371847358296,0.48986328918438526,0.6999023426052989,0.025234739479166178,11.52919628044641,8.429458650957079,0.2432565059509024,499.34219143478134,498.5359871991541,498.8002274256064,3.0,10.0,0.1,0.1,0.5,True,
76,mi_concept,3.1622776601683795e-09,4.3574374784629955,0.48981497373224414,0.6998678259016085,0.025230955250930574,11.52920096756434,4.751985021026404,0.43147330371453796,498.8311166566345,497.40116532787243,497.8697108288295,3.0,10.0,0.1,0.1,0.5,True,
76,mi_concept,5.623413251903491e-09,4.35755442440696,0.48972896888018785,0.6998063795652251,0.025224226288716022,11.529209361158253,2.6840178131917116,0.7638024535617534,497.92418992547783,495.3929996153342,496.22196451650143,3.0,10.0,0.1,0.1,0.5,True,
76,mi_concept,1e-08,4.3577631209879595,0.4895757600593519,0.6996969058523497,0.025212261935913364,11.529224471323136,1.5211646148886897,1.347345250132501,496.31743008569305,491.852847295079,493.3136884299785,3.0,10.0,0.1,0.1,0.5,True,
76,mi_concept,1.7782794100389228e-08,4.358136509737967,0.4893024877786568,0.6995015995540373,0.025190992113604555,11.529251916015754,0.867333817501454,2.3619491391817746,493.4790464116761,485.6537866295153,488.2101957418569,3.0,10.0,0.1,0.1,0.5,True,
76,mi_concept,3.162277660168379e-08,4.3588073752284435,0.4888140597185418,0.6991523866215017,0.02515319344194814,11.529302496693829,0.4998180535171018,4.095353271104932,488.4906632476305,474.9265923603955,479.34533855337304,3.0,10.0,0.1,0.1,0.5,True,
76,mi_concept,5.6234132519034905e-08,4.360020483435548,0.48793840459936705,0.6985258796919174,0.02508608653281128,11.529397834091434,0.2934368734676289,6.965584017357147,479.8030242772491,456.7445202589901,464.2190445396706,3.0,10.0,0.1,0.1,0.5,True,
76,mi_concept,1e-07,4.362232656965645,0.48636273147858,0.6973971117509593,0.024967261462112825,11.52958317173423,0.17790221369459377,11.45943066689515,464.91310071521593,427.01184107474415,439.19134835286036,3.0,10.0,0.1,0.1,0.5,True,
76,mi_concept,1.7782794100389227e-07,4.366295342596455,0.4835224912140704,0.6953578152390828,0.024758397879910812,11.529956017012733,0.11389122325453076,17.8173069698767,440.0970796101485,381.25221540361804,399.8803800459882,3.0,10.0,0.1,0.1,0.5,True,
76,mi_concept,3.162277660168379e-07,4.373713127914267,0.4784485464216059,0.691699751642001,0.024398551388706714,11.530721511549674,0.07969787861377249,25.254614516158913,400.6861280852999,317.45564168151594,343.15112003813164,3.0,10.0,0.1,0.1,0.5,True,
76,mi_concept,5.62341325190349e-07,4.386639382454982,0.4697598253273288,0.6853902722736359,0.023810094843450615,11.532249003093161,0.06398310334054623,31.027437745107477,342.9780483470592,240.97777534923443,271.2597129363845,3.0,10.0,0.1,0.1,0.5,True,
76,mi_concept,1e-06,4.406228789665796,0.45659891821142135,0.67572103579171,0.022961544447020612,11.534919150265836,0.06233423979452033,31.199334727117193,268.83021042963793,166.39462388451375,195.23974132343184,3.0,10.0,0.1,0.1,0.5,True,
76,mi_concept,1.778279410038923e-06,4.427924594153334,0.4415628066189041,0.6645019237134714,0.022032300244282634,11.538349699083984,0.076707935041052,24.766814620809786,190.32934662457674,108.79267435384581,130.5512365424964,3.0,10.0,0.1,0.1,0.5,True,
76,mi_concept,3.162277660168379e-06,4.441073661071324,0.43140121737870396,0.6568114016814142,0.021438038203072277,11.540927690558465,0.11627847444455269,16.08662953930907,125.27881669039489,71.98137267423208,85.74223915018183,3.0,10.0,0.1,0.1,0.5,True,
76,mi_concept,5.623413251903491e-06,4.443526471774177,0.4274918150173298,0.6538285822884541,0.021292886746255076,11.54209838986614,0.19353822448710337,9.621089362570698,82.36187283601991,50.30315671223414,58.49594501159004,3.0,10.0,0.1,0.1,0.5,True,
75,mi_concept,1e-09,4.677789117758153,0.19811014431843604,0.44509565749222496,0.01143656684692788,11.628305817967721,257.9460902847287,0.005131487881646771,499.95548258964413,499.9394549076248,499.9397705624442,3.0,10.0,0.1,0.5,0.1,True,
75,mi_concept,1.7782794100389228e-09,4.677787425840188,0.19811114604505622,0.44509678278443693,0.011436612890079318,11.628305359834176,145.0709786315038,0.00912415282713383,499.920839513311,499.8923411255453,499.89290240191593,3.0,10.0,0.1,0.5,0.1,True,
75,mi_concept,3.1622776601683795e-09,4.6777844310802426,0.19811295599984735,0.44509881599465906,0.011436700756932873,11.628304497345905,81.5966698461824,0.016221919987524556,499.8592428724328,499.8085752441084,499.8095732219859,3.0,10.0,0.1,0.5,0.1,True,
75,mi_concept,5.623413251903491e-09,4.677779071824247,0.19811618865099506,0.44510244736576665,0.011436857328491402,11.628302969221412,45.90245112646177,0.028836441967456956,499.749733502503,499.65966539045866,499.66143966602885,3.0,10.0,0.1,0.5,0.1,True,
75,mi_concept,1e-08,4.6777695538618165,0.19812193447847773,0.4451089018189568,0.011437135418120449,11.628300252318578,25.830123606807245,0.05124554883183789,499.5550795399386,499.39501784516443,499.39817171316105,3.0,10.0,0.1,0.5,0.1,True,
75,mi_concept,1.7782794100389228e-08,4.677752630159663,0.19813214844520993,0.44512037523035264,0.011437629813325212,11.62829542294747,14.542637837805557,0.09102244115360208,499.2091967814741,498.9248927165856,498.93049709242104,3.0,10.0,0.1,0.5,0.1,True,
75,mi_concept,3.162277660168379e-08,4.677722555750046,0.19815030074318427,0.44514076508806094,0.011438508397388091,11.628286839799584,8.195242078600494,0.1615273000721805,498.59496189129686,498.09043253079886,498.1003857805536,3.0,10.0,0.1,0.5,0.1,True,
75,mi_concept,5.6234132519034905e-08,4.677669145565124,0.19818253964680158,0.44517697564766484,0.01144006854959442,11.628271595537864,4.625881747598996,0.28618159223004125,497.50533510199426,496.61142729203203,496.62908622266764,3.0,10.0,0.1,0.5,0.1,True,
75,mi_concept,1e-07,4.6775743883923795,0.19823974120468044,0.44524121687539264,0.011442836005180895,11.62824454630465,2.6187589031031386,0.5055815864990293,495.5760350676262,493.9967483039677,494.0280223353645,3.0,10.0,0.1,0.5,0.1,True,
75,mi_concept,1.7782794100389227e-07,4.677406580965592,0.19834105729303717,0.4453549789696273,0.011447735483659094,11.628196632478891,1.4902064974850515,0.8886479595420493,492.17145368242467,489.39536875160974,489.4505781910738,3.0,10.0,0.1,0.5,0.1,True,
75,mi_concept,3.162277660168379e-07,4.677110372885497,0.19851994865228367,0.44555577501844107,0.011456379240271099,11.628112019782254,0.8558181046660259,1.547933765071264,486.1991410733711,481.3628275996634,481.4597361734682,3.0,10.0,0.1,0.5,0.1,True,
75,mi_concept,5.62341325190349e-07,4.6765905623349155,0.19883403933079524,0.4459081063748396,0.01147153335720511,11.627963420559366,0.499513991396765,2.6537629439397046,475.8322500309789,467.5389187827886,467.7072922929178,3.0,10.0,0.1,0.5,0.1,True,
75,mi_concept,1e-06,4.675687946003136,0.19937990148031498,0.44651976605780286,0.011497801136008555,11.627705042186578,0.29994901054002493,4.424246589862601,458.16782639987736,444.335608487516,444.62283289719556,3.0,10.0,0.1,0.5,0.1,True,
75,mi_concept,1.778279410038923e-06,4.674150664554746,0.20031086908141343,0.44756102274596415,0.011542392601042754,11.627263972795115,0.18920913834305406,7.026683956828204,429.0292769810167,407.0440953025411,407.51814405819215,3.0,10.0,0.1,0.5,0.1,True,
75,mi_concept,3.162277660168379e-06,4.671625567174482,0.20184313819593133,0.44926956072711105,0.011615177271021574,11.626536695636835,0.12977210407128784,10.275794983797386,383.5772513490447,351.3839776797226,352.1211420521186,3.0,10.0,0.1,0.5,0.1,True,
75,mi_concept,5.623413251903491e-06,4.6677581901162135,0.20419453535252902,0.45187889456416197,0.011725217779390852,11.625416144423896,0.10202165706464945,13.129515098309005,319.0376170712347,277.8124204840389,278.8433510413474,3.0,10.0,0.1,0.5,0.1,True,
74,mi_concept,1e-09,4.597354879884646,0.26987253287785606,0.5194925724953688,0.014916052290009293,11.605139427995507,104.84422683948274,0.014598537877539206,499.9299751165684,499.88378960774094,499.8889832127559,3.0,10.0,0.1,0.3,0.1,True,
74,mi_concept,1.7782794100389228e-09,4.5973511004506795,0.2698746078719496,0.5194945696270074,0.014916152615991498,11.605138093898447,58.97068885572743,0.0259549060933438,499.875485885681,499.7933721552059,499.80260587883885,3.0,10.0,0.1,0.3,0.1,True,
74,mi_concept,3.1622776601683795e-09,4.597344388259339,0.26987829473679575,0.5194981181263275,0.01491633095059786,11.60513571693462,33.174105326252125,0.046138090174984304,499.77860976165215,499.6326423671387,499.6490563278757,3.0,10.0,0.1,0.3,0.1,True,
74,mi_concept,5.623413251903491e-09,4.597332463132205,0.26988484450720723,0.5195044220285399,0.014916647902076077,11.605131493243011,18.66762575145061,0.08199273632809106,499.60640318139355,499.3470022863908,499.3761713555018,3.0,10.0,0.1,0.3,0.1,True,
74,mi_concept,1e-08,4.597311275624488,0.26989648045539066,0.5195156209926615,0.014917210803531391,11.605123987900507,10.510042193167445,0.14563642642027044,499.3003810932709,498.83963057703653,498.8914396088271,3.0,10.0,0.1,0.3,0.1,True,
74,mi_concept,1.7782794100389228e-08,4.597273641151688,0.26991715070082695,0.5195355143787833,0.014918210686306024,11.605110650963368,5.922712726627478,0.25844705190266043,498.7568495312135,497.9392005243021,498.03113664026796,3.0,10.0,0.1,0.3,0.1,True,
74,mi_concept,3.162277660168379e-08,4.597206853597122,0.269953838991161,0.5195708219205164,0.01491998512536756,11.605086966273344,3.343097868623602,0.4579042918649489,497.79238533565075,496.3437162993753,496.5065903802594,3.0,10.0,0.1,0.3,0.1,True,
74,mi_concept,5.6234132519034905e-08,4.59708851841118,0.27001886309212725,0.5196333929725141,0.014923129145198924,11.605044949420762,1.8925274415912081,0.8089795513563651,496.0838742269436,493.5245196729575,493.8122250600152,3.0,10.0,0.1,0.3,0.1,True,
74,mi_concept,1e-07,4.596879446901404,0.2701338067990977,0.5197439819748736,0.014928684053667884,11.604970551268291,1.0769074898317612,1.422001950185541,493.0663280429522,488.5675941435618,489.07317467938674,3.0,10.0,0.1,0.3,0.1,True,
74,mi_concept,1.7782794100389227e-07,4.596511943633205,0.2703360443967682,0.5199385005909528,0.01493844880141116,11.604839259601825,0.6184222421822961,2.477236284397515,487.76490754388345,479.92786022364083,480.8081771426518,3.0,10.0,0.1,0.3,0.1,True,
74,mi_concept,3.162277660168379e-07,4.5958718467964665,0.2706888874524408,0.5202777022441388,0.014955457601027218,11.604608968132073,0.360906229960931,4.247776480642789,478.5378386498648,465.09975454008577,466.60785557673097,3.0,10.0,0.1,0.3,0.1,True,
74,mi_concept,5.62341325190349e-07,4.5947753417332144,0.2712951630525563,0.5208600225133009,0.014984596690875995,11.604209452792205,0.2166572328354961,7.084422206420348,462.7412158151854,440.33014259575634,442.84095391074305,3.0,10.0,0.1,0.3,0.1,True,
74,mi_concept,1e-06,4.5929535425790995,0.2723080427228163,0.5218314313289458,0.015033011860504403,11.603530307733303,0.13658271253669996,11.260398721362172,436.4685220050049,400.8497714792954,404.82708528290703,3.0,10.0,0.1,0.3,0.1,True,
74,mi_concept,1.778279410038923e-06,4.590095880311163,0.27391288201712904,0.5233668713408683,0.015108921131758855,11.602419353439299,0.0935406988090554,16.494250032163965,394.90497828854103,342.73820036660453,348.5247492997432,3.0,10.0,0.1,0.3,0.1,True,
74,mi_concept,3.162277660168379e-06,4.586089135911063,0.2762038996577703,0.5255510438176013,0.015214992356333756,11.600734337234915,0.07329351485808727,21.147224070584695,334.4883545373097,267.62298337404735,274.9406110091254,3.0,10.0,0.1,0.3,0.1,True,
74,mi_concept,5.623413251903491e-06,4.581632404595693,0.27882530772841285,0.5280391157181566,0.015330453846450424,11.598550260519204,0.07024706596976553,22.182335866428435,257.9262642202251,187.81371123645602,195.2890303275875,3.0,10.0,0.1,0.3,0.1,True,
81,mi_concept,1e-09,4.499627184146824,0.3629402031160256,0.6024451868145563,0.019564076225350224,11.576405383127021,49.0830464859122,0.036089899833303664,499.89219250537263,499.77031437147576,499.802880788659,3.0,10.0,0.1,0.2,1.0,True,
81,mi_concept,1.7782794100389228e-09,4.499626841924082,0.36293735750092093,0.6024428250887556,0.019563878370945264,11.576404743734418,27.611498798526757,0.06415419260515336,499.80831133311364,499.5916595001741,499.6495462133519,3.0,10.0,0.1,0.2,1.0,True,
81,mi_concept,3.1622776601683795e-09,4.49962625497303,0.3629322808249454,0.602438611665077,0.019563525500623926,11.576403615742539,15.537163919140156,0.11400907551347778,499.65919727763395,499.2741874868298,499.3770457205594,3.0,10.0,0.1,0.2,1.0,True,
81,mi_concept,5.623413251903491e-09,4.499625217342789,0.36292325514935186,0.602431120668041,0.01956289813417352,11.57640160967725,8.747273673515368,0.202503066077484,499.3941891869883,498.71034821274844,498.89300460419526,3.0,10.0,0.1,0.2,1.0,True,
81,mi_concept,1e-08,4.499623408285046,0.362907197051238,0.6024177927744482,0.019561782163867152,11.576398047908269,4.929050598182819,0.3593592655125412,498.9234310525961,497.7099397416583,498.03395153015293,3.0,10.0,0.1,0.2,1.0,True,
81,mi_concept,1.7782794100389228e-08,4.499620309584515,0.3628786131827711,0.6023940680175819,0.01955979636209317,11.57639173318909,2.781928760319574,0.6366846971453094,498.0878708629611,495.93803954195164,496.51169608344,3.0,10.0,0.1,0.2,1.0,True,
81,mi_concept,3.162277660168379e-08,4.4996151714929775,0.36282769534294707,0.6023518036355059,0.019556261045355884,11.576380563975892,1.5745540273413023,1.1247970735585489,496.606990080357,492.8094287093583,493.8216162993506,3.0,10.0,0.1,0.2,1.0,True,
81,mi_concept,5.6234132519034905e-08,4.499607206100348,0.36273687394150034,0.6022764099161616,0.019549961726935756,11.576360892021706,0.8956698002370668,1.9770371365391959,493.9892275019845,487.315657213031,489.09083631312564,3.0,10.0,0.1,0.2,1.0,True,
81,mi_concept,1e-07,4.499596711761093,0.36257451195341533,0.602141604569403,0.01953872098219553,11.576326509463609,0.5140348900786929,3.4438704243008127,489.3831428838152,477.762320725895,480.8424889338307,3.0,10.0,0.1,0.2,1.0,True,
81,mi_concept,1.7782794100389227e-07,4.499589461125016,0.3622831607772713,0.6018996268293172,0.019518613945079536,11.576267256235457,0.29965924285087725,5.9045970417501,481.3446013383032,461.43268678013743,466.6773315191011,3.0,10.0,0.1,0.2,1.0,True,
81,mi_concept,3.162277660168379e-07,4.499611541342155,0.3617572147518249,0.6014625630509557,0.01948251281345425,11.576167808866343,0.17953065420566486,9.846439796938888,467.51699654814706,434.3471423109551,442.98753578740957,3.0,10.0,0.1,0.2,1.0,True,
81,mi_concept,5.62341325190349e-07,4.499755052935308,0.36079978407078833,0.6006661169658135,0.019417380111155392,11.576009337612389,0.11275806270253803,15.650953674093119,444.32654146348546,391.69549063883164,405.1428261634553,3.0,10.0,0.1,0.2,1.0,True,
81,mi_concept,1e-06,4.500303680901223,0.3590422867876604,0.5992013741536817,0.01929949096484249,11.575783095911882,0.07668361676296565,22.942625818612054,407.1066435902158,330.16807650517757,349.1857331447934,3.0,10.0,0.1,0.2,1.0,True,
81,mi_concept,1.778279410038923e-06,4.502005511769934,0.35582733841743264,0.5965126473239546,0.01908821486205468,11.575538133905455,0.05929105798761431,29.504479881341243,351.67368747872615,253.11333830996296,276.1822161927212,3.0,10.0,0.1,0.2,1.0,True,
81,mi_concept,3.162277660168379e-06,4.50631027823624,0.3502430194196169,0.5918133315663114,0.018731024682169365,11.57547929098265,0.0554837675047417,31.21679700009125,278.6330277114644,174.79874147294962,197.18564307238378,3.0,10.0,0.1,0.2,1.0,True,
81,mi_concept,5.623413251903491e-06,4.5141695879112005,0.3421545633148009,0.5849397946069329,0.018230961648289457,11.575960779202253,0.06621784278578964,25.77913095905303,198.78628275779707,113.26121492199252,129.94113792194057,3.0,10.0,0.1,0.2,1.0,True,
79,mi_concept,1e-09,4.719847637590463,0.1483199775279103,0.38512332768596386,0.009072076849253544,11.64203399817504,263.29807818205086,0.004428662923551563,499.95948338746206,499.94631786211613,499.9450522341603,3.0,10.0,0.1,0.5,0.5,True,
79,mi_concept,1.7782794100389228e-09,4.719846393146582,0.14832080027390315,0.3851243958436068,0.009072125157549385,11.64203355778044,148.0793479237866,0.007874572562443593,499.92795334845414,499.90454381216296,499.9022934256731,3.0,10.0,0.1,0.5,0.5,True,
79,mi_concept,3.1622776601683795e-09,4.7198441786966505,0.14832214426979978,0.38512614072508733,0.009072203124643973,11.642032739714038,83.2870393048492,0.01400057662996837,499.8718910821411,499.8302701275465,499.8262690763535,3.0,10.0,0.1,0.5,0.5,True,
79,mi_concept,5.623413251903491e-09,4.719840306957202,0.14832449956932447,0.3851291985416381,0.00907233989904497,11.642031299358615,46.851647384159875,0.024888673904332328,499.77221865977566,499.698229453092,499.69111689104517,3.0,10.0,0.1,0.5,0.5,True,
79,mi_concept,1e-08,4.719833418789181,0.14832869788542527,0.38513464903254974,0.009072583332411028,11.642028743460333,26.36252591020263,0.04423290121274283,499.5950426569061,499.4635465242371,499.4509060727906,3.0,10.0,0.1,0.5,0.5,True,
79,mi_concept,1.7782794100389228e-08,4.719821177391155,0.1483361573882655,0.3851443331898647,0.009073015865565685,11.642024198319017,14.840657262090815,0.07857595213983581,499.2801935726274,499.04660108050274,499.0241470584594,3.0,10.0,0.1,0.5,0.5,True,
79,mi_concept,3.162277660168379e-08,4.7197994241240995,0.1483494153633328,0.38516154450221635,0.00907378458752574,11.642016120374794,8.361454385282626,0.1394695319446696,498.7209967970403,498.30637555865246,498.26652252865057,3.0,10.0,0.1,0.5,0.5,True,
79,mi_concept,5.6234132519034905e-08,4.719760789772623,0.14837296791946594,0.3851921181948898,0.009075150109080754,11.642001768927681,4.7179664032777175,0.2471945948617186,497.7287752999321,496.99389525760915,496.9232665829891,3.0,10.0,0.1,0.5,0.5,True,
79,mi_concept,1e-07,4.719692240409239,0.14841477739766434,0.38524638531420946,0.00907757383608005,11.64197628956935,2.6691459293139257,0.4369979770515258,495.97121811548277,494.6720472153804,494.54720807523614,3.0,10.0,0.1,0.5,0.5,True,
79,mi_concept,1.7782794100389227e-07,4.719570824501174,0.1484888938686093,0.3853425669045782,0.009081869508976274,11.641931111726029,1.5171226953554593,0.769012978200983,492.8674393257352,490.5811186560727,490.3614945739462,3.0,10.0,0.1,0.5,0.5,True,
79,mi_concept,3.162277660168379e-07,4.719356440440013,0.148619958272988,0.3855125915881192,0.009089462919212109,11.64185118928944,0.869495175391574,1.3423583776729116,487.4157411428211,483.4245610686037,483.0413881929415,3.0,10.0,0.1,0.5,0.5,True,
79,mi_concept,5.62341325190349e-07,4.718980015626375,0.14885070166922298,0.3858117438197326,0.00910282238543877,11.641710383107124,0.5056726904373787,2.3098547076172444,477.9308800925449,471.0622648876443,470.40350500908727,3.0,10.0,0.1,0.5,0.5,True,
79,mi_concept,1e-06,4.718325722699332,0.14925367357850974,0.38633362988291575,0.009126125555302744,11.641464166277313,0.30174465787287325,3.8758668470323765,461.7042960575204,450.1765729060963,449.07287035014383,3.0,10.0,0.1,0.5,0.5,True,
79,mi_concept,1.778279410038923e-06,4.717209270707226,0.14994703367583365,0.3872299493528795,0.009166136180321392,11.641039558862797,0.1882965422023806,6.224634671223851,434.7496804198513,416.2295733888636,414.46151498397177,3.0,10.0,0.1,0.5,0.5,True,
79,mi_concept,3.162277660168379e-06,4.71536870062872,0.1511068359048465,0.38872462734543395,0.009232810232418983,11.640326393190893,0.12683815656501934,9.274159385208751,392.1982690694922,364.5884823438245,361.96475000830924,3.0,10.0,0.1,0.5,0.5,True,
79,mi_concept,5.623413251903491e-06,4.712528689389789,0.15294132510111383,0.3910771344646908,0.00933755900261033,11.63918986558237,0.09692488252177678,12.204610304780807,330.5689100481005,294.2006425234758,290.76720883678917,3.0,10.0,0.1,0.5,0.5,True,
78,mi_concept,1e-09,4.5992144414819744,0.2732070629845455,0.5226921302110311,0.015450834366296361,11.606057294803596,111.75344813060516,0.013866571161242758,499.9376088221608,499.8922495330327,499.89859936412535,3.0,10.0,0.1,0.3,0.5,True,
78,mi_concept,1.7782794100389228e-09,4.59921119077699,0.27320855980008796,0.5226935620419367,0.015450909313388161,11.606056196902049,62.855514695678266,0.02465403675091601,499.8890587408821,499.80841248394785,499.8197019766125,3.0,10.0,0.1,0.3,0.5,True,
78,mi_concept,3.1622776601683795e-09,4.599205312032806,0.27321130745568917,0.5226961903971457,0.01545104752942719,11.606054216564877,35.35819069878275,0.043827222356663455,499.8027397755398,499.65937632098206,499.6794449943602,3.0,10.0,0.1,0.3,0.5,True,
78,mi_concept,5.623413251903491e-09,4.599194872551344,0.273216175714166,0.5227008472483721,0.015451292744177789,11.606050697820923,19.895313928956973,0.07789107972773732,499.64929311643044,499.39450494896226,499.43016989718586,3.0,10.0,0.1,0.3,0.5,True,
78,mi_concept,1e-08,4.599176313139096,0.27322483151964516,0.5227091270674783,0.01545172879385395,11.606044441788617,11.19990744656747,0.13836688277843848,499.3765882771017,498.9239842763163,498.987334615511,3.0,10.0,0.1,0.3,0.5,True,
78,mi_concept,1.7782794100389228e-08,4.5991433414749405,0.2732402078539962,0.5227238351691993,0.015452503301502683,11.606033324416064,6.310135587439264,0.24559653654177202,498.8921679011564,498.0888285379668,498.2012561723731,3.0,10.0,0.1,0.3,0.5,True,
78,mi_concept,3.162277660168379e-08,4.599084813222886,0.2732674978914941,0.5227499382032428,0.015453877661039691,11.606013579209513,3.5604406483162476,0.43529395190502784,498.03239045593244,496.6086110870628,496.80782339123374,3.0,10.0,0.1,0.3,0.5,True,
78,mi_concept,5.6234132519034905e-08,4.598981064173774,0.27331585885035065,0.5227961924596913,0.015456312385440377,11.605978544591352,2.014219618898341,0.7695284669708723,496.50869038315017,493.9918539293214,494.34385948888024,3.0,10.0,0.1,0.3,0.5,True,
78,mi_concept,1e-07,4.598797611860967,0.2734013273376824,0.5228779277591304,0.015460612769274174,11.605916489160721,1.1447978688683331,1.3541990950230385,493.81555478360923,489.3870207655339,490.0059428467094,3.0,10.0,0.1,0.3,0.5,True,
78,mi_concept,1.7782794100389227e-07,4.598474665714766,0.2735516426834977,0.5230216464769863,0.015468168057630355,11.605806913599764,0.6560333155799215,2.363883230483088,489.07784532580996,481.3490862632612,482.4278299941055,3.0,10.0,0.1,0.3,0.5,True,
78,mi_concept,3.162277660168379e-07,4.597910686154968,0.27381369869567834,0.5232721076989278,0.015481315057177144,11.605614505679648,0.38144576587488194,4.067849238238745,480.8126877674017,467.5178591844813,469.3691687624592,3.0,10.0,0.1,0.3,0.5,True,
78,mi_concept,5.62341325190349e-07,4.596939948412725,0.27426333976886214,0.5237015751063406,0.015503796288068692,11.605280050391354,0.22751500576831993,6.826707306879322,466.6047295104375,444.30822056826736,447.40011366067614,3.0,10.0,0.1,0.3,0.5,True,
78,mi_concept,1e-06,4.595312992394498,0.27501245774248456,0.5244163019419634,0.01554101647664795,11.604709386704467,0.14184086074392985,10.968124589015828,442.8045470651594,407.0239958585246,411.94888358234147,3.0,10.0,0.1,0.3,0.5,True,
78,mi_concept,1.778279410038923e-06,4.592719308850625,0.276192521691279,0.5255402189093419,0.015598951797163745,11.60376910581346,0.09534252584468138,16.360258786359886,404.68601028252806,351.422834395919,358.6568437757109,3.0,10.0,0.1,0.3,0.5,True,
78,mi_concept,3.162277660168379e-06,4.5889684600984895,0.27785416399034674,0.527118738037595,0.015678565829394604,11.602321459114012,0.07250510973584774,21.59651588965834,348.1230806372564,278.0470543224696,287.34203918584814,3.0,10.0,0.1,0.3,0.5,True,
78,mi_concept,5.623413251903491e-06,4.584531074189604,0.2796785987981435,0.5288464794230396,0.01576096123367365,11.600380866280892,0.06655411508450308,23.638382890343284,274.0600913855697,197.7454214868924,207.4701733138663,3.0,10.0,0.1,0.3,0.5,True,
77,mi_concept,1e-09,4.481773977861307,0.3787807558747745,0.6154516681874983,0.02046301192532058,11.5734308909516,49.428420783088285,0.03638040567950904,499.89142952140134,499.76705769441315,499.7964867115132,3.0,10.0,0.1,0.2,0.5,True,
77,mi_concept,1.7782794100389228e-09,4.481773305037956,0.37877841356126235,0.6154497652621718,0.020462825664752285,11.57343023432424,27.805924792567218,0.06467039582525719,499.80695492306717,499.58587089122716,499.6381810805112,3.0,10.0,0.1,0.2,0.5,True,
77,mi_concept,3.1622776601683795e-09,4.481772121124822,0.378774241624758,0.6154463759132537,0.020462493863709765,11.573429072686647,15.646705671925346,0.11492577363035313,499.65678643207394,499.26390217115187,499.35685216754786,3.0,10.0,0.1,0.2,0.5,True,
77,mi_concept,5.623413251903491e-09,4.481770029430302,0.37876681825337916,0.6154403449997239,0.020461903714228222,11.573427008377648,8.809081748200558,0.20412924883762743,499.38990591298716,498.69208473347425,498.8571479725062,3.0,10.0,0.1,0.2,0.5,True,
77,mi_concept,1e-08,4.481766357950997,0.37875359866922337,0.6154296049665009,0.020460853433027903,11.573423345435113,4.964016461166048,0.36223857907172585,498.91582645473136,497.67754637275783,497.9703560883043,3.0,10.0,0.1,0.2,0.5,True,
77,mi_concept,1.7782794100389228e-08,4.481759983642082,0.378730029000667,0.615410455712825,0.020458983007822104,11.573416856814767,2.801800856869386,0.6417656260650741,498.074386440039,495.88070030123964,496.3991335998009,3.0,10.0,0.1,0.2,0.5,True,
77,mi_concept,3.162277660168379e-08,4.4817491352998715,0.3786879219439861,0.6153762442148593,0.020455648283932436,11.573405397704818,1.5859395558611273,1.1337093139110133,496.5831327858779,492.7082963808189,493.6231059046789,3.0,10.0,0.1,0.2,0.5,True,
77,mi_concept,5.6234132519034905e-08,4.481731374639427,0.37861243702836583,0.6153149088299144,0.020449691354329644,11.57338527056523,0.9022852665615195,1.9925030166749074,493.9471847027548,487.13841691701936,488.7430004295552,3.0,10.0,0.1,0.2,0.5,True,
77,mi_concept,1e-07,4.481704580755204,0.3784763146769234,0.615204286946152,0.020439014932917145,11.573350265824132,0.5179720446375236,3.4701995902370695,489.3095710267737,477.45518427170254,480.23991010585763,3.0,10.0,0.1,0.2,0.5,True,
77,mi_concept,1.7782794100389227e-07,4.481671791587822,0.3782284447793487,0.61500280062724,0.02041977473531815,11.573290478829623,0.3020976312639517,5.94790260117943,481.2174488902722,460.9109790259577,465.6542118270579,3.0,10.0,0.1,0.2,0.5,True,
77,mi_concept,3.162277660168379e-07,4.48165884336249,0.3777702394044211,0.6146301647368286,0.020384805661532064,11.573191786912794,0.18113957228764777,9.913356173816174,467.30202684455475,433.4915732500035,441.3103975904963,3.0,10.0,0.1,0.2,0.5,True,
77,mi_concept,5.62341325190349e-07,4.481770102710728,0.3769055450991877,0.6139263352383474,0.020320513799946906,11.573039486746211,0.11392507552755728,15.74307377806295,443.97691581487476,390.3758510280939,402.5555355769753,3.0,10.0,0.1,0.2,0.5,True,
77,mi_concept,1e-06,4.482341434629868,0.37523874555104403,0.6125673396052421,0.02020104437278752,11.572836641286244,0.07764818402887619,23.04390598837875,406.57518835116326,328.3352155952076,345.5821564025653,3.0,10.0,0.1,0.2,0.5,True,
77,mi_concept,1.778279410038923e-06,4.484262170775621,0.372015999583655,0.6099311433134522,0.0199802417648097,11.572659399731588,0.06023058272754178,29.57056667011162,350.9543644024329,250.9686145806198,271.92090756868737,3.0,10.0,0.1,0.2,0.5,True,
77,mi_concept,3.162277660168379e-06,4.489200720662428,0.3661562276270412,0.6051084428654431,0.01959699922241186,11.572752218539737,0.056584743323745836,31.203388424163187,277.83011937857185,172.84753873583486,193.20636247699656,3.0,10.0,0.1,0.2,0.5,True,
77,mi_concept,5.623413251903491e-06,4.49803585048301,0.35753618311085056,0.5979432942268443,0.01905502913973196,11.573465639909713,0.0677561930284619,25.711800352863214,198.1209468929154,111.92438821822667,127.11107265353327,3.0,10.0,0.1,0.2,0.5,True,
82,mi_concept,1e-09,4.6131113502970384,0.25848169637389345,0.50841095225604,0.014635584105787667,11.609101818141983,110.24848374918935,0.013769012649221837,499.93878528049237,499.8947330164037,499.900018328272,3.0,10.0,0.1,0.3,1.0,True,
82,mi_concept,1.7782794100389228e-09,4.613107950332514,0.25848332535254537,0.5084125542829813,0.014635664446596773,11.609100706903153,62.0089048844072,0.024480625683095194,499.8911505135771,499.8128277897554,499.82222472166245,3.0,10.0,0.1,0.3,1.0,True,
82,mi_concept,3.1622776601683795e-09,4.613101886609631,0.25848624954761096,0.5084154300841104,0.01463580842285059,11.609098719217059,34.88180173382657,0.043519084215373455,499.80645856157497,499.6672247518821,499.6839293298505,3.0,10.0,0.1,0.3,1.0,True,
82,mi_concept,5.623413251903491e-09,4.613091132678859,0.25849142516534895,0.5084205200081414,0.014636063018706243,11.609095192435657,19.62711431356688,0.0773438669141473,499.65590310116846,499.4084514857428,499.43813858486163,3.0,10.0,0.1,0.3,1.0,True,
82,mi_concept,1e-08,4.613072013835785,0.2585006293430923,0.508429571664643,0.014636515924265353,11.609088920655804,11.048781266173599,0.13739612903723752,499.3883330143958,498.94875300516424,499.00148712502727,3.0,10.0,0.1,0.3,1.0,True,
82,mi_concept,1.7782794100389228e-08,4.613038048097609,0.25851698038571375,0.5084456513588387,0.014637320405791831,11.609077775298598,6.224844047559745,0.24387765565289632,498.9130228155156,498.1327729255166,498.22636634603947,3.0,10.0,0.1,0.3,1.0,True,
82,mi_concept,3.162277660168379e-08,4.612977752890383,0.25854600509127934,0.5084741931418736,0.014638748207988618,11.609057979610999,3.512169682581485,0.43226055187515056,498.06938006012814,496.6864372159594,496.85229688523594,3.0,10.0,0.1,0.3,1.0,True,
82,mi_concept,5.6234132519034905e-08,4.612870864128583,0.25859745470941575,0.508524782787836,0.014641278400776767,11.609022853298057,1.98676512774399,0.7642070881722457,496.57416507632206,494.12924745802184,494.42238211404884,3.0,10.0,0.1,0.3,1.0,True,
82,mi_concept,1e-07,4.61268183713029,0.2586884273690707,0.5086142225391173,0.01464574989859185,11.60896062891756,1.129046259347189,1.3449628591453364,493.9310353619453,489.62820931106535,490.1438159697734,3.0,10.0,0.1,0.3,1.0,True,
82,mi_concept,1.7782794100389227e-07,4.612349005850407,0.2588485661862967,0.5087716247849291,0.014653613630992114,11.608850734695052,0.6468571900172685,2.3481549245404927,489.2802311041009,481.7682728461666,482.6675477824355,3.0,10.0,0.1,0.3,1.0,True,
82,mi_concept,3.162277660168379e-07,4.611767540564808,0.2591281969561517,0.5090463603210926,0.014667321858921155,11.608657703912497,0.37595731812851674,4.041971213014813,481.163404290196,468.2336687619126,469.778805660341,3.0,10.0,0.1,0.3,1.0,True,
82,mi_concept,5.62341325190349e-07,4.610766022264521,0.25960938927351696,0.5095187820615811,0.014690839025312527,11.608321971615114,0.22408203731441612,6.7867226616373335,467.2005221719142,445.4932927010971,448.07918421826827,3.0,10.0,0.1,0.3,1.0,True,
82,mi_concept,1e-06,4.609085432465075,0.2604153572417049,0.5103090801090109,0.01473000838858304,11.60774854775189,0.13952974352890427,10.913225009539218,443.78198102558144,408.8833353482069,413.01694858322503,3.0,10.0,0.1,0.3,1.0,True,
82,mi_concept,1.778279410038923e-06,4.606400422898788,0.26169778308987923,0.5115640557055189,0.014791678247509783,11.606802067124855,0.09359674646089028,16.3009033431163,406.19547511701757,354.0854130265532,360.19358478732283,3.0,10.0,0.1,0.3,1.0,True,
82,mi_concept,3.162277660168379e-06,4.602502537780161,0.2635399150427815,0.5133613883442945,0.014878419392586127,11.605340678576168,0.07094480431845952,21.562471157672626,350.2270280987641,281.33188942731005,289.2555753277703,3.0,10.0,0.1,0.3,1.0,True,
82,mi_concept,5.623413251903491e-06,4.5978603952932176,0.2656558213834188,0.5154181034688429,0.014973354645688382,11.603373691328056,0.06481409379703584,23.662340438863076,276.543237326985,200.98766586200497,209.39205454599121,3.0,10.0,0.1,0.3,1.0,True,
84,mi_concept,1e-09,4.607500099631144,0.2799956465287572,0.529146148553268,0.01529842431967599,11.583554938695277,1.2868683574537265,1.191933194689547,495.81822712147044,492.05735293554613,492.5330989105978,3.0,10.0,1.0,0.1,0.1,True,
84,mi_concept,1.7782794100389228e-09,4.607996042330184,0.27972028692616796,0.528885892160273,0.015282626852044762,11.583585977967688,0.7338283978278096,2.089179201903751,492.59905892916635,486.006477993187,486.8392514658681,3.0,10.0,1.0,0.1,0.1,True,
84,mi_concept,3.1622776601683795e-09,4.608872802224441,0.2792319303267279,0.5284240061983633,0.015254613112535221,11.583642348467382,0.42298008496624584,3.621313267107421,486.9499127247888,475.520518178676,476.9606070505922,3.0,10.0,1.0,0.1,0.1,True,
84,mi_concept,5.623413251903491e-09,4.610415171316797,0.27836796663751456,0.5276058819208848,0.015205063768841554,11.58374609160554,0.24844549169285685,6.155606324479055,477.1374855693909,457.7031872521032,460.1406266355961,3.0,10.0,1.0,0.1,0.1,True,
84,mi_concept,1e-08,4.6131028075406615,0.2768474739208134,0.526162972776319,0.015117892377735842,11.583940505495976,0.15078547241367632,10.114054205585148,460.39783350288263,428.4468761063718,432.42052146320225,3.0,10.0,1.0,0.1,0.1,True,
84,mi_concept,1.7782794100389228e-08,4.617697939698948,0.27420253063390926,0.5236435148399236,0.01496633778815902,11.584311707380381,0.09676980099829806,15.681528267171897,432.7246101989709,383.1294963128634,389.20209825934927,3.0,10.0,1.0,0.1,0.1,True,
84,mi_concept,3.162277660168379e-08,4.625249442926233,0.26972486720012834,0.5193504281312651,0.014709943630993748,11.585023663059589,0.06811016500028687,22.087983994980082,389.38516257945406,319.3760724616003,327.70373592802656,3.0,10.0,1.0,0.1,0.1,True,
84,mi_concept,5.6234132519034905e-08,4.63664677084846,0.26262010887741705,0.5124647391552096,0.014303169033578596,11.586331616208158,0.05539290211760072,26.771440015519293,327.38769221236475,242.17612362642,251.79680139849927,3.0,10.0,1.0,0.1,0.1,True,
84,mi_concept,1e-07,4.650908048216161,0.25296185642109514,0.5029531354123316,0.013747932092579669,11.58839553105741,0.0553421224869867,26.242379826362647,250.61771798396117,166.45013171108874,175.19171570948035,3.0,10.0,1.0,0.1,0.1,True,
84,mi_concept,1.7782794100389227e-07,4.662342212502175,0.24393645566358838,0.4938992363464317,0.013215483300538755,11.59063505816574,0.07069423121628449,20.103876041702787,173.50646736799138,108.29223325330726,114.44287350060785,3.0,10.0,1.0,0.1,0.1,True,
84,mi_concept,3.162277660168379e-07,4.662714133267378,0.24158299788541487,0.49151093363771153,0.013035394640661174,11.591559524019285,0.11091095472601156,12.705247398067737,113.33015343658661,71.64546179478997,75.37884675952468,3.0,10.0,1.0,0.1,0.1,True,
84,mi_concept,5.62341325190349e-07,4.651452661213127,0.24699758402390695,0.49698851498189267,0.013275983815745924,11.590798886919991,0.18777625690258368,7.56887050302981,75.28710543142934,50.23998797289738,52.502311693351864,3.0,10.0,1.0,0.1,0.1,True,
84,mi_concept,1e-06,4.632941200013748,0.2568776572120967,0.5068309947231885,0.013762325546852186,11.58927404410206,0.3085263627383502,4.690522143530531,53.13318092782549,37.48115776619965,38.9516627548651,3.0,10.0,1.0,0.1,0.1,True,
84,mi_concept,1.778279410038923e-06,4.611915670334012,0.26831641762214575,0.5179926810507517,0.014363952797296818,11.58775616118238,0.4658507923870453,3.1758194630978127,40.00175933220039,29.333297383431425,30.39349562400255,3.0,10.0,1.0,0.1,0.1,True,
84,mi_concept,3.162277660168379e-06,4.596194931674433,0.27664920245654456,0.5259745264331197,0.01484804420533173,11.587104353531052,0.6275925073345756,2.399432670435313,31.67695977599682,23.598730036476876,24.43776633018136,3.0,10.0,1.0,0.1,0.1,True,
84,mi_concept,5.623413251903491e-06,4.589417157605267,0.2793946715437282,0.5285779711109121,0.015046178272913116,11.587506154584716,0.7707776974291236,1.9684748765100366,25.830283231951924,19.205946165483077,19.897235904794417,3.0,10.0,1.0,0.1,0.1,True,
80,mi_concept,1e-09,4.34509556080226,0.5020885562400952,0.7085820744558072,0.026053347577557878,11.526669579066859,14.832379521338822,0.13861376912104723,499.6358277184504,499.1624015773021,499.33612602987904,3.0,10.0,0.1,0.1,1.0,True,
80,mi_concept,1.7782794100389228e-09,4.345161108413563,0.50203726677496,0.7085458819123571,0.02604971020647273,11.526681793387297,8.352379475939077,0.24613829083430228,499.3526707886444,498.51201812519156,498.8204231165019,3.0,10.0,0.1,0.1,1.0,True,
80,mi_concept,3.1622776601683795e-09,4.345277696588706,0.5019460619349246,0.7084815184145065,0.0260432447185243,11.526703510843515,4.708422945761296,0.4365806540138078,498.8497235410911,497.3586917880892,497.9054647381203,3.0,10.0,0.1,0.1,1.0,True,
80,mi_concept,5.623413251903491e-09,4.345485105519903,0.5017838809983203,0.708367052451143,0.026031756119531214,11.526742120393276,2.6593027973020886,0.7728304770521912,497.9571887821375,495.31794193728524,496.2850434886675,3.0,10.0,0.1,0.1,1.0,True,
80,mi_concept,1e-08,4.345854186487135,0.5014955056848837,0.7081634738426458,0.026011354369759872,11.526810745685736,1.5070463084749997,1.3632298406002965,496.3758298571485,491.72085156438806,493.4242939206567,3.0,10.0,0.1,0.1,1.0,True,
80,mi_concept,1.7782794100389228e-08,4.346511246689283,0.5009828134853674,0.7078013940967957,0.02597516460856155,11.52693266968435,0.8591713091557343,2.389669869254551,493.58201451330075,485.423650137654,488.40203550374196,3.0,10.0,0.1,0.1,1.0,True,
80,mi_concept,3.162277660168379e-08,4.347681667781543,0.5000716595955961,0.7071574503571295,0.025911100579731245,11.527149101990066,0.4949990349934573,4.14303967731597,488.6710153438568,474.53139544624406,479.67173074205925,3.0,10.0,0.1,0.1,1.0,True,
80,mi_concept,5.6234132519034905e-08,4.349767505927897,0.49845409143875996,0.7060128125174217,0.025798130852107262,11.527532597987754,0.2904876917905264,7.0455949712019255,480.1152430109934,456.08371746395756,464.75586923068386,3.0,10.0,0.1,0.1,1.0,True,
80,mi_concept,1e-07,4.353481633029711,0.4955912232360566,0.7039824026465836,0.02560041969330119,11.528209301328307,0.17598546743820168,11.588090640344465,465.44258315956426,425.9568122652431,440.0236267912804,3.0,10.0,0.1,0.1,1.0,True,
80,mi_concept,1.7782794100389227e-07,4.360055733868713,0.4905681081557124,0.7004056739888052,0.025259650238777163,11.529391666260418,0.11251911648337902,18.01022687465289,440.96328526350453,379.6950033956311,401.04618846254135,3.0,10.0,0.1,0.1,1.0,True,
80,mi_concept,3.162277660168379e-07,4.371443630569578,0.48195930765531414,0.6942328915107049,0.024690767783268532,11.531408834155139,0.07856166132252894,25.514358845694712,402.01812832472024,315.43472857082105,344.5292786830153,3.0,10.0,0.1,0.1,1.0,True,
80,mi_concept,5.62341325190349e-07,4.390003785798593,0.46805221680567083,0.6841434183017994,0.02380281568866999,11.53466152173283,0.06283457339556747,31.329120141380358,344.82474448669274,238.82395899909486,272.50294293242433,3.0,10.0,0.1,0.1,1.0,True,
80,mi_concept,1e-06,4.4161697656852485,0.448426436454429,0.6696465011141542,0.02259600320306394,11.539285110285174,0.06086530745356421,31.494105878762866,271.0030728243916,164.63567856103177,195.992846788297,3.0,10.0,0.1,0.1,1.0,True,
80,mi_concept,1.778279410038923e-06,4.443400198626965,0.4275216717311959,0.6538514141081259,0.021350964323295328,11.54432858368394,0.07438653585513472,25.005130129755447,192.35706926618914,107.7168086904557,130.82381031944686,3.0,10.0,0.1,0.1,1.0,True,
80,mi_concept,3.162277660168379e-06,4.458999068387671,0.4145460131116568,0.6438524777553137,0.020602542310342562,11.547607791026191,0.11226307505326542,16.243016169392284,126.74368158537469,71.45652201297253,85.81774045285202,3.0,10.0,0.1,0.1,1.0,True,
80,mi_concept,5.623413251903491e-06,4.460666119467582,0.41146762968439016,0.6414574262446341,0.020482866254210124,11.548461283782856,0.18701028693418,9.712113848419081,83.25630905245818,50.08683963095428,58.559575752192096,3.0,10.0,0.1,0.1,1.0,True,
83,mi_concept,1e-09,4.744675312516629,0.14359329835163648,0.37893706383994225,0.008541409623299332,11.649116873647035,271.4314650727311,0.004159791531767867,499.95890851694486,499.94633297887896,499.9457974148142,3.0,10.0,0.1,0.5,1.0,True,
83,mi_concept,1.7782794100389228e-09,4.744674529388302,0.1435934970734411,0.3789373260493628,0.008541421412887343,11.649116664143223,152.65335501488045,0.007396489818142716,499.92693115559615,499.9045707099793,499.9036184149145,3.0,10.0,0.1,0.5,1.0,True,
83,mi_concept,3.1622776601683795e-09,4.744672934332318,0.14359383534205078,0.378937772387566,0.008541446098015838,11.649116284856996,85.8595477396644,0.013150554052033463,499.87007357893793,499.83031798545693,499.82862479363695,3.0,10.0,0.1,0.5,1.0,True,
83,mi_concept,5.623413251903491e-09,4.744670027272802,0.14359454442026218,0.3789387079994101,0.008541494390464578,11.649115583533115,48.29864964167564,0.02337754412050522,499.7689874051286,499.6983146436017,499.6953045078872,3.0,10.0,0.1,0.5,1.0,True,
83,mi_concept,1e-08,4.744664901233444,0.14359577566051973,0.37894033258617343,0.008541578394883915,11.649114347271592,27.176607225641998,0.04154710531404441,499.5892990143768,499.4636982930213,499.45834806165067,3.0,10.0,0.1,0.5,1.0,True,
83,mi_concept,1.7782794100389228e-08,4.74465578053384,0.1435979701622603,0.3789432281520021,0.008541728113281249,11.649112147179963,15.29882172947968,0.0738043281953632,499.26998745073564,499.0468718357475,499.0373659463944,3.0,10.0,0.1,0.5,1.0,True,
83,mi_concept,3.162277660168379e-08,4.744639574817177,0.14360186964408936,0.3789483733229229,0.008541994157890233,11.649108238304724,8.619472482945717,0.13099837057810354,498.7028717147858,498.3068597664394,498.2899819056056,3.0,10.0,0.1,0.5,1.0,True,
83,mi_concept,5.6234132519034905e-08,4.74461078168176,0.1436088029357241,0.3789575212813754,0.008542467079543333,11.649101292680268,4.8634348059019334,0.23217503016384458,497.6966203719633,496.99476486417007,496.964834195998,3.0,10.0,0.1,0.5,1.0,True,
83,mi_concept,1e-07,4.744559661586114,0.14362112755344514,0.37897378214521005,0.008543307502279404,11.64908895973878,2.7513245371370023,0.41042911923928693,495.91427875068547,494.6736202075836,494.6206562171137,3.0,10.0,0.1,0.5,1.0,True,
83,mi_concept,1.7782794100389227e-07,4.744469014778867,0.14364302920397246,0.37900267704064106,0.008544800204655985,11.64906708612701,1.5637136098162845,0.7222054316066776,492.76694236705845,490.58399747660104,490.4906327587675,3.0,10.0,0.1,0.5,1.0,True,
83,mi_concept,3.162277660168379e-07,4.744308639621981,0.1436819270877753,0.3790539896739979,0.0085474488392435,11.649028372191456,0.8960786513193925,1.260489569941112,487.23939468876387,483.4299248976584,483.2664582357684,3.0,10.0,0.1,0.5,1.0,True,
83,mi_concept,5.62341325190349e-07,4.744026047551085,0.14375093049299095,0.3791449992984095,0.008552139901433477,11.648960111970357,0.5210142238455523,2.16847945221455,477.62460586660535,471.0725038311511,470.7897418853607,3.0,10.0,0.1,0.5,1.0,True,
83,mi_concept,1e-06,4.743531773672218,0.14387304085492003,0.3793059989703828,0.008560418712561864,11.648840593824282,0.31078111891048266,3.6371520312104333,461.18192725507896,450.1966226896091,449.71790691878937,3.0,10.0,0.1,0.5,1.0,True,
83,mi_concept,1.778279410038923e-06,4.742679082501468,0.14408793246266546,0.37958916273079435,0.008574922688753542,11.648634073864109,0.1938191768748866,5.837006671915822,433.8865697656661,416.2692640636554,415.48909471403766,3.0,10.0,0.1,0.5,1.0,True,
83,mi_concept,3.162277660168379e-06,4.741246565797484,0.1444609254451642,0.38008015660537214,0.008599926022976734,11.648286404397691,0.13044811119755806,8.685422080680546,390.84808995835084,364.66430854307106,363.47531580647257,3.0,10.0,0.1,0.5,1.0,True,
83,mi_concept,5.623413251903491e-06,4.738966505772974,0.14508460123625436,0.38089972595980476,0.00864137352402714,11.647732472119042,0.09959535129207328,11.404077249022972,328.6421535513164,294.32754147101076,292.7133741667189,3.0,10.0,0.1,0.5,1.0,True,
86,mi_concept,1e-09,4.580066739674985,0.279108605790124,0.5283073024198359,0.015622642559904478,11.595954685262026,8.364206142804019,0.18824693520202598,499.4136109929486,498.8032863222007,498.87642369247175,3.0,10.0,1.0,0.3,0.1,True,
86,mi_concept,1.7782794100389228e-09,4.580084990677393,0.27908792540148386,0.5282877297472315,0.01562138084975525,11.595952225404284,4.712552369821852,0.33410318582188514,498.95791365345787,497.87472425636605,498.00445451167565,3.0,10.0,1.0,0.3,0.1,True,
86,mi_concept,3.1622776601683795e-09,4.580117488249056,0.27905116478359865,0.5282529363700675,0.015619137921977881,11.5959478600392,2.6590961278419023,0.5920721280551472,498.1490177129826,496.22954464768617,496.45920687402,3.0,10.0,1.0,0.3,0.1,True,
86,mi_concept,5.623413251903491e-09,4.580175412397656,0.2789858397851795,0.5281911015770518,0.015615151666467778,11.595940125754797,1.5043877167083022,1.0464026754214282,496.7151820763516,493.32301511330803,493.72817082516104,3.0,10.0,1.0,0.3,0.1,True,
86,mi_concept,1e-08,4.580278838248946,0.2788698192683983,0.528081261993264,0.015608070338876703,11.595926462267105,0.8551097461968495,1.840551079982238,494.17991568349913,488.21402972890195,488.9243681524419,3.0,10.0,1.0,0.3,0.1,True,
86,mi_concept,1.7782794100389228e-08,4.580464064282488,0.27866396860575904,0.527886321669504,0.015595501403871592,11.595902449974341,0.49010542953937225,3.2101285592237843,489.71691520230024,479.31389983370065,480.5457214100986,3.0,10.0,1.0,0.3,0.1,True,
86,mi_concept,3.162277660168379e-08,4.580797443052717,0.2782994161564077,0.527540914201361,0.01557322738978112,11.59586065026377,0.2850491153823114,5.515851270854947,481.9217157850099,464.0530576311919,466.1482841847814,3.0,10.0,1.0,0.3,0.1,True,
86,mi_concept,5.6234132519034905e-08,4.581402158298383,0.2776560929020416,0.526930823640107,0.015533874478637365,11.595789158388412,0.1701019547912381,9.232696748605502,468.4935536255789,438.6027442709703,442.04775268585854,3.0,10.0,1.0,0.3,0.1,True,
86,mi_concept,1e-07,4.582510790149859,0.27652877805166187,0.5258600365607391,0.015464776116768655,11.595670924470337,0.10613471503272541,14.767657799269143,445.9176583571653,398.1570294009559,403.4983018345525,3.0,10.0,1.0,0.3,0.1,True,
86,mi_concept,1.7782794100389227e-07,4.584563657197908,0.2745825064035394,0.5240062083635454,0.015345074003539969,11.595488080020125,0.07143597803193866,21.864742641095223,409.5347616641894,338.9366956758984,346.4342718772323,3.0,10.0,1.0,0.3,0.1,True,
86,mi_concept,3.162277660168379e-07,4.588343223626482,0.2713350772622901,0.5208983367820348,0.015144211451078552,11.595243271312432,0.05443287196526946,28.527333850966915,354.99140968411666,263.09129850293084,272.0534983922541,3.0,10.0,1.0,0.3,0.1,True,
86,mi_concept,5.62341325190349e-07,4.594854729781041,0.2663584341062888,0.5160992483101373,0.01483332966885008,11.595013161074561,0.050104146130879636,30.711067911897796,282.43197563378243,183.73453038079688,192.20579649258994,3.0,10.0,1.0,0.3,0.1,True,
86,mi_concept,1e-06,4.603719762124751,0.2602446233888292,0.5101417679320418,0.01444336940900582,11.59496808308642,0.05917045902262487,25.708327585039978,202.18156814768247,119.6241967529736,125.72670021369356,3.0,10.0,1.0,0.3,0.1,True,
86,mi_concept,1.778279410038923e-06,4.610229620001617,0.25591263954284876,0.5058780876286784,0.0141514159234032,11.595127209174033,0.08918418423799211,16.91177055289567,132.95536528388325,78.52454163887725,82.18089607888834,3.0,10.0,1.0,0.3,0.1,True,
86,mi_concept,3.162277660168379e-06,4.610827119115365,0.25527524374046656,0.505247705329244,0.014093260000870193,11.595288644933738,0.15283766009538524,9.853089753629702,86.38732998371734,54.59646120986696,56.716046826965105,3.0,10.0,1.0,0.3,0.1,True,
86,mi_concept,5.623413251903491e-06,4.6084223577821035,0.2564084631418755,0.5063679128280894,0.014154139109380268,11.595500512826948,0.2636428556938663,5.722657771225818,58.96230285011478,40.46429282389845,41.741066249342296,3.0,10.0,1.0,0.3,0.1,True,
85,mi_concept,1e-09,4.566308239530324,0.29247626820441713,0.5408107508217798,0.01609920054531392,11.590063066538846,4.116173065488382,0.3895472860520571,498.8323375779891,497.5752503718606,497.7420760868956,3.0,10.0,1.0,0.2,0.1,True,
85,mi_concept,1.7782794100389228e-09,4.566357059121529,0.2924222196648499,0.5407607785933165,0.01609578515315581,11.590063237426826,2.323644000820556,0.6899840545055798,497.9262652242465,495.6996869957657,495.9948404275835,3.0,10.0,1.0,0.2,0.1,True,
85,mi_concept,3.1622776601683795e-09,4.566444060109188,0.29232614921173244,0.5406719423196773,0.016089715243215615,11.590063579818402,1.3156696891137554,1.2183764171725,496.3208199204382,492.3892206129465,492.9093516377707,3.0,10.0,1.0,0.2,0.1,True,
85,mi_concept,5.623413251903491e-09,4.5665993527388204,0.2921554477667914,0.5405140588058662,0.01607893283541081,11.590064310069486,0.7489134719392033,2.1397054654175656,493.48413744225786,486.5797958697005,487.4899774446767,3.0,10.0,1.0,0.2,0.1,True,
85,mi_concept,1e-08,4.566877296764153,0.2918523480074884,0.5402336050334969,0.016059796320552103,11.59006598979912,0.430327355088369,3.7216294243916765,488.49682862818366,476.48891039980595,478.0619811628312,3.0,10.0,1.0,0.2,0.1,True,
85,mi_concept,1.7782794100389228e-08,4.567376964536791,0.2913148843099974,0.5397359394277885,0.01602589067037968,11.590070166305225,0.251397234778743,6.363872747850306,479.80526636821855,459.27477822386817,461.9346672851647,3.0,10.0,1.0,0.2,0.1,True,
85,mi_concept,3.162277660168379e-08,4.568281175473161,0.2903644889257095,0.538854793915494,0.01596602067119797,11.590081261653934,0.15118511761320116,10.562713557840647,464.8916942724165,430.8225039343418,435.15121923931207,3.0,10.0,1.0,0.2,0.1,True,
85,mi_concept,5.6234132519034905e-08,4.569930684824847,0.288694253294934,0.5373027575724267,0.015861060530698082,11.590112029505365,0.09558632706858566,16.65261629745688,439.9898742982195,386.2947174038709,392.8895044174156,3.0,10.0,1.0,0.2,0.1,True,
85,mi_concept,1e-07,4.572952068537134,0.28580222869696187,0.5346047406233524,0.01568004798826961,11.590198160130228,0.06575728042108984,24.070438737043744,400.3296869320857,322.74354250116477,331.7378326567877,3.0,10.0,1.0,0.2,0.1,True,
85,mi_concept,1.7782794100389227e-07,4.578380213346941,0.28098335777932104,0.5300786335812084,0.015380223450491715,11.590429181826241,0.05183764713701496,30.24489881008074,342.03837016009743,244.55861533976167,254.8486790094554,3.0,10.0,1.0,0.2,0.1,True,
85,mi_concept,3.162277660168379e-07,4.5872331756041245,0.2737447310854011,0.5232062032176235,0.01493272112415138,11.590966034867012,0.05001051848695429,30.895704935969707,266.8983224334294,167.21263256874988,176.40726126924037,3.0,10.0,1.0,0.2,0.1,True,
85,mi_concept,5.62341325190349e-07,4.597957408315003,0.26549232245709403,0.5152594710018381,0.014421576088557573,11.591843381357922,0.06216939755569382,24.426826273963897,187.4714975520177,108.37000243092511,114.68569967894491,3.0,10.0,1.0,0.2,0.1,True,
85,mi_concept,1e-06,4.604131393200761,0.2607516423887954,0.5106384654418382,0.01411673677906954,11.592537285601903,0.09688334125162758,15.50600290504763,122.44803253638628,71.97392816536762,75.71080085238601,3.0,10.0,1.0,0.2,0.1,True,
85,mi_concept,1.778279410038923e-06,4.6035197312582525,0.2610036607115098,0.5108851737049235,0.014121009533554196,11.592678295962969,0.16641860427494012,9.023854427786677,80.3228875274822,50.86050966907976,53.05233199857583,3.0,10.0,1.0,0.2,0.1,True,
85,mi_concept,3.162277660168379e-06,4.599718669794138,0.26360498239360924,0.5134247582592889,0.014276758009398734,11.592608099159326,0.28250591169235434,5.340300250205673,55.73626213208694,38.26561840147327,39.61843813853303,3.0,10.0,1.0,0.2,0.1,True,
85,mi_concept,5.623413251903491e-06,4.593915236227769,0.2677505957735586,0.5174462250065784,0.014537683959625956,11.592546769207884,0.4506699454200844,3.374341863403484,41.23962314043742,30.182884757336907,31.095357030700892,3.0,10.0,1.0,0.2,0.1,True,
87,mi_concept,1e-09,4.611978429643618,0.24941320390201344,0.49941285916765643,0.014015311210499525,11.606226665737248,20.16038985350539,0.07312270648114613,499.7310157208519,499.49484069591637,499.51440248400064,3.0,10.0,1.0,0.5,0.1,True,
87,mi_concept,1.7782794100389228e-09,4.611977043691711,0.24941144526702178,0.4994110984620003,0.014015161360338518,11.606223494352346,11.346635660175291,0.1299217469626003,499.5218128472757,499.1021868731115,499.13693601797064,3.0,10.0,1.0,0.5,0.1,True,
87,mi_concept,3.1622776601683795e-09,4.611974591564394,0.24940831561412347,0.4994079651088111,0.0140148947037461,11.606217857938208,6.390306818414355,0.2306870936960365,499.15009855989007,498.4050206701477,498.46669698531196,3.0,10.0,1.0,0.5,0.1,True,
87,mi_concept,5.623413251903491e-09,4.61197027324557,0.24940274001330354,0.49940238286706595,0.014014419909773543,11.606207845759602,3.603174936064832,0.4091217977335595,498.490055821828,497.16867737896337,497.2779850448885,3.0,10.0,1.0,0.5,0.1,True,
87,mi_concept,1e-08,4.611962725660019,0.24939279452642538,0.4993924253795059,0.014013573767895277,11.606190075338532,2.0358851606792125,0.7240559654182076,497.3193727645005,494.98085834414223,495.174073925707,3.0,10.0,1.0,0.5,0.1,True,
87,mi_concept,1.7782794100389228e-08,4.611949718537964,0.24937501256945294,0.4993746214711486,0.014012063353650779,11.60615858211169,1.1545862612204227,1.2766639629854644,495.24719854031315,491.1240141401191,491.46395930589,3.0,10.0,1.0,0.5,0.1,True,
87,mi_concept,3.162277660168379e-08,4.6119278899802865,0.24934309062577492,0.49934265852796406,0.014009359490765753,11.606102918074388,0.6590900798881391,2.236237897036113,491.59250996945707,484.37057378588446,484.9637537273499,3.0,10.0,1.0,0.5,0.1,True,
87,mi_concept,5.6234132519034905e-08,4.611893138047298,0.24928539069246322,0.4992848792948403,0.01400449574475364,11.606005004370935,0.3806219951205675,3.8716526891368512,485.1877364934544,472.6852386056824,473.7052807926127,3.0,10.0,1.0,0.5,0.1,True,
87,mi_concept,1e-07,4.611843905881287,0.24917992703055974,0.4991792534055875,0.01399567761046554,11.605834266916931,0.22433525033791107,6.566904976623463,474.0894295644034,452.8861849463149,454.59573305980683,3.0,10.0,1.0,0.5,0.1,True,
87,mi_concept,1.7782794100389227e-07,4.611794455965442,0.24898389016266997,0.49898285557989863,0.013979498816730279,11.605541264945964,0.13701205253572823,10.746214448464857,455.2364705362227,420.54645352049846,423.2858519334396,3.0,10.0,1.0,0.5,0.1,True,
87,mi_concept,3.162277660168379e-07,4.611817686957641,0.2486114854856643,0.4986095521404141,0.013949361525391526,11.605053287445669,0.08896174728148197,16.532979125010097,424.30353430926016,370.9489188196471,375.0130157929221,3.0,10.0,1.0,0.5,0.1,True,
87,mi_concept,5.62341325190349e-07,4.612158081549188,0.24789111537097644,0.49788664911903036,0.013892592357445348,11.604286298707605,0.0639887731159933,22.938679368888256,376.4977203461208,302.4914835027875,307.7956416717397,3.0,10.0,1.0,0.5,0.1,True,
87,mi_concept,1e-06,4.613425994649109,0.24651773972971175,0.4965055283979341,0.013787615189701615,11.603212856844259,0.05413255559329435,27.010812240306155,309.6700259298757,222.511824178205,228.18376879279936,3.0,10.0,1.0,0.5,0.1,True,
87,mi_concept,1.778279410038923e-06,4.616463731739374,0.24419749923393433,0.4941634337280879,0.013614766822239726,11.602030414683604,0.0576872366372073,25.17975920733312,230.05118413187395,148.6662677465396,153.31497174292267,3.0,10.0,1.0,0.5,0.1,True,
87,mi_concept,3.162277660168379e-06,4.620555010500883,0.24150651333481882,0.4914331219350389,0.013415504594759554,11.60124001570513,0.07992854304384497,18.028595058148614,154.60897019683466,96.10615099512755,99.0770427452086,3.0,10.0,1.0,0.5,0.1,True,
87,mi_concept,5.623413251903491e-06,4.6226023786783585,0.24009457858683383,0.4899944679145203,0.013311821674161612,11.601125315720449,0.13340347846099304,10.753721671281063,99.58714355936218,64.57367467733235,66.28044520270264,3.0,10.0,1.0,0.5,0.1,True,
88,mi_concept,1e-09,4.547829593885831,0.3205853791671593,0.5662025955143258,0.017270659195231162,11.574256659105817,1.3998352712058793,1.2087889800761993,495.8582439648738,491.9261747935486,492.6405018215264,3.0,10.0,1.0,0.1,0.5,True,
88,mi_concept,1.7782794100389228e-09,4.5483935869971095,0.32021584191179414,0.5658761718890398,0.017250312514375032,11.574307437113978,0.7980775503576804,2.119215320492469,492.66965937992944,485.7788445301864,487.0251951036057,3.0,10.0,1.0,0.1,0.5,True,
88,mi_concept,3.1622776601683795e-09,4.54939406689241,0.31956017903293554,0.565296540793357,0.017214221381281453,11.574398874561314,0.4598389556162189,3.6748897433616112,487.07370888482683,475.1328853612074,477.2759220446762,3.0,10.0,1.0,0.1,0.5,True,
88,mi_concept,5.623413251903491e-09,4.551164474663844,0.31839940473821793,0.5642689117240272,0.017150355070879284,11.57456483981327,0.2699118568856611,6.251230458227881,477.3522127339116,457.06461365819297,460.65611172288783,3.0,10.0,1.0,0.1,0.5,True,
88,mi_concept,1e-08,4.554280179283667,0.31635425748848145,0.562453782535491,0.01703791302497078,11.5748693136476,0.16361409720549303,10.284356418560087,460.7632055392155,427.4539004093856,433.21083994091265,3.0,10.0,1.0,0.1,0.5,True,
88,mi_concept,1.7782794100389228e-08,4.559693305332328,0.3127908774260083,0.5592771025404207,0.016842217346603277,11.575433573788622,0.10477330296162642,15.981225510183084,433.32574241336783,381.7307024292,390.2861054968491,3.0,10.0,1.0,0.1,0.5,True,
88,mi_concept,3.162277660168379e-08,4.568810435843424,0.3067458480187815,0.5538464119399723,0.016510711231642248,11.57647675696826,0.0734581048738885,22.595492451411644,390.3181837460127,317.70387771634006,328.93544859114246,3.0,10.0,1.0,0.1,0.5,True,
88,mi_concept,5.6234132519034905e-08,4.583069902832617,0.29712669806669134,0.5450932929936777,0.015983789924682256,11.578322481093439,0.05935346409277355,27.55235431215166,328.700178759739,240.63244831698557,252.8359886831535,3.0,10.0,1.0,0.1,0.5,True,
88,mi_concept,1e-07,4.601905191713619,0.28392253224938396,0.5328438159999457,0.015259376128878233,11.581162636537746,0.05872657582325198,27.235804816078854,252.19621946689668,165.47180228722047,175.80039514990952,3.0,10.0,1.0,0.1,0.5,True,
88,mi_concept,1.7782794100389227e-07,4.619126845612396,0.2707932851285366,0.5203780213734402,0.014531995034255413,11.584336169552747,0.07416188844267359,21.050725597539966,175.03312644820062,107.93537432783127,114.79417926871186,3.0,10.0,1.0,0.1,0.5,True,
88,mi_concept,3.162277660168379e-07,4.6256541090174785,0.264186870689932,0.5139911192714637,0.014157838906838464,11.586265167555425,0.11506759353165667,13.37971521772799,114.52019356832822,71.67224860661283,75.70526848537817,3.0,10.0,1.0,0.1,0.5,True,
88,mi_concept,5.62341325190349e-07,4.6222504635522625,0.2641071659725159,0.5139135783110969,0.014162766686452609,11.586796938365149,0.1923089141290848,7.989749390396951,76.14865511130908,50.46569349111481,52.83926043106555,3.0,10.0,1.0,0.1,0.5,True,
88,mi_concept,1e-06,4.6149787343603155,0.26593415240891516,0.5156880378765006,0.014300823564318624,11.587161868829781,0.3100752357982831,4.962134438227223,53.81465737679445,37.811762078381754,39.281600966473796,3.0,10.0,1.0,0.1,0.5,True,
88,mi_concept,1.778279410038923e-06,4.607244729347642,0.2675712974445466,0.5172729428885167,0.01445962364237593,11.587947462550948,0.4566268141800402,3.373690006660184,40.620850548534044,29.71094213954528,30.698541713125806,3.0,10.0,1.0,0.1,0.5,True,
88,mi_concept,3.162277660168379e-06,4.6030391778538675,0.2672530055051593,0.5169651879045235,0.014527097705214442,11.589302115604767,0.5975808444016183,2.5735721334341024,32.3127539858147,23.98141371032159,24.703755621927645,3.0,10.0,1.0,0.1,0.5,True,
88,mi_concept,5.623413251903491e-06,4.603905422148015,0.26438433161375924,0.5141831693217498,0.014430039877765002,11.590929438530987,0.7103522958442184,2.1513842586063245,26.5331983991952,19.563283480489865,20.117863940886654,3.0,10.0,1.0,0.1,0.5,True,
89,mi_concept,1e-09,4.576958288034446,0.28196834562585793,0.5310069167401287,0.015728133873748978,11.592174865003791,4.196518868828088,0.3779176321005146,498.93585220528115,497.7075371144113,497.87387220021986,3.0,10.0,1.0,0.2,0.5,True,
89,mi_concept,1.7782794100389228e-09,4.577003596030347,0.28192131123417064,0.5309626269655621,0.015725289872745435,11.592172719033696,2.3683658105832133,0.6695865883617558,498.109895260556,495.9337107853305,496.2280863287376,3.0,10.0,1.0,0.2,0.5,True,
89,mi_concept,3.1622776601683795e-09,4.577084297023688,0.2818377298603143,0.5308839137328558,0.015720235244837684,11.592168942050362,1.3403539140901648,1.1829905490849084,496.64595458780497,492.801557118692,493.32059932904025,3.0,10.0,1.0,0.2,0.5,True,
89,mi_concept,5.623413251903491e-09,4.577228213735584,0.2816892865716957,0.5307440876464812,0.015711255662505145,11.59216234907205,0.7623212459349274,2.079530964400556,494.0578871061751,487.3011311034991,488.21028219301587,3.0,10.0,1.0,0.2,0.5,True,
89,mi_concept,1e-08,4.577485396681414,0.28142591423661256,0.5304959134966193,0.015695316371648508,11.592151014265989,0.4373786358642629,3.6230379986903074,489.5032766828131,477.73493562410926,479.3088991051031,3.0,10.0,1.0,0.2,0.5,True,
89,mi_concept,1.7782794100389228e-08,4.577946547610237,0.28095950892642796,0.5300561375235909,0.015667066578395398,11.592132080975905,0.25484624447776194,6.213626702879622,481.55219618516907,461.37969013267576,464.04904681290327,3.0,10.0,1.0,0.2,0.5,True,
89,mi_concept,3.162277660168379e-08,4.578777671598743,0.28013649979601024,0.5292792266809744,0.015617148463701217,11.592102230001263,0.15255721389092192,10.366841862355017,467.86797664274155,434.24237878968455,438.60910457339355,3.0,10.0,1.0,0.2,0.5,True,
89,mi_concept,5.6234132519034905e-08,4.580285195378259,0.2786945260729377,0.5279152641029976,0.015529487745965104,11.592060891325612,0.09569348129187233,16.490597611178003,444.89793142749437,391.4898854024672,398.2016827964867,3.0,10.0,1.0,0.2,0.5,True,
89,mi_concept,1e-07,4.583029332755608,0.27620604160821155,0.5255530816275474,0.015377662701026024,11.59202228884586,0.06496145281080454,24.198326103544918,407.9793659597239,329.7945767391169,339.08209371487817,3.0,10.0,1.0,0.2,0.5,True,
89,mi_concept,1.7782794100389227e-07,4.587950553246989,0.27205987717791136,0.521593593881205,0.01512336226257495,11.592048747848807,0.05013169130004868,31.151643109852102,352.8773930434508,252.5653705896129,263.4254414107511,3.0,10.0,1.0,0.2,0.5,True,
89,mi_concept,3.162277660168379e-07,4.596107031966913,0.26573721358151775,0.5154970548718176,0.014732587023012101,11.592300360829807,0.046886635229673006,32.96778723064815,280.0720869503164,174.3079094578703,184.27651017053122,3.0,10.0,1.0,0.2,0.5,True,
89,mi_concept,5.62341325190349e-07,4.606651401200251,0.25806342360678064,0.5079994326835224,0.014251670751324063,11.592942682323876,0.056138216344311806,27.18403718141887,200.28696273945195,113.25111415109346,120.22892205588364,3.0,10.0,1.0,0.2,0.5,True,
89,mi_concept,1e-06,4.614156604316979,0.2526026478185339,0.5025959090746103,0.013899189768159846,11.593701051058552,0.08477040311060638,17.832654103454324,132.11955074558878,74.9454286360014,79.0538596032344,3.0,10.0,1.0,0.2,0.5,True,
89,mi_concept,1.778279410038923e-06,4.615670540058348,0.2512046025263595,0.5012031549445389,0.013809842790212166,11.594158764102495,0.14310354879153156,10.53093606858338,86.54335663596758,52.70767483723432,55.06056940143778,3.0,10.0,1.0,0.2,0.5,True,
89,mi_concept,3.162277660168379e-06,4.614666313991259,0.2514450354541558,0.5014429533398149,0.013839429608013484,11.594553793197347,0.2391947530213313,6.293848242900797,59.77174755423127,39.506633177708345,40.90549969889712,3.0,10.0,1.0,0.2,0.5,True,
89,mi_concept,5.623413251903491e-06,4.61248732531534,0.25237404696200616,0.5023684374659759,0.013922516606366791,11.595073874423434,0.37312970889852565,4.0328412095258095,44.13033411558101,31.10706338872592,32.00964206759013,3.0,10.0,1.0,0.2,0.5,True,
90,mi_concept,1e-09,4.604256912478854,0.2565485738809411,0.5065062426870385,0.014329158930472576,11.602407514279353,8.459436801125594,0.1759706700975529,499.51638241702136,498.95306552656467,499.0047963351192,3.0,10.0,1.0,0.3,0.5,True,
90,mi_concept,1.7782794100389228e-09,4.604256910776902,0.25654206957223114,0.5064998218876599,0.014328766212081472,11.602400450556377,4.76507030503549,0.3123984645182492,499.1404559062044,498.14041645280946,498.23221016783856,3.0,10.0,1.0,0.3,0.5,True,
90,mi_concept,3.1622776601683795e-09,4.60425698561928,0.2565304817702551,0.5064883826607034,0.014328066522177689,11.60238790808524,2.6875902526582665,0.5538712677155326,498.47295320288686,496.69994987513456,496.862560382089,3.0,10.0,1.0,0.3,0.5,True,
90,mi_concept,5.623413251903491e-09,4.604257362680664,0.2565098097384884,0.5064679750374039,0.014326818163973189,11.602365662948792,1.5193639101821435,0.9797128253941065,497.2891004262943,494.1530274069976,494.4402318412319,3.0,10.0,1.0,0.3,0.5,True,
90,mi_concept,1e-08,4.604258800678598,0.2564728431242774,0.5064314791995828,0.01432458532545105,11.602326290890966,0.8624693109726438,1.7258245066734261,495.1938086272966,489.6697226432904,490.1743129717838,3.0,10.0,1.0,0.3,0.5,True,
90,mi_concept,1.7782794100389228e-08,4.604263763783939,0.2564064629141048,0.5063659377506595,0.01432057439861386,11.60225686339572,0.49315500594156764,3.0180051418483984,491.49895236164207,481.839726365808,482.7179823353497,3.0,10.0,1.0,0.3,0.5,True,
90,mi_concept,3.162277660168379e-08,4.604280078506917,0.256286432340788,0.5062474023052247,0.014313317224849614,11.602135251286652,0.28562638058370093,5.209994707347862,485.02565724712326,468.3536674768971,469.85723014633476,3.0,10.0,1.0,0.3,0.5,True,
90,mi_concept,5.6234132519034905e-08,4.604332098197007,0.2560669570411877,0.5060305890370539,0.014300033948799739,11.60192479754801,0.16919962275461461,8.792424082865704,473.8143106942321,445.6865510840433,448.18691651394596,3.0,10.0,1.0,0.3,0.5,True,
90,mi_concept,1e-07,4.604493539890974,0.25565906435309027,0.5056273967588092,0.014275307574360957,11.60156865545913,0.10423241043157398,14.264532139675335,454.786157842347,409.1741531619116,413.127219811868,3.0,10.0,1.0,0.3,0.5,True,
90,mi_concept,1.7782794100389227e-07,4.604977024490659,0.2548861725253438,0.5048625283434529,0.014228345517587908,11.60099090795033,0.06864335632669424,21.635273577534978,423.6129605471381,354.482961318641,360.21615755821443,3.0,10.0,1.0,0.3,0.5,True,
90,mi_concept,3.162277660168379e-07,4.606337764011567,0.25340570496267095,0.5033941844744245,0.01413810130677359,11.600127990625385,0.05046150779269532,29.360621109737632,375.55650748261246,281.83304353817243,289.04899054837426,3.0,10.0,1.0,0.3,0.5,True,
90,mi_concept,5.62341325190349e-07,4.609717599492141,0.25066158425429175,0.5006611471387526,0.013970024642191355,11.599038778743658,0.04396515679603283,33.536404605739364,308.64135834878846,201.67181272063155,208.9988471615451,3.0,10.0,1.0,0.3,0.5,True,
90,mi_concept,1e-06,4.61614965929623,0.2463230811466418,0.4963094610690409,0.013701491212744553,11.59807473846239,0.04830843640706696,30.265732991074415,229.35367667681476,132.7425866749202,138.42170808915776,3.0,10.0,1.0,0.3,0.5,True,
90,mi_concept,1.778279410038923e-06,4.623189458561862,0.24188755354993738,0.4918206518131761,0.013418928863352747,11.597694001514734,0.06805534684875346,21.280417365871724,154.68266337311124,86.50762499924895,90.0375467245829,3.0,10.0,1.0,0.3,0.5,True,
90,mi_concept,3.162277660168379e-06,4.625818845862433,0.24001972037411584,0.4899180751657524,0.013293242130776395,11.597807495766014,0.11266172267229506,12.79544157277067,100.46212675601906,59.32142346973691,61.37148292016426,3.0,10.0,1.0,0.3,0.5,True,
90,mi_concept,5.623413251903491e-06,4.625230650345075,0.23989423385664496,0.48978998954311526,0.013287720953231316,11.598155002381237,0.19133398352323924,7.527805094898542,67.64581210068467,43.405612140515025,44.62826904342254,3.0,10.0,1.0,0.3,0.5,True,
91,mi_concept,1e-09,4.649126037639453,0.21525525479173208,0.46395609144802924,0.012460090319034903,11.618939259368174,21.853360913518998,0.06376046830705656,499.8051871400389,499.6088431126571,499.6124154100127,3.0,10.0,1.0,0.5,0.5,True,
91,mi_concept,1.7782794100389228e-09,4.64911685054012,0.2152598316676718,0.4639610238669535,0.012460328004375488,11.618934517355987,12.29714751356694,0.11331050758411346,499.6536431226372,499.3047154221822,499.3110632235207,3.0,10.0,1.0,0.5,0.5,True,
91,mi_concept,3.1622776601683795e-09,4.649100529597376,0.2152679629356214,0.46396978666247374,0.012460750241506217,11.61892608877595,6.923299802221271,0.20126581362935542,499.38431719117824,498.76454281745913,498.775815997729,3.0,10.0,1.0,0.5,0.5,True,
91,mi_concept,5.623413251903491e-09,4.6490715520638055,0.21528240475765456,0.46398534972308614,0.012461500018235486,11.618911110996399,3.901373862157205,0.35717481366592096,498.9058911931034,497.8060208790078,497.8260204610288,3.0,10.0,1.0,0.5,0.5,True,
91,mi_concept,1e-08,4.649020165762726,0.21530802990329184,0.46401296307677853,0.012462829896996649,11.618884509702145,2.202039080863812,0.632849472620442,498.0567284569268,496.10797970396067,496.1433955860082,3.0,10.0,1.0,0.5,0.5,True,
91,mi_concept,1.7782794100389228e-08,4.648929239631329,0.2153534213392362,0.4640618723179445,0.012465184034119435,11.618837310428736,1.2464668771042553,1.1181307893729044,496.55176288789016,493.1087488329704,493.1712602263685,3.0,10.0,1.0,0.5,0.5,True,
91,mi_concept,3.162277660168379e-08,4.6487689756221435,0.21543358091289339,0.46414823161668234,0.012469336422553124,11.618753709755843,0.7091697911673875,1.965656801068499,493.8914996852852,487.83896030267846,487.9486606415115,3.0,10.0,1.0,0.5,0.5,True,
91,mi_concept,5.6234132519034905e-08,4.648488470787171,0.21557436704079916,0.4642998675864545,0.012476613806531478,11.618606096670518,0.40713407548702596,3.4250658601545187,489.21087078722235,478.6652904535434,478.85583976428296,3.0,10.0,1.0,0.5,0.5,True,
91,mi_concept,1e-07,4.648003700025765,0.2158192042420635,0.4645634555602318,0.01248922072046622,11.618346925015196,0.23748257812553966,5.875334090125601,481.0430022151065,462.9552181454851,463.28026978270304,3.0,10.0,1.0,0.5,0.5,True,
91,mi_concept,1.7782794100389227e-07,4.647185188195308,0.2162374018172057,0.4650133350961085,0.012510600430890983,11.617896544733233,0.14243634124352078,9.805807733897856,466.99544179141685,436.81297169988693,437.35014363580837,3.0,10.0,1.0,0.5,0.5,True,
91,mi_concept,3.162277660168379e-07,4.6458623091310365,0.21692825745541272,0.46575557694504605,0.012545440447271098,11.617128684410183,0.08964565291209814,15.606282750194731,443.44438986549716,395.42212181661716,396.2622504116655,3.0,10.0,1.0,0.5,0.5,True,
91,mi_concept,5.62341325190349e-07,4.643899831615913,0.2179990007451637,0.4669036311115643,0.012597968141559768,11.615866215083287,0.061208592235951036,22.91570964283368,405.67325689711356,335.1878828117399,336.3843234805732,3.0,10.0,1.0,0.5,0.5,True,
91,mi_concept,1e-06,4.641470942224747,0.21945950870611258,0.46846505601390653,0.012665250803993068,11.613933523251005,0.04769170397531196,29.512845970616368,349.5079376855961,258.76583141869133,260.22827729308835,3.0,10.0,1.0,0.5,0.5,True,
91,mi_concept,1.778279410038923e-06,4.639565523441808,0.22097242650294815,0.4700770431567023,0.01272294237060914,11.611373926128497,0.04526941586969268,31.20146734063021,275.7596161355455,179.80685618632245,181.23072767359466,3.0,10.0,1.0,0.5,0.5,True,
91,mi_concept,3.162277660168379e-06,4.639708494994153,0.22175490342926704,0.4709085934969408,0.012725157241420324,11.608855166129809,0.05524304836235668,25.610511272051813,195.72917190231055,116.82015672278692,117.87541949514382,3.0,10.0,1.0,0.5,0.5,True,
91,mi_concept,5.623413251903491e-06,4.641130612768076,0.22158324078308575,0.470726290728578,0.012677494672009805,11.60750276663561,0.08483834823896243,16.66783519533359,128.23039525739534,76.70502092032609,77.34825554598557,3.0,10.0,1.0,0.5,0.5,True,
92,mi_concept,1e-09,4.56125078818909,0.3028528997780956,0.5503207244671925,0.016806863179711588,11.58116105059209,1.3667356435058753,1.2129121003635113,495.8270774774599,492.04622207565944,492.56044150909446,3.0,10.0,1.0,0.1,1.0,True,
92,mi_concept,1.7782794100389228e-09,4.5617406824828555,0.3025124004153876,0.5500112729893702,0.016787516346996226,11.581201364702014,0.7792603716830483,2.1262240406380934,492.6145677469828,485.98846980598864,486.88698586114174,3.0,10.0,1.0,0.1,1.0,True,
92,mi_concept,3.1622776601683795e-09,4.562605684917024,0.301913453039186,0.549466516758925,0.016753447871354316,11.581272739910927,0.4490552759093727,3.6863776026068593,486.9767807585851,475.49380253496025,477.0428109201721,3.0,10.0,1.0,0.1,1.0,True,
92,mi_concept,5.623413251903491e-09,4.564124226051027,0.30086878929152333,0.5485150766310105,0.016693911688974022,11.581398677039271,0.26364938062535975,6.268820258059763,477.18309825384017,457.6707039468234,460.2789947984759,3.0,10.0,1.0,0.1,1.0,True,
92,mi_concept,1e-08,4.566761570582093,0.2990740288235948,0.5468766120649107,0.01659127222821535,11.581619534650041,0.1599014195593381,10.307887355043771,460.4725335915814,428.4280077785215,432.6451255160786,3.0,10.0,1.0,0.1,1.0,True,
92,mi_concept,1.7782794100389228e-08,4.571248879040907,0.29607227685121373,0.5441252400424131,0.016418542028453387,11.582002602541488,0.10251026338782375,16.004167962766427,432.83941513300664,383.1810809962779,389.54800048772023,3.0,10.0,1.0,0.1,1.0,True,
92,mi_concept,3.162277660168379e-08,4.578581222013835,0.2912852574331887,0.5397084930156174,0.016140059176095182,11.582653275152532,0.07204666047693113,22.598445486953526,389.54299483687356,319.59960538727836,328.202563387068,3.0,10.0,1.0,0.1,1.0,True,
92,mi_concept,5.6234132519034905e-08,4.589620492409269,0.2842678712177131,0.5331677702353295,0.015724195725636644,11.583711270902132,0.05850972573084903,27.504782917745217,327.56694638146524,242.6379504394996,252.46430951389047,3.0,10.0,1.0,0.1,1.0,True,
92,mi_concept,1e-07,4.603643403020087,0.2754347849212374,0.5248188115161626,0.015185276632113031,11.585260943822998,0.058419368824022704,27.121616797132635,250.76908011274213,167.03509638564637,175.98332476623898,3.0,10.0,1.0,0.1,1.0,True,
92,mi_concept,1.7782794100389227e-07,4.615951700418114,0.2672503841039863,0.5169626525233582,0.014662647316013086,11.587001056738293,0.07462880233564617,20.901137339762126,173.6096052237241,108.80919511113756,115.18342950217682,3.0,10.0,1.0,0.1,1.0,True,
92,mi_concept,3.162277660168379e-07,4.619714331792535,0.26375958056485416,0.5135752920116525,0.014409514558453735,11.58804862721227,0.1167205340534808,13.256402913074817,113.45598044998864,72.06338159776853,75.91006244577189,3.0,10.0,1.0,0.1,1.0,True,
92,mi_concept,5.62341325190349e-07,4.615227051163052,0.2652396367563399,0.5150142102469988,0.014461739069584114,11.588188014663187,0.19550502975672487,7.917229610971568,75.50643969136677,50.601124532771145,52.85399040038366,3.0,10.0,1.0,0.1,1.0,True,
92,mi_concept,1e-06,4.607175099483092,0.26867248781288033,0.518336269050199,0.014635581309935074,11.588169913826224,0.31518579239117844,4.925355864957357,53.449271217639534,37.8160752164244,39.198899277353995,3.0,10.0,1.0,0.1,1.0,True,
92,mi_concept,1.778279410038923e-06,4.598832904161972,0.2720981379446015,0.5216302693906878,0.014824155391123334,11.588474665958277,0.46356056953885055,3.356576862919581,40.41180133589066,29.655953186526606,30.584758268293157,3.0,10.0,1.0,0.1,1.0,True,
92,mi_concept,3.162277660168379e-06,4.5940809319947995,0.2734037951567323,0.5228802875962454,0.014911898720396848,11.589259432125983,0.6057609611610155,2.5656291538148763,32.190552619592815,23.9084129574176,24.60346199731261,3.0,10.0,1.0,0.1,1.0,True,
92,mi_concept,5.623413251903491e-06,4.59422058301892,0.2718481452040479,0.5213905879511519,0.014835741484985216,11.590260346910796,0.7198916604823621,2.146518563434331,26.459564256388827,19.493496519791353,20.054408573087265,3.0,10.0,1.0,0.1,1.0,True,
93,mi_concept,1e-09,4.593843853270948,0.26577162060534026,0.5155304264593316,0.014844089398983918,11.598539051202206,4.004758755440864,0.3844981020489589,498.96566335806364,497.7366677654845,497.85953946158753,3.0,10.0,1.0,0.2,1.0,True,
93,mi_concept,1.7782794100389228e-09,4.5938639046980025,0.2657461623806265,0.5155057345758886,0.014842305105805259,11.59852964178407,2.260157833195744,0.6812469078556145,498.1627835936851,495.985252418373,496.20274610787465,3.0,10.0,1.0,0.2,1.0,True,
93,mi_concept,3.1622776601683795e-09,4.593899855624828,0.26570081777008014,0.5154617519953155,0.014839128041120815,11.59851299175701,1.2791290868421223,1.203595128448289,496.7396134344643,492.89239446496657,493.275999212603,3.0,10.0,1.0,0.2,1.0,True,
93,mi_concept,5.623413251903491e-09,4.593964708664563,0.2656199550220059,0.5153833088314036,0.014833465572699918,11.598483643724261,0.7275140010055792,2.115762766216684,494.2232091449645,487.4601152517518,488.1324078924929,3.0,10.0,1.0,0.2,1.0,True,
93,mi_concept,1e-08,4.594082911318398,0.26547545554041324,0.5152431033409504,0.01482335684833076,11.598432273982608,0.4174217299958156,3.686200072609399,489.7934224305174,478.0097931383314,479.1748330952034,3.0,10.0,1.0,0.2,1.0,True,
93,mi_concept,1.7782794100389228e-08,4.59430197396544,0.2652163629385394,0.5149916144351667,0.01480526257609304,11.598343491443982,0.24323060313752337,6.322071685384172,482.05625322262205,461.84470372310557,463.82391376186985,3.0,10.0,1.0,0.2,1.0,True,
93,mi_concept,3.162277660168379e-08,4.594718275925539,0.2647493893394047,0.5145380348811978,0.014772746130312485,11.598193593217925,0.14561444266198537,10.548155962545888,468.72804925875334,434.99992150676684,438.24712921275113,3.0,10.0,1.0,0.2,1.0,True,
93,mi_concept,5.6234132519034905e-08,4.595535941557671,0.2639020936060022,0.5137140192811582,0.01471403545348767,11.597951469831958,0.09134515788050156,16.78024702524615,446.3198754161492,392.6461961445936,397.66165322840857,3.0,10.0,1.0,0.2,1.0,True,
93,mi_concept,1e-07,4.597194616523003,0.2623574921261681,0.5122084459730902,0.014607840533305287,11.59759336061188,0.06200730723277994,24.627265708430308,410.20482267983203,331.3770860785568,338.37106636397016,3.0,10.0,1.0,0.2,1.0,True,
93,mi_concept,1.7782794100389227e-07,4.600578033116799,0.2595726253423496,0.5094827036733922,0.01441856258018085,11.597156592193574,0.04782796089157669,31.715489381844638,356.0501602366444,254.38623228912294,262.6553259850932,3.0,10.0,1.0,0.2,1.0,True,
93,mi_concept,3.162277660168379e-07,4.606959274285581,0.2548778620972413,0.5048542978892437,0.014103982035933132,11.596847115957118,0.04465159792581293,33.593290460818466,283.95641653043145,175.9447236023436,183.6333392644093,3.0,10.0,1.0,0.2,1.0,True,
93,mi_concept,5.62341325190349e-07,4.616146753779545,0.248516923833739,0.49851471777043754,0.013682102795867526,11.597018789166555,0.053246492175756,27.746721265038897,204.07564989174702,114.36887434878554,119.80074499080058,3.0,10.0,1.0,0.2,1.0,True,
93,mi_concept,1e-06,4.623238986063994,0.24341364887984798,0.49336968784051577,0.013341626847921824,11.597628454610799,0.08001431310052108,18.239758705618282,134.9228778116783,75.58254428481366,78.78131672671405,3.0,10.0,1.0,0.2,1.0,True,
93,mi_concept,1.778279410038923e-06,4.6248768418605835,0.24164984244104148,0.49157892798719666,0.013229593923126047,11.598242598759214,0.13480720909179705,10.78552923740808,88.22089918807171,53.054067937887915,54.87209565745684,3.0,10.0,1.0,0.2,1.0,True,
93,mi_concept,3.162277660168379e-06,4.624341391938559,0.2410421850181291,0.4909604719507764,0.013213101179888932,11.599019162478314,0.2253008012965482,6.45289879047473,60.7122543152216,39.69600463252709,40.75973729530281,3.0,10.0,1.0,0.2,1.0,True,
93,mi_concept,5.623413251903491e-06,4.623398446130896,0.2403684880070843,0.49027389080705114,0.013211236761866809,11.600214244898995,0.3512956084784128,4.1412454926768625,44.664256702183614,31.216194777872147,31.884209006839317,3.0,10.0,1.0,0.2,1.0,True,
94,mi_concept,1e-09,4.603455105332683,0.257030016424991,0.506981278179965,0.014313830938204783,11.602645673290022,8.64234945336186,0.17410850646406387,499.5238192334411,498.9693209344504,499.01970718296246,3.0,10.0,1.0,0.3,1.0,True,
94,mi_concept,1.7782794100389228e-09,4.603455998998266,0.25702409599646775,0.5069754392438235,0.014313472211419799,11.602638299379915,4.867978803417248,0.3090996906210364,499.15366740320155,498.1692541162568,498.2586648967699,3.0,10.0,1.0,0.3,1.0,True,
94,mi_concept,3.1622776601683795e-09,4.603457656136068,0.25701354609188204,0.506965034387858,0.014312832802378108,11.602625206576445,2.7455089804322914,0.5480450202205225,498.49640513809953,496.7510139379333,496.9094123192909,3.0,10.0,1.0,0.3,1.0,True,
94,mi_concept,5.623413251903491e-09,4.603460818201128,0.25699471605236135,0.5069464627082049,0.014311691020997127,11.6026019876003,1.551982800761005,0.9694772662178653,497.33067271594604,494.24315080096903,494.5229445463843,3.0,10.0,1.0,0.3,1.0,True,
94,mi_concept,1e-08,4.603467118529389,0.2569610129911714,0.5069132203752151,0.014309645730292121,11.60256089893129,0.8808606449536152,1.7080128679388984,495.2673210625887,489.8278535609161,490.31951376958426,3.0,10.0,1.0,0.3,1.0,True,
94,mi_concept,1.7782794100389228e-08,4.603480445784044,0.25690039767715145,0.5068534281990716,0.014305962078925816,11.602488466487646,0.503544851016028,2.9875332503415746,491.62837823827135,482.1143207707193,482.97034767661984,3.0,10.0,1.0,0.3,1.0,True,
94,mi_concept,3.162277660168379e-08,4.603510756704896,0.25679049325270387,0.5067449982512939,0.014299267236820446,11.602361660057046,0.29151529326220155,5.159439266653526,485.2517670372022,468.82184727350295,470.2881867175881,3.0,10.0,1.0,0.3,1.0,True,
94,mi_concept,5.6234132519034905e-08,4.603584977952959,0.25658861034202224,0.5065457633245216,0.014286922191223506,11.602142433596919,0.1725549266512222,8.71311376123907,474.2039586699322,446.45953085825937,448.90041378048085,3.0,10.0,1.0,0.3,1.0,True,
94,mi_concept,1e-07,4.603777895326206,0.2562105962832271,0.5061724965693287,0.014263671566163316,11.60177211455591,0.10615803705422791,14.152497164454383,455.44163793165086,410.3810256803653,414.24662723891197,3.0,10.0,1.0,0.3,1.0,True,
94,mi_concept,1.7782794100389227e-07,4.604294805362995,0.2554859374463939,0.5054561676806347,0.014218742002199426,11.601173408098777,0.06975498490593106,21.507048979918984,424.67019945164196,356.1963507258942,361.8186246643916,3.0,10.0,1.0,0.3,1.0,True,
94,mi_concept,3.162277660168379e-07,4.605658717965582,0.25407393750493623,0.5040574744063778,0.01413036551091238,11.60028528365426,0.05109337856085199,29.274905724310223,377.14275350965,283.91564939068843,291.0235183100763,3.0,10.0,1.0,0.3,1.0,True,
94,mi_concept,5.62341325190349e-07,4.608940185585614,0.25139372486755207,0.5013917877942877,0.013960985281626688,11.59918193977917,0.04427460889800634,33.580546826210984,310.7507572883839,203.67969112959966,210.94124290276375,3.0,10.0,1.0,0.3,1.0,True,
94,mi_concept,1e-06,4.615139410052127,0.2470201319273157,0.4970111989958734,0.013681308488368234,11.598252348169366,0.04830451436869051,30.456469709350706,231.67531041947367,134.20564539518526,139.8701578658103,3.0,10.0,1.0,0.3,1.0,True,
94,mi_concept,1.778279410038923e-06,4.621995170065963,0.24238226425272608,0.49232333303706627,0.013376306405309023,11.597976264326615,0.06758336938691709,21.505030396882585,156.6564510822683,87.37242846301818,90.91031366837778,3.0,10.0,1.0,0.3,1.0,True,
94,mi_concept,3.162277660168379e-06,4.624509886276634,0.24045458700305877,0.49036168998307644,0.013239201747391962,11.598179784331348,0.11153166471076001,12.955829826893424,101.76219676488138,59.80212496390528,61.869150130619055,3.0,10.0,1.0,0.3,1.0,True,
94,mi_concept,5.623413251903491e-06,4.623613881810247,0.2406546398763289,0.4905656325878617,0.013247754620664798,11.5985478529562,0.1895579858711475,7.625386836632734,68.40468248755523,43.67338597166781,44.920063494800125,3.0,10.0,1.0,0.3,1.0,True,
95,mi_concept,1e-09,4.654692296390785,0.21362177957128997,0.46219236208670733,0.012365312568044726,11.62005586536839,22.16063168054418,0.06340841702627827,499.81072453547205,499.61502478332864,499.62393507376777,3.0,10.0,1.0,0.5,1.0,True,
95,mi_concept,1.7782794100389228e-09,4.654681347835028,0.21362618221410157,0.46219712484404485,0.012365491800687052,11.620051487922186,12.469880861620434,0.11268599349333047,499.663486190172,499.31569860889954,499.3315302530039,3.0,10.0,1.0,0.5,1.0,True,
95,mi_concept,3.1622776601683795e-09,4.654661889735879,0.21363400868142987,0.46220559135673583,0.0123658103592176,11.620043706318366,7.020377103472056,0.20016008778349748,499.40180836995734,498.7840438272349,498.8121547798716,3.0,10.0,1.0,0.5,1.0,True,
95,mi_concept,5.623413251903491e-09,4.654627334456901,0.2136479101710635,0.4622206293222572,0.012366375924068907,11.620029877736632,3.9559063451522127,0.35522376330776967,498.93695576610804,497.8406039674446,497.89046017203214,3.0,10.0,1.0,0.5,1.0,True,
95,mi_concept,1e-08,4.654566030257126,0.2136725823013536,0.4622473172462482,0.012367378891662232,11.620005314561475,2.2326463253004305,0.6294278765444282,498.1118448844765,496.169178500048,496.257418192751,3.0,10.0,1.0,0.5,1.0,True,
95,mi_concept,1.7782794100389228e-08,4.654457470894463,0.21371630272559744,0.46229460598799704,0.012369153744017154,11.619961722803156,1.2636190283348165,1.1121962322953665,496.64938123702274,493.21663730224196,493.37223840037376,3.0,10.0,1.0,0.5,1.0,True,
95,mi_concept,3.162277660168379e-08,4.65426586200437,0.21379356518678086,0.46237816253233766,0.012372282472515175,11.619884484325517,0.7187538973922789,1.955569350306209,494.06385424068714,488.02788400759215,488.30048689792375,3.0,10.0,1.0,0.5,1.0,True,
95,mi_concept,5.6234132519034905e-08,4.653929659564522,0.213929430766486,0.4625250596091913,0.012377759769881716,11.619748018831721,0.4124593102191786,3.408554138470968,489.5134944128943,478.9922013387317,479.464305416497,3.0,10.0,1.0,0.5,1.0,True,
95,mi_concept,1e-07,4.653346003066366,0.21416622660168338,0.46278097044031896,0.012387228603889954,11.6195081531291,0.24040732187526628,5.850231983769553,481.5691560833777,463.5091570018183,464.31029945432647,3.0,10.0,1.0,0.5,1.0,True,
95,mi_concept,1.7782794100389227e-07,4.652352296511209,0.21457224014692244,0.46321942980289854,0.012403220923700003,11.619090511715054,0.1440008909543776,9.773333307178456,467.8944951767585,437.71776542812313,439.02968650769253,3.0,10.0,1.0,0.5,1.0,True,
95,mi_concept,3.162277660168379e-07,4.65072072490733,0.21524744086517317,0.46394767039524315,0.0124290573063986,11.618376081077674,0.09042561525661647,15.58056306335269,444.93455244436905,396.8092024024588,398.8291770599051,3.0,10.0,1.0,0.5,1.0,True,
95,mi_concept,5.62341325190349e-07,4.648222488378724,0.21630581405381388,0.46508688871415615,0.01246721874906358,11.617194838779904,0.06150780692508917,22.942636116945053,408.0160542159711,337.09911425744286,339.9021042963587,3.0,10.0,1.0,0.5,1.0,True,
95,mi_concept,1e-06,4.644902540722421,0.21777617667630567,0.46666495119765067,0.012513259044055371,11.615370199080706,0.04763529704123948,29.683809339105398,352.8750205873302,260.9867915115615,264.27795598672657,3.0,10.0,1.0,0.5,1.0,True,
95,mi_concept,1.778279410038923e-06,4.6416816212657634,0.2193391491441643,0.46833657677376034,0.0125428404105237,11.612922130759896,0.04481281108240774,31.60185159366168,279.9409112224033,181.83229129528277,184.8692816531244,3.0,10.0,1.0,0.5,1.0,True,
95,mi_concept,3.162277660168379e-06,4.640412768775537,0.22014732977761364,0.46919860376775807,0.012512411574643804,11.610475286093337,0.05407012008046389,26.174129359209882,199.90854714469117,118.23853350633159,120.37699757175062,3.0,10.0,1.0,0.5,1.0,True,
95,mi_concept,5.623413251903491e-06,4.641184473567707,0.2198291782966144,0.4688594440731832,0.012433453225440946,11.609141095193218,0.08219203535437226,17.171475084986778,131.45063506463632,77.55389561065932,78.82357706853833,3.0,10.0,1.0,0.5,1.0,True,
